particle,elasticity,weight,frame,x,y,z
1,0.40564,8.24022,1,0.25539,-0.07076,0.4436
1,0.40564,8.24022,2,0.33062,0.21999,0.55001
2,0.06393,8.24022,1,0.25539,-0.07076,0.4436
2,0.06393,8.24022,2,0.33062,0.21999,0.55001
3,0.22311,8.24022,1,0.25539,-0.07076,0.4436
3,0.22311,8.24022,2,0.33062,0.21999,0.55001
4,0.97833,8.24022,1,0.25539,-0.07076,0.4436
4,0.97833,8.24022,2,0.33062,0.21999,0.55001
5,0.50162,8.24022,1,0.25539,-0.07076,0.4436
5,0.50162,8.24022,2,0.33062,0.21999,0.55001
6,0.79092,8.24022,1,0.25539,-0.07076,0.4436
6,0.79092,8.24022,2,0.33062,0.21999,0.55001
7,0.48305,8.24022,1,0.25539,-0.07076,0.4436
7,0.48305,8.24022,2,0.33062,0.21999,0.55001
8,0.32659,8.24022,1,0.25539,-0.07076,0.4436
8,0.32659,8.24022,2,0.33062,0.21999,0.55001
9,0.51079,8.24022,1,0.25539,-0.07076,0.4436
9,0.51079,8.24022,2,0.33062,0.21999,0.55001
10,0.5449,8.24022,1,0.25539,-0.07076,0.4436
10,0.5449,8.24022,2,0.33062,0.21999,0.55001
11,0.10239,8.24022,1,0.25539,-0.07076,0.4436
11,0.10239,8.24022,2,0.33062,0.21999,0.55001
12,0.92911,8.24022,1,0.25539,-0.07076,0.4436
12,0.92911,8.24022,2,0.33062,0.21999,0.55001
13,0.52462,8.24022,1,0.25539,-0.07076,0.4436
13,0.52462,8.24022,2,0.33062,0.21999,0.55001
14,0.79726,8.24022,1,0.25539,-0.07076,0.4436
14,0.79726,8.24022,2,0.33062,0.21999,0.55001
15,0.02378,8.24022,1,0.25539,-0.07076,0.4436
15,0.02378,8.24022,2,0.33062,0.21999,0.55001
16,0.97481,8.24022,1,0.25539,-0.07076,0.4436
16,0.97481,8.24022,2,0.33062,0.21999,0.55001
17,0.20692,8.24022,1,0.25539,-0.07076,0.4436
17,0.20692,8.24022,2,0.33062,0.21999,0.55001
18,0.46117,8.24022,1,0.25539,-0.07076,0.4436
18,0.46117,8.24022,2,0.33062,0.21999,0.55001
19,0.65894,8.24022,1,0.25539,-0.07076,0.4436
19,0.65894,8.24022,2,0.33062,0.21999,0.55001
20,0.67357,8.24022,1,0.25539,-0.07076,0.4436
20,0.67357,8.24022,2,0.33062,0.21999,0.55001
