particle,elasticity,weight,frame,x,y,z
1,0.11146,4.15093,1,-0.11508,0.28952,0.93995
2,0.21635,4.15093,1,-0.11705,0.28916,0.93196
3,0.83677,4.15093,1,-0.1287,0.28716,0.88465
4,0.11044,4.15093,1,-0.11506,0.28952,0.94003
5,0.23384,4.15093,1,-0.11737,0.2891,0.93062
6,0.68158,4.15093,1,-0.12578,0.28765,0.89648
7,0.68533,4.15093,1,-0.12585,0.28764,0.8962
8,0.01201,4.15093,1,-0.11322,0.28985,0.94754
9,0.54997,4.15093,1,-0.12331,0.28807,0.90652
10,0.70297,4.15093,1,-0.12618,0.28758,0.89485
11,0.86152,4.15093,1,-0.12917,0.28708,0.88277
12,0.25651,4.15093,1,-0.1178,0.28903,0.92889
13,0.63567,4.15093,1,-0.12492,0.28779,0.89998
14,0.19285,4.15093,1,-0.11661,0.28924,0.93375
15,0.21501,4.15093,1,-0.11702,0.28917,0.93206
16,0.22449,4.15093,1,-0.1172,0.28913,0.93133
17,0.14251,4.15093,1,-0.11566,0.28941,0.93759
18,0.05577,4.15093,1,-0.11404,0.2897,0.9442
19,0.5418,4.15093,1,-0.12315,0.28809,0.90714
20,0.58159,4.15093,1,-0.1239,0.28797,0.90411
