particle,elasticity,weight,frame,x,y,z
1,0.43105,8.20968,1,-0.25519,0.07951,0.47132
1,0.43105,8.20968,2,-0.42461,0.30698,0.2199
2,0.13649,8.20968,1,-0.25519,0.07951,0.47132
2,0.13649,8.20968,2,-0.42739,0.30692,0.21918
3,0.57513,8.20968,1,-0.25519,0.07951,0.47132
3,0.57513,8.20968,2,-0.42325,0.30702,0.22025
4,0.75616,8.20968,1,-0.25519,0.07951,0.47132
4,0.75616,8.20968,2,-0.42152,0.30709,0.2207
5,0.03813,8.20968,1,-0.25519,0.07951,0.47132
5,0.03813,8.20968,2,-0.42831,0.30691,0.21894
6,0.93379,8.20968,1,-0.25519,0.07951,0.47132
6,0.93379,8.20968,2,-0.41982,0.30718,0.22114
7,0.83496,8.20968,1,-0.25519,0.07951,0.47132
7,0.83496,8.20968,2,-0.42077,0.30713,0.22089
8,0.06108,8.20968,1,-0.25519,0.07951,0.47132
8,0.06108,8.20968,2,-0.42809,0.30691,0.219
9,0.36149,8.20968,1,-0.25519,0.07951,0.47132
9,0.36149,8.20968,2,-0.42527,0.30696,0.21973
10,0.54949,8.20968,1,-0.25519,0.07951,0.47132
10,0.54949,8.20968,2,-0.42349,0.30701,0.22019
11,0.77237,8.20968,1,-0.25519,0.07951,0.47132
11,0.77237,8.20968,2,-0.42137,0.3071,0.22074
12,0.00284,8.20968,1,-0.25519,0.07951,0.47132
12,0.00284,8.20968,2,-0.42864,0.3069,0.21886
13,0.14222,8.20968,1,-0.25519,0.07951,0.47132
13,0.14222,8.20968,2,-0.42733,0.30692,0.2192
14,0.11834,8.20968,1,-0.25519,0.07951,0.47132
14,0.11834,8.20968,2,-0.42756,0.30691,0.21914
15,0.42194,8.20968,1,-0.25519,0.07951,0.47132
15,0.42194,8.20968,2,-0.4247,0.30697,0.21988
16,0.01383,8.20968,1,-0.25519,0.07951,0.47132
16,0.01383,8.20968,2,-0.42854,0.30691,0.21888
17,0.39567,8.20968,1,-0.25519,0.07951,0.47132
17,0.39567,8.20968,2,-0.42495,0.30697,0.21981
18,0.81958,8.20968,1,-0.25519,0.07951,0.47132
18,0.81958,8.20968,2,-0.42092,0.30712,0.22086
19,0.62286,8.20968,1,-0.25519,0.07951,0.47132
19,0.62286,8.20968,2,-0.42279,0.30704,0.22037
20,0.17205,8.20968,1,-0.25519,0.07951,0.47132
20,0.17205,8.20968,2,-0.42705,0.30692,0.21927
