particle,elasticity,weight,frame,x,y,z
1,0.29309,8.24997,1,0.39727,0.32788,0.41497
1,0.29309,8.24997,2,0.39844,0.43389,0.4925
2,0.1777,8.24997,1,0.39727,0.32788,0.41497
2,0.1777,8.24997,2,0.40929,0.43628,0.49397
3,0.91684,8.24997,1,0.39727,0.32788,0.41497
3,0.91684,8.24997,2,0.3367,0.43269,0.48568
4,0.63606,8.24997,1,0.39727,0.32788,0.41497
4,0.63606,8.24997,2,0.36443,0.43209,0.48823
5,0.94212,8.24997,1,0.39727,0.32788,0.41497
5,0.94212,8.24997,2,0.33429,0.43219,0.48534
6,0.74572,8.24997,1,0.39727,0.32788,0.41497
6,0.74572,8.24997,2,0.35401,0.42994,0.48679
7,0.49185,8.24997,1,0.39727,0.32788,0.41497
7,0.49185,8.24997,2,0.37967,0.42985,0.48997
8,0.11658,8.24997,1,0.39727,0.32788,0.41497
8,0.11658,8.24997,2,0.41502,0.43756,0.49476
9,0.47201,8.24997,1,0.39727,0.32788,0.41497
9,0.47201,8.24997,2,0.38155,0.43025,0.49023
10,0.36269,8.24997,1,0.39727,0.32788,0.41497
10,0.36269,8.24997,2,0.39188,0.43247,0.49161
11,0.27323,8.24997,1,0.39727,0.32788,0.41497
11,0.27323,8.24997,2,0.40031,0.4343,0.49275
12,0.38683,8.24997,1,0.39727,0.32788,0.41497
12,0.38683,8.24997,2,0.3896,0.43198,0.49131
13,0.93821,8.24997,1,0.39727,0.32788,0.41497
13,0.93821,8.24997,2,0.33466,0.43226,0.48539
14,0.84188,8.24997,1,0.39727,0.32788,0.41497
14,0.84188,8.24997,2,0.34386,0.43418,0.48669
15,0.52329,8.24997,1,0.39727,0.32788,0.41497
15,0.52329,8.24997,2,0.37669,0.42922,0.48958
16,0.1614,8.24997,1,0.39727,0.32788,0.41497
16,0.1614,8.24997,2,0.41082,0.43662,0.49418
17,0.36533,8.24997,1,0.39727,0.32788,0.41497
17,0.36533,8.24997,2,0.39163,0.43241,0.49158
18,0.77247,8.24997,1,0.39727,0.32788,0.41497
18,0.77247,8.24997,2,0.35049,0.43556,0.48762
19,0.85288,8.24997,1,0.39727,0.32788,0.41497
19,0.85288,8.24997,2,0.34281,0.43396,0.48654
20,0.57784,8.24997,1,0.39727,0.32788,0.41497
20,0.57784,8.24997,2,0.37153,0.42813,0.48889
