particle,elasticity,weight,frame,x,y,z
1,0.24061,4.15093,1,-0.27275,-0.3672,0.71404
2,0.01848,4.15093,1,-0.27275,-0.3672,0.71404
3,0.96711,4.15093,1,-0.27275,-0.3672,0.71404
4,0.76778,4.15093,1,-0.27275,-0.3672,0.71404
5,0.81438,4.15093,1,-0.27275,-0.3672,0.71404
6,0.30422,4.15093,1,-0.27275,-0.3672,0.71404
7,0.55133,4.15093,1,-0.27275,-0.3672,0.71404
8,0.60054,4.15093,1,-0.27275,-0.3672,0.71404
9,0.77812,4.15093,1,-0.27275,-0.3672,0.71404
10,0.6062,4.15093,1,-0.27275,-0.3672,0.71404
11,0.41059,4.15093,1,-0.27275,-0.3672,0.71404
12,0.83469,4.15093,1,-0.27275,-0.3672,0.71404
13,0.24213,4.15093,1,-0.27275,-0.3672,0.71404
14,0.25437,4.15093,1,-0.27275,-0.3672,0.71404
15,0.06209,4.15093,1,-0.27275,-0.3672,0.71404
16,0.96157,4.15093,1,-0.27275,-0.3672,0.71404
17,0.43024,4.15093,1,-0.27275,-0.3672,0.71404
18,0.45895,4.15093,1,-0.27275,-0.3672,0.71404
19,0.98218,4.15093,1,-0.27275,-0.3672,0.71404
20,0.86222,4.15093,1,-0.27275,-0.3672,0.71404
