particle,elasticity,weight,frame,x,y,z
1,0.08862,8.26053,1,-0.1489,-0.43172,0.67394
1,0.08862,8.26053,2,-0.20901,-0.40985,0.6532
2,0.17948,8.25073,1,-0.14928,-0.42842,0.6748
2,0.17948,8.25073,2,-0.21046,-0.40531,0.65225
3,0.05647,8.26371,1,-0.14877,-0.43288,0.67364
3,0.05647,8.26371,2,-0.20855,-0.41154,0.65261
4,0.55771,8.19661,1,-0.15108,-0.41458,0.67827
4,0.55771,8.19661,2,-0.21996,-0.40179,0.65924
5,0.95159,8.12102,1,-0.15339,-0.39992,0.67888
5,0.95159,8.12102,2,-0.22484,-0.37072,0.66053
6,0.69501,8.17233,1,-0.15185,-0.40949,0.67888
6,0.69501,8.17233,2,-0.22159,-0.391,0.66053
7,0.90606,8.13081,1,-0.15312,-0.40162,0.67888
7,0.90606,8.13081,2,-0.22427,-0.37432,0.66053
8,0.87983,8.13632,1,-0.15296,-0.4026,0.67888
8,0.87983,8.13632,2,-0.22393,-0.37639,0.66053
9,0.74717,8.16266,1,-0.15216,-0.40755,0.67888
9,0.74717,8.16266,2,-0.22225,-0.38687,0.66053
10,0.89931,8.13224,1,-0.15308,-0.40187,0.67888
10,0.89931,8.13224,2,-0.22418,-0.37485,0.66053
11,0.55865,8.19645,1,-0.15108,-0.41455,0.67828
11,0.55865,8.19645,2,-0.21997,-0.40171,0.65926
12,0.04131,8.26515,1,-0.14871,-0.43343,0.6735
12,0.04131,8.26515,2,-0.20834,-0.41235,0.65233
13,0.71308,8.16902,1,-0.15196,-0.40882,0.67888
13,0.71308,8.16902,2,-0.22182,-0.38957,0.66053
14,0.03776,8.26548,1,-0.1487,-0.43356,0.67346
14,0.03776,8.26548,2,-0.20829,-0.41254,0.65227
15,0.91959,8.12793,1,-0.1532,-0.40112,0.67888
15,0.91959,8.12793,2,-0.22444,-0.37325,0.66053
16,0.74818,8.16247,1,-0.15217,-0.40751,0.67888
16,0.74818,8.16247,2,-0.22226,-0.38679,0.66053
17,0.29555,8.23642,1,-0.14979,-0.4242,0.67588
17,0.29555,8.23642,2,-0.21517,-0.40784,0.65708
18,0.60582,8.18817,1,-0.15133,-0.41281,0.67871
18,0.60582,8.18817,2,-0.22049,-0.39803,0.66016
19,0.39316,8.22282,1,-0.15025,-0.42062,0.67677
19,0.39316,8.22282,2,-0.21821,-0.4146,0.65606
20,0.1867,8.2499,1,-0.14931,-0.42816,0.67486
20,0.1867,8.2499,2,-0.21152,-0.40724,0.65548
