particle,elasticity,weight,frame,x,y,z
1,0.91721,4.15093,1,0.38272,0.06059,0.51741
2,0.61944,4.15093,1,0.38272,0.06059,0.51741
3,0.61258,4.15093,1,0.38272,0.06059,0.51741
4,0.13756,4.15093,1,0.38272,0.06059,0.51741
5,0.27851,4.15093,1,0.38272,0.06059,0.51741
6,0.46857,4.15093,1,0.38272,0.06059,0.51741
7,0.92084,4.15093,1,0.38272,0.06059,0.51741
8,0.925,4.15093,1,0.38272,0.06059,0.51741
9,0.21199,4.15093,1,0.38272,0.06059,0.51741
10,0.51163,4.15093,1,0.38272,0.06059,0.51741
11,0.73848,4.15093,1,0.38272,0.06059,0.51741
12,0.8631,4.15093,1,0.38272,0.06059,0.51741
13,0.06349,4.15093,1,0.38272,0.06059,0.51741
14,0.16615,4.15093,1,0.38272,0.06059,0.51741
15,0.02697,4.15093,1,0.38272,0.06059,0.51741
16,0.5936,4.15093,1,0.38272,0.06059,0.51741
17,0.6874,4.15093,1,0.38272,0.06059,0.51741
18,0.69124,4.15093,1,0.38272,0.06059,0.51741
19,0.83215,4.15093,1,0.38272,0.06059,0.51741
20,0.92895,4.15093,1,0.38272,0.06059,0.51741
