particle,elasticity,weight,frame,x,y,z
1,0.94398,4.15093,1,0.23369,-0.34232,0.30444
2,0.84875,4.15093,1,0.23369,-0.34232,0.30444
3,0.34315,4.15093,1,0.23369,-0.34232,0.30444
4,0.2862,4.15093,1,0.23369,-0.34232,0.30444
5,0.39386,4.15093,1,0.23369,-0.34232,0.30444
6,0.56001,4.15093,1,0.23369,-0.34232,0.30444
7,0.13941,4.15093,1,0.23369,-0.34232,0.30444
8,0.42605,4.15093,1,0.23369,-0.34232,0.30444
9,0.65413,4.15093,1,0.23369,-0.34232,0.30444
10,0.11306,4.15093,1,0.23369,-0.34232,0.30444
11,0.87484,4.15093,1,0.23369,-0.34232,0.30444
12,0.04871,4.15093,1,0.23369,-0.34232,0.30444
13,0.90306,4.15093,1,0.23369,-0.34232,0.30444
14,0.08344,4.15093,1,0.23369,-0.34232,0.30444
15,0.61785,4.15093,1,0.23369,-0.34232,0.30444
16,0.48584,4.15093,1,0.23369,-0.34232,0.30444
17,0.29309,4.15093,1,0.23369,-0.34232,0.30444
18,0.74525,4.15093,1,0.23369,-0.34232,0.30444
19,0.07009,4.15093,1,0.23369,-0.34232,0.30444
20,0.53684,4.15093,1,0.23369,-0.34232,0.30444
