particle,elasticity,weight,frame,x,y,z
1,0.85532,8.14686,1,0.1793,0.04375,0.95675
1,0.85532,8.14686,2,0.34268,0.24232,0.78344
2,0.07532,8.10996,1,0.18131,0.04651,0.97109
2,0.07532,8.10996,2,0.36271,0.2698,0.92585
3,0.18237,8.11631,1,0.18103,0.04613,0.96912
3,0.18237,8.11631,2,0.35999,0.26603,0.9063
4,0.27153,8.12129,1,0.1808,0.04582,0.96749
4,0.27153,8.12129,2,0.35771,0.2629,0.89001
5,0.62946,8.13841,1,0.17988,0.04455,0.9609
5,0.62946,8.13841,2,0.34852,0.25029,0.82465
6,0.69012,8.14086,1,0.17972,0.04434,0.95979
6,0.69012,8.14086,2,0.34696,0.24815,0.81358
7,0.5341,8.13429,1,0.18013,0.04489,0.96266
7,0.5341,8.13429,2,0.35098,0.25365,0.84206
8,0.84005,8.14634,1,0.17933,0.04381,0.95703
8,0.84005,8.14634,2,0.34307,0.24286,0.78622
9,0.58785,8.13665,1,0.17999,0.0447,0.96167
9,0.58785,8.13665,2,0.3496,0.25175,0.83224
10,0.18466,8.11644,1,0.18103,0.04612,0.96908
10,0.18466,8.11644,2,0.35993,0.26595,0.90588
11,0.04882,8.10833,1,0.18137,0.0466,0.97158
11,0.04882,8.10833,2,0.36338,0.27073,0.9307
12,0.78639,8.14447,1,0.17947,0.044,0.95802
12,0.78639,8.14447,2,0.34446,0.24475,0.79601
13,0.69301,8.14097,1,0.17972,0.04432,0.95974
13,0.69301,8.14097,2,0.34688,0.24805,0.81305
14,0.48162,8.13189,1,0.18026,0.04507,0.96362
14,0.48162,8.13189,2,0.35233,0.2555,0.85164
15,0.77199,8.14395,1,0.17951,0.04405,0.95828
15,0.77199,8.14395,2,0.34484,0.24526,0.79864
16,0.38997,8.12746,1,0.1805,0.0454,0.96531
16,0.38997,8.12746,2,0.35468,0.25873,0.86838
17,0.09248,8.11101,1,0.18126,0.04645,0.97078
17,0.09248,8.11101,2,0.36228,0.2692,0.92272
18,0.40972,8.12844,1,0.18045,0.04533,0.96494
18,0.40972,8.12844,2,0.35418,0.25803,0.86477
19,0.18636,8.11654,1,0.18102,0.04612,0.96905
19,0.18636,8.11654,2,0.35989,0.26589,0.90557
20,0.23129,8.11908,1,0.18091,0.04596,0.96823
20,0.23129,8.11908,2,0.35874,0.26431,0.89736
