particle,elasticity,weight,frame,x,y,z
1,0.55683,4.15093,1,-0.1022,0.36648,0.14551
2,0.69374,4.15093,1,-0.09907,0.35253,0.14395
3,0.4082,4.15093,1,-0.1056,0.38162,0.1472
4,0.46574,4.15093,1,-0.10429,0.37576,0.14655
5,0.19319,4.15093,1,-0.11049,0.40353,0.14968
6,0.74336,4.15093,1,-0.09793,0.34748,0.14339
7,0.38552,4.15093,1,-0.10612,0.38394,0.14746
8,0.83561,4.15093,1,-0.09581,0.33808,0.14235
9,0.84154,4.15093,1,-0.09568,0.33748,0.14228
10,0.20909,4.15093,1,-0.11013,0.40191,0.14949
11,0.50657,4.15093,1,-0.10335,0.3716,0.14608
12,0.54155,4.15093,1,-0.10255,0.36804,0.14568
13,0.76467,4.15093,1,-0.09744,0.34531,0.14315
14,0.23313,4.15093,1,-0.10958,0.39946,0.14922
15,0.50176,4.15093,1,-0.10346,0.37209,0.14613
16,0.48776,4.15093,1,-0.10378,0.37352,0.14629
17,0.47438,4.15093,1,-0.10409,0.37488,0.14645
18,0.54758,4.15093,1,-0.10242,0.36742,0.14561
19,0.86559,4.15093,1,-0.09513,0.33503,0.14201
20,0.42231,4.15093,1,-0.10528,0.38019,0.14704
