particle,elasticity,weight,frame,x,y,z
1,0.2027,4.15093,1,-0.41228,0.01437,0.87495
2,0.29051,4.15093,1,-0.40407,0.0157,0.87495
3,0.16442,4.15093,1,-0.41586,0.0138,0.87495
4,0.28076,4.15093,1,-0.40498,0.01555,0.87495
5,0.23406,4.15093,1,-0.40935,0.01485,0.87495
6,0.75143,4.15093,1,-0.36098,0.02264,0.87495
7,0.08583,4.15093,1,-0.42322,0.01261,0.87495
8,0.87035,4.15093,1,-0.34987,0.02443,0.87495
9,0.17576,4.15093,1,-0.4148,0.01397,0.87495
10,0.09151,4.15093,1,-0.42269,0.0127,0.87495
11,0.14693,4.15093,1,-0.4175,0.01353,0.87495
12,0.17732,4.15093,1,-0.41466,0.01399,0.87495
13,0.1151,4.15093,1,-0.42048,0.01305,0.87495
14,0.92485,4.15093,1,-0.34479,0.02525,0.87495
15,0.36667,4.15093,1,-0.39694,0.01685,0.87495
16,0.43357,4.15093,1,-0.39069,0.01786,0.87495
17,0.48477,4.15093,1,-0.3859,0.01863,0.87495
18,0.26584,4.15093,1,-0.40637,0.01533,0.87495
19,0.41976,4.15093,1,-0.39198,0.01765,0.87495
20,0.27083,4.15093,1,-0.40591,0.0154,0.87495
