particle,elasticity,weight,frame,x,y,z
1,0.19481,4.15093,1,-0.22183,0.18928,0.0429
2,0.80966,4.15093,1,-0.22239,0.19835,0.10038
3,0.31989,4.15093,1,-0.22137,0.19116,0.05181
4,0.51211,4.15093,1,-0.22097,0.19388,0.06736
5,0.50851,4.15093,1,-0.22097,0.19383,0.06705
6,0.67106,4.15093,1,-0.22124,0.19608,0.08285
7,0.60233,4.15093,1,-0.22093,0.19509,0.07536
8,0.33709,4.15093,1,-0.22135,0.1914,0.05323
9,0.70087,4.15093,1,-0.22148,0.19656,0.08658
10,0.06698,4.15093,1,-0.22196,0.18739,0.03289
11,0.81799,4.15093,1,-0.22246,0.19849,0.10145
12,0.95089,4.15093,1,-0.22363,0.20072,0.11867
13,0.66157,4.15093,1,-0.22116,0.19593,0.08166
14,0.94244,4.15093,1,-0.22355,0.20058,0.11756
15,0.7713,4.15093,1,-0.22206,0.19771,0.09548
16,0.34277,4.15093,1,-0.22134,0.19148,0.0537
17,0.44357,4.15093,1,-0.22116,0.19293,0.06196
18,0.53072,4.15093,1,-0.22095,0.19414,0.069
19,0.12484,4.15093,1,-0.22192,0.18824,0.03745
20,0.26193,4.15093,1,-0.22143,0.19033,0.04699
