particle,elasticity,weight,frame,x,y,z
1,0.65237,4.15093,1,0.13126,0.40471,0.3932
2,0.61796,4.15093,1,0.13109,0.40599,0.39346
3,0.68317,4.15093,1,0.13142,0.40357,0.39296
4,0.02852,4.15093,1,0.12815,0.42784,0.39804
5,0.43065,4.15093,1,0.13014,0.41294,0.39491
6,0.54609,4.15093,1,0.13072,0.40866,0.39402
7,0.67626,4.15093,1,0.13138,0.40382,0.39301
8,0.2409,4.15093,1,0.12919,0.41998,0.39639
9,0.48721,4.15093,1,0.13042,0.41084,0.39447
10,0.78437,4.15093,1,0.13194,0.39981,0.39218
11,0.19863,4.15093,1,0.12898,0.42154,0.39672
12,0.87714,4.15093,1,0.13242,0.39636,0.39146
13,0.35165,4.15093,1,0.12974,0.41587,0.39553
14,0.23308,4.15093,1,0.12915,0.42026,0.39645
15,0.04106,4.15093,1,0.12821,0.42738,0.39794
16,0.81527,4.15093,1,0.1321,0.39866,0.39194
17,0.32692,4.15093,1,0.12962,0.41679,0.39572
18,0.72142,4.15093,1,0.13162,0.40215,0.39266
19,0.74085,4.15093,1,0.13171,0.40143,0.39251
20,0.98685,4.15093,1,0.13299,0.39228,0.39062
