particle,elasticity,weight,frame,x,y,z
1,0.25193,4.15093,1,0.04914,0.2203,0.32877
2,0.48245,4.15093,1,0.04914,0.2203,0.32877
3,0.22445,4.15093,1,0.04914,0.2203,0.32877
4,0.75269,4.15093,1,0.04914,0.2203,0.32877
5,0.50918,4.15093,1,0.04914,0.2203,0.32877
6,0.35612,4.15093,1,0.04914,0.2203,0.32877
7,0.98619,4.15093,1,0.04914,0.2203,0.32877
8,0.67429,4.15093,1,0.04914,0.2203,0.32877
9,0.66749,4.15093,1,0.04914,0.2203,0.32877
10,0.84297,4.15093,1,0.04914,0.2203,0.32877
11,0.67904,4.15093,1,0.04914,0.2203,0.32877
12,0.57435,4.15093,1,0.04914,0.2203,0.32877
13,0.55045,4.15093,1,0.04914,0.2203,0.32877
14,0.26355,4.15093,1,0.04914,0.2203,0.32877
15,0.87583,4.15093,1,0.04914,0.2203,0.32877
16,0.5938,4.15093,1,0.04914,0.2203,0.32877
17,0.40789,4.15093,1,0.04914,0.2203,0.32877
18,0.87606,4.15093,1,0.04914,0.2203,0.32877
19,0.06757,4.15093,1,0.04914,0.2203,0.32877
20,0.02232,4.15093,1,0.04914,0.2203,0.32877
