particle,elasticity,weight,frame,x,y,z
1,0.20408,4.15093,1,0.34395,-0.15466,0.02964
2,0.39238,4.15093,1,0.34096,-0.15473,0.0428
3,0.63869,4.15093,1,0.3372,-0.15431,0.05981
4,0.35799,4.15093,1,0.3415,-0.15475,0.04041
5,0.33285,4.15093,1,0.3419,-0.15476,0.03866
6,0.93453,4.15093,1,0.33648,-0.15189,0.07484
7,0.48056,4.15093,1,0.3396,-0.15462,0.04886
8,0.47745,4.15093,1,0.33965,-0.15462,0.04865
9,0.63689,4.15093,1,0.33723,-0.15431,0.05967
10,0.25705,4.15093,1,0.3431,-0.15473,0.03336
11,0.98322,4.15093,1,0.33678,-0.15135,0.07646
12,0.73225,4.15093,1,0.3357,-0.15419,0.06692
13,0.11323,4.15093,1,0.34538,-0.15445,0.02323
14,0.98774,4.15093,1,0.3368,-0.1513,0.07661
15,0.15081,4.15093,1,0.34479,-0.15455,0.02588
16,0.2252,4.15093,1,0.34361,-0.15469,0.03112
17,0.01006,4.15093,1,0.34698,-0.15408,0.01593
18,0.14694,4.15093,1,0.34485,-0.15454,0.02561
19,0.50383,4.15093,1,0.33926,-0.15457,0.05039
20,0.85773,4.15093,1,0.33606,-0.15278,0.07212
