particle,elasticity,weight,frame,x,y,z
1,0.82507,4.15093,1,-0.24325,-0.35131,0.60797
2,0.00461,4.15093,1,-0.227,-0.43623,0.60818
3,0.03912,4.15093,1,-0.22777,-0.43297,0.60817
4,0.83576,4.15093,1,-0.24344,-0.35012,0.60797
5,0.35803,4.15093,1,-0.2349,-0.40321,0.60797
6,0.86632,4.15093,1,-0.24398,-0.34673,0.60797
7,0.37763,4.15093,1,-0.23526,-0.40103,0.60797
8,0.38221,4.15093,1,-0.23534,-0.40053,0.60797
9,0.08839,4.15093,1,-0.22946,-0.43066,0.60813
10,0.93827,4.15093,1,-0.24527,-0.33874,0.60797
11,0.75778,4.15093,1,-0.24205,-0.35878,0.60797
12,0.78137,4.15093,1,-0.24247,-0.35616,0.60797
13,0.79103,4.15093,1,-0.24264,-0.35509,0.60797
14,0.59615,4.15093,1,-0.23916,-0.37674,0.60797
15,0.72101,4.15093,1,-0.24139,-0.36286,0.60797
16,0.57942,4.15093,1,-0.23886,-0.3786,0.60797
17,0.67419,4.15093,1,-0.24056,-0.36807,0.60797
18,0.66195,4.15093,1,-0.24034,-0.36943,0.60797
19,0.01965,4.15093,1,-0.22734,-0.43481,0.60818
20,0.64787,4.15093,1,-0.24009,-0.37099,0.60797
