particle,elasticity,weight,frame,x,y,z
1,0.52418,4.15093,1,-0.06593,-0.38203,0.50756
2,0.0883,4.15093,1,-0.05782,-0.41997,0.51247
3,0.19655,4.15093,1,-0.05983,-0.41055,0.51124
4,0.23857,4.15093,1,-0.06061,-0.40689,0.51077
5,0.67258,4.15093,1,-0.06871,-0.36911,0.5059
6,0.19457,4.15093,1,-0.05979,-0.41072,0.51127
7,0.38149,4.15093,1,-0.06327,-0.39445,0.50916
8,0.94712,4.15093,1,-0.07388,-0.34519,0.50285
9,0.63133,4.15093,1,-0.06794,-0.3727,0.50636
10,0.19013,4.15093,1,-0.05971,-0.41111,0.51132
11,0.58116,4.15093,1,-0.067,-0.37707,0.50692
12,0.98148,4.15093,1,-0.07453,-0.3422,0.50247
13,0.83571,4.15093,1,-0.07178,-0.3549,0.50409
14,0.21048,4.15093,1,-0.06009,-0.40934,0.51109
15,0.13236,4.15093,1,-0.05864,-0.41614,0.51197
16,0.81991,4.15093,1,-0.07148,-0.35627,0.50426
17,0.18797,4.15093,1,-0.05967,-0.4113,0.51134
18,0.25425,4.15093,1,-0.0609,-0.40553,0.51059
19,0.02562,4.15093,1,-0.05666,-0.42542,0.51319
20,0.96972,4.15093,1,-0.0743,-0.34322,0.5026
