particle,elasticity,weight,frame,x,y,z
1,0.01085,4.15093,1,0.45343,0.09116,0.30685
2,0.27497,4.15093,1,0.45343,0.09116,0.30685
3,0.88224,4.15093,1,0.45343,0.09116,0.30685
4,0.29605,4.15093,1,0.45343,0.09116,0.30685
5,0.26233,4.15093,1,0.45343,0.09116,0.30685
6,0.70602,4.15093,1,0.45343,0.09116,0.30685
7,0.03297,4.15093,1,0.45343,0.09116,0.30685
8,0.46235,4.15093,1,0.45343,0.09116,0.30685
9,0.54321,4.15093,1,0.45343,0.09116,0.30685
10,0.7709,4.15093,1,0.45343,0.09116,0.30685
11,0.80887,4.15093,1,0.45343,0.09116,0.30685
12,0.06913,4.15093,1,0.45343,0.09116,0.30685
13,0.78952,4.15093,1,0.45343,0.09116,0.30685
14,0.75022,4.15093,1,0.45343,0.09116,0.30685
15,0.08314,4.15093,1,0.45343,0.09116,0.30685
16,0.25512,4.15093,1,0.45343,0.09116,0.30685
17,0.95696,4.15093,1,0.45343,0.09116,0.30685
18,0.11154,4.15093,1,0.45343,0.09116,0.30685
19,0.69704,4.15093,1,0.45343,0.09116,0.30685
20,0.25799,4.15093,1,0.45343,0.09116,0.30685
