particle,elasticity,weight,frame,x,y,z
1,0.83237,4.15093,1,0.04475,-0.39012,0.05742
2,0.18996,4.15093,1,0.04475,-0.39012,0.05742
3,0.95962,4.15093,1,0.04475,-0.39012,0.05742
4,0.66942,4.15093,1,0.04475,-0.39012,0.05742
5,0.04553,4.15093,1,0.04475,-0.39012,0.05742
6,0.95972,4.15093,1,0.04475,-0.39012,0.05742
7,0.2431,4.15093,1,0.04475,-0.39012,0.05742
8,0.86113,4.15093,1,0.04475,-0.39012,0.05742
9,0.1315,4.15093,1,0.04475,-0.39012,0.05742
10,0.98735,4.15093,1,0.04475,-0.39012,0.05742
11,0.77236,4.15093,1,0.04475,-0.39012,0.05742
12,0.6551,4.15093,1,0.04475,-0.39012,0.05742
13,0.57846,4.15093,1,0.04475,-0.39012,0.05742
14,0.85582,4.15093,1,0.04475,-0.39012,0.05742
15,0.77475,4.15093,1,0.04475,-0.39012,0.05742
16,0.88759,4.15093,1,0.04475,-0.39012,0.05742
17,0.71526,4.15093,1,0.04475,-0.39012,0.05742
18,0.77006,4.15093,1,0.04475,-0.39012,0.05742
19,0.81377,4.15093,1,0.04475,-0.39012,0.05742
20,0.83441,4.15093,1,0.04475,-0.39012,0.05742
