particle,elasticity,weight,frame,x,y,z
1,0.73421,7.75087,1,-0.20529,-0.38596,0.08886
1,0.73421,7.75087,2,-0.23202,-0.32132,0.10574
2,0.69659,7.7726,1,-0.205,-0.38858,0.08825
2,0.69659,7.7726,2,-0.23142,-0.32777,0.10299
3,0.87333,7.6639,1,-0.20637,-0.37624,0.0911
3,0.87333,7.6639,2,-0.23373,-0.29834,0.11576
4,0.3689,7.92989,1,-0.20262,-0.41137,0.08292
4,0.3689,7.92989,2,-0.22914,-0.38537,0.07338
5,0.81035,7.70457,1,-0.20588,-0.38064,0.09009
5,0.81035,7.70457,2,-0.23307,-0.30853,0.11124
6,0.57586,7.83721,1,-0.20409,-0.39699,0.08629
6,0.57586,7.83721,2,-0.23015,-0.34897,0.09337
7,0.38866,7.92202,1,-0.20276,-0.41,0.08324
7,0.38866,7.92202,2,-0.22925,-0.38194,0.07544
8,0.01042,8.01868,1,-0.20013,-0.43001,0.07856
8,0.01042,8.01868,2,-0.25969,-0.39033,0.03439
9,0.29742,7.95663,1,-0.20214,-0.41632,0.08175
9,0.29742,7.95663,2,-0.26534,-0.41076,0.05054
10,0.15004,7.99126,1,-0.20113,-0.42341,0.08011
10,0.15004,7.99126,2,-0.26417,-0.39979,0.04478
11,0.01898,8.01668,1,-0.20019,-0.42947,0.07869
11,0.01898,8.01668,2,-0.26016,-0.38991,0.03495
12,0.31628,7.94983,1,-0.20226,-0.41502,0.08206
12,0.31628,7.94983,2,-0.23802,-0.38318,0.06676
13,0.43991,7.90066,1,-0.20312,-0.40644,0.08408
13,0.43991,7.90066,2,-0.22953,-0.37298,0.08064
14,0.5632,7.84354,1,-0.204,-0.39788,0.08609
14,0.5632,7.84354,2,-0.2301,-0.35121,0.09225
15,0.48789,7.87939,1,-0.20346,-0.40311,0.08486
15,0.48789,7.87939,2,-0.22977,-0.36454,0.08531
16,0.47259,7.88631,1,-0.20335,-0.40418,0.08461
16,0.47259,7.88631,2,-0.2297,-0.36724,0.08384
17,0.97925,7.59069,1,-0.20723,-0.36883,0.0928
17,0.97925,7.59069,2,-0.23444,-0.28222,0.12362
18,0.26981,7.96623,1,-0.20195,-0.41823,0.0813
18,0.26981,7.96623,2,-0.26634,-0.41318,0.04763
19,0.4044,7.91561,1,-0.20287,-0.40891,0.0835
19,0.4044,7.91561,2,-0.22934,-0.37919,0.07706
20,0.26903,7.9665,1,-0.20195,-0.41829,0.08129
20,0.26903,7.9665,2,-0.26638,-0.41325,0.04754
