particle,elasticity,weight,frame,x,y,z
1,0.24328,4.15093,1,-0.20131,0.00213,0.36612
2,0.35898,4.15093,1,-0.20131,0.00213,0.36612
3,0.99553,4.15093,1,-0.20131,0.00213,0.36612
4,0.85696,4.15093,1,-0.20131,0.00213,0.36612
5,0.12475,4.15093,1,-0.20131,0.00213,0.36612
6,0.47482,4.15093,1,-0.20131,0.00213,0.36612
7,0.63941,4.15093,1,-0.20131,0.00213,0.36612
8,0.34191,4.15093,1,-0.20131,0.00213,0.36612
9,0.22904,4.15093,1,-0.20131,0.00213,0.36612
10,0.06827,4.15093,1,-0.20131,0.00213,0.36612
11,0.64866,4.15093,1,-0.20131,0.00213,0.36612
12,0.978,4.15093,1,-0.20131,0.00213,0.36612
13,0.92891,4.15093,1,-0.20131,0.00213,0.36612
14,0.55024,4.15093,1,-0.20131,0.00213,0.36612
15,0.93419,4.15093,1,-0.20131,0.00213,0.36612
16,0.17013,4.15093,1,-0.20131,0.00213,0.36612
17,0.99135,4.15093,1,-0.20131,0.00213,0.36612
18,0.59152,4.15093,1,-0.20131,0.00213,0.36612
19,0.84865,4.15093,1,-0.20131,0.00213,0.36612
20,0.08252,4.15093,1,-0.20131,0.00213,0.36612
