particle,elasticity,weight,frame,x,y,z
1,0.70417,7.74607,1,0.09886,0.39514,0.66834
1,0.70417,7.74607,2,0.41311,0.35021,0.73505
2,0.70947,7.74289,1,0.0989,0.39461,0.66819
2,0.70947,7.74289,2,0.4132,0.34902,0.73473
3,0.06759,7.89466,1,0.0829,0.39787,0.67885
3,0.06759,7.89466,2,0.37032,0.32591,0.75551
4,0.98589,7.53185,1,0.10111,0.36695,0.66074
4,0.98589,7.53185,2,0.41812,0.28627,0.7178
5,0.83516,7.65795,1,0.09984,0.38207,0.6648
5,0.83516,7.65795,2,0.4153,0.32056,0.72701
6,0.87877,7.6242,1,0.10019,0.3777,0.66362
6,0.87877,7.6242,2,0.41608,0.31066,0.72434
7,0.70706,7.74434,1,0.09888,0.39485,0.66826
7,0.70706,7.74434,2,0.41316,0.34956,0.73487
8,0.73862,7.72482,1,0.09911,0.39171,0.6674
8,0.73862,7.72482,2,0.41366,0.34243,0.73293
9,0.7975,7.68533,1,0.09955,0.38583,0.66581
9,0.7975,7.68533,2,0.41464,0.3291,0.72932
10,0.09631,7.88073,1,0.08295,0.39512,0.67807
10,0.09631,7.88073,2,0.37041,0.31966,0.75374
11,0.33864,7.80397,1,0.08534,0.38484,0.67778
11,0.33864,7.80397,2,0.37549,0.29827,0.75594
12,0.33574,7.80499,1,0.08529,0.38494,0.67783
12,0.33574,7.80499,2,0.37534,0.29834,0.75604
13,0.50141,7.82624,1,0.09581,0.40613,0.67244
13,0.50141,7.82624,2,0.40452,0.36644,0.74304
14,0.22987,7.80804,1,0.08347,0.38312,0.67453
14,0.22987,7.80804,2,0.37168,0.29293,0.74571
15,0.3382,7.80413,1,0.08533,0.38486,0.67778
15,0.3382,7.80413,2,0.37547,0.29828,0.75596
16,0.45528,7.76136,1,0.08767,0.38101,0.6752
16,0.45528,7.76136,2,0.38227,0.29595,0.75069
17,0.47863,7.83073,1,0.09535,0.40623,0.67263
17,0.47863,7.83073,2,0.40317,0.3646,0.74306
18,0.70581,7.74509,1,0.09887,0.39497,0.66829
18,0.70581,7.74509,2,0.41314,0.34984,0.73495
19,0.47251,7.75437,1,0.08803,0.38038,0.67474
19,0.47251,7.75437,2,0.38328,0.29537,0.74965
20,0.6291,7.77342,1,0.0976,0.39816,0.66956
20,0.6291,7.77342,2,0.40956,0.35282,0.73705
