particle,elasticity,weight,frame,x,y,z
1,0.6106,4.15093,1,0.42555,0.38981,0.19813
2,0.78575,4.15093,1,0.42216,0.37403,0.19842
3,0.98826,4.15093,1,0.41672,0.36027,0.19848
4,0.64779,4.15093,1,0.42489,0.38626,0.19817
5,0.54149,4.15093,1,0.42675,0.39643,0.19808
6,0.51815,4.15093,1,0.42715,0.39866,0.19807
7,0.4992,4.15093,1,0.42747,0.40048,0.19806
8,0.89325,4.15093,1,0.41936,0.36669,0.19845
9,0.92905,4.15093,1,0.41838,0.36426,0.19846
10,0.35463,4.15093,1,0.42983,0.41435,0.19802
11,0.40079,4.15093,1,0.42909,0.40992,0.19803
12,0.91737,4.15093,1,0.4187,0.36505,0.19845
13,0.52065,4.15093,1,0.42711,0.39842,0.19807
14,0.39781,4.15093,1,0.42914,0.4102,0.19803
15,0.48716,4.15093,1,0.42767,0.40163,0.19805
16,0.43421,4.15093,1,0.42855,0.40671,0.19804
17,0.23312,4.15093,1,0.43172,0.42637,0.19896
18,0.06321,4.15093,1,0.44234,0.43718,0.20107
19,0.26952,4.15093,1,0.43116,0.42271,0.1985
20,0.29253,4.15093,1,0.4308,0.42039,0.19821
