particle,elasticity,weight,frame,x,y,z
1,0.98436,4.15093,1,-0.21603,0.07643,0.56819
2,0.59559,4.15093,1,-0.21603,0.07643,0.56819
3,0.43268,4.15093,1,-0.21603,0.07643,0.56819
4,0.42484,4.15093,1,-0.21603,0.07643,0.56819
5,0.10478,4.15093,1,-0.21603,0.07643,0.56819
6,0.94346,4.15093,1,-0.21603,0.07643,0.56819
7,0.20961,4.15093,1,-0.21603,0.07643,0.56819
8,0.67415,4.15093,1,-0.21603,0.07643,0.56819
9,0.6779,4.15093,1,-0.21603,0.07643,0.56819
10,0.48554,4.15093,1,-0.21603,0.07643,0.56819
11,0.87961,4.15093,1,-0.21603,0.07643,0.56819
12,0.24022,4.15093,1,-0.21603,0.07643,0.56819
13,0.80553,4.15093,1,-0.21603,0.07643,0.56819
14,0.2713,4.15093,1,-0.21603,0.07643,0.56819
15,0.21196,4.15093,1,-0.21603,0.07643,0.56819
16,0.3364,4.15093,1,-0.21603,0.07643,0.56819
17,0.81388,4.15093,1,-0.21603,0.07643,0.56819
18,0.29467,4.15093,1,-0.21603,0.07643,0.56819
19,0.2736,4.15093,1,-0.21603,0.07643,0.56819
20,0.80554,4.15093,1,-0.21603,0.07643,0.56819
