particle,elasticity,weight,frame,x,y,z
1,0.99357,4.15093,1,0.1096,0.07655,0.85254
2,0.54374,4.15093,1,0.1096,0.07655,0.89195
3,0.51739,4.15093,1,0.1096,0.07655,0.89426
4,0.08103,4.15093,1,0.10715,0.08281,0.93253
5,0.71131,4.15093,1,0.1096,0.07655,0.87726
6,0.63796,4.15093,1,0.1096,0.07655,0.88369
7,0.17424,4.15093,1,0.10789,0.08095,0.92435
8,0.14476,4.15093,1,0.10766,0.08154,0.92694
9,0.82227,4.15093,1,0.1096,0.07655,0.86754
10,0.32425,4.15093,1,0.1092,0.07768,0.91119
11,0.83089,4.15093,1,0.1096,0.07655,0.86679
12,0.59427,4.15093,1,0.1096,0.07655,0.88752
13,0.97909,4.15093,1,0.1096,0.07655,0.85381
14,0.61588,4.15093,1,0.1096,0.07655,0.88563
15,0.00757,4.15093,1,0.10656,0.08427,0.93898
16,0.9042,4.15093,1,0.1096,0.07655,0.86037
17,0.17442,4.15093,1,0.10789,0.08095,0.92434
18,0.57542,4.15093,1,0.1096,0.07655,0.88917
19,0.6075,4.15093,1,0.1096,0.07655,0.88636
20,0.01022,4.15093,1,0.10658,0.08422,0.93875
