particle,elasticity,weight,frame,x,y,z
1,0.22861,8.22839,1,-0.12218,-0.32899,0.45065
1,0.22861,8.22839,2,-0.04794,-0.42582,0.64225
2,0.81346,8.22839,1,-0.12218,-0.32899,0.45065
2,0.81346,8.22839,2,-0.05452,-0.38629,0.63471
3,0.06104,8.22839,1,-0.12218,-0.32899,0.45065
3,0.06104,8.22839,2,-0.04614,-0.4371,0.64445
4,0.19424,8.22839,1,-0.12218,-0.32899,0.45065
4,0.19424,8.22839,2,-0.04757,-0.42813,0.6427
5,0.00811,8.22839,1,-0.12218,-0.32899,0.45065
5,0.00811,8.22839,2,-0.04557,-0.44066,0.64515
6,0.87798,8.22839,1,-0.12218,-0.32899,0.45065
6,0.87798,8.22839,2,-0.05527,-0.38192,0.63389
7,0.3464,8.22839,1,-0.12218,-0.32899,0.45065
7,0.3464,8.22839,2,-0.04924,-0.41787,0.64071
8,0.59508,8.22839,1,-0.12218,-0.32899,0.45065
8,0.59508,8.22839,2,-0.05202,-0.40107,0.6375
9,0.27761,8.22839,1,-0.12218,-0.32899,0.45065
9,0.27761,8.22839,2,-0.04848,-0.42251,0.64161
10,0.52395,8.22839,1,-0.12218,-0.32899,0.45065
10,0.52395,8.22839,2,-0.05122,-0.40588,0.63841
11,0.02719,8.22839,1,-0.12218,-0.32899,0.45065
11,0.02719,8.22839,2,-0.04578,-0.43938,0.6449
12,0.19852,8.22839,1,-0.12218,-0.32899,0.45065
12,0.19852,8.22839,2,-0.04762,-0.42785,0.64264
13,0.60529,8.22839,1,-0.12218,-0.32899,0.45065
13,0.60529,8.22839,2,-0.05213,-0.40038,0.63737
14,0.24675,8.22839,1,-0.12218,-0.32899,0.45065
14,0.24675,8.22839,2,-0.04814,-0.4246,0.64201
15,0.55036,8.22839,1,-0.12218,-0.32899,0.45065
15,0.55036,8.22839,2,-0.05151,-0.40409,0.63807
16,0.73255,8.22839,1,-0.12218,-0.32899,0.45065
16,0.73255,8.22839,2,-0.05359,-0.39177,0.63574
17,0.59614,8.22839,1,-0.12218,-0.32899,0.45065
17,0.59614,8.22839,2,-0.05203,-0.401,0.63749
18,0.06271,8.22839,1,-0.12218,-0.32899,0.45065
18,0.06271,8.22839,2,-0.04615,-0.43699,0.64443
19,0.16861,8.22839,1,-0.12218,-0.32899,0.45065
19,0.16861,8.22839,2,-0.04729,-0.42986,0.64303
20,0.54733,8.22839,1,-0.12218,-0.32899,0.45065
20,0.54733,8.22839,2,-0.05148,-0.4043,0.63811
