particle,elasticity,weight,frame,x,y,z
1,0.84441,8.04834,1,-0.26728,0.40787,0.73892
1,0.84441,8.04834,2,-0.44662,0.29277,0.87352
2,0.80702,8.05714,1,-0.26758,0.4094,0.73915
2,0.80702,8.05714,2,-0.44783,0.29885,0.87446
3,0.36353,8.14247,1,-0.27114,0.42754,0.74198
3,0.36353,8.14247,2,-0.44863,0.3716,0.88243
4,0.56104,8.1088,1,-0.26956,0.41947,0.74071
4,0.56104,8.1088,2,-0.45574,0.33887,0.88069
5,0.8658,8.0432,1,-0.2671,0.407,0.73878
5,0.8658,8.0432,2,-0.44592,0.28929,0.87298
6,0.3841,8.13928,1,-0.27098,0.4267,0.74185
6,0.3841,8.13928,2,-0.44792,0.36828,0.8819
7,0.25774,8.15765,1,-0.27198,0.43186,0.74266
7,0.25774,8.15765,2,-0.4409,0.38987,0.88256
8,0.50784,8.11855,1,-0.26999,0.42164,0.74105
8,0.50784,8.11855,2,-0.45008,0.34881,0.88073
9,0.79187,8.06063,1,-0.2677,0.41002,0.73925
9,0.79187,8.06063,2,-0.44832,0.30132,0.87484
10,0.83394,8.05083,1,-0.26736,0.4083,0.73898
10,0.83394,8.05083,2,-0.44696,0.29447,0.87378
11,0.13745,8.17249,1,-0.27293,0.43678,0.74344
11,0.13745,8.17249,2,-0.44534,0.4089,0.88571
12,0.29643,8.15233,1,-0.27168,0.43028,0.74241
12,0.29643,8.15233,2,-0.43947,0.38376,0.88157
13,0.56617,8.10783,1,-0.26952,0.41926,0.74068
13,0.56617,8.10783,2,-0.45557,0.33803,0.88056
14,0.29269,8.15285,1,-0.27171,0.43044,0.74244
14,0.29269,8.15285,2,-0.43961,0.38435,0.88166
15,0.99584,8.01015,1,-0.26604,0.40167,0.73796
15,0.99584,8.01015,2,-0.4417,0.26813,0.86972
16,0.29162,8.153,1,-0.27171,0.43048,0.74244
16,0.29162,8.153,2,-0.43965,0.38452,0.88169
17,0.2874,8.15359,1,-0.27175,0.43065,0.74247
17,0.2874,8.15359,2,-0.4398,0.38518,0.8818
18,0.53498,8.11364,1,-0.26977,0.42053,0.74088
18,0.53498,8.11364,2,-0.44922,0.3444,0.88005
19,0.94746,8.0228,1,-0.26644,0.40365,0.73827
19,0.94746,8.0228,2,-0.44327,0.276,0.87093
20,0.94568,8.02326,1,-0.26645,0.40373,0.73828
20,0.94568,8.02326,2,-0.44333,0.27629,0.87097
