particle,elasticity,weight,frame,x,y,z
1,0.74056,4.15093,1,-0.20385,-0.11201,0.42504
2,0.90295,4.15093,1,-0.20385,-0.11201,0.42504
3,0.07053,4.15093,1,-0.20385,-0.11201,0.42504
4,0.20899,4.15093,1,-0.20385,-0.11201,0.42504
5,0.74475,4.15093,1,-0.20385,-0.11201,0.42504
6,0.06237,4.15093,1,-0.20385,-0.11201,0.42504
7,0.53398,4.15093,1,-0.20385,-0.11201,0.42504
8,0.2823,4.15093,1,-0.20385,-0.11201,0.42504
9,0.04246,4.15093,1,-0.20385,-0.11201,0.42504
10,0.8509,4.15093,1,-0.20385,-0.11201,0.42504
11,0.09744,4.15093,1,-0.20385,-0.11201,0.42504
12,0.65423,4.15093,1,-0.20385,-0.11201,0.42504
13,0.54749,4.15093,1,-0.20385,-0.11201,0.42504
14,0.07912,4.15093,1,-0.20385,-0.11201,0.42504
15,0.72881,4.15093,1,-0.20385,-0.11201,0.42504
16,0.17425,4.15093,1,-0.20385,-0.11201,0.42504
17,0.33342,4.15093,1,-0.20385,-0.11201,0.42504
18,0.56066,4.15093,1,-0.20385,-0.11201,0.42504
19,0.81581,4.15093,1,-0.20385,-0.11201,0.42504
20,0.73913,4.15093,1,-0.20385,-0.11201,0.42504
