particle,elasticity,weight,frame,x,y,z
1,0.71476,8.26882,1,0.13949,-0.07042,0.79747
1,0.71476,8.26882,2,-0.02897,0.06059,0.71122
2,0.89748,8.26882,1,0.13949,-0.07042,0.79747
2,0.89748,8.26882,2,-0.02897,0.06059,0.71122
3,0.43665,8.26882,1,0.13949,-0.07042,0.79747
3,0.43665,8.26882,2,-0.02897,0.06059,0.71122
4,0.91121,8.26882,1,0.13949,-0.07042,0.79747
4,0.91121,8.26882,2,-0.02897,0.06059,0.71122
5,0.43456,8.26882,1,0.13949,-0.07042,0.79747
5,0.43456,8.26882,2,-0.02897,0.06059,0.71122
6,0.75123,8.26882,1,0.13949,-0.07042,0.79747
6,0.75123,8.26882,2,-0.02897,0.06059,0.71122
7,0.15734,8.26882,1,0.13949,-0.07042,0.79747
7,0.15734,8.26882,2,-0.02897,0.06059,0.71122
8,0.89131,8.26882,1,0.13949,-0.07042,0.79747
8,0.89131,8.26882,2,-0.02897,0.06059,0.71122
9,0.52564,8.26882,1,0.13949,-0.07042,0.79747
9,0.52564,8.26882,2,-0.02897,0.06059,0.71122
10,0.48524,8.26882,1,0.13949,-0.07042,0.79747
10,0.48524,8.26882,2,-0.02897,0.06059,0.71122
11,0.79156,8.26882,1,0.13949,-0.07042,0.79747
11,0.79156,8.26882,2,-0.02897,0.06059,0.71122
12,0.79642,8.26882,1,0.13949,-0.07042,0.79747
12,0.79642,8.26882,2,-0.02897,0.06059,0.71122
13,0.56399,8.26882,1,0.13949,-0.07042,0.79747
13,0.56399,8.26882,2,-0.02897,0.06059,0.71122
14,0.64537,8.26882,1,0.13949,-0.07042,0.79747
14,0.64537,8.26882,2,-0.02897,0.06059,0.71122
15,0.72653,8.26882,1,0.13949,-0.07042,0.79747
15,0.72653,8.26882,2,-0.02897,0.06059,0.71122
16,0.59942,8.26882,1,0.13949,-0.07042,0.79747
16,0.59942,8.26882,2,-0.02897,0.06059,0.71122
17,0.50554,8.26882,1,0.13949,-0.07042,0.79747
17,0.50554,8.26882,2,-0.02897,0.06059,0.71122
18,0.09115,8.26882,1,0.13949,-0.07042,0.79747
18,0.09115,8.26882,2,-0.02897,0.06059,0.71122
19,0.75646,8.26882,1,0.13949,-0.07042,0.79747
19,0.75646,8.26882,2,-0.02897,0.06059,0.71122
20,0.67063,8.26882,1,0.13949,-0.07042,0.79747
20,0.67063,8.26882,2,-0.02897,0.06059,0.71122
