particle,elasticity,weight,frame,x,y,z
1,0.53075,8.21535,1,0.08778,-0.41076,0.89678
1,0.53075,8.21535,2,0.13879,-0.34831,0.8851
2,0.23627,8.24856,1,0.09014,-0.42018,0.89668
2,0.23627,8.24856,2,0.14821,-0.3859,0.88472
3,0.7632,8.18247,1,0.08592,-0.40332,0.89685
3,0.7632,8.18247,2,0.13135,-0.31866,0.8854
4,0.97316,8.14773,1,0.08424,-0.3966,0.89692
4,0.97316,8.14773,2,0.12463,-0.29192,0.88567
5,0.75688,8.18344,1,0.08597,-0.40352,0.89685
5,0.75688,8.18344,2,0.13155,-0.31947,0.88539
6,0.3542,8.23639,1,0.08919,-0.41641,0.89672
6,0.3542,8.23639,2,0.14444,-0.37084,0.88487
7,0.65274,8.19882,1,0.08681,-0.40686,0.89682
7,0.65274,8.19882,2,0.13489,-0.33275,0.88525
8,0.43255,8.22747,1,0.08857,-0.4139,0.89675
8,0.43255,8.22747,2,0.14193,-0.36084,0.88497
9,0.35094,8.23675,1,0.08922,-0.41651,0.89672
9,0.35094,8.23675,2,0.14454,-0.37126,0.88487
10,0.16477,8.25521,1,0.09071,-0.42247,0.89666
10,0.16477,8.25521,2,0.15049,-0.39503,0.88463
11,0.85815,8.16735,1,0.08516,-0.40028,0.89688
11,0.85815,8.16735,2,0.12831,-0.30656,0.88552
12,0.18955,8.25297,1,0.09051,-0.42168,0.89667
12,0.18955,8.25297,2,0.1497,-0.39187,0.88466
13,0.79553,8.17743,1,0.08566,-0.40229,0.89686
13,0.79553,8.17743,2,0.13032,-0.31454,0.88544
14,0.44003,8.22658,1,0.08851,-0.41366,0.89675
14,0.44003,8.22658,2,0.14169,-0.35988,0.88498
15,0.2799,8.24424,1,0.08979,-0.41879,0.8967
15,0.2799,8.24424,2,0.14681,-0.38033,0.88478
16,0.47383,8.2225,1,0.08824,-0.41258,0.89676
16,0.47383,8.2225,2,0.14061,-0.35557,0.88503
17,0.93802,8.15387,1,0.08452,-0.39773,0.89691
17,0.93802,8.15387,2,0.12576,-0.29639,0.88562
18,0.11261,8.2597,1,0.09113,-0.42414,0.89665
18,0.11261,8.2597,2,0.15216,-0.40169,0.88456
19,0.95314,8.15124,1,0.0844,-0.39725,0.89691
19,0.95314,8.15124,2,0.12527,-0.29446,0.88564
20,0.28246,8.24398,1,0.08977,-0.4187,0.8967
20,0.28246,8.24398,2,0.14673,-0.38,0.88478
