particle,elasticity,weight,frame,x,y,z
1,0.723,8.20226,1,0.44035,-0.41197,0.42617
1,0.723,8.20226,2,0.34539,-0.40377,0.3776
2,0.16853,8.20226,1,0.44035,-0.41197,0.42617
2,0.16853,8.20226,2,0.42684,-0.42894,0.35662
3,0.93634,8.20226,1,0.44035,-0.41197,0.42617
3,0.93634,8.20226,2,0.31161,-0.3914,0.38398
4,0.15283,8.20226,1,0.44035,-0.41197,0.42617
4,0.15283,8.20226,2,0.42847,-0.43018,0.35591
5,0.35852,8.20226,1,0.44035,-0.41197,0.42617
5,0.35852,8.20226,2,0.4024,-0.41342,0.36557
6,0.27385,8.20226,1,0.44035,-0.41197,0.42617
6,0.27385,8.20226,2,0.41417,-0.42011,0.36151
7,0.70992,8.20226,1,0.44035,-0.41197,0.42617
7,0.70992,8.20226,2,0.34743,-0.40453,0.37715
8,0.29397,8.20226,1,0.44035,-0.41197,0.42617
8,0.29397,8.20226,2,0.41138,-0.41853,0.3625
9,0.6838,8.20226,1,0.44035,-0.41197,0.42617
9,0.6838,8.20226,2,0.35149,-0.40604,0.37623
10,0.32336,8.20226,1,0.44035,-0.41197,0.42617
10,0.32336,8.20226,2,0.40729,-0.41622,0.36391
11,0.51218,8.20226,1,0.44035,-0.41197,0.42617
11,0.51218,8.20226,2,0.37768,-0.41595,0.36987
12,0.43974,8.20226,1,0.44035,-0.41197,0.42617
12,0.43974,8.20226,2,0.38842,-0.42012,0.36707
13,0.52878,8.20226,1,0.44035,-0.41197,0.42617
13,0.52878,8.20226,2,0.37519,-0.415,0.37051
14,0.28908,8.20226,1,0.44035,-0.41197,0.42617
14,0.28908,8.20226,2,0.41205,-0.41892,0.36226
15,0.72968,8.20226,1,0.44035,-0.41197,0.42617
15,0.72968,8.20226,2,0.34434,-0.40339,0.37783
16,0.7142,8.20226,1,0.44035,-0.41197,0.42617
16,0.7142,8.20226,2,0.34676,-0.40428,0.3773
17,0.11326,8.20226,1,0.44035,-0.41197,0.42617
17,0.11326,8.20226,2,0.4327,-0.43357,0.35408
18,0.57102,8.20226,1,0.44035,-0.41197,0.42617
18,0.57102,8.20226,2,0.36881,-0.41256,0.3721
19,0.90691,8.20226,1,0.44035,-0.41197,0.42617
19,0.90691,8.20226,2,0.31629,-0.39312,0.38323
20,0.48094,8.20226,1,0.44035,-0.41197,0.42617
20,0.48094,8.20226,2,0.38234,-0.41775,0.36867
