particle,elasticity,weight,frame,x,y,z
1,0.16182,4.15093,1,0.43389,0.14667,0.60111
2,0.515,4.15093,1,0.43389,0.14667,0.60111
3,0.28468,4.15093,1,0.43389,0.14667,0.60111
4,0.53262,4.15093,1,0.43389,0.14667,0.60111
5,0.87186,4.15093,1,0.43389,0.14667,0.60111
6,0.02091,4.15093,1,0.43389,0.14667,0.60111
7,0.01497,4.15093,1,0.43389,0.14667,0.60111
8,0.53805,4.15093,1,0.43389,0.14667,0.60111
9,0.92934,4.15093,1,0.43389,0.14667,0.60111
10,0.84523,4.15093,1,0.43389,0.14667,0.60111
11,0.96727,4.15093,1,0.43389,0.14667,0.60111
12,0.27097,4.15093,1,0.43389,0.14667,0.60111
13,0.9921,4.15093,1,0.43389,0.14667,0.60111
14,0.91943,4.15093,1,0.43389,0.14667,0.60111
15,0.20071,4.15093,1,0.43389,0.14667,0.60111
16,0.45724,4.15093,1,0.43389,0.14667,0.60111
17,0.75551,4.15093,1,0.43389,0.14667,0.60111
18,0.58681,4.15093,1,0.43389,0.14667,0.60111
19,0.71926,4.15093,1,0.43389,0.14667,0.60111
20,0.531,4.15093,1,0.43389,0.14667,0.60111
