particle,elasticity,weight,frame,x,y,z
1,0.0545,4.15093,1,-0.00023,-0.20004,0.68177
2,0.18061,4.15093,1,-0.00023,-0.20004,0.68177
3,0.12813,4.15093,1,-0.00023,-0.20004,0.68177
4,0.41719,4.15093,1,-0.00023,-0.20004,0.68177
5,0.25662,4.15093,1,-0.00023,-0.20004,0.68177
6,0.28591,4.15093,1,-0.00023,-0.20004,0.68177
7,0.9158,4.15093,1,-0.00023,-0.20004,0.68177
8,0.06526,4.15093,1,-0.00023,-0.20004,0.68177
9,0.6093,4.15093,1,-0.00023,-0.20004,0.68177
10,0.42676,4.15093,1,-0.00023,-0.20004,0.68177
11,0.02431,4.15093,1,-0.00023,-0.20004,0.68177
12,0.15803,4.15093,1,-0.00023,-0.20004,0.68177
13,0.06958,4.15093,1,-0.00023,-0.20004,0.68177
14,0.8776,4.15093,1,-0.00023,-0.20004,0.68177
15,0.6217,4.15093,1,-0.00023,-0.20004,0.68177
16,0.34651,4.15093,1,-0.00023,-0.20004,0.68177
17,0.55915,4.15093,1,-0.00023,-0.20004,0.68177
18,0.54662,4.15093,1,-0.00023,-0.20004,0.68177
19,0.83109,4.15093,1,-0.00023,-0.20004,0.68177
20,0.75466,4.15093,1,-0.00023,-0.20004,0.68177
