particle,elasticity,weight,frame,x,y,z
1,0.3702,4.15093,1,0.24696,-0.19762,0.40491
2,0.92763,4.15093,1,0.24696,-0.19762,0.40491
3,0.70911,4.15093,1,0.24696,-0.19762,0.40491
4,0.07259,4.15093,1,0.24696,-0.19762,0.40491
5,0.26214,4.15093,1,0.24696,-0.19762,0.40491
6,0.365,4.15093,1,0.24696,-0.19762,0.40491
7,0.31728,4.15093,1,0.24696,-0.19762,0.40491
8,0.95187,4.15093,1,0.24696,-0.19762,0.40491
9,0.40474,4.15093,1,0.24696,-0.19762,0.40491
10,0.57938,4.15093,1,0.24696,-0.19762,0.40491
11,0.27493,4.15093,1,0.24696,-0.19762,0.40491
12,0.4652,4.15093,1,0.24696,-0.19762,0.40491
13,0.20763,4.15093,1,0.24696,-0.19762,0.40491
14,0.56175,4.15093,1,0.24696,-0.19762,0.40491
15,0.96829,4.15093,1,0.24696,-0.19762,0.40491
16,0.82208,4.15093,1,0.24696,-0.19762,0.40491
17,0.08366,4.15093,1,0.24696,-0.19762,0.40491
18,0.19813,4.15093,1,0.24696,-0.19762,0.40491
19,0.76922,4.15093,1,0.24696,-0.19762,0.40491
20,0.74888,4.15093,1,0.24696,-0.19762,0.40491
