particle,elasticity,weight,frame,x,y,z
1,0.12939,8.25933,1,0.06367,-0.17412,0.31732
1,0.12939,8.25933,2,0.12159,-0.39075,0.45459
2,0.41151,8.25933,1,0.06367,-0.17412,0.31732
2,0.41151,8.25933,2,0.12159,-0.39075,0.45459
3,0.30618,8.25933,1,0.06367,-0.17412,0.31732
3,0.30618,8.25933,2,0.12159,-0.39075,0.45459
4,0.93918,8.25933,1,0.06367,-0.17412,0.31732
4,0.93918,8.25933,2,0.12159,-0.39075,0.45459
5,0.87164,8.25933,1,0.06367,-0.17412,0.31732
5,0.87164,8.25933,2,0.12159,-0.39075,0.45459
6,0.92358,8.25933,1,0.06367,-0.17412,0.31732
6,0.92358,8.25933,2,0.12159,-0.39075,0.45459
7,0.21898,8.25933,1,0.06367,-0.17412,0.31732
7,0.21898,8.25933,2,0.12159,-0.39075,0.45459
8,0.0403,8.25933,1,0.06367,-0.17412,0.31732
8,0.0403,8.25933,2,0.12159,-0.39075,0.45459
9,0.78835,8.25933,1,0.06367,-0.17412,0.31732
9,0.78835,8.25933,2,0.12159,-0.39075,0.45459
10,0.5559,8.25933,1,0.06367,-0.17412,0.31732
10,0.5559,8.25933,2,0.12159,-0.39075,0.45459
11,0.96865,8.25933,1,0.06367,-0.17412,0.31732
11,0.96865,8.25933,2,0.12159,-0.39075,0.45459
12,0.25545,8.25933,1,0.06367,-0.17412,0.31732
12,0.25545,8.25933,2,0.12159,-0.39075,0.45459
13,0.56793,8.25933,1,0.06367,-0.17412,0.31732
13,0.56793,8.25933,2,0.12159,-0.39075,0.45459
14,0.66179,8.25933,1,0.06367,-0.17412,0.31732
14,0.66179,8.25933,2,0.12159,-0.39075,0.45459
15,0.82537,8.25933,1,0.06367,-0.17412,0.31732
15,0.82537,8.25933,2,0.12159,-0.39075,0.45459
16,0.78764,8.25933,1,0.06367,-0.17412,0.31732
16,0.78764,8.25933,2,0.12159,-0.39075,0.45459
17,0.61841,8.25933,1,0.06367,-0.17412,0.31732
17,0.61841,8.25933,2,0.12159,-0.39075,0.45459
18,0.3831,8.25933,1,0.06367,-0.17412,0.31732
18,0.3831,8.25933,2,0.12159,-0.39075,0.45459
19,0.62627,8.25933,1,0.06367,-0.17412,0.31732
19,0.62627,8.25933,2,0.12159,-0.39075,0.45459
20,0.68651,8.25933,1,0.06367,-0.17412,0.31732
20,0.68651,8.25933,2,0.12159,-0.39075,0.45459
