particle,elasticity,weight,frame,x,y,z
1,0.25423,4.15093,1,0.43392,0.05211,0.94164
2,0.80244,4.15093,1,0.4336,0.05188,0.94003
3,0.83939,4.15093,1,0.43358,0.05187,0.93992
4,0.26995,4.15093,1,0.43391,0.0521,0.9416
5,0.68491,4.15093,1,0.43367,0.05193,0.94037
6,0.43466,4.15093,1,0.43381,0.05203,0.94111
7,0.96716,4.15093,1,0.4335,0.05182,0.93954
8,0.34201,4.15093,1,0.43387,0.05207,0.94138
9,0.13678,4.15093,1,0.43398,0.05216,0.94199
10,0.76414,4.15093,1,0.43362,0.0519,0.94014
11,0.37887,4.15093,1,0.43384,0.05206,0.94127
12,0.85131,4.15093,1,0.43357,0.05186,0.93988
13,0.51307,4.15093,1,0.43377,0.052,0.94088
14,0.29794,4.15093,1,0.43389,0.05209,0.94151
15,0.35226,4.15093,1,0.43386,0.05207,0.94135
16,0.16058,4.15093,1,0.43397,0.05215,0.94192
17,0.29673,4.15093,1,0.43389,0.05209,0.94152
18,0.38118,4.15093,1,0.43384,0.05206,0.94127
19,0.16382,4.15093,1,0.43397,0.05215,0.94191
20,0.37072,4.15093,1,0.43385,0.05206,0.9413
