particle,elasticity,weight,frame,x,y,z
1,0.68964,8.25953,1,-0.13873,-0.11785,0.8421
1,0.68964,8.25953,2,-0.13542,0.13069,0.76036
2,0.86628,8.25953,1,-0.13873,-0.11785,0.8421
2,0.86628,8.25953,2,-0.13542,0.13069,0.76036
3,0.5213,8.25953,1,-0.13873,-0.11785,0.8421
3,0.5213,8.25953,2,-0.13542,0.13069,0.76036
4,0.90352,8.25953,1,-0.13873,-0.11785,0.8421
4,0.90352,8.25953,2,-0.13542,0.13069,0.76036
5,0.86374,8.25953,1,-0.13873,-0.11785,0.8421
5,0.86374,8.25953,2,-0.13542,0.13069,0.76036
6,0.17841,8.25953,1,-0.13873,-0.11785,0.8421
6,0.17841,8.25953,2,-0.13542,0.13069,0.76036
7,0.01135,8.25953,1,-0.13873,-0.11785,0.8421
7,0.01135,8.25953,2,-0.13542,0.13069,0.76036
8,0.99112,8.25953,1,-0.13873,-0.11785,0.8421
8,0.99112,8.25953,2,-0.13542,0.13069,0.76036
9,0.92332,8.25953,1,-0.13873,-0.11785,0.8421
9,0.92332,8.25953,2,-0.13542,0.13069,0.76036
10,0.22259,8.25953,1,-0.13873,-0.11785,0.8421
10,0.22259,8.25953,2,-0.13542,0.13069,0.76036
11,0.65545,8.25953,1,-0.13873,-0.11785,0.8421
11,0.65545,8.25953,2,-0.13542,0.13069,0.76036
12,0.42998,8.25953,1,-0.13873,-0.11785,0.8421
12,0.42998,8.25953,2,-0.13542,0.13069,0.76036
13,0.75405,8.25953,1,-0.13873,-0.11785,0.8421
13,0.75405,8.25953,2,-0.13542,0.13069,0.76036
14,0.57819,8.25953,1,-0.13873,-0.11785,0.8421
14,0.57819,8.25953,2,-0.13542,0.13069,0.76036
15,0.79033,8.25953,1,-0.13873,-0.11785,0.8421
15,0.79033,8.25953,2,-0.13542,0.13069,0.76036
16,0.88777,8.25953,1,-0.13873,-0.11785,0.8421
16,0.88777,8.25953,2,-0.13542,0.13069,0.76036
17,0.82258,8.25953,1,-0.13873,-0.11785,0.8421
17,0.82258,8.25953,2,-0.13542,0.13069,0.76036
18,0.03645,8.25953,1,-0.13873,-0.11785,0.8421
18,0.03645,8.25953,2,-0.13542,0.13069,0.76036
19,0.78701,8.25953,1,-0.13873,-0.11785,0.8421
19,0.78701,8.25953,2,-0.13542,0.13069,0.76036
20,0.59735,8.25953,1,-0.13873,-0.11785,0.8421
20,0.59735,8.25953,2,-0.13542,0.13069,0.76036
