particle,elasticity,weight,frame,x,y,z
1,0.74581,8.25808,1,0.34119,-0.38931,0.46835
1,0.74581,8.25808,2,0.41615,-0.37336,0.42379
2,0.17968,8.25808,1,0.34119,-0.38931,0.46835
2,0.17968,8.25808,2,0.42846,-0.41697,0.41981
3,0.36771,8.25808,1,0.34119,-0.38931,0.46835
3,0.36771,8.25808,2,0.42415,-0.40262,0.4212
4,0.95675,8.25808,1,0.34119,-0.38931,0.46835
4,0.95675,8.25808,2,0.41208,-0.3568,0.4252
5,0.32228,8.25808,1,0.34119,-0.38931,0.46835
5,0.32228,8.25808,2,0.42517,-0.4061,0.42087
6,0.93371,8.25808,1,0.34119,-0.38931,0.46835
6,0.93371,8.25808,2,0.41251,-0.35862,0.42504
7,0.28436,8.25808,1,0.34119,-0.38931,0.46835
7,0.28436,8.25808,2,0.42604,-0.409,0.4206
8,0.28262,8.25808,1,0.34119,-0.38931,0.46835
8,0.28262,8.25808,2,0.42608,-0.40913,0.42058
9,0.52851,8.25808,1,0.34119,-0.38931,0.46835
9,0.52851,8.25808,2,0.42064,-0.39025,0.42232
10,0.11121,8.25808,1,0.34119,-0.38931,0.46835
10,0.11121,8.25808,2,0.43008,-0.42217,0.41927
11,0.96524,8.25808,1,0.34119,-0.38931,0.46835
11,0.96524,8.25808,2,0.41192,-0.35614,0.42525
12,0.30623,8.25808,1,0.34119,-0.38931,0.46835
12,0.30623,8.25808,2,0.42554,-0.40733,0.42076
13,0.1368,8.25808,1,0.34119,-0.38931,0.46835
13,0.1368,8.25808,2,0.42947,-0.42023,0.41947
14,0.47847,8.25808,1,0.34119,-0.38931,0.46835
14,0.47847,8.25808,2,0.42171,-0.39411,0.42198
15,0.87708,8.25808,1,0.34119,-0.38931,0.46835
15,0.87708,8.25808,2,0.41358,-0.36308,0.42466
16,0.20706,8.25808,1,0.34119,-0.38931,0.46835
16,0.20706,8.25808,2,0.42782,-0.41489,0.42002
17,0.80328,8.25808,1,0.34119,-0.38931,0.46835
17,0.80328,8.25808,2,0.41501,-0.36887,0.42417
18,0.07546,8.25808,1,0.34119,-0.38931,0.46835
18,0.07546,8.25808,2,0.43094,-0.42487,0.41898
19,0.29767,8.25808,1,0.34119,-0.38931,0.46835
19,0.29767,8.25808,2,0.42573,-0.40798,0.4207
20,0.6409,8.25808,1,0.34119,-0.38931,0.46835
20,0.6409,8.25808,2,0.41828,-0.38154,0.42309
