particle,elasticity,weight,frame,x,y,z
1,0.23783,4.15093,1,0.04388,0.43418,0.01523
2,0.06467,4.15093,1,0.04315,0.43848,0.00686
3,0.01117,4.15093,1,0.04286,0.43962,0.00439
4,0.77248,4.15093,1,0.04597,0.42095,0.04374
5,0.89663,4.15093,1,0.04599,0.41734,0.04993
6,0.43201,4.15093,1,0.04581,0.4309,0.02676
7,0.81741,4.15093,1,0.04598,0.41964,0.04599
8,0.87007,4.15093,1,0.04599,0.41811,0.04861
9,0.68157,4.15093,1,0.04593,0.4236,0.0392
10,0.46021,4.15093,1,0.04582,0.43007,0.02816
11,0.40472,4.15093,1,0.04578,0.43168,0.02538
12,0.21877,4.15093,1,0.04382,0.4347,0.01428
13,0.01214,4.15093,1,0.04286,0.4396,0.00444
14,0.50805,4.15093,1,0.04585,0.42867,0.03054
15,0.26277,4.15093,1,0.04395,0.4335,0.01647
16,0.36513,4.15093,1,0.04562,0.4319,0.02291
17,0.56813,4.15093,1,0.04588,0.42691,0.03353
18,0.11254,4.15093,1,0.04341,0.43742,0.00908
19,0.66695,4.15093,1,0.04593,0.42403,0.03847
20,0.52352,4.15093,1,0.04586,0.42822,0.03131
