particle,elasticity,weight,frame,x,y,z
1,0.04895,8.20783,1,-0.00413,0.40612,0.69059
1,0.04895,8.20783,2,-0.05982,0.43168,0.95086
2,0.15202,8.20783,1,-0.00413,0.40612,0.69059
2,0.15202,8.20783,2,-0.05919,0.4254,0.94803
3,0.49051,8.20783,1,-0.00413,0.40612,0.69059
3,0.49051,8.20783,2,-0.06594,0.39264,0.95145
4,0.93711,8.20783,1,-0.00413,0.40612,0.69059
4,0.93711,8.20783,2,-0.06218,0.35404,0.93924
5,0.79891,8.20783,1,-0.00413,0.40612,0.69059
5,0.79891,8.20783,2,-0.06332,0.36595,0.94298
6,0.09832,8.20783,1,-0.00413,0.40612,0.69059
6,0.09832,8.20783,2,-0.05962,0.42938,0.94968
7,0.49587,8.20783,1,-0.00413,0.40612,0.69059
7,0.49587,8.20783,2,-0.0659,0.39217,0.9513
8,0.72011,8.20783,1,-0.00413,0.40612,0.69059
8,0.72011,8.20783,2,-0.06399,0.37276,0.94513
9,0.37307,8.20783,1,-0.00413,0.40612,0.69059
9,0.37307,8.20783,2,-0.06692,0.4028,0.95473
10,0.70856,8.20783,1,-0.00413,0.40612,0.69059
10,0.70856,8.20783,2,-0.06409,0.37376,0.94544
11,0.49332,8.20783,1,-0.00413,0.40612,0.69059
11,0.49332,8.20783,2,-0.06592,0.39239,0.95137
12,0.02389,8.20783,1,-0.00413,0.40612,0.69059
12,0.02389,8.20783,2,-0.06007,0.43345,0.95162
13,0.24059,8.20783,1,-0.00413,0.40612,0.69059
13,0.24059,8.20783,2,-0.05848,0.41873,0.94534
14,0.31567,8.20783,1,-0.00413,0.40612,0.69059
14,0.31567,8.20783,2,-0.06739,0.40776,0.95634
15,0.19461,8.20783,1,-0.00413,0.40612,0.69059
15,0.19461,8.20783,2,-0.05884,0.42219,0.94673
16,0.34995,8.20783,1,-0.00413,0.40612,0.69059
16,0.34995,8.20783,2,-0.06711,0.4048,0.95537
17,0.79015,8.20783,1,-0.00413,0.40612,0.69059
17,0.79015,8.20783,2,-0.06339,0.36671,0.94322
18,0.89541,8.20783,1,-0.00413,0.40612,0.69059
18,0.89541,8.20783,2,-0.06252,0.35763,0.94037
19,0.58011,8.20783,1,-0.00413,0.40612,0.69059
19,0.58011,8.20783,2,-0.06518,0.38488,0.94897
20,0.1067,8.20783,1,-0.00413,0.40612,0.69059
20,0.1067,8.20783,2,-0.05956,0.42877,0.94942
