particle,elasticity,weight,frame,x,y,z
1,0.70955,8.28519,1,-0.29448,0.33086,0.41468
1,0.70955,8.28519,2,-0.35015,0.41,0.43775
2,0.54195,8.28519,1,-0.29448,0.33086,0.41468
2,0.54195,8.28519,2,-0.35112,0.41418,0.43814
3,0.62874,8.28519,1,-0.29448,0.33086,0.41468
3,0.62874,8.28519,2,-0.35062,0.41202,0.43794
4,0.01799,8.28519,1,-0.29448,0.33086,0.41468
4,0.01799,8.28519,2,-0.35414,0.42726,0.43939
5,0.57894,8.28519,1,-0.29448,0.33086,0.41468
5,0.57894,8.28519,2,-0.35091,0.41326,0.43805
6,0.71517,8.28519,1,-0.29448,0.33086,0.41468
6,0.71517,8.28519,2,-0.35012,0.40986,0.43773
7,0.99687,8.28519,1,-0.29448,0.33086,0.41468
7,0.99687,8.28519,2,-0.34848,0.40282,0.43708
8,0.73828,8.28519,1,-0.29448,0.33086,0.41468
8,0.73828,8.28519,2,-0.34998,0.40928,0.43768
9,0.46005,8.28519,1,-0.29448,0.33086,0.41468
9,0.46005,8.28519,2,-0.35159,0.41623,0.43833
10,0.11754,8.28519,1,-0.29448,0.33086,0.41468
10,0.11754,8.28519,2,-0.35357,0.42478,0.43915
11,0.09698,8.28519,1,-0.29448,0.33086,0.41468
11,0.09698,8.28519,2,-0.35369,0.42529,0.4392
12,0.13272,8.28519,1,-0.29448,0.33086,0.41468
12,0.13272,8.28519,2,-0.35348,0.4244,0.43911
13,0.13124,8.28519,1,-0.29448,0.33086,0.41468
13,0.13124,8.28519,2,-0.35349,0.42444,0.43912
14,0.15928,8.28519,1,-0.29448,0.33086,0.41468
14,0.15928,8.28519,2,-0.35333,0.42374,0.43905
15,0.38258,8.28519,1,-0.29448,0.33086,0.41468
15,0.38258,8.28519,2,-0.35204,0.41816,0.43852
16,0.82342,8.28519,1,-0.29448,0.33086,0.41468
16,0.82342,8.28519,2,-0.34949,0.40715,0.43748
17,0.31199,8.28519,1,-0.29448,0.33086,0.41468
17,0.31199,8.28519,2,-0.35245,0.41993,0.43868
18,0.59373,8.28519,1,-0.29448,0.33086,0.41468
18,0.59373,8.28519,2,-0.35082,0.41289,0.43802
19,0.97939,8.28519,1,-0.29448,0.33086,0.41468
19,0.97939,8.28519,2,-0.34858,0.40326,0.43712
20,0.96808,8.28519,1,-0.29448,0.33086,0.41468
20,0.96808,8.28519,2,-0.34865,0.40354,0.43715
