particle,elasticity,weight,frame,x,y,z
1,0.89429,8.22708,1,0.14637,0.15973,0.75811
1,0.89429,8.22708,2,0.40739,0.29477,0.68334
2,0.11134,8.22708,1,0.14637,0.15973,0.75811
2,0.11134,8.22708,2,0.42081,0.29771,0.68171
3,0.69343,8.22708,1,0.14637,0.15973,0.75811
3,0.69343,8.22708,2,0.41083,0.29553,0.68293
4,0.67185,8.22708,1,0.14637,0.15973,0.75811
4,0.67185,8.22708,2,0.4112,0.29561,0.68288
5,0.74116,8.22708,1,0.14637,0.15973,0.75811
5,0.74116,8.22708,2,0.41002,0.29535,0.68303
6,0.75067,8.22708,1,0.14637,0.15973,0.75811
6,0.75067,8.22708,2,0.40985,0.29531,0.68304
7,0.68199,8.22708,1,0.14637,0.15973,0.75811
7,0.68199,8.22708,2,0.41103,0.29557,0.6829
8,0.35105,8.22708,1,0.14637,0.15973,0.75811
8,0.35105,8.22708,2,0.41671,0.29681,0.68222
9,0.19661,8.22708,1,0.14637,0.15973,0.75811
9,0.19661,8.22708,2,0.41935,0.29739,0.68189
10,0.4879,8.22708,1,0.14637,0.15973,0.75811
10,0.4879,8.22708,2,0.41436,0.2963,0.6825
11,0.48328,8.22708,1,0.14637,0.15973,0.75811
11,0.48328,8.22708,2,0.41444,0.29632,0.68249
12,0.59832,8.22708,1,0.14637,0.15973,0.75811
12,0.59832,8.22708,2,0.41247,0.29588,0.68273
13,0.2437,8.22708,1,0.14637,0.15973,0.75811
13,0.2437,8.22708,2,0.41855,0.29722,0.68199
14,0.20209,8.22708,1,0.14637,0.15973,0.75811
14,0.20209,8.22708,2,0.41926,0.29737,0.6819
15,0.31771,8.22708,1,0.14637,0.15973,0.75811
15,0.31771,8.22708,2,0.41728,0.29694,0.68215
16,0.27355,8.22708,1,0.14637,0.15973,0.75811
16,0.27355,8.22708,2,0.41803,0.2971,0.68205
17,0.86327,8.22708,1,0.14637,0.15973,0.75811
17,0.86327,8.22708,2,0.40792,0.29488,0.68327
18,0.40339,8.22708,1,0.14637,0.15973,0.75811
18,0.40339,8.22708,2,0.41581,0.29662,0.68233
19,0.47363,8.22708,1,0.14637,0.15973,0.75811
19,0.47363,8.22708,2,0.4146,0.29635,0.68247
20,0.47151,8.22708,1,0.14637,0.15973,0.75811
20,0.47151,8.22708,2,0.41464,0.29636,0.68247
