particle,elasticity,weight,frame,x,y,z
1,0.5863,4.15093,1,-0.0284,0.36967,0.48543
2,0.57814,4.15093,1,-0.0284,0.36967,0.48543
3,0.45121,4.15093,1,-0.0284,0.36967,0.48543
4,0.46379,4.15093,1,-0.0284,0.36967,0.48543
5,0.14597,4.15093,1,-0.0284,0.36967,0.48543
6,0.67958,4.15093,1,-0.0284,0.36967,0.48543
7,0.99109,4.15093,1,-0.0284,0.36967,0.48543
8,0.53245,4.15093,1,-0.0284,0.36967,0.48543
9,0.6143,4.15093,1,-0.0284,0.36967,0.48543
10,0.83474,4.15093,1,-0.0284,0.36967,0.48543
11,0.99139,4.15093,1,-0.0284,0.36967,0.48543
12,0.64574,4.15093,1,-0.0284,0.36967,0.48543
13,0.01812,4.15093,1,-0.0284,0.36967,0.48543
14,0.05368,4.15093,1,-0.0284,0.36967,0.48543
15,0.2533,4.15093,1,-0.0284,0.36967,0.48543
16,0.26632,4.15093,1,-0.0284,0.36967,0.48543
17,0.96176,4.15093,1,-0.0284,0.36967,0.48543
18,0.60897,4.15093,1,-0.0284,0.36967,0.48543
19,0.185,4.15093,1,-0.0284,0.36967,0.48543
20,0.54508,4.15093,1,-0.0284,0.36967,0.48543
