particle,elasticity,weight,frame,x,y,z
1,0.58393,8.21473,1,0.36792,0.09054,0.53161
1,0.58393,8.21473,2,0.38418,0.07318,0.30831
2,0.49548,8.21473,1,0.36792,0.09054,0.53161
2,0.49548,8.21473,2,0.39266,0.07433,0.30648
3,0.61973,8.21473,1,0.36792,0.09054,0.53161
3,0.61973,8.21473,2,0.38074,0.07271,0.30905
4,0.37286,8.21473,1,0.36792,0.09054,0.53161
4,0.37286,8.21473,2,0.4044,0.07589,0.30392
5,0.22857,8.21473,1,0.36792,0.09054,0.53161
5,0.22857,8.21473,2,0.41818,0.07767,0.30091
6,0.33417,8.21473,1,0.36792,0.09054,0.53161
6,0.33417,8.21473,2,0.4081,0.07637,0.30312
7,0.98517,8.21473,1,0.36792,0.09054,0.53161
7,0.98517,8.21473,2,0.34559,0.06774,0.31654
8,0.89724,8.21473,1,0.36792,0.09054,0.53161
8,0.89724,8.21473,2,0.35406,0.06896,0.31475
9,0.09948,8.21473,1,0.36792,0.09054,0.53161
9,0.09948,8.21473,2,0.42396,0.07897,0.2998
10,0.95611,8.21473,1,0.36792,0.09054,0.53161
10,0.95611,8.21473,2,0.34839,0.06815,0.31595
11,0.67977,8.21473,1,0.36792,0.09054,0.53161
11,0.67977,8.21473,2,0.37498,0.07191,0.31029
12,0.34753,8.21473,1,0.36792,0.09054,0.53161
12,0.34753,8.21473,2,0.40682,0.07621,0.3034
13,0.10851,8.21473,1,0.36792,0.09054,0.53161
13,0.10851,8.21473,2,0.42324,0.07886,0.29995
14,0.74653,8.21473,1,0.36792,0.09054,0.53161
14,0.74653,8.21473,2,0.36856,0.07102,0.31166
15,0.51287,8.21473,1,0.36792,0.09054,0.53161
15,0.51287,8.21473,2,0.39099,0.0741,0.30684
16,0.48448,8.21473,1,0.36792,0.09054,0.53161
16,0.48448,8.21473,2,0.39371,0.07447,0.30625
17,0.98015,8.21473,1,0.36792,0.09054,0.53161
17,0.98015,8.21473,2,0.34608,0.06781,0.31644
18,0.05766,8.21473,1,0.36792,0.09054,0.53161
18,0.05766,8.21473,2,0.42732,0.07947,0.29907
19,0.82995,8.21473,1,0.36792,0.09054,0.53161
19,0.82995,8.21473,2,0.36054,0.06989,0.31337
20,0.33188,8.21473,1,0.36792,0.09054,0.53161
20,0.33188,8.21473,2,0.40831,0.0764,0.30307
