particle,elasticity,weight,frame,x,y,z
1,0.76596,4.15093,1,0.20739,0.13926,0.47518
2,0.23933,4.15093,1,0.20739,0.13926,0.47518
3,0.16701,4.15093,1,0.20739,0.13926,0.47518
4,0.13128,4.15093,1,0.20739,0.13926,0.47518
5,0.09066,4.15093,1,0.20739,0.13926,0.47518
6,0.4483,4.15093,1,0.20739,0.13926,0.47518
7,0.1736,4.15093,1,0.20739,0.13926,0.47518
8,0.98291,4.15093,1,0.20739,0.13926,0.47518
9,0.30787,4.15093,1,0.20739,0.13926,0.47518
10,0.96212,4.15093,1,0.20739,0.13926,0.47518
11,0.47095,4.15093,1,0.20739,0.13926,0.47518
12,0.18356,4.15093,1,0.20739,0.13926,0.47518
13,0.68454,4.15093,1,0.20739,0.13926,0.47518
14,0.62978,4.15093,1,0.20739,0.13926,0.47518
15,0.75387,4.15093,1,0.20739,0.13926,0.47518
16,0.7174,4.15093,1,0.20739,0.13926,0.47518
17,0.38245,4.15093,1,0.20739,0.13926,0.47518
18,0.18305,4.15093,1,0.20739,0.13926,0.47518
19,0.84623,4.15093,1,0.20739,0.13926,0.47518
20,0.54504,4.15093,1,0.20739,0.13926,0.47518
