particle,elasticity,weight,frame,x,y,z
1,0.63816,8.19969,1,0.2475,0.14208,0.25162
1,0.63816,8.19969,2,0.40854,-0.05461,0.31015
2,0.59816,8.19969,1,0.2475,0.14208,0.25162
2,0.59816,8.19969,2,0.41161,-0.05411,0.31015
3,0.79638,8.19969,1,0.2475,0.14208,0.25162
3,0.79638,8.19969,2,0.39643,-0.05656,0.31015
4,0.72751,8.19969,1,0.2475,0.14208,0.25162
4,0.72751,8.19969,2,0.4017,-0.05571,0.31015
5,0.64697,8.19969,1,0.2475,0.14208,0.25162
5,0.64697,8.19969,2,0.40787,-0.05472,0.31015
6,0.07117,8.19969,1,0.2475,0.14208,0.25162
6,0.07117,8.19969,2,0.43775,-0.04469,0.31624
7,0.35234,8.19969,1,0.2475,0.14208,0.25162
7,0.35234,8.19969,2,0.41747,-0.04774,0.31316
8,0.30355,8.19969,1,0.2475,0.14208,0.25162
8,0.30355,8.19969,2,0.42032,-0.04691,0.31392
9,0.38622,8.19969,1,0.2475,0.14208,0.25162
9,0.38622,8.19969,2,0.41552,-0.04833,0.31263
10,0.25779,8.19969,1,0.2475,0.14208,0.25162
10,0.25779,8.19969,2,0.42305,-0.04616,0.31463
11,0.72562,8.19969,1,0.2475,0.14208,0.25162
11,0.72562,8.19969,2,0.40185,-0.05568,0.31015
12,0.15784,8.19969,1,0.2475,0.14208,0.25162
12,0.15784,8.19969,2,0.43238,-0.04594,0.31489
13,0.43178,8.19969,1,0.2475,0.14208,0.25162
13,0.43178,8.19969,2,0.42124,-0.05121,0.31202
14,0.58516,8.19969,1,0.2475,0.14208,0.25162
14,0.58516,8.19969,2,0.4126,-0.05395,0.31015
15,0.97487,8.19969,1,0.2475,0.14208,0.25162
15,0.97487,8.19969,2,0.38276,-0.05875,0.31015
16,0.72951,8.19969,1,0.2475,0.14208,0.25162
16,0.72951,8.19969,2,0.40155,-0.05573,0.31015
17,0.17175,8.19969,1,0.2475,0.14208,0.25162
17,0.17175,8.19969,2,0.43153,-0.04615,0.31468
18,0.65182,8.19969,1,0.2475,0.14208,0.25162
18,0.65182,8.19969,2,0.4075,-0.05478,0.31015
19,0.93213,8.19969,1,0.2475,0.14208,0.25162
19,0.93213,8.19969,2,0.38603,-0.05823,0.31015
20,0.92712,8.19969,1,0.2475,0.14208,0.25162
20,0.92712,8.19969,2,0.38642,-0.05816,0.31015
