particle,elasticity,weight,frame,x,y,z
1,0.67725,4.15093,1,0.38917,-0.27861,0.87334
2,0.81759,4.15093,1,0.38119,-0.28038,0.8724
3,0.88757,4.15093,1,0.37721,-0.28127,0.87193
4,0.37964,4.15093,1,0.40609,-0.27488,0.87537
5,0.63457,4.15093,1,0.3916,-0.27808,0.87363
6,0.99939,4.15093,1,0.37084,-0.28268,0.87119
7,0.39665,4.15093,1,0.40513,-0.27509,0.87525
8,0.42373,4.15093,1,0.40359,-0.27543,0.87507
9,0.63864,4.15093,1,0.39137,-0.27813,0.8736
10,0.63197,4.15093,1,0.39175,-0.27804,0.87365
11,0.71855,4.15093,1,0.38682,-0.27913,0.87306
12,0.10823,4.15093,1,0.42152,-0.2715,0.87726
13,0.77977,4.15093,1,0.38334,-0.2799,0.87265
14,0.31687,4.15093,1,0.40966,-0.27409,0.87581
15,0.03492,4.15093,1,0.42569,-0.27059,0.87778
16,0.82501,4.15093,1,0.38076,-0.28048,0.87235
17,0.56576,4.15093,1,0.39551,-0.27721,0.8741
18,0.61077,4.15093,1,0.39295,-0.27778,0.87379
19,0.84295,4.15093,1,0.37974,-0.2807,0.87223
20,0.49377,4.15093,1,0.39961,-0.27631,0.87459
