particle,elasticity,weight,frame,x,y,z
1,0.30009,4.15093,1,-0.20857,-0.05643,0.14713
2,0.85356,4.15093,1,-0.20857,-0.05643,0.14713
3,0.72642,4.15093,1,-0.20857,-0.05643,0.14713
4,0.17916,4.15093,1,-0.20857,-0.05643,0.14713
5,0.81073,4.15093,1,-0.20857,-0.05643,0.14713
6,0.51161,4.15093,1,-0.20857,-0.05643,0.14713
7,0.35043,4.15093,1,-0.20857,-0.05643,0.14713
8,0.13987,4.15093,1,-0.20857,-0.05643,0.14713
9,0.17321,4.15093,1,-0.20857,-0.05643,0.14713
10,0.43497,4.15093,1,-0.20857,-0.05643,0.14713
11,0.77195,4.15093,1,-0.20857,-0.05643,0.14713
12,0.61594,4.15093,1,-0.20857,-0.05643,0.14713
13,0.04688,4.15093,1,-0.20857,-0.05643,0.14713
14,0.89809,4.15093,1,-0.20857,-0.05643,0.14713
15,0.03568,4.15093,1,-0.20857,-0.05643,0.14713
16,0.44347,4.15093,1,-0.20857,-0.05643,0.14713
17,0.39182,4.15093,1,-0.20857,-0.05643,0.14713
18,0.52109,4.15093,1,-0.20857,-0.05643,0.14713
19,0.48491,4.15093,1,-0.20857,-0.05643,0.14713
20,0.79842,4.15093,1,-0.20857,-0.05643,0.14713
