particle,elasticity,weight,frame,x,y,z
1,0.29777,7.93859,1,-0.40976,0.13255,0.3078
1,0.29777,7.93859,2,-0.31475,0.33204,0.29429
2,0.70482,7.84282,1,-0.40681,0.14466,0.30763
2,0.70482,7.84282,2,-0.34035,0.37407,0.29363
3,0.805,7.78041,1,-0.39912,0.14589,0.30763
3,0.805,7.78041,2,-0.31895,0.37746,0.29363
4,0.31078,7.93259,1,-0.40902,0.13278,0.3078
4,0.31078,7.93259,2,-0.31299,0.33273,0.29429
5,0.65801,7.8699,1,-0.4104,0.14408,0.30763
5,0.65801,7.8699,2,-0.35035,0.37248,0.29363
6,0.48962,7.84725,1,-0.39938,0.13601,0.30779
6,0.48962,7.84725,2,-0.29105,0.34289,0.29428
7,0.35893,7.91009,1,-0.40632,0.13362,0.3078
7,0.35893,7.91009,2,-0.30667,0.33537,0.29429
8,0.8696,7.73695,1,-0.39416,0.14669,0.30763
8,0.8696,7.73695,2,-0.30515,0.37965,0.29363
9,0.83136,7.76298,1,-0.39709,0.14622,0.30763
9,0.83136,7.76298,2,-0.31332,0.37835,0.29363
10,0.7626,7.80756,1,-0.40237,0.14537,0.30763
10,0.7626,7.80756,2,-0.328,0.37602,0.29363
11,0.00915,8.06076,1,-0.42758,0.12789,0.3078
11,0.00915,8.06076,2,-0.35916,0.31786,0.29429
12,0.36841,7.90561,1,-0.4058,0.13379,0.3078
12,0.36841,7.90561,2,-0.30546,0.33589,0.29429
13,0.12084,8.01634,1,-0.42039,0.12962,0.3078
13,0.12084,8.01634,2,-0.34078,0.32306,0.29429
14,0.39372,7.89359,1,-0.40442,0.13424,0.3078
14,0.39372,7.89359,2,-0.30229,0.33731,0.29429
15,0.19923,7.98287,1,-0.41556,0.13089,0.3078
15,0.19923,7.98287,2,-0.32877,0.32692,0.29429
16,0.15537,8.00181,1,-0.41824,0.13018,0.3078
16,0.15537,8.00181,2,-0.3354,0.32473,0.29429
17,0.3757,7.90216,1,-0.4054,0.13392,0.3078
17,0.3757,7.90216,2,-0.30454,0.3363,0.29429
18,0.86438,7.74056,1,-0.39456,0.14662,0.30763
18,0.86438,7.74056,2,-0.30627,0.37947,0.29363
19,0.79938,7.78407,1,-0.39955,0.14582,0.30763
19,0.79938,7.78407,2,-0.32015,0.37727,0.29363
20,0.58572,7.79994,1,-0.39464,0.13786,0.30779
20,0.58572,7.79994,2,-0.28104,0.34878,0.29427
