particle,elasticity,weight,frame,x,y,z
1,0.82268,4.15093,1,-0.14062,0.03019,0.03269
2,0.59409,4.15093,1,-0.14062,0.03019,0.03269
3,0.38255,4.15093,1,-0.14062,0.03019,0.03269
4,0.61549,4.15093,1,-0.14062,0.03019,0.03269
5,0.08258,4.15093,1,-0.14062,0.03019,0.03269
6,0.03846,4.15093,1,-0.14062,0.03019,0.03269
7,0.61018,4.15093,1,-0.14062,0.03019,0.03269
8,0.61468,4.15093,1,-0.14062,0.03019,0.03269
9,0.61473,4.15093,1,-0.14062,0.03019,0.03269
10,0.59178,4.15093,1,-0.14062,0.03019,0.03269
11,0.00646,4.15093,1,-0.14062,0.03019,0.03269
12,0.33056,4.15093,1,-0.14062,0.03019,0.03269
13,0.33496,4.15093,1,-0.14062,0.03019,0.03269
14,0.67857,4.15093,1,-0.14062,0.03019,0.03269
15,0.80436,4.15093,1,-0.14062,0.03019,0.03269
16,0.08848,4.15093,1,-0.14062,0.03019,0.03269
17,0.79955,4.15093,1,-0.14062,0.03019,0.03269
18,0.60539,4.15093,1,-0.14062,0.03019,0.03269
19,0.46432,4.15093,1,-0.14062,0.03019,0.03269
20,0.98548,4.15093,1,-0.14062,0.03019,0.03269
