particle,elasticity,weight,frame,x,y,z
1,0.98449,4.15093,1,-0.16866,-0.17784,0.86712
2,0.75767,4.15093,1,-0.16866,-0.17784,0.86712
3,0.55946,4.15093,1,-0.16866,-0.17784,0.86712
4,0.98779,4.15093,1,-0.16866,-0.17784,0.86712
5,0.55453,4.15093,1,-0.16866,-0.17784,0.86712
6,0.03974,4.15093,1,-0.16866,-0.17784,0.86712
7,0.73859,4.15093,1,-0.16866,-0.17784,0.86712
8,0.53666,4.15093,1,-0.16866,-0.17784,0.86712
9,0.97475,4.15093,1,-0.16866,-0.17784,0.86712
10,0.31399,4.15093,1,-0.16866,-0.17784,0.86712
11,0.32903,4.15093,1,-0.16866,-0.17784,0.86712
12,0.43763,4.15093,1,-0.16866,-0.17784,0.86712
13,0.68415,4.15093,1,-0.16866,-0.17784,0.86712
14,0.65993,4.15093,1,-0.16866,-0.17784,0.86712
15,0.04552,4.15093,1,-0.16866,-0.17784,0.86712
16,0.41568,4.15093,1,-0.16866,-0.17784,0.86712
17,0.02128,4.15093,1,-0.16866,-0.17784,0.86712
18,0.62704,4.15093,1,-0.16866,-0.17784,0.86712
19,0.70736,4.15093,1,-0.16866,-0.17784,0.86712
20,0.65128,4.15093,1,-0.16866,-0.17784,0.86712
