particle,elasticity,weight,frame,x,y,z
1,0.21498,8.2296,1,-0.03432,-0.06412,0.03275
1,0.21498,8.2296,2,-0.14609,-0.06878,0.05187
2,0.147,8.2296,1,-0.03432,-0.06412,0.03275
2,0.147,8.2296,2,-0.14469,-0.06981,0.04655
3,0.62612,8.2296,1,-0.03432,-0.06412,0.03275
3,0.62612,8.2296,2,-0.1512,-0.06153,0.10035
4,0.00401,8.2296,1,-0.03432,-0.06412,0.03275
4,0.00401,8.2296,2,-0.14248,-0.07238,0.03276
5,0.25484,8.2296,1,-0.03432,-0.06412,0.03275
5,0.25484,8.2296,2,-0.14675,-0.06813,0.05575
6,0.04912,8.2296,1,-0.03432,-0.06412,0.03275
6,0.04912,8.2296,2,-0.14313,-0.07155,0.03718
7,0.31536,8.2296,1,-0.03432,-0.06412,0.03275
7,0.31536,8.2296,2,-0.1478,-0.06722,0.06136
8,0.01192,8.2296,1,-0.03432,-0.06412,0.03275
8,0.01192,8.2296,2,-0.14259,-0.07224,0.03354
9,0.24917,8.2296,1,-0.03432,-0.06412,0.03275
9,0.24917,8.2296,2,-0.14665,-0.06822,0.0552
10,0.37233,8.2296,1,-0.03432,-0.06412,0.03275
10,0.37233,8.2296,2,-0.14861,-0.06623,0.06763
11,0.19493,8.2296,1,-0.03432,-0.06412,0.03275
11,0.19493,8.2296,2,-0.14577,-0.06911,0.04992
12,0.37892,8.2296,1,-0.03432,-0.06412,0.03275
12,0.37892,8.2296,2,-0.14871,-0.06611,0.06834
13,0.53108,8.2296,1,-0.03432,-0.06412,0.03275
13,0.53108,8.2296,2,-0.15072,-0.06355,0.08582
14,0.76198,8.2296,1,-0.03432,-0.06412,0.03275
14,0.76198,8.2296,2,-0.15128,-0.05793,0.12495
15,0.5432,8.2296,1,-0.03432,-0.06412,0.03275
15,0.5432,8.2296,2,-0.15085,-0.06335,0.08729
16,0.36689,8.2296,1,-0.03432,-0.06412,0.03275
16,0.36689,8.2296,2,-0.14853,-0.06632,0.06703
17,0.48339,8.2296,1,-0.03432,-0.06412,0.03275
17,0.48339,8.2296,2,-0.15016,-0.06434,0.08009
18,0.72578,8.2296,1,-0.03432,-0.06412,0.03275
18,0.72578,8.2296,2,-0.15126,-0.0589,0.11834
19,0.31968,8.2296,1,-0.03432,-0.06412,0.03275
19,0.31968,8.2296,2,-0.14786,-0.06715,0.06184
20,0.66938,8.2296,1,-0.03432,-0.06412,0.03275
20,0.66938,8.2296,2,-0.15123,-0.0604,0.10812
