particle,elasticity,weight,frame,x,y,z
1,0.77187,8.26242,1,0.26832,-0.0821,0.39816
1,0.77187,8.26242,2,0.18522,-0.23853,0.21883
2,0.96056,8.26242,1,0.26832,-0.0821,0.39816
2,0.96056,8.26242,2,0.18522,-0.23853,0.21883
3,0.17291,8.26242,1,0.26832,-0.0821,0.39816
3,0.17291,8.26242,2,0.18522,-0.23853,0.21883
4,0.52641,8.26242,1,0.26832,-0.0821,0.39816
4,0.52641,8.26242,2,0.18522,-0.23853,0.21883
5,0.88992,8.26242,1,0.26832,-0.0821,0.39816
5,0.88992,8.26242,2,0.18522,-0.23853,0.21883
6,0.99315,8.26242,1,0.26832,-0.0821,0.39816
6,0.99315,8.26242,2,0.18522,-0.23853,0.21883
7,0.52655,8.26242,1,0.26832,-0.0821,0.39816
7,0.52655,8.26242,2,0.18522,-0.23853,0.21883
8,0.86797,8.26242,1,0.26832,-0.0821,0.39816
8,0.86797,8.26242,2,0.18522,-0.23853,0.21883
9,0.07281,8.26242,1,0.26832,-0.0821,0.39816
9,0.07281,8.26242,2,0.18522,-0.23853,0.21883
10,0.62319,8.26242,1,0.26832,-0.0821,0.39816
10,0.62319,8.26242,2,0.18522,-0.23853,0.21883
11,0.35393,8.26242,1,0.26832,-0.0821,0.39816
11,0.35393,8.26242,2,0.18522,-0.23853,0.21883
12,0.26763,8.26242,1,0.26832,-0.0821,0.39816
12,0.26763,8.26242,2,0.18522,-0.23853,0.21883
13,0.07766,8.26242,1,0.26832,-0.0821,0.39816
13,0.07766,8.26242,2,0.18522,-0.23853,0.21883
14,0.04525,8.26242,1,0.26832,-0.0821,0.39816
14,0.04525,8.26242,2,0.18522,-0.23853,0.21883
15,0.44728,8.26242,1,0.26832,-0.0821,0.39816
15,0.44728,8.26242,2,0.18522,-0.23853,0.21883
16,0.13638,8.26242,1,0.26832,-0.0821,0.39816
16,0.13638,8.26242,2,0.18522,-0.23853,0.21883
17,0.59876,8.26242,1,0.26832,-0.0821,0.39816
17,0.59876,8.26242,2,0.18522,-0.23853,0.21883
18,0.96565,8.26242,1,0.26832,-0.0821,0.39816
18,0.96565,8.26242,2,0.18522,-0.23853,0.21883
19,0.84162,8.26242,1,0.26832,-0.0821,0.39816
19,0.84162,8.26242,2,0.18522,-0.23853,0.21883
20,0.52718,8.26242,1,0.26832,-0.0821,0.39816
20,0.52718,8.26242,2,0.18522,-0.23853,0.21883
