particle,elasticity,weight,frame,x,y,z
1,0.91634,8.20567,1,0.11627,0.38988,0.7452
1,0.91634,8.20567,2,0.28405,0.39109,0.92784
2,0.97632,8.20567,1,0.11627,0.38988,0.7452
2,0.97632,8.20567,2,0.28416,0.38765,0.92575
3,0.63101,8.20567,1,0.11627,0.38988,0.7452
3,0.63101,8.20567,2,0.28923,0.40187,0.92933
4,0.63868,8.20567,1,0.11627,0.38988,0.7452
4,0.63868,8.20567,2,0.28926,0.40143,0.92899
5,0.21941,8.20567,1,0.11627,0.38988,0.7452
5,0.21941,8.20567,2,0.28115,0.42213,0.93951
6,0.26291,8.20567,1,0.11627,0.38988,0.7452
6,0.26291,8.20567,2,0.28104,0.41978,0.9376
7,0.40427,8.20567,1,0.11627,0.38988,0.7452
7,0.40427,8.20567,2,0.28846,0.4152,0.93955
8,0.60762,8.20567,1,0.11627,0.38988,0.7452
8,0.60762,8.20567,2,0.28911,0.40323,0.93036
9,0.26601,8.20567,1,0.11627,0.38988,0.7452
9,0.26601,8.20567,2,0.28103,0.41962,0.93746
10,0.35804,8.20567,1,0.11627,0.38988,0.7452
10,0.35804,8.20567,2,0.28838,0.41796,0.9417
11,0.82141,8.20567,1,0.11627,0.38988,0.7452
11,0.82141,8.20567,2,0.28389,0.39649,0.93117
12,0.23971,8.20567,1,0.11627,0.38988,0.7452
12,0.23971,8.20567,2,0.2811,0.42104,0.93861
13,0.76214,8.20567,1,0.11627,0.38988,0.7452
13,0.76214,8.20567,2,0.28379,0.39982,0.93327
14,0.16817,8.20567,1,0.11627,0.38988,0.7452
14,0.16817,8.20567,2,0.28122,0.42485,0.94172
15,0.65296,8.20567,1,0.11627,0.38988,0.7452
15,0.65296,8.20567,2,0.28363,0.40584,0.93718
16,0.56548,8.20567,1,0.11627,0.38988,0.7452
16,0.56548,8.20567,2,0.28893,0.40569,0.93223
17,0.58924,8.20567,1,0.11627,0.38988,0.7452
17,0.58924,8.20567,2,0.28903,0.4043,0.93117
18,0.33866,8.20567,1,0.11627,0.38988,0.7452
18,0.33866,8.20567,2,0.28091,0.41648,0.93406
19,0.18549,8.20567,1,0.11627,0.38988,0.7452
19,0.18549,8.20567,2,0.28122,0.42393,0.94103
20,0.53816,8.20567,1,0.11627,0.38988,0.7452
20,0.53816,8.20567,2,0.28883,0.40728,0.93345
