particle,elasticity,weight,frame,x,y,z
1,0.13091,4.15093,1,-0.42474,-0.39779,0.1109
2,0.99642,4.15093,1,-0.36245,-0.38633,0.12178
3,0.85869,4.15093,1,-0.37239,-0.38821,0.12009
4,0.4009,4.15093,1,-0.40535,-0.39431,0.11436
5,0.37576,4.15093,1,-0.40716,-0.39464,0.11404
6,0.2687,4.15093,1,-0.41485,-0.39603,0.11267
7,0.2199,4.15093,1,-0.41836,-0.39666,0.11205
8,0.33505,4.15093,1,-0.41008,-0.39517,0.11352
9,0.91896,4.15093,1,-0.36804,-0.38739,0.12084
10,0.22475,4.15093,1,-0.41801,-0.39659,0.11211
11,0.65348,4.15093,1,-0.38718,-0.39097,0.11755
12,0.43244,4.15093,1,-0.40308,-0.39389,0.11476
13,0.08759,4.15093,1,-0.42785,-0.39835,0.11033
14,0.87962,4.15093,1,-0.37088,-0.38792,0.12035
15,0.19843,4.15093,1,-0.4199,-0.39693,0.11177
16,0.23405,4.15093,1,-0.41734,-0.39647,0.11223
17,0.02327,4.15093,1,-0.43246,-0.39916,0.1095
18,0.77702,4.15093,1,-0.37827,-0.38931,0.11908
19,0.05693,4.15093,1,-0.43005,-0.39873,0.10993
20,0.59463,4.15093,1,-0.39141,-0.39175,0.11681
