particle,elasticity,weight,frame,x,y,z
1,0.47207,4.15093,1,0.09429,-0.4034,0.79876
2,0.23104,4.15093,1,0.09429,-0.4034,0.79876
3,0.36584,4.15093,1,0.09429,-0.4034,0.79876
4,0.98675,4.15093,1,0.09429,-0.4034,0.79876
5,0.08799,4.15093,1,0.09429,-0.4034,0.79876
6,0.64114,4.15093,1,0.09429,-0.4034,0.79876
7,0.20752,4.15093,1,0.09429,-0.4034,0.79876
8,0.63426,4.15093,1,0.09429,-0.4034,0.79876
9,0.01116,4.15093,1,0.09429,-0.4034,0.79876
10,0.73207,4.15093,1,0.09429,-0.4034,0.79876
11,0.52249,4.15093,1,0.09429,-0.4034,0.79876
12,0.89678,4.15093,1,0.09429,-0.4034,0.79876
13,0.05078,4.15093,1,0.09429,-0.4034,0.79876
14,0.58216,4.15093,1,0.09429,-0.4034,0.79876
15,0.90689,4.15093,1,0.09429,-0.4034,0.79876
16,0.7879,4.15093,1,0.09429,-0.4034,0.79876
17,0.01338,4.15093,1,0.09429,-0.4034,0.79876
18,0.17155,4.15093,1,0.09429,-0.4034,0.79876
19,0.75684,4.15093,1,0.09429,-0.4034,0.79876
20,0.71416,4.15093,1,0.09429,-0.4034,0.79876
