particle,elasticity,weight,frame,x,y,z
1,0.74492,4.15093,1,0.10755,0.40919,0.13767
2,0.94947,4.15093,1,0.10934,0.39799,0.14009
3,0.74411,4.15093,1,0.10754,0.40923,0.13766
4,0.43923,4.15093,1,0.10502,0.42585,0.13398
5,0.94315,4.15093,1,0.10928,0.39834,0.14001
6,0.7063,4.15093,1,0.10722,0.4113,0.13721
7,0.43537,4.15093,1,0.10499,0.42605,0.13393
8,0.67069,4.15093,1,0.10692,0.41324,0.13678
9,0.31599,4.15093,1,0.10405,0.43253,0.13245
10,0.30909,4.15093,1,0.104,0.43291,0.13237
11,0.31158,4.15093,1,0.10402,0.43277,0.1324
12,0.46639,4.15093,1,0.10524,0.42437,0.13431
13,0.41028,4.15093,1,0.10479,0.42742,0.13362
14,0.95935,4.15093,1,0.10943,0.39745,0.1402
15,0.63739,4.15093,1,0.10664,0.41506,0.13638
16,0.59409,4.15093,1,0.10628,0.41742,0.13586
17,0.03086,4.15093,1,0.10062,0.4426,0.12886
18,0.45603,4.15093,1,0.10515,0.42493,0.13418
19,0.76402,4.15093,1,0.10772,0.40814,0.1379
20,0.62028,4.15093,1,0.1065,0.41599,0.13618
