particle,elasticity,weight,frame,x,y,z
1,0.73632,8.25963,1,0.21358,0.42788,0.38173
1,0.73632,8.25963,2,0.31143,0.36129,0.14291
2,0.07985,8.25863,1,0.21275,0.43615,0.37977
2,0.07985,8.25863,2,0.30116,0.40728,0.13234
3,0.86715,8.25891,1,0.21377,0.42622,0.38211
3,0.86715,8.25891,2,0.31328,0.34479,0.14673
4,0.66442,8.2599,1,0.21348,0.42879,0.38151
4,0.66442,8.2599,2,0.31043,0.37034,0.1408
5,0.43326,8.26012,1,0.21317,0.43171,0.38083
5,0.43326,8.26012,2,0.30748,0.39538,0.13499
6,0.55356,8.26012,1,0.21333,0.43019,0.38119
6,0.55356,8.26012,2,0.30894,0.38428,0.13754
7,0.85663,8.25898,1,0.21375,0.42635,0.38208
7,0.85663,8.25898,2,0.31313,0.34612,0.14643
8,0.82342,8.25919,1,0.2137,0.42677,0.38198
8,0.82342,8.25919,2,0.31266,0.35031,0.14546
9,0.68876,8.25982,1,0.21351,0.42848,0.38159
9,0.68876,8.25982,2,0.31077,0.36728,0.14151
10,0.38371,8.26004,1,0.21311,0.43233,0.38068
10,0.38371,8.26004,2,0.30687,0.39965,0.13401
11,0.866,8.25892,1,0.21376,0.42623,0.38211
11,0.866,8.25892,2,0.31327,0.34494,0.1467
12,0.20096,8.25939,1,0.21289,0.43463,0.38014
12,0.20096,8.25939,2,0.30387,0.40195,0.1337
13,0.17051,8.25922,1,0.21285,0.43501,0.38005
13,0.17051,8.25922,2,0.3034,0.40442,0.13311
14,0.64364,8.25996,1,0.21345,0.42905,0.38145
14,0.64364,8.25996,2,0.31015,0.37296,0.14019
15,0.54767,8.26013,1,0.21332,0.43026,0.38117
15,0.54767,8.26013,2,0.30886,0.38502,0.13737
16,0.88282,8.25881,1,0.21379,0.42602,0.38216
16,0.88282,8.25881,2,0.31351,0.34281,0.14719
17,0.03645,8.2583,1,0.2127,0.43669,0.37964
17,0.03645,8.2583,2,0.30048,0.41141,0.13133
18,0.72596,8.25968,1,0.21356,0.42801,0.3817
18,0.72596,8.25968,2,0.31128,0.3626,0.1426
19,0.73245,8.25965,1,0.21357,0.42793,0.38172
19,0.73245,8.25965,2,0.31137,0.36178,0.14279
20,0.9282,8.25847,1,0.21386,0.42544,0.38229
20,0.9282,8.25847,2,0.31417,0.33708,0.14852
