particle,elasticity,weight,frame,x,y,z
1,0.2709,8.24441,1,-0.16376,-0.2564,0.64492
1,0.2709,8.24441,2,0.0216,-0.13996,0.86125
2,0.7846,8.24441,1,-0.16376,-0.2564,0.64492
2,0.7846,8.24441,2,0.0216,-0.13996,0.86125
3,0.93405,8.24441,1,-0.16376,-0.2564,0.64492
3,0.93405,8.24441,2,0.0216,-0.13996,0.86125
4,0.42293,8.24441,1,-0.16376,-0.2564,0.64492
4,0.42293,8.24441,2,0.0216,-0.13996,0.86125
5,0.34072,8.24441,1,-0.16376,-0.2564,0.64492
5,0.34072,8.24441,2,0.0216,-0.13996,0.86125
6,0.52169,8.24441,1,-0.16376,-0.2564,0.64492
6,0.52169,8.24441,2,0.0216,-0.13996,0.86125
7,0.70537,8.24441,1,-0.16376,-0.2564,0.64492
7,0.70537,8.24441,2,0.0216,-0.13996,0.86125
8,0.62143,8.24441,1,-0.16376,-0.2564,0.64492
8,0.62143,8.24441,2,0.0216,-0.13996,0.86125
9,0.32657,8.24441,1,-0.16376,-0.2564,0.64492
9,0.32657,8.24441,2,0.0216,-0.13996,0.86125
10,0.03725,8.24441,1,-0.16376,-0.2564,0.64492
10,0.03725,8.24441,2,0.0216,-0.13996,0.86125
11,0.44005,8.24441,1,-0.16376,-0.2564,0.64492
11,0.44005,8.24441,2,0.0216,-0.13996,0.86125
12,0.84383,8.24441,1,-0.16376,-0.2564,0.64492
12,0.84383,8.24441,2,0.0216,-0.13996,0.86125
13,0.91694,8.24441,1,-0.16376,-0.2564,0.64492
13,0.91694,8.24441,2,0.0216,-0.13996,0.86125
14,0.85733,8.24441,1,-0.16376,-0.2564,0.64492
14,0.85733,8.24441,2,0.0216,-0.13996,0.86125
15,0.3275,8.24441,1,-0.16376,-0.2564,0.64492
15,0.3275,8.24441,2,0.0216,-0.13996,0.86125
16,0.02708,8.24441,1,-0.16376,-0.2564,0.64492
16,0.02708,8.24441,2,0.0216,-0.13996,0.86125
17,0.38762,8.24441,1,-0.16376,-0.2564,0.64492
17,0.38762,8.24441,2,0.0216,-0.13996,0.86125
18,0.60394,8.24441,1,-0.16376,-0.2564,0.64492
18,0.60394,8.24441,2,0.0216,-0.13996,0.86125
19,0.49602,8.24441,1,-0.16376,-0.2564,0.64492
19,0.49602,8.24441,2,0.0216,-0.13996,0.86125
20,0.31986,8.24441,1,-0.16376,-0.2564,0.64492
20,0.31986,8.24441,2,0.0216,-0.13996,0.86125
