particle,elasticity,weight,frame,x,y,z
1,0.58903,8.23945,1,-0.30169,-0.0084,0.81668
1,0.58903,8.23945,2,-0.40314,-0.14662,0.79492
2,0.57702,8.23945,1,-0.30169,-0.0084,0.81668
2,0.57702,8.23945,2,-0.40385,-0.14679,0.79488
3,0.577,8.23945,1,-0.30169,-0.0084,0.81668
3,0.577,8.23945,2,-0.40386,-0.14679,0.79488
4,0.35586,8.23945,1,-0.30169,-0.0084,0.81668
4,0.35586,8.23945,2,-0.41704,-0.15,0.7941
5,0.86221,8.23945,1,-0.30169,-0.0084,0.81668
5,0.86221,8.23945,2,-0.38686,-0.14266,0.79588
6,0.89131,8.23945,1,-0.30169,-0.0084,0.81668
6,0.89131,8.23945,2,-0.38512,-0.14223,0.79598
7,0.28034,8.23945,1,-0.30169,-0.0084,0.81668
7,0.28034,8.23945,2,-0.42154,-0.1511,0.79384
8,0.41513,8.23945,1,-0.30169,-0.0084,0.81668
8,0.41513,8.23945,2,-0.41351,-0.14914,0.79431
9,0.94672,8.23945,1,-0.30169,-0.0084,0.81668
9,0.94672,8.23945,2,-0.38182,-0.14143,0.79617
10,0.77572,8.23945,1,-0.30169,-0.0084,0.81668
10,0.77572,8.23945,2,-0.39201,-0.14391,0.79558
11,0.09723,8.23945,1,-0.30169,-0.0084,0.81668
11,0.09723,8.23945,2,-0.43246,-0.15375,0.79319
12,0.66491,8.23945,1,-0.30169,-0.0084,0.81668
12,0.66491,8.23945,2,-0.39861,-0.14552,0.79519
13,0.95359,8.23945,1,-0.30169,-0.0084,0.81668
13,0.95359,8.23945,2,-0.38141,-0.14133,0.7962
14,0.90165,8.23945,1,-0.30169,-0.0084,0.81668
14,0.90165,8.23945,2,-0.38451,-0.14208,0.79602
15,0.64619,8.23945,1,-0.30169,-0.0084,0.81668
15,0.64619,8.23945,2,-0.39973,-0.14579,0.79512
16,0.83861,8.23945,1,-0.30169,-0.0084,0.81668
16,0.83861,8.23945,2,-0.38826,-0.143,0.7958
17,0.2749,8.23945,1,-0.30169,-0.0084,0.81668
17,0.2749,8.23945,2,-0.42187,-0.15118,0.79382
18,0.23129,8.23945,1,-0.30169,-0.0084,0.81668
18,0.23129,8.23945,2,-0.42447,-0.15181,0.79366
19,0.02959,8.23945,1,-0.30169,-0.0084,0.81668
19,0.02959,8.23945,2,-0.4365,-0.15473,0.79295
20,0.96071,8.23945,1,-0.30169,-0.0084,0.81668
20,0.96071,8.23945,2,-0.38099,-0.14123,0.79622
