particle,elasticity,weight,frame,x,y,z
1,0.27733,8.22725,1,-0.02814,0.24822,0.06041
1,0.27733,8.22725,2,-0.23821,0.21767,0.05898
2,0.9302,8.22725,1,-0.02814,0.24822,0.06041
2,0.9302,8.22725,2,-0.24232,0.22761,0.11549
3,0.43559,8.22725,1,-0.02814,0.24822,0.06041
3,0.43559,8.22725,2,-0.23843,0.22022,0.07467
4,0.79111,8.22725,1,-0.02814,0.24822,0.06041
4,0.79111,8.22725,2,-0.24294,0.22488,0.09627
5,0.36203,8.22725,1,-0.02814,0.24822,0.06041
5,0.36203,8.22725,2,-0.23828,0.21902,0.06741
6,0.60173,8.22725,1,-0.02814,0.24822,0.06041
6,0.60173,8.22725,2,-0.23907,0.22296,0.09056
7,0.01567,8.22725,1,-0.02814,0.24822,0.06041
7,0.01567,8.22725,2,-0.23769,0.21406,0.03677
8,0.27988,8.22725,1,-0.02814,0.24822,0.06041
8,0.27988,8.22725,2,-0.23821,0.21771,0.05922
9,0.12702,8.22725,1,-0.02814,0.24822,0.06041
9,0.12702,8.22725,2,-0.2379,0.21554,0.04583
10,0.3954,8.22725,1,-0.02814,0.24822,0.06041
10,0.3954,8.22725,2,-0.23834,0.21956,0.07072
11,0.98587,8.22725,1,-0.02814,0.24822,0.06041
11,0.98587,8.22725,2,-0.24202,0.22877,0.12356
12,0.86655,8.22725,1,-0.02814,0.24822,0.06041
12,0.86655,8.22725,2,-0.24265,0.22629,0.10633
13,0.30534,8.22725,1,-0.02814,0.24822,0.06041
13,0.30534,8.22725,2,-0.23823,0.21811,0.06174
14,0.94907,8.22725,1,-0.02814,0.24822,0.06041
14,0.94907,8.22725,2,-0.24222,0.228,0.11822
15,0.919,8.22725,1,-0.02814,0.24822,0.06041
15,0.919,8.22725,2,-0.24238,0.22737,0.11387
16,0.07483,8.22725,1,-0.02814,0.24822,0.06041
16,0.07483,8.22725,2,-0.23791,0.21478,0.04101
17,0.53145,8.22725,1,-0.02814,0.24822,0.06041
17,0.53145,8.22725,2,-0.23875,0.2218,0.08392
18,0.64864,8.22725,1,-0.02814,0.24822,0.06041
18,0.64864,8.22725,2,-0.24221,0.22337,0.08425
19,0.08814,8.22725,1,-0.02814,0.24822,0.06041
19,0.08814,8.22725,2,-0.2379,0.21497,0.04225
20,0.00104,8.22725,1,-0.02814,0.24822,0.06041
20,0.00104,8.22725,2,-0.23771,0.21385,0.03543
