particle,elasticity,weight,frame,x,y,z
1,0.41844,8.22765,1,0.11807,0.04734,0.27286
1,0.41844,8.22765,2,-0.14994,0.22113,0.42035
2,0.67808,8.22765,1,0.11807,0.04734,0.27286
2,0.67808,8.22765,2,-0.14994,0.22113,0.42035
3,0.1303,8.22765,1,0.11807,0.04734,0.27286
3,0.1303,8.22765,2,-0.14994,0.22113,0.42035
4,0.87315,8.22765,1,0.11807,0.04734,0.27286
4,0.87315,8.22765,2,-0.14994,0.22113,0.42035
5,0.83047,8.22765,1,0.11807,0.04734,0.27286
5,0.83047,8.22765,2,-0.14994,0.22113,0.42035
6,0.73024,8.22765,1,0.11807,0.04734,0.27286
6,0.73024,8.22765,2,-0.14994,0.22113,0.42035
7,0.29262,8.22765,1,0.11807,0.04734,0.27286
7,0.29262,8.22765,2,-0.14994,0.22113,0.42035
8,0.73086,8.22765,1,0.11807,0.04734,0.27286
8,0.73086,8.22765,2,-0.14994,0.22113,0.42035
9,0.67598,8.22765,1,0.11807,0.04734,0.27286
9,0.67598,8.22765,2,-0.14994,0.22113,0.42035
10,0.58786,8.22765,1,0.11807,0.04734,0.27286
10,0.58786,8.22765,2,-0.14994,0.22113,0.42035
11,0.8782,8.22765,1,0.11807,0.04734,0.27286
11,0.8782,8.22765,2,-0.14994,0.22113,0.42035
12,0.35289,8.22765,1,0.11807,0.04734,0.27286
12,0.35289,8.22765,2,-0.14994,0.22113,0.42035
13,0.21697,8.22765,1,0.11807,0.04734,0.27286
13,0.21697,8.22765,2,-0.14994,0.22113,0.42035
14,0.69269,8.22765,1,0.11807,0.04734,0.27286
14,0.69269,8.22765,2,-0.14994,0.22113,0.42035
15,0.44036,8.22765,1,0.11807,0.04734,0.27286
15,0.44036,8.22765,2,-0.14994,0.22113,0.42035
16,0.08192,8.22765,1,0.11807,0.04734,0.27286
16,0.08192,8.22765,2,-0.14994,0.22113,0.42035
17,0.14246,8.22765,1,0.11807,0.04734,0.27286
17,0.14246,8.22765,2,-0.14994,0.22113,0.42035
18,0.51524,8.22765,1,0.11807,0.04734,0.27286
18,0.51524,8.22765,2,-0.14994,0.22113,0.42035
19,0.64839,8.22765,1,0.11807,0.04734,0.27286
19,0.64839,8.22765,2,-0.14994,0.22113,0.42035
20,0.08762,8.22765,1,0.11807,0.04734,0.27286
20,0.08762,8.22765,2,-0.14994,0.22113,0.42035
