particle,elasticity,weight,frame,x,y,z
1,0.50594,4.15093,1,-0.10049,-0.44238,0.93326
2,0.11054,4.15093,1,-0.10049,-0.44238,0.93326
3,0.30314,4.15093,1,-0.10049,-0.44238,0.93326
4,0.3813,4.15093,1,-0.10049,-0.44238,0.93326
5,0.14765,4.15093,1,-0.10049,-0.44238,0.93326
6,0.34965,4.15093,1,-0.10049,-0.44238,0.93326
7,0.81382,4.15093,1,-0.10049,-0.44238,0.93326
8,0.25692,4.15093,1,-0.10049,-0.44238,0.93326
9,0.39419,4.15093,1,-0.10049,-0.44238,0.93326
10,0.43904,4.15093,1,-0.10049,-0.44238,0.93326
11,0.24384,4.15093,1,-0.10049,-0.44238,0.93326
12,0.81871,4.15093,1,-0.10049,-0.44238,0.93326
13,0.69982,4.15093,1,-0.10049,-0.44238,0.93326
14,0.46395,4.15093,1,-0.10049,-0.44238,0.93326
15,0.39894,4.15093,1,-0.10049,-0.44238,0.93326
16,0.92993,4.15093,1,-0.10049,-0.44238,0.93326
17,0.35795,4.15093,1,-0.10049,-0.44238,0.93326
18,0.5035,4.15093,1,-0.10049,-0.44238,0.93326
19,0.2198,4.15093,1,-0.10049,-0.44238,0.93326
20,0.05696,4.15093,1,-0.10049,-0.44238,0.93326
