particle,elasticity,weight,frame,x,y,z
1,0.36113,4.15093,1,-0.31849,-0.4144,0.55416
2,0.20729,4.15093,1,-0.31828,-0.41882,0.55293
3,0.40417,4.15093,1,-0.31858,-0.41298,0.55458
4,0.49907,4.15093,1,-0.31899,-0.41169,0.55507
5,0.29883,4.15093,1,-0.31834,-0.4148,0.55403
6,0.17829,4.15093,1,-0.31705,-0.41593,0.55297
7,0.04943,4.15093,1,-0.31715,-0.42261,0.5512
8,0.07666,4.15093,1,-0.31712,-0.42116,0.55158
9,0.20985,4.15093,1,-0.31828,-0.41871,0.55296
10,0.11537,4.15093,1,-0.31708,-0.41914,0.55211
11,0.89901,4.15093,1,-0.32015,-0.39906,0.55878
12,0.14881,4.15093,1,-0.31706,-0.41742,0.55257
13,0.33594,4.15093,1,-0.31843,-0.41527,0.5539
14,0.8116,4.15093,1,-0.32014,-0.40379,0.55756
15,0.90203,4.15093,1,-0.32016,-0.3989,0.55882
16,0.09569,4.15093,1,-0.3171,-0.42016,0.55184
17,0.53221,4.15093,1,-0.31903,-0.41021,0.55548
18,0.87648,4.15093,1,-0.32015,-0.40028,0.55846
19,0.53078,4.15093,1,-0.31903,-0.41027,0.55547
20,0.24951,4.15093,1,-0.3183,-0.41693,0.55345
