particle,elasticity,weight,frame,x,y,z
1,0.05802,8.21866,1,-0.42145,-0.01343,0.35296
1,0.05802,8.21866,2,-0.42499,0.11174,0.03007
2,0.00298,8.21866,1,-0.42145,-0.01343,0.35296
2,0.00298,8.21866,2,-0.42615,0.11184,0.02943
3,0.00165,8.21866,1,-0.42145,-0.01343,0.35296
3,0.00165,8.21866,2,-0.42618,0.11184,0.02942
4,0.87008,8.21866,1,-0.42145,-0.01343,0.35296
4,0.87008,8.21866,2,-0.40763,0.11065,0.03927
5,0.93603,8.21866,1,-0.42145,-0.01343,0.35296
5,0.93603,8.21866,2,-0.40621,0.1106,0.04
6,0.32815,8.21866,1,-0.42145,-0.01343,0.35296
6,0.32815,8.21866,2,-0.41926,0.11129,0.0332
7,0.6244,8.21866,1,-0.42145,-0.01343,0.35296
7,0.6244,8.21866,2,-0.41292,0.1109,0.03657
8,0.53757,8.21866,1,-0.42145,-0.01343,0.35296
8,0.53757,8.21866,2,-0.41478,0.111,0.03561
9,0.63666,8.21866,1,-0.42145,-0.01343,0.35296
9,0.63666,8.21866,2,-0.41266,0.11088,0.0367
10,0.72838,8.21866,1,-0.42145,-0.01343,0.35296
10,0.72838,8.21866,2,-0.41069,0.11079,0.03771
11,0.44375,8.21866,1,-0.42145,-0.01343,0.35296
11,0.44375,8.21866,2,-0.41679,0.11112,0.03455
12,0.40907,8.21866,1,-0.42145,-0.01343,0.35296
12,0.40907,8.21866,2,-0.41753,0.11117,0.03415
13,0.99358,8.21866,1,-0.42145,-0.01343,0.35296
13,0.99358,8.21866,2,-0.40496,0.11056,0.04063
14,0.24068,8.21866,1,-0.42145,-0.01343,0.35296
14,0.24068,8.21866,2,-0.42113,0.11143,0.03218
15,0.43183,8.21866,1,-0.42145,-0.01343,0.35296
15,0.43183,8.21866,2,-0.41705,0.11114,0.03441
16,0.68172,8.21866,1,-0.42145,-0.01343,0.35296
16,0.68172,8.21866,2,-0.41169,0.11083,0.0372
17,0.689,8.21866,1,-0.42145,-0.01343,0.35296
17,0.689,8.21866,2,-0.41154,0.11083,0.03728
18,0.51549,8.21866,1,-0.42145,-0.01343,0.35296
18,0.51549,8.21866,2,-0.41525,0.11102,0.03537
19,0.59368,8.21866,1,-0.42145,-0.01343,0.35296
19,0.59368,8.21866,2,-0.41358,0.11093,0.03623
20,0.70796,8.21866,1,-0.42145,-0.01343,0.35296
20,0.70796,8.21866,2,-0.41113,0.11081,0.03749
