particle,elasticity,weight,frame,x,y,z
1,0.67031,7.92971,1,0.41114,0.08515,0.88215
1,0.67031,7.92971,2,0.39896,-0.08762,0.79503
2,0.03268,8.13674,1,0.42891,0.07382,0.936
2,0.03268,8.13674,2,0.40863,-0.10549,0.90958
3,0.80833,7.84063,1,0.4063,0.08754,0.87109
3,0.80833,7.84063,2,0.38946,-0.08258,0.77184
4,0.49072,8.02379,1,0.4175,0.08188,0.89682
4,0.49072,8.02379,2,0.41145,-0.09451,0.82581
5,0.29768,8.09556,1,0.42441,0.07813,0.91294
5,0.29768,8.09556,2,0.40072,-0.09689,0.86222
6,0.70588,7.90811,1,0.40989,0.08578,0.87928
6,0.70588,7.90811,2,0.39651,-0.0863,0.78901
7,0.90529,7.76979,1,0.40291,0.08915,0.86344
7,0.90529,7.76979,2,0.38281,-0.07918,0.75579
8,0.79013,7.85318,1,0.40693,0.08723,0.87254
8,0.79013,7.85318,2,0.39071,-0.08323,0.77487
9,0.25645,8.10674,1,0.4259,0.0773,0.91643
9,0.25645,8.10674,2,0.40164,-0.09807,0.86953
10,0.95228,7.7331,1,0.40127,0.08992,0.85977
10,0.95228,7.7331,2,0.3796,-0.07757,0.74809
11,0.46279,8.0361,1,0.41849,0.08135,0.89913
11,0.46279,8.0361,2,0.4134,-0.09562,0.83066
12,0.58007,7.98016,1,0.41433,0.08353,0.88948
12,0.58007,7.98016,2,0.40522,-0.09103,0.81041
13,0.38041,8.06866,1,0.42143,0.07976,0.90599
13,0.38041,8.06866,2,0.41026,-0.09697,0.84607
14,0.90455,7.77035,1,0.40293,0.08914,0.8635
14,0.90455,7.77035,2,0.38286,-0.0792,0.75591
15,0.78772,7.85483,1,0.40702,0.08719,0.87273
15,0.78772,7.85483,2,0.39087,-0.08332,0.77527
16,0.31419,8.09066,1,0.42382,0.07846,0.91155
16,0.31419,8.09066,2,0.40038,-0.09642,0.85929
17,0.91606,7.76151,1,0.40253,0.08933,0.8626
17,0.91606,7.76151,2,0.38208,-0.07881,0.75402
18,0.00625,8.13809,1,0.42982,0.07327,0.93827
18,0.00625,8.13809,2,0.41004,-0.10653,0.91427
19,0.39867,8.06193,1,0.42078,0.08012,0.90446
19,0.39867,8.06193,2,0.41555,-0.09771,0.84216
20,0.1463,8.12567,1,0.42658,0.07582,0.92603
20,0.1463,8.12567,2,0.4027,-0.1009,0.88882
