particle,elasticity,weight,frame,x,y,z
1,0.16561,8.27203,1,0.25364,-0.03164,0.26614
1,0.16561,8.27203,2,0.38041,0.11506,0.14998
2,0.60731,8.27203,1,0.25364,-0.03164,0.26614
2,0.60731,8.27203,2,0.38041,0.11506,0.14998
3,0.67097,8.27203,1,0.25364,-0.03164,0.26614
3,0.67097,8.27203,2,0.38041,0.11506,0.14998
4,0.6101,8.27203,1,0.25364,-0.03164,0.26614
4,0.6101,8.27203,2,0.38041,0.11506,0.14998
5,0.16624,8.27203,1,0.25364,-0.03164,0.26614
5,0.16624,8.27203,2,0.38041,0.11506,0.14998
6,0.6192,8.27203,1,0.25364,-0.03164,0.26614
6,0.6192,8.27203,2,0.38041,0.11506,0.14998
7,0.88569,8.27203,1,0.25364,-0.03164,0.26614
7,0.88569,8.27203,2,0.38041,0.11506,0.14998
8,0.74233,8.27203,1,0.25364,-0.03164,0.26614
8,0.74233,8.27203,2,0.38041,0.11506,0.14998
9,0.39316,8.27203,1,0.25364,-0.03164,0.26614
9,0.39316,8.27203,2,0.38041,0.11506,0.14998
10,0.82692,8.27203,1,0.25364,-0.03164,0.26614
10,0.82692,8.27203,2,0.38041,0.11506,0.14998
11,0.29196,8.27203,1,0.25364,-0.03164,0.26614
11,0.29196,8.27203,2,0.38041,0.11506,0.14998
12,0.78967,8.27203,1,0.25364,-0.03164,0.26614
12,0.78967,8.27203,2,0.38041,0.11506,0.14998
13,0.39195,8.27203,1,0.25364,-0.03164,0.26614
13,0.39195,8.27203,2,0.38041,0.11506,0.14998
14,0.8305,8.27203,1,0.25364,-0.03164,0.26614
14,0.8305,8.27203,2,0.38041,0.11506,0.14998
15,0.50557,8.27203,1,0.25364,-0.03164,0.26614
15,0.50557,8.27203,2,0.38041,0.11506,0.14998
16,0.65844,8.27203,1,0.25364,-0.03164,0.26614
16,0.65844,8.27203,2,0.38041,0.11506,0.14998
17,0.18554,8.27203,1,0.25364,-0.03164,0.26614
17,0.18554,8.27203,2,0.38041,0.11506,0.14998
18,0.25125,8.27203,1,0.25364,-0.03164,0.26614
18,0.25125,8.27203,2,0.38041,0.11506,0.14998
19,0.53209,8.27203,1,0.25364,-0.03164,0.26614
19,0.53209,8.27203,2,0.38041,0.11506,0.14998
20,0.135,8.27203,1,0.25364,-0.03164,0.26614
20,0.135,8.27203,2,0.38041,0.11506,0.14998
