particle,elasticity,weight,frame,x,y,z
1,0.65047,4.15093,1,-0.2522,-0.07687,0.12932
2,0.42485,4.15093,1,-0.2522,-0.07687,0.12932
3,0.55878,4.15093,1,-0.2522,-0.07687,0.12932
4,0.04311,4.15093,1,-0.2522,-0.07687,0.12932
5,0.87799,4.15093,1,-0.2522,-0.07687,0.12932
6,0.17016,4.15093,1,-0.2522,-0.07687,0.12932
7,0.41004,4.15093,1,-0.2522,-0.07687,0.12932
8,0.63293,4.15093,1,-0.2522,-0.07687,0.12932
9,0.74123,4.15093,1,-0.2522,-0.07687,0.12932
10,0.10674,4.15093,1,-0.2522,-0.07687,0.12932
11,0.44418,4.15093,1,-0.2522,-0.07687,0.12932
12,0.8243,4.15093,1,-0.2522,-0.07687,0.12932
13,0.12628,4.15093,1,-0.2522,-0.07687,0.12932
14,0.43034,4.15093,1,-0.2522,-0.07687,0.12932
15,0.5692,4.15093,1,-0.2522,-0.07687,0.12932
16,0.34255,4.15093,1,-0.2522,-0.07687,0.12932
17,0.00447,4.15093,1,-0.2522,-0.07687,0.12932
18,0.03018,4.15093,1,-0.2522,-0.07687,0.12932
19,0.90544,4.15093,1,-0.2522,-0.07687,0.12932
20,0.96779,4.15093,1,-0.2522,-0.07687,0.12932
