particle,elasticity,weight,frame,x,y,z
1,0.1113,4.15093,1,0.25364,-0.03164,0.26614
2,0.43778,4.15093,1,0.25364,-0.03164,0.26614
3,0.63669,4.15093,1,0.25364,-0.03164,0.26614
4,0.44775,4.15093,1,0.25364,-0.03164,0.26614
5,0.1572,4.15093,1,0.25364,-0.03164,0.26614
6,0.70786,4.15093,1,0.25364,-0.03164,0.26614
7,0.88569,4.15093,1,0.25364,-0.03164,0.26614
8,0.77998,4.15093,1,0.25364,-0.03164,0.26614
9,0.33338,4.15093,1,0.25364,-0.03164,0.26614
10,0.86352,4.15093,1,0.25364,-0.03164,0.26614
11,0.39457,4.15093,1,0.25364,-0.03164,0.26614
12,0.67845,4.15093,1,0.25364,-0.03164,0.26614
13,0.42173,4.15093,1,0.25364,-0.03164,0.26614
14,0.86167,4.15093,1,0.25364,-0.03164,0.26614
15,0.62591,4.15093,1,0.25364,-0.03164,0.26614
16,0.75199,4.15093,1,0.25364,-0.03164,0.26614
17,0.08319,4.15093,1,0.25364,-0.03164,0.26614
18,0.36645,4.15093,1,0.25364,-0.03164,0.26614
19,0.44658,4.15093,1,0.25364,-0.03164,0.26614
20,0.16439,4.15093,1,0.25364,-0.03164,0.26614
