particle,elasticity,weight,frame,x,y,z
1,0.01778,8.20348,1,0.02852,-0.18642,0.54069
1,0.01778,8.20348,2,-0.17981,0.02224,0.82438
2,0.44541,8.20348,1,0.02852,-0.18642,0.54069
2,0.44541,8.20348,2,-0.17981,0.02224,0.82438
3,0.96585,8.20348,1,0.02852,-0.18642,0.54069
3,0.96585,8.20348,2,-0.17981,0.02224,0.82438
4,0.95377,8.20348,1,0.02852,-0.18642,0.54069
4,0.95377,8.20348,2,-0.17981,0.02224,0.82438
5,0.12773,8.20348,1,0.02852,-0.18642,0.54069
5,0.12773,8.20348,2,-0.17981,0.02224,0.82438
6,0.1752,8.20348,1,0.02852,-0.18642,0.54069
6,0.1752,8.20348,2,-0.17981,0.02224,0.82438
7,0.33929,8.20348,1,0.02852,-0.18642,0.54069
7,0.33929,8.20348,2,-0.17981,0.02224,0.82438
8,0.13383,8.20348,1,0.02852,-0.18642,0.54069
8,0.13383,8.20348,2,-0.17981,0.02224,0.82438
9,0.33664,8.20348,1,0.02852,-0.18642,0.54069
9,0.33664,8.20348,2,-0.17981,0.02224,0.82438
10,0.91208,8.20348,1,0.02852,-0.18642,0.54069
10,0.91208,8.20348,2,-0.17981,0.02224,0.82438
11,0.25253,8.20348,1,0.02852,-0.18642,0.54069
11,0.25253,8.20348,2,-0.17981,0.02224,0.82438
12,0.49713,8.20348,1,0.02852,-0.18642,0.54069
12,0.49713,8.20348,2,-0.17981,0.02224,0.82438
13,0.28538,8.20348,1,0.02852,-0.18642,0.54069
13,0.28538,8.20348,2,-0.17981,0.02224,0.82438
14,0.35674,8.20348,1,0.02852,-0.18642,0.54069
14,0.35674,8.20348,2,-0.17981,0.02224,0.82438
15,0.9762,8.20348,1,0.02852,-0.18642,0.54069
15,0.9762,8.20348,2,-0.17981,0.02224,0.82438
16,0.54737,8.20348,1,0.02852,-0.18642,0.54069
16,0.54737,8.20348,2,-0.17981,0.02224,0.82438
17,0.81507,8.20348,1,0.02852,-0.18642,0.54069
17,0.81507,8.20348,2,-0.17981,0.02224,0.82438
18,0.22249,8.20348,1,0.02852,-0.18642,0.54069
18,0.22249,8.20348,2,-0.17981,0.02224,0.82438
19,0.90374,8.20348,1,0.02852,-0.18642,0.54069
19,0.90374,8.20348,2,-0.17981,0.02224,0.82438
20,0.61406,8.20348,1,0.02852,-0.18642,0.54069
20,0.61406,8.20348,2,-0.17981,0.02224,0.82438
