particle,elasticity,weight,frame,x,y,z
1,0.10342,4.15093,1,0.43805,0.13732,0.55694
2,0.20586,4.15093,1,0.43082,0.1359,0.55543
3,0.19785,4.15093,1,0.43138,0.13601,0.55555
4,0.80488,4.15093,1,0.38844,0.12783,0.54696
5,0.44321,4.15093,1,0.41774,0.13263,0.55294
6,0.98854,4.15093,1,0.37236,0.12527,0.5437
7,0.4439,4.15093,1,0.41769,0.13262,0.55293
8,0.6209,4.15093,1,0.40452,0.13033,0.55027
9,0.4026,4.15093,1,0.4198,0.13315,0.55331
10,0.03189,4.15093,1,0.44322,0.1383,0.55804
11,0.17653,4.15093,1,0.43287,0.13631,0.55585
12,0.61841,4.15093,1,0.40473,0.13037,0.55032
13,0.12655,4.15093,1,0.4364,0.137,0.55659
14,0.81837,4.15093,1,0.38726,0.12765,0.54672
15,0.39159,4.15093,1,0.42053,0.1333,0.55346
16,0.77484,4.15093,1,0.39107,0.12824,0.5475
17,0.3092,4.15093,1,0.42306,0.13472,0.55383
18,0.35765,4.15093,1,0.41992,0.13402,0.5532
19,0.29147,4.15093,1,0.42494,0.13471,0.55423
20,0.91196,4.15093,1,0.37907,0.12635,0.54506
