particle,elasticity,weight,frame,x,y,z
1,0.18155,4.15093,1,0.15988,0.30621,0.79377
2,0.64893,4.15093,1,0.15988,0.30621,0.79377
3,0.5143,4.15093,1,0.15988,0.30621,0.79377
4,0.00653,4.15093,1,0.15988,0.30621,0.79377
5,0.71144,4.15093,1,0.15988,0.30621,0.79377
6,0.80178,4.15093,1,0.15988,0.30621,0.79377
7,0.56639,4.15093,1,0.15988,0.30621,0.79377
8,0.2217,4.15093,1,0.15988,0.30621,0.79377
9,0.61407,4.15093,1,0.15988,0.30621,0.79377
10,0.78279,4.15093,1,0.15988,0.30621,0.79377
11,0.74126,4.15093,1,0.15988,0.30621,0.79377
12,0.23895,4.15093,1,0.15988,0.30621,0.79377
13,0.91169,4.15093,1,0.15988,0.30621,0.79377
14,0.80165,4.15093,1,0.15988,0.30621,0.79377
15,0.92124,4.15093,1,0.15988,0.30621,0.79377
16,0.80276,4.15093,1,0.15988,0.30621,0.79377
17,0.26018,4.15093,1,0.15988,0.30621,0.79377
18,0.2279,4.15093,1,0.15988,0.30621,0.79377
19,0.95297,4.15093,1,0.15988,0.30621,0.79377
20,0.08401,4.15093,1,0.15988,0.30621,0.79377
