particle,elasticity,weight,frame,x,y,z
1,0.68181,4.15093,1,0.43482,0.38673,0.33799
2,0.68148,4.15093,1,0.43481,0.38675,0.338
3,0.14931,4.15093,1,0.42151,0.41591,0.3411
4,0.44378,4.15093,1,0.4274,0.40057,0.34507
5,0.51052,4.15093,1,0.42906,0.39638,0.34321
6,0.67242,4.15093,1,0.43445,0.38722,0.33829
7,0.66925,4.15093,1,0.43433,0.38739,0.33839
8,0.18649,4.15093,1,0.41936,0.41339,0.34111
9,0.23406,4.15093,1,0.41693,0.41011,0.34131
10,0.2356,4.15093,1,0.41686,0.41,0.34132
11,0.04699,4.15093,1,0.4282,0.4226,0.34151
12,0.17631,4.15093,1,0.41993,0.41409,0.3411
13,0.60466,4.15093,1,0.43196,0.39088,0.34041
14,0.76318,4.15093,1,0.43866,0.38446,0.33484
15,0.13344,4.15093,1,0.42249,0.41696,0.34113
16,0.8378,4.15093,1,0.43996,0.3787,0.33298
17,0.54011,4.15093,1,0.4299,0.3946,0.34235
18,0.28063,4.15093,1,0.42221,0.4017,0.34433
19,0.01307,4.15093,1,0.45092,0.42119,0.33407
20,0.35859,4.15093,1,0.4235,0.39734,0.34335
