particle,elasticity,weight,frame,x,y,z
1,0.60474,8.1485,1,-0.38757,-0.33895,0.06275
1,0.60474,8.1485,2,-0.35579,-0.36674,0.11325
2,0.88859,7.94364,1,-0.36345,-0.33707,0.08603
2,0.88859,7.94364,2,-0.30704,-0.36446,0.1689
3,0.09939,8.24955,1,-0.4297,-0.34093,0.0261
3,0.09939,8.24955,2,-0.43405,-0.3645,0.04091
4,0.66006,8.11801,1,-0.38279,-0.33884,0.06629
4,0.66006,8.11801,2,-0.34587,-0.36761,0.11871
5,0.45633,8.21103,1,-0.40012,-0.33964,0.05136
5,0.45633,8.21103,2,-0.38094,-0.36645,0.08902
6,0.14372,8.25238,1,-0.42609,-0.34082,0.02896
6,0.14372,8.25238,2,-0.42932,-0.36519,0.04466
7,0.58516,8.15844,1,-0.38923,-0.33904,0.06126
7,0.58516,8.15844,2,-0.35916,-0.3667,0.11011
8,0.77998,8.03598,1,-0.37264,-0.33792,0.07667
8,0.77998,8.03598,2,-0.32546,-0.36601,0.14494
9,0.2562,8.24825,1,-0.41668,-0.34063,0.03564
9,0.2562,8.24825,2,-0.4129,-0.36653,0.05494
10,0.00102,8.23247,1,-0.43408,-0.34265,0.01995
10,0.00102,8.23247,2,-0.4385,-0.36681,0.03593
11,0.09109,8.24878,1,-0.43037,-0.34095,0.02556
11,0.09109,8.24878,2,-0.43512,-0.36442,0.04051
12,0.4738,8.20521,1,-0.39865,-0.33956,0.05271
12,0.4738,8.20521,2,-0.37803,-0.36648,0.09192
13,0.82669,7.99835,1,-0.36869,-0.33756,0.08071
13,0.82669,7.99835,2,-0.31754,-0.36534,0.15527
14,0.75776,8.05277,1,-0.37452,-0.3381,0.07475
14,0.75776,8.05277,2,-0.32923,-0.36633,0.14001
15,0.96078,7.87294,1,-0.35735,-0.3365,0.0922
15,0.96078,7.87294,2,-0.29482,-0.36342,0.18469
16,0.25681,8.24822,1,-0.41663,-0.34063,0.03569
16,0.25681,8.24822,2,-0.41281,-0.36653,0.05505
17,0.33356,8.24031,1,-0.41034,-0.34023,0.04176
17,0.33356,8.24031,2,-0.40087,-0.36637,0.06826
18,0.01905,8.23576,1,-0.43311,-0.34243,0.02107
18,0.01905,8.23576,2,-0.43727,-0.36672,0.03638
19,0.94902,7.88496,1,-0.35835,-0.3366,0.0912
19,0.94902,7.88496,2,-0.29681,-0.36359,0.18212
20,0.71068,8.08596,1,-0.3785,-0.33846,0.07066
20,0.71068,8.08596,2,-0.33722,-0.367,0.12953
