particle,elasticity,weight,frame,x,y,z
1,0.14831,4.15093,1,0.07529,-0.37321,0.83399
2,0.66079,4.15093,1,0.07529,-0.37321,0.83399
3,0.55438,4.15093,1,0.07529,-0.37321,0.83399
4,0.57302,4.15093,1,0.07529,-0.37321,0.83399
5,0.01456,4.15093,1,0.07529,-0.37321,0.83399
6,0.36444,4.15093,1,0.07529,-0.37321,0.83399
7,0.38178,4.15093,1,0.07529,-0.37321,0.83399
8,0.96811,4.15093,1,0.07529,-0.37321,0.83399
9,0.54057,4.15093,1,0.07529,-0.37321,0.83399
10,0.43527,4.15093,1,0.07529,-0.37321,0.83399
11,0.14278,4.15093,1,0.07529,-0.37321,0.83399
12,0.50211,4.15093,1,0.07529,-0.37321,0.83399
13,0.34287,4.15093,1,0.07529,-0.37321,0.83399
14,0.43534,4.15093,1,0.07529,-0.37321,0.83399
15,0.59336,4.15093,1,0.07529,-0.37321,0.83399
16,0.70956,4.15093,1,0.07529,-0.37321,0.83399
17,0.2047,4.15093,1,0.07529,-0.37321,0.83399
18,0.79409,4.15093,1,0.07529,-0.37321,0.83399
19,0.67861,4.15093,1,0.07529,-0.37321,0.83399
20,0.99072,4.15093,1,0.07529,-0.37321,0.83399
