particle,elasticity,weight,frame,x,y,z
1,0.13493,4.15093,1,0.42822,-0.04017,0.79232
2,0.93841,4.15093,1,0.36115,-0.0569,0.79385
3,0.74744,4.15093,1,0.37709,-0.05292,0.79348
4,0.82236,4.15093,1,0.37083,-0.05448,0.79362
5,0.0919,4.15093,1,0.43182,-0.03928,0.79224
6,0.13429,4.15093,1,0.42828,-0.04016,0.79232
7,0.01789,4.15093,1,0.438,-0.03774,0.7921
8,0.79523,4.15093,1,0.3731,-0.05392,0.79357
9,0.44762,4.15093,1,0.40211,-0.04668,0.79291
10,0.11719,4.15093,1,0.4297,-0.0398,0.79228
11,0.33041,4.15093,1,0.4119,-0.04424,0.79269
12,0.22141,4.15093,1,0.421,-0.04197,0.79248
13,0.49708,4.15093,1,0.39798,-0.04771,0.793
14,0.57495,4.15093,1,0.39148,-0.04933,0.79315
15,0.57298,4.15093,1,0.39165,-0.04929,0.79315
16,0.5507,4.15093,1,0.39351,-0.04882,0.79311
17,0.44091,4.15093,1,0.40267,-0.04654,0.7929
18,0.68528,4.15093,1,0.38227,-0.05163,0.79336
19,0.54347,4.15093,1,0.39411,-0.04867,0.79309
20,0.15259,4.15093,1,0.42675,-0.04054,0.79235
