particle,elasticity,weight,frame,x,y,z
1,0.2669,4.15093,1,0.42041,0.41334,0.45765
2,0.42528,4.15093,1,0.4223,0.40045,0.46036
3,0.10633,4.15093,1,0.41855,0.42638,0.45487
4,0.46114,4.15093,1,0.42273,0.39753,0.46097
5,0.5228,4.15093,1,0.42349,0.3925,0.46202
6,0.66088,4.15093,1,0.42521,0.38122,0.46435
7,0.08129,4.15093,1,0.41827,0.42841,0.45443
8,0.5943,4.15093,1,0.42438,0.38666,0.46323
9,0.55894,4.15093,1,0.42394,0.38955,0.46263
10,0.69122,4.15093,1,0.4256,0.37874,0.46486
11,0.07304,4.15093,1,0.41817,0.42908,0.45429
12,0.03269,4.15093,1,0.41774,0.43003,0.45416
13,0.59942,4.15093,1,0.42444,0.38624,0.46332
14,0.5679,4.15093,1,0.42405,0.38882,0.46278
15,0.26561,4.15093,1,0.42039,0.41345,0.45762
16,0.80111,4.15093,1,0.427,0.36975,0.4667
17,0.5196,4.15093,1,0.42345,0.39276,0.46197
18,0.87193,4.15093,1,0.42122,0.36492,0.4683
19,0.38809,4.15093,1,0.42185,0.40348,0.45973
20,0.44623,4.15093,1,0.42255,0.39874,0.46072
