particle,elasticity,weight,frame,x,y,z
1,0.50045,4.15093,1,0.17961,-0.15561,0.13191
2,0.6805,4.15093,1,0.17961,-0.15561,0.13191
3,0.578,4.15093,1,0.17961,-0.15561,0.13191
4,0.9898,4.15093,1,0.17961,-0.15561,0.13191
5,0.45641,4.15093,1,0.17961,-0.15561,0.13191
6,0.93221,4.15093,1,0.17961,-0.15561,0.13191
7,0.05844,4.15093,1,0.17961,-0.15561,0.13191
8,0.96781,4.15093,1,0.17961,-0.15561,0.13191
9,0.19503,4.15093,1,0.17961,-0.15561,0.13191
10,0.30704,4.15093,1,0.17961,-0.15561,0.13191
11,0.04896,4.15093,1,0.17961,-0.15561,0.13191
12,0.46982,4.15093,1,0.17961,-0.15561,0.13191
13,0.27922,4.15093,1,0.17961,-0.15561,0.13191
14,0.97047,4.15093,1,0.17961,-0.15561,0.13191
15,0.60203,4.15093,1,0.17961,-0.15561,0.13191
16,0.99814,4.15093,1,0.17961,-0.15561,0.13191
17,0.96362,4.15093,1,0.17961,-0.15561,0.13191
18,0.48147,4.15093,1,0.17961,-0.15561,0.13191
19,0.56638,4.15093,1,0.17961,-0.15561,0.13191
20,0.43985,4.15093,1,0.17961,-0.15561,0.13191
