particle,elasticity,weight,frame,x,y,z
1,0.60853,10.9826,1,0.37987,0.38789,0.12731
2,0.5226,10.62922,1,0.36402,0.38816,0.1122
3,0.60853,10.9826,1,0.37987,0.38789,0.12731
4,0.80871,10.79848,1,0.37182,0.38185,0.16166
5,0.74065,10.04634,1,0.38771,0.36095,0.13504
6,0.74065,10.04634,1,0.38771,0.36095,0.13504
7,0.5226,10.62922,1,0.36402,0.38816,0.1122
8,0.60853,10.9826,1,0.37987,0.38789,0.12731
9,0.80871,10.79848,1,0.37182,0.38185,0.16166
10,0.60853,10.9826,1,0.37987,0.38789,0.12731
11,0.18041,7.41973,1,0.37277,0.38964,0.10919
12,0.33001,7.7833,1,0.3804,0.37377,0.1275
13,0.33001,7.7833,1,0.3804,0.37377,0.1275
14,0.66622,8.11494,1,0.36178,0.38276,0.12889
15,0.42828,9.01662,1,0.38229,0.3765,0.11479
16,0.74065,10.04634,1,0.38771,0.36095,0.13504
17,0.60853,10.9826,1,0.37987,0.38789,0.12731
18,0.80871,10.79848,1,0.37182,0.38185,0.16166
19,0.74065,10.04634,1,0.38771,0.36095,0.13504
20,0.80871,10.79848,1,0.37182,0.38185,0.16166
