particle,elasticity,weight,frame,x,y,z
1,0.36728,8.57453,1,0.33429,0.03353,0.69139
2,0.92658,10.58453,1,0.22971,0.05568,0.64363
3,0.16345,6.39527,1,0.3756,0.16118,0.57321
4,0.24147,8.60526,1,0.3605,0.08157,0.66455
5,0.13669,11.18312,1,0.36766,0.0393,0.6083
6,0.36728,8.57453,1,0.33429,0.03353,0.69139
7,0.13669,11.18312,1,0.36766,0.0393,0.6083
8,0.09583,5.83628,1,0.38959,0.03991,0.73184
9,0.13669,11.18312,1,0.36766,0.0393,0.6083
10,0.37232,7.05768,1,0.32793,-0.06752,0.65927
11,0.13669,11.18312,1,0.36766,0.0393,0.6083
12,0.13669,11.18312,1,0.36766,0.0393,0.6083
13,0.92658,10.58453,1,0.22971,0.05568,0.64363
14,0.36728,8.57453,1,0.33429,0.03353,0.69139
15,0.26856,8.82267,1,0.36569,0.04068,0.58467
16,0.63893,8.62564,1,0.31425,-0.02388,0.55634
17,0.13669,11.18312,1,0.36766,0.0393,0.6083
18,0.13669,11.18312,1,0.36766,0.0393,0.6083
19,0.26856,8.82267,1,0.36569,0.04068,0.58467
20,0.13669,11.18312,1,0.36766,0.0393,0.6083
