particle,elasticity,weight,frame,x,y,z
1,0.26583,17.23802,1,-0.40132,0.38794,0.86989
1,0.26583,17.23802,2,-0.7003,0.36846,0.84895
2,0.06212,18.50092,1,-0.39474,0.37003,0.87805
2,0.06212,18.50092,2,-0.35941,0.41257,0.85884
3,0.26583,17.23802,1,-0.40132,0.38794,0.86989
3,0.26583,17.23802,2,-0.7003,0.36846,0.84895
4,0.1817,17.2358,1,-0.39074,0.36082,0.87371
4,0.1817,17.2358,2,-0.37963,0.38118,1.08263
5,0.26583,17.23802,1,-0.40132,0.38794,0.86989
5,0.26583,17.23802,2,-0.7003,0.36846,0.84895
6,0.26583,17.23802,1,-0.40132,0.38794,0.86989
6,0.26583,17.23802,2,-0.7003,0.36846,0.84895
7,0.74282,17.06781,1,-0.34865,0.33587,0.88453
7,0.74282,17.06781,2,-0.3463,0.26179,1.09859
8,0.26583,17.23802,1,-0.40132,0.38794,0.86989
8,0.26583,17.23802,2,-0.7003,0.36846,0.84895
9,0.69377,18.12461,1,-0.35035,0.33872,0.88552
9,0.69377,18.12461,2,-0.30585,0.25731,0.78295
10,0.26583,17.23802,1,-0.40132,0.38794,0.86989
10,0.26583,17.23802,2,-0.7003,0.36846,0.84895
11,0.26583,17.23802,1,-0.40132,0.38794,0.86989
11,0.26583,17.23802,2,-0.7003,0.36846,0.84895
12,0.26583,17.23802,1,-0.40132,0.38794,0.86989
12,0.26583,17.23802,2,-0.7003,0.36846,0.84895
13,0.1817,17.2358,1,-0.39074,0.36082,0.87371
13,0.1817,17.2358,2,-0.37963,0.38118,1.08263
14,0.26583,17.23802,1,-0.40132,0.38794,0.86989
14,0.26583,17.23802,2,-0.7003,0.36846,0.84895
15,0.06212,18.50092,1,-0.39474,0.37003,0.87805
15,0.06212,18.50092,2,-0.35941,0.41257,0.85884
16,0.06212,18.50092,1,-0.39474,0.37003,0.87805
16,0.06212,18.50092,2,-0.35941,0.41257,0.85884
17,0.26583,17.23802,1,-0.40132,0.38794,0.86989
17,0.26583,17.23802,2,-0.7003,0.36846,0.84895
18,0.1817,17.2358,1,-0.39074,0.36082,0.87371
18,0.1817,17.2358,2,-0.37963,0.38118,1.08263
19,0.06212,18.50092,1,-0.39474,0.37003,0.87805
19,0.06212,18.50092,2,-0.35941,0.41257,0.85884
20,0.26583,17.23802,1,-0.40132,0.38794,0.86989
20,0.26583,17.23802,2,-0.7003,0.36846,0.84895
