particle,elasticity,weight,frame,x,y,z
1,0.923,18.39396,1,-0.27578,0.09919,0.21421
1,0.923,18.39396,2,-0.24454,-0.03568,0.28979
2,0.89252,19.11892,1,-0.23182,0.16158,0.2089
2,0.89252,19.11892,2,-0.2459,0.00435,0.25212
3,0.72143,12.1686,1,-0.27578,0.09914,0.18591
3,0.72143,12.1686,2,-0.13013,-0.18398,0.24279
4,0.89252,19.11892,1,-0.23182,0.16158,0.2089
4,0.89252,19.11892,2,-0.2459,0.00435,0.25212
5,0.89252,19.11892,1,-0.23182,0.16158,0.2089
5,0.89252,19.11892,2,-0.2459,0.00435,0.25212
6,0.89252,19.11892,1,-0.23182,0.16158,0.2089
6,0.89252,19.11892,2,-0.2459,0.00435,0.25212
7,0.9305,19.61719,1,-0.23182,0.16159,0.21423
7,0.9305,19.61719,2,-0.21238,-0.05067,0.29154
8,0.89252,19.11892,1,-0.23182,0.16158,0.2089
8,0.89252,19.11892,2,-0.2459,0.00435,0.25212
9,0.89252,19.11892,1,-0.23182,0.16158,0.2089
9,0.89252,19.11892,2,-0.2459,0.00435,0.25212
10,0.79275,16.41695,1,-0.27578,0.09915,0.19593
10,0.79275,16.41695,2,-0.27487,-0.14039,0.18397
11,0.89252,19.11892,1,-0.23182,0.16158,0.2089
11,0.89252,19.11892,2,-0.2459,0.00435,0.25212
12,0.9305,19.61719,1,-0.23182,0.16159,0.21423
12,0.9305,19.61719,2,-0.21238,-0.05067,0.29154
13,0.89252,19.11892,1,-0.23182,0.16158,0.2089
13,0.89252,19.11892,2,-0.2459,0.00435,0.25212
14,0.9305,19.61719,1,-0.23182,0.16159,0.21423
14,0.9305,19.61719,2,-0.21238,-0.05067,0.29154
15,0.923,18.39396,1,-0.27578,0.09919,0.21421
15,0.923,18.39396,2,-0.24454,-0.03568,0.28979
16,0.923,18.39396,1,-0.27578,0.09919,0.21421
16,0.923,18.39396,2,-0.24454,-0.03568,0.28979
17,0.9305,19.61719,1,-0.23182,0.16159,0.21423
17,0.9305,19.61719,2,-0.21238,-0.05067,0.29154
18,0.89252,19.11892,1,-0.23182,0.16158,0.2089
18,0.89252,19.11892,2,-0.2459,0.00435,0.25212
19,0.9305,19.61719,1,-0.23182,0.16159,0.21423
19,0.9305,19.61719,2,-0.21238,-0.05067,0.29154
20,0.923,18.39396,1,-0.27578,0.09919,0.21421
20,0.923,18.39396,2,-0.24454,-0.03568,0.28979
