particle,elasticity,weight,frame,x,y,z
1,0.69865,10.13767,1,0.27184,0.37318,0.60724
2,0.69865,10.13767,1,0.27184,0.37318,0.60724
3,0.07878,4.40965,1,0.12094,0.46167,1.09812
4,0.77508,9.23628,1,0.18835,0.36205,0.64364
5,0.77508,9.23628,1,0.18835,0.36205,0.64364
6,0.26405,0.73956,1,0.03664,0.38494,0.54691
7,0.23268,7.39052,1,0.13985,0.4251,1.11809
8,0.77508,9.23628,1,0.18835,0.36205,0.64364
9,0.77508,9.23628,1,0.18835,0.36205,0.64364
10,0.69865,10.13767,1,0.27184,0.37318,0.60724
11,0.77508,9.23628,1,0.18835,0.36205,0.64364
12,0.77508,9.23628,1,0.18835,0.36205,0.64364
13,0.69865,10.13767,1,0.27184,0.37318,0.60724
14,0.77508,9.23628,1,0.18835,0.36205,0.64364
15,0.69865,10.13767,1,0.27184,0.37318,0.60724
16,0.69865,10.13767,1,0.27184,0.37318,0.60724
17,0.77508,9.23628,1,0.18835,0.36205,0.64364
18,0.77508,9.23628,1,0.18835,0.36205,0.64364
19,0.69865,10.13767,1,0.27184,0.37318,0.60724
20,0.69865,10.13767,1,0.27184,0.37318,0.60724
