particle,elasticity,weight,frame,x,y,z
1,0.20507,21.60146,1,0.27276,0.03646,0.49457
1,0.20507,21.60146,2,0.10132,0.01865,0.70568
2,0.01828,19.26012,1,0.22742,-0.02148,0.48061
2,0.01828,19.26012,2,0.06926,0.06099,0.63231
3,0.20507,21.60146,1,0.27276,0.03646,0.49457
3,0.20507,21.60146,2,0.10132,0.01865,0.70568
4,0.09382,19.29403,1,0.27276,0.03646,0.49457
4,0.09382,19.29403,2,0.13582,-0.04895,0.61368
5,0.84575,18.19827,1,0.21258,-0.04679,0.47031
5,0.84575,18.19827,2,0.08748,0.05084,0.65344
6,0.20507,21.60146,1,0.27276,0.03646,0.49457
6,0.20507,21.60146,2,0.10132,0.01865,0.70568
7,0.84575,18.19827,1,0.21258,-0.04679,0.47031
7,0.84575,18.19827,2,0.08748,0.05084,0.65344
8,0.20507,21.60146,1,0.27276,0.03646,0.49457
8,0.20507,21.60146,2,0.10132,0.01865,0.70568
9,0.84575,18.19827,1,0.21258,-0.04679,0.47031
9,0.84575,18.19827,2,0.08748,0.05084,0.65344
10,0.05658,17.37047,1,0.26706,0.01731,0.43507
10,0.05658,17.37047,2,0.03141,0.08324,0.62989
11,0.09382,19.29403,1,0.27276,0.03646,0.49457
11,0.09382,19.29403,2,0.13582,-0.04895,0.61368
12,0.84575,18.19827,1,0.21258,-0.04679,0.47031
12,0.84575,18.19827,2,0.08748,0.05084,0.65344
13,0.84575,18.19827,1,0.21258,-0.04679,0.47031
13,0.84575,18.19827,2,0.08748,0.05084,0.65344
14,0.20507,21.60146,1,0.27276,0.03646,0.49457
14,0.20507,21.60146,2,0.10132,0.01865,0.70568
15,0.84575,18.19827,1,0.21258,-0.04679,0.47031
15,0.84575,18.19827,2,0.08748,0.05084,0.65344
16,0.20507,21.60146,1,0.27276,0.03646,0.49457
16,0.20507,21.60146,2,0.10132,0.01865,0.70568
17,0.84575,18.19827,1,0.21258,-0.04679,0.47031
17,0.84575,18.19827,2,0.08748,0.05084,0.65344
18,0.20507,21.60146,1,0.27276,0.03646,0.49457
18,0.20507,21.60146,2,0.10132,0.01865,0.70568
19,0.84575,18.19827,1,0.21258,-0.04679,0.47031
19,0.84575,18.19827,2,0.08748,0.05084,0.65344
20,0.01828,19.26012,1,0.22742,-0.02148,0.48061
20,0.01828,19.26012,2,0.06926,0.06099,0.63231
