particle,elasticity,weight,frame,x,y,z
1,0.55503,10.54814,1,0.13447,0.10031,0.16338
2,0.09269,10.36339,1,0.12058,0.13849,0.20651
3,0.65537,9.94835,1,0.14211,0.13334,0.17002
4,0.23367,8.16951,1,0.10982,-0.0186,0.2143
5,0.09269,10.36339,1,0.12058,0.13849,0.20651
6,0.55503,10.54814,1,0.13447,0.10031,0.16338
7,0.57278,9.6071,1,0.12818,0.03594,0.25949
8,0.55503,10.54814,1,0.13447,0.10031,0.16338
9,0.63222,9.74941,1,0.04732,0.05986,0.22412
10,0.45125,8.0154,1,0.10102,-0.01646,0.23487
11,0.23367,8.16951,1,0.10982,-0.0186,0.2143
12,0.21697,7.77189,1,0.12353,-0.02483,0.19758
13,0.09269,10.36339,1,0.12058,0.13849,0.20651
14,0.84048,8.42201,1,0.20514,0.06691,0.17559
15,0.55503,10.54814,1,0.13447,0.10031,0.16338
16,0.45125,8.0154,1,0.10102,-0.01646,0.23487
17,0.23367,8.16951,1,0.10982,-0.0186,0.2143
18,0.65537,9.94835,1,0.14211,0.13334,0.17002
19,0.09269,10.36339,1,0.12058,0.13849,0.20651
20,0.09269,10.36339,1,0.12058,0.13849,0.20651
