particle,elasticity,weight,frame,x,y,z
1,0.27927,17.18901,1,-0.07862,-0.35168,0.87851
1,0.27927,17.18901,2,0.24896,-0.43532,1.09536
2,0.27238,17.08033,1,-0.07853,-0.35172,0.8789
2,0.27238,17.08033,2,0.19465,-0.37247,0.90675
3,0.21245,19.46686,1,0.01103,-0.26544,0.87189
3,0.21245,19.46686,2,0.29907,-0.37462,0.86407
4,0.27927,17.18901,1,-0.07862,-0.35168,0.87851
4,0.27927,17.18901,2,0.24896,-0.43532,1.09536
5,0.15864,18.67945,1,-0.0579,-0.33855,0.87102
5,0.15864,18.67945,2,0.25393,-0.38453,0.79444
6,0.2468,18.46161,1,0.01043,-0.26516,0.8692
6,0.2468,18.46161,2,0.29504,-0.35993,0.90758
7,0.21245,19.46686,1,0.01103,-0.26544,0.87189
7,0.21245,19.46686,2,0.29907,-0.37462,0.86407
8,0.1822,17.70458,1,-0.05838,-0.33833,0.86893
8,0.1822,17.70458,2,0.24644,-0.38426,0.89467
9,0.2468,18.46161,1,0.01043,-0.26516,0.8692
9,0.2468,18.46161,2,0.29504,-0.35993,0.90758
10,0.27927,17.18901,1,-0.07862,-0.35168,0.87851
10,0.27927,17.18901,2,0.24896,-0.43532,1.09536
11,0.2468,18.46161,1,0.01043,-0.26516,0.8692
11,0.2468,18.46161,2,0.29504,-0.35993,0.90758
12,0.27927,17.18901,1,-0.07862,-0.35168,0.87851
12,0.27927,17.18901,2,0.24896,-0.43532,1.09536
13,0.21245,19.46686,1,0.01103,-0.26544,0.87189
13,0.21245,19.46686,2,0.29907,-0.37462,0.86407
14,0.27927,17.18901,1,-0.07862,-0.35168,0.87851
14,0.27927,17.18901,2,0.24896,-0.43532,1.09536
15,0.27238,17.08033,1,-0.07853,-0.35172,0.8789
15,0.27238,17.08033,2,0.19465,-0.37247,0.90675
16,0.21245,19.46686,1,0.01103,-0.26544,0.87189
16,0.21245,19.46686,2,0.29907,-0.37462,0.86407
17,0.15864,18.67945,1,-0.0579,-0.33855,0.87102
17,0.15864,18.67945,2,0.25393,-0.38453,0.79444
18,0.27927,17.18901,1,-0.07862,-0.35168,0.87851
18,0.27927,17.18901,2,0.24896,-0.43532,1.09536
19,0.27238,17.08033,1,-0.07853,-0.35172,0.8789
19,0.27238,17.08033,2,0.19465,-0.37247,0.90675
20,0.13,15.16159,1,-0.05733,-0.33881,0.87356
20,0.13,15.16159,2,0.15214,-0.38168,0.77884
