particle,elasticity,weight,frame,x,y,z
1,0.27896,8.40458,1,0.07034,-0.11474,0.59672
2,0.27896,8.40458,1,0.07034,-0.11474,0.59672
3,0.21724,11.04793,1,0.04,-0.2061,0.52927
4,0.77283,10.40157,1,0.02508,-0.18875,0.49336
5,0.45636,10.68927,1,0.02628,-0.16592,0.52311
6,0.45636,10.68927,1,0.02628,-0.16592,0.52311
7,0.21724,11.04793,1,0.04,-0.2061,0.52927
8,0.3553,10.62739,1,0.07619,-0.17249,0.4945
9,0.27896,8.40458,1,0.07034,-0.11474,0.59672
10,0.27896,8.40458,1,0.07034,-0.11474,0.59672
11,0.77283,10.40157,1,0.02508,-0.18875,0.49336
12,0.77283,10.40157,1,0.02508,-0.18875,0.49336
13,0.45636,10.68927,1,0.02628,-0.16592,0.52311
14,0.3553,10.62739,1,0.07619,-0.17249,0.4945
15,0.80819,8.60405,1,0.15038,-0.20292,0.50326
16,0.21724,11.04793,1,0.04,-0.2061,0.52927
17,0.45636,10.68927,1,0.02628,-0.16592,0.52311
18,0.77283,10.40157,1,0.02508,-0.18875,0.49336
19,0.3553,10.62739,1,0.07619,-0.17249,0.4945
20,0.21724,11.04793,1,0.04,-0.2061,0.52927
