particle,elasticity,weight,frame,x,y,z
1,0.86479,18.25125,1,-0.17523,0.36502,0.36738
1,0.86479,18.25125,2,-0.38278,0.21981,0.09526
2,0.27254,17.36246,1,-0.19568,0.37124,0.33781
2,0.27254,17.36246,2,-0.39454,0.34968,0.10388
3,0.37128,19.32502,1,-0.19568,0.37124,0.33781
3,0.37128,19.32502,2,-0.40475,0.32992,0.10175
4,0.86479,18.25125,1,-0.17523,0.36502,0.36738
4,0.86479,18.25125,2,-0.38278,0.21981,0.09526
5,0.37128,19.32502,1,-0.19568,0.37124,0.33781
5,0.37128,19.32502,2,-0.40475,0.32992,0.10175
6,0.27254,17.36246,1,-0.19568,0.37124,0.33781
6,0.27254,17.36246,2,-0.39454,0.34968,0.10388
7,0.86479,18.25125,1,-0.17523,0.36502,0.36738
7,0.86479,18.25125,2,-0.38278,0.21981,0.09526
8,0.52257,17.73016,1,-0.15454,0.39694,0.37385
8,0.52257,17.73016,2,-0.30379,0.31595,0.1303
9,0.5984,17.85701,1,-0.11753,0.39723,0.29997
9,0.5984,17.85701,2,-0.39981,0.21446,0.21654
10,0.67508,17.20291,1,-0.11753,0.39573,0.29997
10,0.67508,17.20291,2,-0.33559,0.13155,0.11179
11,0.37128,19.32502,1,-0.19568,0.37124,0.33781
11,0.37128,19.32502,2,-0.40475,0.32992,0.10175
12,0.86479,18.25125,1,-0.17523,0.36502,0.36738
12,0.86479,18.25125,2,-0.38278,0.21981,0.09526
13,0.53689,17.78795,1,-0.19568,0.37124,0.33781
13,0.53689,17.78795,2,-0.36893,0.30419,0.22985
14,0.86479,18.25125,1,-0.17523,0.36502,0.36738
14,0.86479,18.25125,2,-0.38278,0.21981,0.09526
15,0.27254,17.36246,1,-0.19568,0.37124,0.33781
15,0.27254,17.36246,2,-0.39454,0.34968,0.10388
16,0.86479,18.25125,1,-0.17523,0.36502,0.36738
16,0.86479,18.25125,2,-0.38278,0.21981,0.09526
17,0.37128,19.32502,1,-0.19568,0.37124,0.33781
17,0.37128,19.32502,2,-0.40475,0.32992,0.10175
18,0.37128,19.32502,1,-0.19568,0.37124,0.33781
18,0.37128,19.32502,2,-0.40475,0.32992,0.10175
19,0.86479,18.25125,1,-0.17523,0.36502,0.36738
19,0.86479,18.25125,2,-0.38278,0.21981,0.09526
20,0.37128,19.32502,1,-0.19568,0.37124,0.33781
20,0.37128,19.32502,2,-0.40475,0.32992,0.10175
