particle,elasticity,weight,frame,x,y,z
1,0.10823,12.30844,1,0.13094,0.41349,0.84874
1,0.10823,12.30844,2,-0.05757,0.38199,1.30751
2,0.49878,17.91605,1,0.2141,0.37544,0.88061
2,0.49878,17.91605,2,0.19126,0.39116,0.83654
3,0.49878,17.91605,1,0.2141,0.37544,0.88061
3,0.49878,17.91605,2,0.19126,0.39116,0.83654
4,0.86504,18.67049,1,0.17396,0.38273,0.86929
4,0.86504,18.67049,2,0.12642,0.36323,0.65525
5,0.49878,17.91605,1,0.2141,0.37544,0.88061
5,0.49878,17.91605,2,0.19126,0.39116,0.83654
6,0.82738,18.89466,1,0.19548,0.38481,0.84803
6,0.82738,18.89466,2,0.06428,0.41778,0.73058
7,0.86504,18.67049,1,0.17396,0.38273,0.86929
7,0.86504,18.67049,2,0.12642,0.36323,0.65525
8,0.82738,18.89466,1,0.19548,0.38481,0.84803
8,0.82738,18.89466,2,0.06428,0.41778,0.73058
9,0.24377,15.90326,1,0.0973,0.39605,0.88337
9,0.24377,15.90326,2,-0.01422,0.40193,0.85944
10,0.49878,17.91605,1,0.2141,0.37544,0.88061
10,0.49878,17.91605,2,0.19126,0.39116,0.83654
11,0.10823,12.30844,1,0.13094,0.41349,0.84874
11,0.10823,12.30844,2,-0.05757,0.38199,1.30751
12,0.90302,18.58915,1,0.1956,0.38356,0.84435
12,0.90302,18.58915,2,0.01876,0.40716,0.71045
13,0.49878,17.91605,1,0.2141,0.37544,0.88061
13,0.49878,17.91605,2,0.19126,0.39116,0.83654
14,0.49878,17.91605,1,0.2141,0.37544,0.88061
14,0.49878,17.91605,2,0.19126,0.39116,0.83654
15,0.24377,15.90326,1,0.0973,0.39605,0.88337
15,0.24377,15.90326,2,-0.01422,0.40193,0.85944
16,0.90302,18.58915,1,0.1956,0.38356,0.84435
16,0.90302,18.58915,2,0.01876,0.40716,0.71045
17,0.90302,18.58915,1,0.1956,0.38356,0.84435
17,0.90302,18.58915,2,0.01876,0.40716,0.71045
18,0.82738,18.89466,1,0.19548,0.38481,0.84803
18,0.82738,18.89466,2,0.06428,0.41778,0.73058
19,0.90302,18.58915,1,0.1956,0.38356,0.84435
19,0.90302,18.58915,2,0.01876,0.40716,0.71045
20,0.97714,16.61909,1,0.17414,0.38085,0.865
20,0.97714,16.61909,2,0.12594,0.26718,0.75855
