particle,elasticity,weight,frame,x,y,z
1,0.57221,20.34417,1,-0.11306,0.10944,0.58232
1,0.57221,20.34417,2,-0.21633,0.16737,0.73424
2,0.57221,20.34417,1,-0.11306,0.10944,0.58232
2,0.57221,20.34417,2,-0.21633,0.16737,0.73424
3,0.57221,20.34417,1,-0.11306,0.10944,0.58232
3,0.57221,20.34417,2,-0.21633,0.16737,0.73424
4,0.55488,21.64366,1,-0.06753,0.1308,0.62673
4,0.55488,21.64366,2,-0.21859,0.186,0.78028
5,0.68193,20.09203,1,-0.05046,0.09704,0.60729
5,0.68193,20.09203,2,-0.27378,0.1631,0.82587
6,0.68193,20.09203,1,-0.05046,0.09704,0.60729
6,0.68193,20.09203,2,-0.27378,0.1631,0.82587
7,0.27288,20.6974,1,-0.08743,0.14142,0.59238
7,0.27288,20.6974,2,-0.2821,0.11646,0.71299
8,0.55488,21.64366,1,-0.06753,0.1308,0.62673
8,0.55488,21.64366,2,-0.21859,0.186,0.78028
9,0.68193,20.09203,1,-0.05046,0.09704,0.60729
9,0.68193,20.09203,2,-0.27378,0.1631,0.82587
10,0.55488,21.64366,1,-0.06753,0.1308,0.62673
10,0.55488,21.64366,2,-0.21859,0.186,0.78028
11,0.55488,21.64366,1,-0.06753,0.1308,0.62673
11,0.55488,21.64366,2,-0.21859,0.186,0.78028
12,0.30594,19.89331,1,-0.12568,0.08849,0.63596
12,0.30594,19.89331,2,-0.29308,0.13403,0.83038
13,0.27288,20.6974,1,-0.08743,0.14142,0.59238
13,0.27288,20.6974,2,-0.2821,0.11646,0.71299
14,0.57221,20.34417,1,-0.11306,0.10944,0.58232
14,0.57221,20.34417,2,-0.21633,0.16737,0.73424
15,0.27288,20.6974,1,-0.08743,0.14142,0.59238
15,0.27288,20.6974,2,-0.2821,0.11646,0.71299
16,0.27288,20.6974,1,-0.08743,0.14142,0.59238
16,0.27288,20.6974,2,-0.2821,0.11646,0.71299
17,0.68193,20.09203,1,-0.05046,0.09704,0.60729
17,0.68193,20.09203,2,-0.27378,0.1631,0.82587
18,0.16293,16.16167,1,-0.02859,0.1778,0.58261
18,0.16293,16.16167,2,-0.15696,0.20337,0.68589
19,0.57221,20.34417,1,-0.11306,0.10944,0.58232
19,0.57221,20.34417,2,-0.21633,0.16737,0.73424
20,0.57221,20.34417,1,-0.11306,0.10944,0.58232
20,0.57221,20.34417,2,-0.21633,0.16737,0.73424
