particle,elasticity,weight,frame,x,y,z
1,0.20099,18.55865,1,0.32218,-0.16718,0.42884
1,0.20099,18.55865,2,0.32475,0.07824,0.52574
2,0.20413,18.96874,1,0.32218,-0.16718,0.42884
2,0.20413,18.96874,2,0.34736,0.09217,0.48911
3,0.14802,15.26879,1,0.36505,-0.07208,0.49333
3,0.14802,15.26879,2,0.3516,0.11368,0.44643
4,0.97937,15.45351,1,0.38794,-0.11648,0.55744
4,0.97937,15.45351,2,0.36965,0.15589,0.46433
5,0.20413,18.96874,1,0.32218,-0.16718,0.42884
5,0.20413,18.96874,2,0.34736,0.09217,0.48911
6,0.02892,17.73189,1,0.32218,-0.16718,0.42884
6,0.02892,17.73189,2,0.37848,0.13322,0.44156
7,0.27325,18.79628,1,0.36505,-0.07208,0.49333
7,0.27325,18.79628,2,0.36488,0.13818,0.50569
8,0.97937,15.45351,1,0.38794,-0.11648,0.55744
8,0.97937,15.45351,2,0.36965,0.15589,0.46433
9,0.27258,18.13624,1,0.38996,-0.1857,0.53995
9,0.27258,18.13624,2,0.36999,0.06615,0.59008
10,0.14802,15.26879,1,0.36505,-0.07208,0.49333
10,0.14802,15.26879,2,0.3516,0.11368,0.44643
11,0.27325,18.79628,1,0.36505,-0.07208,0.49333
11,0.27325,18.79628,2,0.36488,0.13818,0.50569
12,0.27325,18.79628,1,0.36505,-0.07208,0.49333
12,0.27325,18.79628,2,0.36488,0.13818,0.50569
13,0.27258,18.13624,1,0.38996,-0.1857,0.53995
13,0.27258,18.13624,2,0.36999,0.06615,0.59008
14,0.0938,16.94371,1,0.32218,-0.16718,0.42884
14,0.0938,16.94371,2,0.38791,0.08578,0.61176
15,0.73366,13.05687,1,0.36512,-0.13033,0.50542
15,0.73366,13.05687,2,0.29717,0.21012,0.56724
16,0.73366,13.05687,1,0.36512,-0.13033,0.50542
16,0.73366,13.05687,2,0.29717,0.21012,0.56724
17,0.27325,18.79628,1,0.36505,-0.07208,0.49333
17,0.27325,18.79628,2,0.36488,0.13818,0.50569
18,0.16593,18.38981,1,0.32218,-0.16718,0.42884
18,0.16593,18.38981,2,0.38674,0.05396,0.48247
19,0.27325,18.79628,1,0.36505,-0.07208,0.49333
19,0.27325,18.79628,2,0.36488,0.13818,0.50569
20,0.27325,18.79628,1,0.36505,-0.07208,0.49333
20,0.27325,18.79628,2,0.36488,0.13818,0.50569
