particle,elasticity,weight,frame,x,y,z
1,0.84402,9.21129,1,-0.39266,0.00548,0.22679
2,0.75714,10.07854,1,-0.39001,0.0286,0.26103
3,0.74564,4.29197,1,-0.5963,0.00525,0.3077
4,0.18748,7.45127,1,-0.41151,0.00939,0.19997
5,0.47191,-13.51068,1,-0.44648,-0.67708,0.34886
6,0.33195,9.87155,1,-0.41123,0.05966,0.32834
7,0.09227,4.68658,1,-0.34007,0.18022,0.29483
8,0.16318,9.48917,1,-0.41009,0.10584,0.27185
9,0.50095,9.14111,1,-0.37842,0.07995,0.35571
10,0.55347,8.40602,1,-0.40745,0.05587,0.2104
11,0.8159,8.77385,1,-0.3624,0.04262,0.25352
12,0.02476,9.09545,1,-0.39,0.09344,0.36824
13,0.72556,11.2156,1,-0.39061,0.04567,0.29274
14,0.7521,9.24023,1,-0.41034,0.02189,0.25374
15,0.13851,9.68801,1,-0.38962,0.11307,0.32564
16,0.25794,6.75324,1,-0.32834,0.02589,0.26013
17,0.8305,9.10491,1,-0.38592,0.12784,0.24824
18,0.91086,-5.199,1,-0.59096,-0.0709,0.45173
19,0.88175,7.53225,1,-0.3436,0.1221,0.32224
20,0.84451,9.58804,1,-0.38346,-0.00186,0.33669
