particle,elasticity,weight,frame,x,y,z
1,0.28017,18.03895,1,0.32496,0.18707,0.87189
1,0.28017,18.03895,2,0.3831,0.27878,0.73883
2,0.59866,19.44709,1,0.29832,0.18265,0.83132
2,0.59866,19.44709,2,0.38964,0.29762,0.7596
3,0.59866,19.44709,1,0.29832,0.18265,0.83132
3,0.59866,19.44709,2,0.38964,0.29762,0.7596
4,0.59866,19.44709,1,0.29832,0.18265,0.83132
4,0.59866,19.44709,2,0.38964,0.29762,0.7596
5,0.59866,19.44709,1,0.29832,0.18265,0.83132
5,0.59866,19.44709,2,0.38964,0.29762,0.7596
6,0.59866,19.44709,1,0.29832,0.18265,0.83132
6,0.59866,19.44709,2,0.38964,0.29762,0.7596
7,0.26403,16.03513,1,0.29896,0.2225,0.86737
7,0.26403,16.03513,2,0.33496,0.39079,0.88127
8,0.59866,19.44709,1,0.29832,0.18265,0.83132
8,0.59866,19.44709,2,0.38964,0.29762,0.7596
9,0.59866,19.44709,1,0.29832,0.18265,0.83132
9,0.59866,19.44709,2,0.38964,0.29762,0.7596
10,0.28017,18.03895,1,0.32496,0.18707,0.87189
10,0.28017,18.03895,2,0.3831,0.27878,0.73883
11,0.59866,19.44709,1,0.29832,0.18265,0.83132
11,0.59866,19.44709,2,0.38964,0.29762,0.7596
12,0.28017,18.03895,1,0.32496,0.18707,0.87189
12,0.28017,18.03895,2,0.3831,0.27878,0.73883
13,0.28017,18.03895,1,0.32496,0.18707,0.87189
13,0.28017,18.03895,2,0.3831,0.27878,0.73883
14,0.59866,19.44709,1,0.29832,0.18265,0.83132
14,0.59866,19.44709,2,0.38964,0.29762,0.7596
15,0.28017,18.03895,1,0.32496,0.18707,0.87189
15,0.28017,18.03895,2,0.3831,0.27878,0.73883
16,0.59866,19.44709,1,0.29832,0.18265,0.83132
16,0.59866,19.44709,2,0.38964,0.29762,0.7596
17,0.59866,19.44709,1,0.29832,0.18265,0.83132
17,0.59866,19.44709,2,0.38964,0.29762,0.7596
18,0.59866,19.44709,1,0.29832,0.18265,0.83132
18,0.59866,19.44709,2,0.38964,0.29762,0.7596
19,0.59866,19.44709,1,0.29832,0.18265,0.83132
19,0.59866,19.44709,2,0.38964,0.29762,0.7596
20,0.26403,16.03513,1,0.29896,0.2225,0.86737
20,0.26403,16.03513,2,0.33496,0.39079,0.88127
