particle,elasticity,weight,frame,x,y,z
1,0.57156,19.67044,1,0.24487,-0.29813,0.57423
1,0.57156,19.67044,2,0.0807,-0.15993,0.74266
2,0.00985,16.06191,1,0.26465,-0.24541,0.42585
2,0.00985,16.06191,2,0.04976,-0.05742,0.77034
3,0.53247,19.00675,1,0.26862,-0.24975,0.53755
3,0.53247,19.00675,2,0.00622,-0.16654,0.79177
4,0.53247,19.00675,1,0.26862,-0.24975,0.53755
4,0.53247,19.00675,2,0.00622,-0.16654,0.79177
5,0.57156,19.67044,1,0.24487,-0.29813,0.57423
5,0.57156,19.67044,2,0.0807,-0.15993,0.74266
6,0.57156,19.67044,1,0.24487,-0.29813,0.57423
6,0.57156,19.67044,2,0.0807,-0.15993,0.74266
7,0.51063,10.92751,1,0.18506,-0.24431,0.41044
7,0.51063,10.92751,2,0.13078,-0.02471,0.74443
8,0.57156,19.67044,1,0.24487,-0.29813,0.57423
8,0.57156,19.67044,2,0.0807,-0.15993,0.74266
9,0.2565,18.91643,1,0.26792,-0.23318,0.51027
9,0.2565,18.91643,2,0.13279,-0.1482,0.74931
10,0.53247,19.00675,1,0.26862,-0.24975,0.53755
10,0.53247,19.00675,2,0.00622,-0.16654,0.79177
11,0.53247,19.00675,1,0.26862,-0.24975,0.53755
11,0.53247,19.00675,2,0.00622,-0.16654,0.79177
12,0.30603,16.58633,1,0.26792,-0.23318,0.51027
12,0.30603,16.58633,2,0.00123,-0.1304,0.83442
13,0.57156,19.67044,1,0.24487,-0.29813,0.57423
13,0.57156,19.67044,2,0.0807,-0.15993,0.74266
14,0.57156,19.67044,1,0.24487,-0.29813,0.57423
14,0.57156,19.67044,2,0.0807,-0.15993,0.74266
15,0.57156,19.67044,1,0.24487,-0.29813,0.57423
15,0.57156,19.67044,2,0.0807,-0.15993,0.74266
16,0.53247,19.00675,1,0.26862,-0.24975,0.53755
16,0.53247,19.00675,2,0.00622,-0.16654,0.79177
17,0.57156,19.67044,1,0.24487,-0.29813,0.57423
17,0.57156,19.67044,2,0.0807,-0.15993,0.74266
18,0.53247,19.00675,1,0.26862,-0.24975,0.53755
18,0.53247,19.00675,2,0.00622,-0.16654,0.79177
19,0.53247,19.00675,1,0.26862,-0.24975,0.53755
19,0.53247,19.00675,2,0.00622,-0.16654,0.79177
20,0.00985,16.06191,1,0.26465,-0.24541,0.42585
20,0.00985,16.06191,2,0.04976,-0.05742,0.77034
