particle,elasticity,weight,frame,x,y,z
1,0.24035,18.38734,1,0.38265,0.39379,0.88649
1,0.24035,18.38734,2,0.58297,0.38146,0.83693
2,0.08422,19.68048,1,0.38829,0.40125,0.87138
2,0.08422,19.68048,2,0.33082,0.4106,0.87981
3,0.24035,18.38734,1,0.38265,0.39379,0.88649
3,0.24035,18.38734,2,0.58297,0.38146,0.83693
4,0.44245,16.74347,1,0.38,0.38971,0.89238
4,0.44245,16.74347,2,0.32803,0.23837,0.83589
5,0.56887,17.60435,1,0.37416,0.41528,0.85426
5,0.56887,17.60435,2,0.36893,0.33005,0.72257
6,0.08422,19.68048,1,0.38829,0.40125,0.87138
6,0.08422,19.68048,2,0.33082,0.4106,0.87981
7,0.25884,14.09289,1,0.38199,0.39359,0.88538
7,0.25884,14.09289,2,0.40143,0.36571,0.71061
8,0.08422,19.68048,1,0.38829,0.40125,0.87138
8,0.08422,19.68048,2,0.33082,0.4106,0.87981
9,0.85923,17.06795,1,0.37021,0.37534,0.84785
9,0.85923,17.06795,2,0.41145,0.28714,0.83337
10,0.24035,18.38734,1,0.38265,0.39379,0.88649
10,0.24035,18.38734,2,0.58297,0.38146,0.83693
11,0.24035,18.38734,1,0.38265,0.39379,0.88649
11,0.24035,18.38734,2,0.58297,0.38146,0.83693
12,0.85923,17.06795,1,0.37021,0.37534,0.84785
12,0.85923,17.06795,2,0.41145,0.28714,0.83337
13,0.08422,19.68048,1,0.38829,0.40125,0.87138
13,0.08422,19.68048,2,0.33082,0.4106,0.87981
14,0.85923,17.06795,1,0.37021,0.37534,0.84785
14,0.85923,17.06795,2,0.41145,0.28714,0.83337
15,0.56887,17.60435,1,0.37416,0.41528,0.85426
15,0.56887,17.60435,2,0.36893,0.33005,0.72257
16,0.24035,18.38734,1,0.38265,0.39379,0.88649
16,0.24035,18.38734,2,0.58297,0.38146,0.83693
17,0.24035,18.38734,1,0.38265,0.39379,0.88649
17,0.24035,18.38734,2,0.58297,0.38146,0.83693
18,0.08422,19.68048,1,0.38829,0.40125,0.87138
18,0.08422,19.68048,2,0.33082,0.4106,0.87981
19,0.08422,19.68048,1,0.38829,0.40125,0.87138
19,0.08422,19.68048,2,0.33082,0.4106,0.87981
20,0.24035,18.38734,1,0.38265,0.39379,0.88649
20,0.24035,18.38734,2,0.58297,0.38146,0.83693
