particle,elasticity,weight,frame,x,y,z
1,0.0343,10.62943,1,0.30692,-0.04322,0.08788
2,0.0343,10.62943,1,0.30692,-0.04322,0.08788
3,0.52206,9.83049,1,0.27817,0.02329,0.13912
4,0.57383,10.22073,1,0.35269,-0.03762,0.15529
5,0.93155,10.18143,1,0.35765,-0.04534,0.19839
6,0.0343,10.62943,1,0.30692,-0.04322,0.08788
7,0.93155,10.18143,1,0.35765,-0.04534,0.19839
8,0.0343,10.62943,1,0.30692,-0.04322,0.08788
9,0.28041,8.87132,1,0.37756,-0.07468,0.12005
10,0.57383,10.22073,1,0.35269,-0.03762,0.15529
11,0.82029,7.30726,1,0.40064,-0.0882,0.18323
12,0.90488,6.90365,1,0.24542,-0.03178,0.18077
13,0.57383,10.22073,1,0.35269,-0.03762,0.15529
14,0.0343,10.62943,1,0.30692,-0.04322,0.08788
15,0.52206,9.83049,1,0.27817,0.02329,0.13912
16,0.93155,10.18143,1,0.35765,-0.04534,0.19839
17,0.0343,10.62943,1,0.30692,-0.04322,0.08788
18,0.02693,4.98529,1,0.21472,0.04968,0.06892
19,0.57383,10.22073,1,0.35269,-0.03762,0.15529
20,0.93155,10.18143,1,0.35765,-0.04534,0.19839
