particle,elasticity,weight,frame,x,y,z
1,0.70779,9.22513,1,0.01681,-0.17054,0.50056
2,0.18531,10.13314,1,0.08777,-0.25073,0.56379
3,0.8895,6.37283,1,0.1835,-0.12822,0.47483
4,0.27245,10.56666,1,0.0911,-0.21937,0.56831
5,0.65015,9.48665,1,0.04071,-0.22327,0.46448
6,0.8895,6.37283,1,0.1835,-0.12822,0.47483
7,0.27245,10.56666,1,0.0911,-0.21937,0.56831
8,0.68796,10.73425,1,0.07804,-0.17071,0.50069
9,0.1565,9.81588,1,0.02366,-0.20939,0.54517
10,0.2483,8.03934,1,0.1581,-0.25292,0.4578
11,0.70779,9.22513,1,0.01681,-0.17054,0.50056
12,0.68796,10.73425,1,0.07804,-0.17071,0.50069
13,0.18531,10.13314,1,0.08777,-0.25073,0.56379
14,0.68796,10.73425,1,0.07804,-0.17071,0.50069
15,0.70779,9.22513,1,0.01681,-0.17054,0.50056
16,0.65015,9.48665,1,0.04071,-0.22327,0.46448
17,0.2483,8.03934,1,0.1581,-0.25292,0.4578
18,0.18531,10.13314,1,0.08777,-0.25073,0.56379
19,0.68796,10.73425,1,0.07804,-0.17071,0.50069
20,0.68796,10.73425,1,0.07804,-0.17071,0.50069
