particle,elasticity,weight,frame,x,y,z
1,0.75552,19.71422,1,-0.40733,0.3627,0.11401
1,0.75552,19.71422,2,-0.32052,0.30281,0.2612
2,0.18148,14.22947,1,-0.3557,0.37454,0.1025
2,0.18148,14.22947,2,-0.39457,0.59152,0.13853
3,0.90482,20.38958,1,-0.3889,0.35157,0.13276
3,0.90482,20.38958,2,-0.30688,0.25368,0.19175
4,0.90482,20.38958,1,-0.3889,0.35157,0.13276
4,0.90482,20.38958,2,-0.30688,0.25368,0.19175
5,0.90482,20.38958,1,-0.3889,0.35157,0.13276
5,0.90482,20.38958,2,-0.30688,0.25368,0.19175
6,0.51527,20.34167,1,-0.38563,0.36872,0.09443
6,0.51527,20.34167,2,-0.30708,0.26941,0.13176
7,0.90482,20.38958,1,-0.3889,0.35157,0.13276
7,0.90482,20.38958,2,-0.30688,0.25368,0.19175
8,0.75552,19.71422,1,-0.40733,0.3627,0.11401
8,0.75552,19.71422,2,-0.32052,0.30281,0.2612
9,0.75552,19.71422,1,-0.40733,0.3627,0.11401
9,0.75552,19.71422,2,-0.32052,0.30281,0.2612
10,0.90482,20.38958,1,-0.3889,0.35157,0.13276
10,0.90482,20.38958,2,-0.30688,0.25368,0.19175
11,0.90482,20.38958,1,-0.3889,0.35157,0.13276
11,0.90482,20.38958,2,-0.30688,0.25368,0.19175
12,0.40578,18.0556,1,-0.38778,0.37325,0.09304
12,0.40578,18.0556,2,-0.30331,0.24817,0.15919
13,0.90482,20.38958,1,-0.3889,0.35157,0.13276
13,0.90482,20.38958,2,-0.30688,0.25368,0.19175
14,0.90482,20.38958,1,-0.3889,0.35157,0.13276
14,0.90482,20.38958,2,-0.30688,0.25368,0.19175
15,0.51527,20.34167,1,-0.38563,0.36872,0.09443
15,0.51527,20.34167,2,-0.30708,0.26941,0.13176
16,0.73653,16.26401,1,-0.40725,0.36357,0.11336
16,0.73653,16.26401,2,-0.32625,0.3375,0.31359
17,0.90482,20.38958,1,-0.3889,0.35157,0.13276
17,0.90482,20.38958,2,-0.30688,0.25368,0.19175
18,0.90482,20.38958,1,-0.3889,0.35157,0.13276
18,0.90482,20.38958,2,-0.30688,0.25368,0.19175
19,0.78173,17.82213,1,-0.38222,0.40087,0.10651
19,0.78173,17.82213,2,-0.18892,0.33576,0.07375
20,0.90482,20.38958,1,-0.3889,0.35157,0.13276
20,0.90482,20.38958,2,-0.30688,0.25368,0.19175
