particle,elasticity,weight,frame,x,y,z
1,0.09315,21.13987,1,-0.28225,0.24631,0.13221
1,0.09315,21.13987,2,-0.39801,0.10809,0.09911
2,0.09315,21.13987,1,-0.28225,0.24631,0.13221
2,0.09315,21.13987,2,-0.39801,0.10809,0.09911
3,0.09315,21.13987,1,-0.28225,0.24631,0.13221
3,0.09315,21.13987,2,-0.39801,0.10809,0.09911
4,0.36215,17.89953,1,-0.26801,0.24923,0.07875
4,0.36215,17.89953,2,-0.3846,0.24392,0.09275
5,0.03484,20.48996,1,-0.28225,0.24631,0.13221
5,0.03484,20.48996,2,-0.39167,0.10482,0.11227
6,0.83385,19.30037,1,-0.33505,0.27152,0.09999
6,0.83385,19.30037,2,-0.35611,0.18973,0.06277
7,0.36215,17.89953,1,-0.26801,0.24923,0.07875
7,0.36215,17.89953,2,-0.3846,0.24392,0.09275
8,0.82236,19.43423,1,-0.33505,0.27152,0.09999
8,0.82236,19.43423,2,-0.34444,0.0838,0.14369
9,0.87508,19.32045,1,-0.33505,0.27152,0.09998
9,0.87508,19.32045,2,-0.36664,0.24171,0.09192
10,0.83385,19.30037,1,-0.33505,0.27152,0.09999
10,0.83385,19.30037,2,-0.35611,0.18973,0.06277
11,0.87833,17.79628,1,-0.35216,0.24463,0.11837
11,0.87833,17.79628,2,-0.36936,0.1503,0.09627
12,0.82236,19.43423,1,-0.33505,0.27152,0.09999
12,0.82236,19.43423,2,-0.34444,0.0838,0.14369
13,0.03484,20.48996,1,-0.28225,0.24631,0.13221
13,0.03484,20.48996,2,-0.39167,0.10482,0.11227
14,0.09315,21.13987,1,-0.28225,0.24631,0.13221
14,0.09315,21.13987,2,-0.39801,0.10809,0.09911
15,0.46036,13.79246,1,-0.38364,0.23945,0.16766
15,0.46036,13.79246,2,-0.3958,0.19959,0.10953
16,0.06379,18.47812,1,-0.28225,0.24631,0.13221
16,0.06379,18.47812,2,-0.40418,0.08599,0.14351
17,0.03484,20.48996,1,-0.28225,0.24631,0.13221
17,0.03484,20.48996,2,-0.39167,0.10482,0.11227
18,0.87833,17.79628,1,-0.35216,0.24463,0.11837
18,0.87833,17.79628,2,-0.36936,0.1503,0.09627
19,0.36215,17.89953,1,-0.26801,0.24923,0.07875
19,0.36215,17.89953,2,-0.3846,0.24392,0.09275
20,0.36215,17.89953,1,-0.26801,0.24923,0.07875
20,0.36215,17.89953,2,-0.3846,0.24392,0.09275
