particle,elasticity,weight,frame,x,y,z
1,0.8074,15.61608,1,0.37739,0.10479,0.90444
1,0.8074,15.61608,2,0.20908,-0.0625,0.817
2,0.22144,18.8257,1,0.26482,0.06467,0.87558
2,0.22144,18.8257,2,0.38575,-0.02809,0.84637
3,0.96772,15.56048,1,0.35258,0.08988,0.83979
3,0.96772,15.56048,2,0.36137,-0.1193,0.7382
4,0.96772,15.56048,1,0.35258,0.08988,0.83979
4,0.96772,15.56048,2,0.36137,-0.1193,0.7382
5,0.05811,16.02349,1,0.2932,-0.0103,0.86024
5,0.05811,16.02349,2,0.39378,-0.07245,0.86872
6,0.22144,18.8257,1,0.26482,0.06467,0.87558
6,0.22144,18.8257,2,0.38575,-0.02809,0.84637
7,0.22144,18.8257,1,0.26482,0.06467,0.87558
7,0.22144,18.8257,2,0.38575,-0.02809,0.84637
8,0.22144,18.8257,1,0.26482,0.06467,0.87558
8,0.22144,18.8257,2,0.38575,-0.02809,0.84637
9,0.05811,16.02349,1,0.2932,-0.0103,0.86024
9,0.05811,16.02349,2,0.39378,-0.07245,0.86872
10,0.22144,18.8257,1,0.26482,0.06467,0.87558
10,0.22144,18.8257,2,0.38575,-0.02809,0.84637
11,0.22144,18.8257,1,0.26482,0.06467,0.87558
11,0.22144,18.8257,2,0.38575,-0.02809,0.84637
12,0.22144,18.8257,1,0.26482,0.06467,0.87558
12,0.22144,18.8257,2,0.38575,-0.02809,0.84637
13,0.64647,14.96332,1,0.36175,0.13855,0.88445
13,0.64647,14.96332,2,0.33115,0.09856,0.78325
14,0.25099,15.39375,1,0.3757,0.11048,0.8776
14,0.25099,15.39375,2,0.38069,-0.04765,0.76428
15,0.8074,15.61608,1,0.37739,0.10479,0.90444
15,0.8074,15.61608,2,0.20908,-0.0625,0.817
16,0.22144,18.8257,1,0.26482,0.06467,0.87558
16,0.22144,18.8257,2,0.38575,-0.02809,0.84637
17,0.22144,18.8257,1,0.26482,0.06467,0.87558
17,0.22144,18.8257,2,0.38575,-0.02809,0.84637
18,0.64647,14.96332,1,0.36175,0.13855,0.88445
18,0.64647,14.96332,2,0.33115,0.09856,0.78325
19,0.22144,18.8257,1,0.26482,0.06467,0.87558
19,0.22144,18.8257,2,0.38575,-0.02809,0.84637
20,0.62369,16.6415,1,0.21365,0.06679,0.8734
20,0.62369,16.6415,2,0.37404,-0.0077,0.79798
