particle,elasticity,weight,frame,x,y,z
1,0.82167,20.58061,1,-0.35736,-0.31529,0.65779
1,0.82167,20.58061,2,-0.29669,-0.37569,0.44422
2,0.82167,20.58061,1,-0.35736,-0.31529,0.65779
2,0.82167,20.58061,2,-0.29669,-0.37569,0.44422
3,0.82167,20.58061,1,-0.35736,-0.31529,0.65779
3,0.82167,20.58061,2,-0.29669,-0.37569,0.44422
4,0.82167,20.58061,1,-0.35736,-0.31529,0.65779
4,0.82167,20.58061,2,-0.29669,-0.37569,0.44422
5,0.30792,20.00281,1,-0.38484,-0.32608,0.57877
5,0.30792,20.00281,2,-0.35237,-0.36397,0.35539
6,0.52537,19.77035,1,-0.41022,-0.3454,0.56958
6,0.52537,19.77035,2,-0.33357,-0.38973,0.48628
7,0.82167,20.58061,1,-0.35736,-0.31529,0.65779
7,0.82167,20.58061,2,-0.29669,-0.37569,0.44422
8,0.82167,20.58061,1,-0.35736,-0.31529,0.65779
8,0.82167,20.58061,2,-0.29669,-0.37569,0.44422
9,0.58324,18.64364,1,-0.41022,-0.3454,0.56958
9,0.58324,18.64364,2,-0.31555,-0.38642,0.51064
10,0.434,20.65649,1,-0.41022,-0.3454,0.56958
10,0.434,20.65649,2,-0.32949,-0.3724,0.42957
11,0.434,20.65649,1,-0.41022,-0.3454,0.56958
11,0.434,20.65649,2,-0.32949,-0.3724,0.42957
12,0.52537,19.77035,1,-0.41022,-0.3454,0.56958
12,0.52537,19.77035,2,-0.33357,-0.38973,0.48628
13,0.82167,20.58061,1,-0.35736,-0.31529,0.65779
13,0.82167,20.58061,2,-0.29669,-0.37569,0.44422
14,0.30792,20.00281,1,-0.38484,-0.32608,0.57877
14,0.30792,20.00281,2,-0.35237,-0.36397,0.35539
15,0.80184,17.21052,1,-0.35736,-0.31529,0.65779
15,0.80184,17.21052,2,-0.30149,-0.31641,0.5041
16,0.52537,19.77035,1,-0.41022,-0.3454,0.56958
16,0.52537,19.77035,2,-0.33357,-0.38973,0.48628
17,0.78625,17.2299,1,-0.35736,-0.31529,0.65779
17,0.78625,17.2299,2,-0.30634,-0.37081,0.40666
18,0.58324,18.64364,1,-0.41022,-0.3454,0.56958
18,0.58324,18.64364,2,-0.31555,-0.38642,0.51064
19,0.62947,17.98938,1,-0.35736,-0.31529,0.65779
19,0.62947,17.98938,2,-0.30771,-0.30125,0.41664
20,0.434,20.65649,1,-0.41022,-0.3454,0.56958
20,0.434,20.65649,2,-0.32949,-0.3724,0.42957
