particle,elasticity,weight,frame,x,y,z
1,0.09711,20.61819,1,-0.05363,-0.39951,0.54971
1,0.09711,20.61819,2,-0.41633,-0.38166,0.43283
2,0.11486,18.05108,1,-0.10044,-0.38507,0.52046
2,0.11486,18.05108,2,-0.40178,-0.29914,0.52474
3,0.09711,20.61819,1,-0.05363,-0.39951,0.54971
3,0.09711,20.61819,2,-0.41633,-0.38166,0.43283
4,0.28059,19.42206,1,-0.1024,-0.34702,0.50214
4,0.28059,19.42206,2,-0.41125,-0.39235,0.45952
5,0.65476,15.51435,1,-0.06654,-0.30011,0.63287
5,0.65476,15.51435,2,-0.37922,-0.38475,0.54173
6,0.28059,19.42206,1,-0.1024,-0.34702,0.50214
6,0.28059,19.42206,2,-0.41125,-0.39235,0.45952
7,0.67346,16.02256,1,-0.00734,-0.32477,0.52177
7,0.67346,16.02256,2,-0.31776,-0.26743,0.41736
8,0.09711,20.61819,1,-0.05363,-0.39951,0.54971
8,0.09711,20.61819,2,-0.41633,-0.38166,0.43283
9,0.716,15.94712,1,-0.00734,-0.32477,0.52177
9,0.716,15.94712,2,-0.33203,-0.3183,0.54149
10,0.12311,12.94253,1,-0.10543,-0.41143,0.57234
10,0.12311,12.94253,2,-0.38145,-0.33411,0.49946
11,0.716,15.94712,1,-0.00734,-0.32477,0.52177
11,0.716,15.94712,2,-0.33203,-0.3183,0.54149
12,0.09711,20.61819,1,-0.05363,-0.39951,0.54971
12,0.09711,20.61819,2,-0.41633,-0.38166,0.43283
13,0.28059,19.42206,1,-0.1024,-0.34702,0.50214
13,0.28059,19.42206,2,-0.41125,-0.39235,0.45952
14,0.08034,14.0789,1,-0.10044,-0.38507,0.52046
14,0.08034,14.0789,2,-0.38827,-0.39219,0.30837
15,0.09711,20.61819,1,-0.05363,-0.39951,0.54971
15,0.09711,20.61819,2,-0.41633,-0.38166,0.43283
16,0.11486,18.05108,1,-0.10044,-0.38507,0.52046
16,0.11486,18.05108,2,-0.40178,-0.29914,0.52474
17,0.11486,18.05108,1,-0.10044,-0.38507,0.52046
17,0.11486,18.05108,2,-0.40178,-0.29914,0.52474
18,0.11486,18.05108,1,-0.10044,-0.38507,0.52046
18,0.11486,18.05108,2,-0.40178,-0.29914,0.52474
19,0.716,15.94712,1,-0.00734,-0.32477,0.52177
19,0.716,15.94712,2,-0.33203,-0.3183,0.54149
20,0.09711,20.61819,1,-0.05363,-0.39951,0.54971
20,0.09711,20.61819,2,-0.41633,-0.38166,0.43283
