particle,elasticity,weight,frame,x,y,z
1,0.67619,20.25083,1,-0.00318,-0.06567,0.80991
1,0.67619,20.25083,2,0.0291,-0.05042,0.78837
2,0.53036,19.52358,1,-0.00317,-0.06567,0.82903
2,0.53036,19.52358,2,-0.00066,-0.12943,0.7544
3,0.67619,20.25083,1,-0.00318,-0.06567,0.80991
3,0.67619,20.25083,2,0.0291,-0.05042,0.78837
4,0.22488,15.16671,1,-0.11085,-0.07017,0.86204
4,0.22488,15.16671,2,0.00958,-0.17424,0.79809
5,0.53036,19.52358,1,-0.00317,-0.06567,0.82903
5,0.53036,19.52358,2,-0.00066,-0.12943,0.7544
6,0.53036,19.52358,1,-0.00317,-0.06567,0.82903
6,0.53036,19.52358,2,-0.00066,-0.12943,0.7544
7,0.67619,20.25083,1,-0.00318,-0.06567,0.80991
7,0.67619,20.25083,2,0.0291,-0.05042,0.78837
8,0.67619,20.25083,1,-0.00318,-0.06567,0.80991
8,0.67619,20.25083,2,0.0291,-0.05042,0.78837
9,0.67619,20.25083,1,-0.00318,-0.06567,0.80991
9,0.67619,20.25083,2,0.0291,-0.05042,0.78837
10,0.67619,20.25083,1,-0.00318,-0.06567,0.80991
10,0.67619,20.25083,2,0.0291,-0.05042,0.78837
11,0.67619,20.25083,1,-0.00318,-0.06567,0.80991
11,0.67619,20.25083,2,0.0291,-0.05042,0.78837
12,0.67619,20.25083,1,-0.00318,-0.06567,0.80991
12,0.67619,20.25083,2,0.0291,-0.05042,0.78837
13,0.78854,17.96126,1,-0.03391,-0.00021,0.79343
13,0.78854,17.96126,2,0.01581,-0.0288,0.68172
14,0.67619,20.25083,1,-0.00318,-0.06567,0.80991
14,0.67619,20.25083,2,0.0291,-0.05042,0.78837
15,0.09787,15.0737,1,-0.11084,-0.07017,0.88121
15,0.09787,15.0737,2,-0.14799,-0.04646,1.07579
16,0.78854,17.96126,1,-0.03391,-0.00021,0.79343
16,0.78854,17.96126,2,0.01581,-0.0288,0.68172
17,0.53036,19.52358,1,-0.00317,-0.06567,0.82903
17,0.53036,19.52358,2,-0.00066,-0.12943,0.7544
18,0.67619,20.25083,1,-0.00318,-0.06567,0.80991
18,0.67619,20.25083,2,0.0291,-0.05042,0.78837
19,0.67619,20.25083,1,-0.00318,-0.06567,0.80991
19,0.67619,20.25083,2,0.0291,-0.05042,0.78837
20,0.78854,17.96126,1,-0.03391,-0.00021,0.79343
20,0.78854,17.96126,2,0.01581,-0.0288,0.68172
