particle,elasticity,weight,frame,x,y,z
1,0.11016,19.08055,1,0.39035,0.02147,0.34422
1,0.11016,19.08055,2,0.34063,-0.1965,0.33822
2,0.61804,19.53629,1,0.38705,0.07059,0.34934
2,0.61804,19.53629,2,0.28012,-0.15381,0.34427
3,0.66276,16.64889,1,0.36028,-0.00221,0.3495
3,0.66276,16.64889,2,0.30964,-0.22153,0.35792
4,0.58321,18.42007,1,0.35889,0.05912,0.42917
4,0.58321,18.42007,2,0.3147,-0.20569,0.39355
5,0.61804,19.53629,1,0.38705,0.07059,0.34934
5,0.61804,19.53629,2,0.28012,-0.15381,0.34427
6,0.61804,19.53629,1,0.38705,0.07059,0.34934
6,0.61804,19.53629,2,0.28012,-0.15381,0.34427
7,0.44878,19.36633,1,0.38322,0.04886,0.39005
7,0.44878,19.36633,2,0.3274,-0.15463,0.41619
8,0.58321,18.42007,1,0.35889,0.05912,0.42917
8,0.58321,18.42007,2,0.3147,-0.20569,0.39355
9,0.61804,19.53629,1,0.38705,0.07059,0.34934
9,0.61804,19.53629,2,0.28012,-0.15381,0.34427
10,0.44878,19.36633,1,0.38322,0.04886,0.39005
10,0.44878,19.36633,2,0.3274,-0.15463,0.41619
11,0.44878,19.36633,1,0.38322,0.04886,0.39005
11,0.44878,19.36633,2,0.3274,-0.15463,0.41619
12,0.44878,19.36633,1,0.38322,0.04886,0.39005
12,0.44878,19.36633,2,0.3274,-0.15463,0.41619
13,0.58321,18.42007,1,0.35889,0.05912,0.42917
13,0.58321,18.42007,2,0.3147,-0.20569,0.39355
14,0.61804,19.53629,1,0.38705,0.07059,0.34934
14,0.61804,19.53629,2,0.28012,-0.15381,0.34427
15,0.44878,19.36633,1,0.38322,0.04886,0.39005
15,0.44878,19.36633,2,0.3274,-0.15463,0.41619
16,0.58321,18.42007,1,0.35889,0.05912,0.42917
16,0.58321,18.42007,2,0.3147,-0.20569,0.39355
17,0.61804,19.53629,1,0.38705,0.07059,0.34934
17,0.61804,19.53629,2,0.28012,-0.15381,0.34427
18,0.61804,19.53629,1,0.38705,0.07059,0.34934
18,0.61804,19.53629,2,0.28012,-0.15381,0.34427
19,0.11016,19.08055,1,0.39035,0.02147,0.34422
19,0.11016,19.08055,2,0.34063,-0.1965,0.33822
20,0.61804,19.53629,1,0.38705,0.07059,0.34934
20,0.61804,19.53629,2,0.28012,-0.15381,0.34427
