particle,elasticity,weight,frame,x,y,z
1,0.39778,21.39963,1,-0.31083,-0.20803,0.86039
1,0.39778,21.39963,2,-0.31406,-0.22423,0.87302
2,0.03968,18.73125,1,-0.3061,-0.34209,0.87511
2,0.03968,18.73125,2,-0.31325,-0.26703,0.88456
3,0.2288,18.86736,1,-0.31083,-0.20803,0.86039
3,0.2288,18.86736,2,-0.25226,-0.27116,0.87056
4,0.6627,18.43305,1,-0.25727,-0.27701,0.82918
4,0.6627,18.43305,2,-0.32291,-0.27748,0.87494
5,0.86398,16.59826,1,-0.33482,-0.24423,0.85368
5,0.86398,16.59826,2,-0.36598,-0.2498,0.84672
6,0.2288,18.86736,1,-0.31083,-0.20803,0.86039
6,0.2288,18.86736,2,-0.25226,-0.27116,0.87056
7,0.39778,21.39963,1,-0.31083,-0.20803,0.86039
7,0.39778,21.39963,2,-0.31406,-0.22423,0.87302
8,0.32957,19.64323,1,-0.21182,-0.22964,0.84929
8,0.32957,19.64323,2,-0.24009,-0.2074,0.87017
9,0.39778,21.39963,1,-0.31083,-0.20803,0.86039
9,0.39778,21.39963,2,-0.31406,-0.22423,0.87302
10,0.03968,18.73125,1,-0.3061,-0.34209,0.87511
10,0.03968,18.73125,2,-0.31325,-0.26703,0.88456
11,0.59521,19.68859,1,-0.31276,-0.3125,0.85151
11,0.59521,19.68859,2,-0.32306,-0.27943,0.86996
12,0.39778,21.39963,1,-0.31083,-0.20803,0.86039
12,0.39778,21.39963,2,-0.31406,-0.22423,0.87302
13,0.39778,21.39963,1,-0.31083,-0.20803,0.86039
13,0.39778,21.39963,2,-0.31406,-0.22423,0.87302
14,0.32957,19.64323,1,-0.21182,-0.22964,0.84929
14,0.32957,19.64323,2,-0.24009,-0.2074,0.87017
15,0.3472,18.88345,1,-0.31083,-0.20803,0.86039
15,0.3472,18.88345,2,-0.27093,-0.19574,0.87085
16,0.39778,21.39963,1,-0.31083,-0.20803,0.86039
16,0.39778,21.39963,2,-0.31406,-0.22423,0.87302
17,0.59521,19.68859,1,-0.31276,-0.3125,0.85151
17,0.59521,19.68859,2,-0.32306,-0.27943,0.86996
18,0.39778,21.39963,1,-0.31083,-0.20803,0.86039
18,0.39778,21.39963,2,-0.31406,-0.22423,0.87302
19,0.32957,19.64323,1,-0.21182,-0.22964,0.84929
19,0.32957,19.64323,2,-0.24009,-0.2074,0.87017
20,0.39778,21.39963,1,-0.31083,-0.20803,0.86039
20,0.39778,21.39963,2,-0.31406,-0.22423,0.87302
