particle,elasticity,weight,frame,x,y,z
1,0.74706,21.97023,1,-0.38299,-0.2383,0.39832
1,0.74706,21.97023,2,-0.31349,-0.39873,0.62196
2,0.17556,16.47277,1,-0.30831,-0.16426,0.39356
2,0.17556,16.47277,2,-0.39887,-0.3977,0.62429
3,0.74706,21.97023,1,-0.38299,-0.2383,0.39832
3,0.74706,21.97023,2,-0.31349,-0.39873,0.62196
4,0.74706,21.97023,1,-0.38299,-0.2383,0.39832
4,0.74706,21.97023,2,-0.31349,-0.39873,0.62196
5,0.74706,21.97023,1,-0.38299,-0.2383,0.39832
5,0.74706,21.97023,2,-0.31349,-0.39873,0.62196
6,0.22857,18.82406,1,-0.2765,-0.25213,0.39828
6,0.22857,18.82406,2,-0.27462,-0.38511,0.61118
7,0.74706,21.97023,1,-0.38299,-0.2383,0.39832
7,0.74706,21.97023,2,-0.31349,-0.39873,0.62196
8,0.22857,18.82406,1,-0.2765,-0.25213,0.39828
8,0.22857,18.82406,2,-0.27462,-0.38511,0.61118
9,0.22857,18.82406,1,-0.2765,-0.25213,0.39828
9,0.22857,18.82406,2,-0.27462,-0.38511,0.61118
10,0.74706,21.97023,1,-0.38299,-0.2383,0.39832
10,0.74706,21.97023,2,-0.31349,-0.39873,0.62196
11,0.22857,18.82406,1,-0.2765,-0.25213,0.39828
11,0.22857,18.82406,2,-0.27462,-0.38511,0.61118
12,0.74706,21.97023,1,-0.38299,-0.2383,0.39832
12,0.74706,21.97023,2,-0.31349,-0.39873,0.62196
13,0.74706,21.97023,1,-0.38299,-0.2383,0.39832
13,0.74706,21.97023,2,-0.31349,-0.39873,0.62196
14,0.55936,18.7864,1,-0.4137,-0.19564,0.39565
14,0.55936,18.7864,2,-0.27301,-0.38033,0.59374
15,0.74706,21.97023,1,-0.38299,-0.2383,0.39832
15,0.74706,21.97023,2,-0.31349,-0.39873,0.62196
16,0.22857,18.82406,1,-0.2765,-0.25213,0.39828
16,0.22857,18.82406,2,-0.27462,-0.38511,0.61118
17,0.74706,21.97023,1,-0.38299,-0.2383,0.39832
17,0.74706,21.97023,2,-0.31349,-0.39873,0.62196
18,0.17556,16.47277,1,-0.30831,-0.16426,0.39356
18,0.17556,16.47277,2,-0.39887,-0.3977,0.62429
19,0.22857,18.82406,1,-0.2765,-0.25213,0.39828
19,0.22857,18.82406,2,-0.27462,-0.38511,0.61118
20,0.15433,17.8553,1,-0.30831,-0.16426,0.39356
20,0.15433,17.8553,2,-0.23543,-0.33764,0.62902
