particle,elasticity,weight,frame,x,y,z
1,0.34833,15.8209,1,-0.1995,0.41003,0.86399
1,0.34833,15.8209,2,-0.36666,0.35383,1.08351
2,0.10539,15.84427,1,-0.05723,0.39655,0.89002
2,0.10539,15.84427,2,-0.37359,0.31356,0.81555
3,0.12352,17.35907,1,-0.05691,0.39592,0.88892
3,0.12352,17.35907,2,-0.18728,0.37053,0.89493
4,0.28403,13.3721,1,-0.14824,0.35244,0.87415
4,0.28403,13.3721,2,-0.29417,0.3673,0.88712
5,0.34833,15.8209,1,-0.1995,0.41003,0.86399
5,0.34833,15.8209,2,-0.36666,0.35383,1.08351
6,0.34833,15.8209,1,-0.1995,0.41003,0.86399
6,0.34833,15.8209,2,-0.36666,0.35383,1.08351
7,0.28403,13.3721,1,-0.14824,0.35244,0.87415
7,0.28403,13.3721,2,-0.29417,0.3673,0.88712
8,0.69016,17.61306,1,-0.14798,0.38484,0.8553
8,0.69016,17.61306,2,-0.2998,0.34735,0.73337
9,0.28403,13.3721,1,-0.14824,0.35244,0.87415
9,0.28403,13.3721,2,-0.29417,0.3673,0.88712
10,0.34833,15.8209,1,-0.1995,0.41003,0.86399
10,0.34833,15.8209,2,-0.36666,0.35383,1.08351
11,0.34833,15.8209,1,-0.1995,0.41003,0.86399
11,0.34833,15.8209,2,-0.36666,0.35383,1.08351
12,0.28403,13.3721,1,-0.14824,0.35244,0.87415
12,0.28403,13.3721,2,-0.29417,0.3673,0.88712
13,0.12352,17.35907,1,-0.05691,0.39592,0.88892
13,0.12352,17.35907,2,-0.18728,0.37053,0.89493
14,0.34833,15.8209,1,-0.1995,0.41003,0.86399
14,0.34833,15.8209,2,-0.36666,0.35383,1.08351
15,0.34833,15.8209,1,-0.1995,0.41003,0.86399
15,0.34833,15.8209,2,-0.36666,0.35383,1.08351
16,0.34833,15.8209,1,-0.1995,0.41003,0.86399
16,0.34833,15.8209,2,-0.36666,0.35383,1.08351
17,0.12352,17.35907,1,-0.05691,0.39592,0.88892
17,0.12352,17.35907,2,-0.18728,0.37053,0.89493
18,0.12352,17.35907,1,-0.05691,0.39592,0.88892
18,0.12352,17.35907,2,-0.18728,0.37053,0.89493
19,0.10539,15.84427,1,-0.05723,0.39655,0.89002
19,0.10539,15.84427,2,-0.37359,0.31356,0.81555
20,0.34833,15.8209,1,-0.1995,0.41003,0.86399
20,0.34833,15.8209,2,-0.36666,0.35383,1.08351
