particle,elasticity,weight,frame,x,y,z
1,0.38267,8.22468,1,0.1203,-0.05732,0.26254
1,0.38267,8.22468,2,0.44164,-0.21651,0.27021
2,0.73223,8.22468,1,0.1203,-0.05732,0.26254
2,0.73223,8.22468,2,0.44164,-0.21651,0.27021
3,0.8001,8.22468,1,0.1203,-0.05732,0.26254
3,0.8001,8.22468,2,0.44164,-0.21651,0.27021
4,0.21283,8.22468,1,0.1203,-0.05732,0.26254
4,0.21283,8.22468,2,0.44164,-0.21651,0.27021
5,0.95074,8.22468,1,0.1203,-0.05732,0.26254
5,0.95074,8.22468,2,0.44164,-0.21651,0.27021
6,0.88979,8.22468,1,0.1203,-0.05732,0.26254
6,0.88979,8.22468,2,0.44164,-0.21651,0.27021
7,0.67403,8.22468,1,0.1203,-0.05732,0.26254
7,0.67403,8.22468,2,0.44164,-0.21651,0.27021
8,0.98903,8.22468,1,0.1203,-0.05732,0.26254
8,0.98903,8.22468,2,0.44164,-0.21651,0.27021
9,0.27245,8.22468,1,0.1203,-0.05732,0.26254
9,0.27245,8.22468,2,0.44164,-0.21651,0.27021
10,0.68176,8.22468,1,0.1203,-0.05732,0.26254
10,0.68176,8.22468,2,0.44164,-0.21651,0.27021
11,0.14109,8.22468,1,0.1203,-0.05732,0.26254
11,0.14109,8.22468,2,0.44164,-0.21651,0.27021
12,0.01522,8.22468,1,0.1203,-0.05732,0.26254
12,0.01522,8.22468,2,0.44164,-0.21651,0.27021
13,0.51784,8.22468,1,0.1203,-0.05732,0.26254
13,0.51784,8.22468,2,0.44164,-0.21651,0.27021
14,0.62046,8.22468,1,0.1203,-0.05732,0.26254
14,0.62046,8.22468,2,0.44164,-0.21651,0.27021
15,0.79549,8.22468,1,0.1203,-0.05732,0.26254
15,0.79549,8.22468,2,0.44164,-0.21651,0.27021
16,0.90141,8.22468,1,0.1203,-0.05732,0.26254
16,0.90141,8.22468,2,0.44164,-0.21651,0.27021
17,0.40776,8.22468,1,0.1203,-0.05732,0.26254
17,0.40776,8.22468,2,0.44164,-0.21651,0.27021
18,0.2344,8.22468,1,0.1203,-0.05732,0.26254
18,0.2344,8.22468,2,0.44164,-0.21651,0.27021
19,0.13384,8.22468,1,0.1203,-0.05732,0.26254
19,0.13384,8.22468,2,0.44164,-0.21651,0.27021
20,0.25959,8.22468,1,0.1203,-0.05732,0.26254
20,0.25959,8.22468,2,0.44164,-0.21651,0.27021
