particle,elasticity,weight,frame,x,y,z
1,0.64619,8.2258,1,0.11499,-0.41565,0.71826
1,0.64619,8.2258,2,0.45194,-0.40471,0.7706
2,0.17578,8.23076,1,0.11606,-0.42008,0.71855
2,0.17578,8.23076,2,0.45456,-0.4157,0.77131
3,0.92277,8.22192,1,0.11437,-0.41305,0.71809
3,0.92277,8.22192,2,0.45039,-0.39825,0.77018
4,0.17505,8.23076,1,0.11606,-0.42009,0.71855
4,0.17505,8.23076,2,0.45457,-0.41572,0.77131
5,0.3597,8.22907,1,0.11564,-0.41835,0.71843
5,0.3597,8.22907,2,0.45354,-0.4114,0.77103
6,0.88007,8.22257,1,0.11446,-0.41345,0.71811
6,0.88007,8.22257,2,0.45063,-0.39925,0.77024
7,0.66821,8.22552,1,0.11494,-0.41545,0.71824
7,0.66821,8.22552,2,0.45181,-0.4042,0.77056
8,0.47232,8.22788,1,0.11539,-0.41729,0.71836
8,0.47232,8.22788,2,0.45291,-0.40877,0.77086
9,0.10737,8.2313,1,0.11621,-0.42073,0.71859
9,0.10737,8.2313,2,0.45494,-0.4173,0.77141
10,0.16673,8.23083,1,0.11608,-0.42017,0.71855
10,0.16673,8.23083,2,0.45461,-0.41591,0.77132
11,0.94776,8.22154,1,0.11431,-0.41281,0.71807
11,0.94776,8.22154,2,0.45025,-0.39766,0.77014
12,0.06963,8.23158,1,0.1163,-0.42108,0.71861
12,0.06963,8.23158,2,0.45515,-0.41818,0.77147
13,0.95622,8.2214,1,0.11429,-0.41273,0.71807
13,0.95622,8.2214,2,0.4502,-0.39747,0.77013
14,0.24938,8.23012,1,0.11589,-0.41939,0.7185
14,0.24938,8.23012,2,0.45415,-0.41398,0.7712
15,0.76624,8.22421,1,0.11472,-0.41452,0.71818
15,0.76624,8.22421,2,0.45127,-0.40191,0.77041
16,0.02493,8.2319,1,0.1164,-0.4215,0.71864
16,0.02493,8.2319,2,0.4554,-0.41922,0.77154
17,0.80311,8.22369,1,0.11464,-0.41418,0.71816
17,0.80311,8.22369,2,0.45106,-0.40104,0.77036
18,0.87657,8.22262,1,0.11447,-0.41348,0.71812
18,0.87657,8.22262,2,0.45065,-0.39933,0.77025
19,0.60008,8.22638,1,0.1151,-0.41609,0.71829
19,0.60008,8.22638,2,0.45219,-0.40579,0.77067
20,0.29331,8.22971,1,0.11579,-0.41898,0.71847
20,0.29331,8.22971,2,0.45391,-0.41295,0.77113
