particle,elasticity,weight,frame,x,y,z
1,0.49697,8.11223,1,-0.17768,-0.42886,0.73731
1,0.49697,8.11223,2,-0.43386,-0.40129,0.72886
2,0.13438,8.13432,1,-0.17565,-0.44271,0.73845
2,0.13438,8.13432,2,-0.42802,-0.3469,0.734
3,0.86975,8.06751,1,-0.17999,-0.4145,0.73731
3,0.86975,8.06751,2,-0.43956,-0.32461,0.72868
4,0.58166,8.10392,1,-0.1782,-0.4256,0.73731
4,0.58166,8.10392,2,-0.43518,-0.38386,0.7288
5,0.28356,8.12831,1,-0.17635,-0.43708,0.73731
5,0.28356,8.12831,2,-0.4355,-0.33091,0.72874
6,0.79313,8.07842,1,-0.17952,-0.41745,0.73731
6,0.79313,8.07842,2,-0.43841,-0.34036,0.7287
7,0.05588,8.13584,1,-0.17533,-0.44563,0.73921
7,0.05588,8.13584,2,-0.4247,-0.35632,0.73737
8,0.63048,8.09864,1,-0.17851,-0.42372,0.73731
8,0.63048,8.09864,2,-0.43594,-0.37382,0.72877
9,0.23853,8.1307,1,-0.17609,-0.4388,0.73745
9,0.23853,8.1307,2,-0.43291,-0.33549,0.7294
10,0.20225,8.13217,1,-0.17593,-0.44016,0.7378
10,0.20225,8.13217,2,-0.43115,-0.33932,0.73102
11,0.37189,8.12249,1,-0.1769,-0.43368,0.73731
11,0.37189,8.12249,2,-0.44102,-0.32257,0.72871
12,0.00299,8.13628,1,-0.17513,-0.4476,0.73972
12,0.00299,8.13628,2,-0.42264,-0.36307,0.73961
13,0.06286,8.13575,1,-0.17536,-0.44537,0.73914
13,0.06286,8.13575,2,-0.42498,-0.35546,0.73707
14,0.25148,8.13012,1,-0.17615,-0.43832,0.73732
14,0.25148,8.13012,2,-0.43356,-0.33416,0.72881
15,0.6774,8.09322,1,-0.1788,-0.42191,0.73731
15,0.6774,8.09322,2,-0.43666,-0.36416,0.72875
16,0.79387,8.07832,1,-0.17952,-0.41743,0.73731
16,0.79387,8.07832,2,-0.43842,-0.34021,0.7287
17,0.15669,8.1337,1,-0.17574,-0.44187,0.73823
17,0.15669,8.1337,2,-0.42902,-0.34435,0.73302
18,0.75283,8.08381,1,-0.17927,-0.41901,0.73731
18,0.75283,8.08381,2,-0.4378,-0.34865,0.72872
19,0.14642,8.134,1,-0.1757,-0.44226,0.73833
19,0.14642,8.134,2,-0.42856,-0.34552,0.73347
20,0.33368,8.12516,1,-0.17666,-0.43515,0.73731
20,0.33368,8.12516,2,-0.4386,-0.32606,0.72872
