particle,elasticity,weight,frame,x,y,z
1,0.04663,8.26558,1,0.08993,-0.20485,0.52212
1,0.04663,8.26558,2,0.17457,-0.29998,0.31609
2,0.97979,8.26558,1,0.08993,-0.20485,0.52212
2,0.97979,8.26558,2,0.17457,-0.29998,0.31609
3,0.04218,8.26558,1,0.08993,-0.20485,0.52212
3,0.04218,8.26558,2,0.17457,-0.29998,0.31609
4,0.96237,8.26558,1,0.08993,-0.20485,0.52212
4,0.96237,8.26558,2,0.17457,-0.29998,0.31609
5,0.00611,8.26558,1,0.08993,-0.20485,0.52212
5,0.00611,8.26558,2,0.17457,-0.29998,0.31609
6,0.70305,8.26558,1,0.08993,-0.20485,0.52212
6,0.70305,8.26558,2,0.17457,-0.29998,0.31609
7,0.53471,8.26558,1,0.08993,-0.20485,0.52212
7,0.53471,8.26558,2,0.17457,-0.29998,0.31609
8,0.00241,8.26558,1,0.08993,-0.20485,0.52212
8,0.00241,8.26558,2,0.17457,-0.29998,0.31609
9,0.95076,8.26558,1,0.08993,-0.20485,0.52212
9,0.95076,8.26558,2,0.17457,-0.29998,0.31609
10,0.18064,8.26558,1,0.08993,-0.20485,0.52212
10,0.18064,8.26558,2,0.17457,-0.29998,0.31609
11,0.3117,8.26558,1,0.08993,-0.20485,0.52212
11,0.3117,8.26558,2,0.17457,-0.29998,0.31609
12,0.96039,8.26558,1,0.08993,-0.20485,0.52212
12,0.96039,8.26558,2,0.17457,-0.29998,0.31609
13,0.98706,8.26558,1,0.08993,-0.20485,0.52212
13,0.98706,8.26558,2,0.17457,-0.29998,0.31609
14,0.65676,8.26558,1,0.08993,-0.20485,0.52212
14,0.65676,8.26558,2,0.17457,-0.29998,0.31609
15,0.54693,8.26558,1,0.08993,-0.20485,0.52212
15,0.54693,8.26558,2,0.17457,-0.29998,0.31609
16,0.37103,8.26558,1,0.08993,-0.20485,0.52212
16,0.37103,8.26558,2,0.17457,-0.29998,0.31609
17,0.81896,8.26558,1,0.08993,-0.20485,0.52212
17,0.81896,8.26558,2,0.17457,-0.29998,0.31609
18,0.51686,8.26558,1,0.08993,-0.20485,0.52212
18,0.51686,8.26558,2,0.17457,-0.29998,0.31609
19,0.63629,8.26558,1,0.08993,-0.20485,0.52212
19,0.63629,8.26558,2,0.17457,-0.29998,0.31609
20,0.99786,8.26558,1,0.08993,-0.20485,0.52212
20,0.99786,8.26558,2,0.17457,-0.29998,0.31609
