particle,elasticity,weight,frame,x,y,z
1,0.87807,8.27648,1,0.212,0.33248,0.07309
1,0.87807,8.27648,2,0.03624,0.25103,0.04652
2,0.27618,8.27648,1,0.212,0.33248,0.07309
2,0.27618,8.27648,2,0.03574,0.25047,0.04339
3,0.13917,8.27648,1,0.212,0.33248,0.07309
3,0.13917,8.27648,2,0.03562,0.25036,0.0427
4,0.25097,8.27648,1,0.212,0.33248,0.07309
4,0.25097,8.27648,2,0.03572,0.25045,0.04327
5,0.96241,8.27648,1,0.212,0.33248,0.07309
5,0.96241,8.27648,2,0.03631,0.25111,0.04697
6,0.58309,8.27648,1,0.212,0.33248,0.07309
6,0.58309,8.27648,2,0.036,0.25075,0.04498
7,0.42674,8.27648,1,0.212,0.33248,0.07309
7,0.42674,8.27648,2,0.03587,0.25061,0.04417
8,0.50056,8.27648,1,0.212,0.33248,0.07309
8,0.50056,8.27648,2,0.03593,0.25067,0.04455
9,0.14103,8.27648,1,0.212,0.33248,0.07309
9,0.14103,8.27648,2,0.03562,0.25036,0.04271
10,0.56127,8.27648,1,0.212,0.33248,0.07309
10,0.56127,8.27648,2,0.03598,0.25073,0.04486
11,0.14444,8.27648,1,0.212,0.33248,0.07309
11,0.14444,8.27648,2,0.03562,0.25036,0.04273
12,0.84836,8.27648,1,0.212,0.33248,0.07309
12,0.84836,8.27648,2,0.03622,0.251,0.04637
13,0.08647,8.27648,1,0.212,0.33248,0.07309
13,0.08647,8.27648,2,0.03557,0.25031,0.04243
14,0.85866,8.27648,1,0.212,0.33248,0.07309
14,0.85866,8.27648,2,0.03623,0.25101,0.04642
15,0.76019,8.27648,1,0.212,0.33248,0.07309
15,0.76019,8.27648,2,0.03615,0.25091,0.0459
16,0.50868,8.27648,1,0.212,0.33248,0.07309
16,0.50868,8.27648,2,0.03594,0.25068,0.04459
17,0.07258,8.27648,1,0.212,0.33248,0.07309
17,0.07258,8.27648,2,0.03556,0.2503,0.04236
18,0.33765,8.27648,1,0.212,0.33248,0.07309
18,0.33765,8.27648,2,0.03579,0.25053,0.04371
19,0.22861,8.27648,1,0.212,0.33248,0.07309
19,0.22861,8.27648,2,0.0357,0.25043,0.04315
20,0.96067,8.27648,1,0.212,0.33248,0.07309
20,0.96067,8.27648,2,0.03631,0.25111,0.04696
