particle,elasticity,weight,frame,x,y,z
1,0.41558,8.21033,1,0.08995,0.20301,0.58888
1,0.41558,8.21033,2,0.37754,0.30157,0.31789
2,0.72339,8.21033,1,0.08995,0.20301,0.58888
2,0.72339,8.21033,2,0.37754,0.30157,0.31789
3,0.15447,8.21033,1,0.08995,0.20301,0.58888
3,0.15447,8.21033,2,0.37754,0.30157,0.31789
4,0.27468,8.21033,1,0.08995,0.20301,0.58888
4,0.27468,8.21033,2,0.37754,0.30157,0.31789
5,0.02128,8.21033,1,0.08995,0.20301,0.58888
5,0.02128,8.21033,2,0.37754,0.30157,0.31789
6,0.55634,8.21033,1,0.08995,0.20301,0.58888
6,0.55634,8.21033,2,0.37754,0.30157,0.31789
7,0.05791,8.21033,1,0.08995,0.20301,0.58888
7,0.05791,8.21033,2,0.37754,0.30157,0.31789
8,0.6455,8.21033,1,0.08995,0.20301,0.58888
8,0.6455,8.21033,2,0.37754,0.30157,0.31789
9,0.73306,8.21033,1,0.08995,0.20301,0.58888
9,0.73306,8.21033,2,0.37754,0.30157,0.31789
10,0.1562,8.21033,1,0.08995,0.20301,0.58888
10,0.1562,8.21033,2,0.37754,0.30157,0.31789
11,0.20403,8.21033,1,0.08995,0.20301,0.58888
11,0.20403,8.21033,2,0.37754,0.30157,0.31789
12,0.88698,8.21033,1,0.08995,0.20301,0.58888
12,0.88698,8.21033,2,0.37754,0.30157,0.31789
13,0.79236,8.21033,1,0.08995,0.20301,0.58888
13,0.79236,8.21033,2,0.37754,0.30157,0.31789
14,0.09708,8.21033,1,0.08995,0.20301,0.58888
14,0.09708,8.21033,2,0.37754,0.30157,0.31789
15,0.64358,8.21033,1,0.08995,0.20301,0.58888
15,0.64358,8.21033,2,0.37754,0.30157,0.31789
16,0.5841,8.21033,1,0.08995,0.20301,0.58888
16,0.5841,8.21033,2,0.37754,0.30157,0.31789
17,0.95638,8.21033,1,0.08995,0.20301,0.58888
17,0.95638,8.21033,2,0.37754,0.30157,0.31789
18,0.25036,8.21033,1,0.08995,0.20301,0.58888
18,0.25036,8.21033,2,0.37754,0.30157,0.31789
19,0.12971,8.21033,1,0.08995,0.20301,0.58888
19,0.12971,8.21033,2,0.37754,0.30157,0.31789
20,0.17027,8.21033,1,0.08995,0.20301,0.58888
20,0.17027,8.21033,2,0.37754,0.30157,0.31789
