particle,elasticity,weight,frame,x,y,z
1,0.61704,4.15093,1,0.0469,0.11312,0.2761
2,0.17583,4.15093,1,0.0469,0.11312,0.2761
3,0.51075,4.15093,1,0.0469,0.11312,0.2761
4,0.73216,4.15093,1,0.0469,0.11312,0.2761
5,0.39977,4.15093,1,0.0469,0.11312,0.2761
6,0.25818,4.15093,1,0.0469,0.11312,0.2761
7,0.35828,4.15093,1,0.0469,0.11312,0.2761
8,0.82154,4.15093,1,0.0469,0.11312,0.2761
9,0.75057,4.15093,1,0.0469,0.11312,0.2761
10,0.42371,4.15093,1,0.0469,0.11312,0.2761
11,0.6123,4.15093,1,0.0469,0.11312,0.2761
12,0.96809,4.15093,1,0.0469,0.11312,0.2761
13,0.90445,4.15093,1,0.0469,0.11312,0.2761
14,0.49306,4.15093,1,0.0469,0.11312,0.2761
15,0.46209,4.15093,1,0.0469,0.11312,0.2761
16,0.96004,4.15093,1,0.0469,0.11312,0.2761
17,0.06387,4.15093,1,0.0469,0.11312,0.2761
18,0.49693,4.15093,1,0.0469,0.11312,0.2761
19,0.9544,4.15093,1,0.0469,0.11312,0.2761
20,0.02366,4.15093,1,0.0469,0.11312,0.2761
