particle,elasticity,weight,frame,x,y,z
1,0.78357,4.15093,1,0.17971,-0.03526,0.33896
2,0.4904,4.15093,1,0.17971,-0.03526,0.33896
3,0.17507,4.15093,1,0.17971,-0.03526,0.33896
4,0.36041,4.15093,1,0.17971,-0.03526,0.33896
5,0.87896,4.15093,1,0.17971,-0.03526,0.33896
6,0.87548,4.15093,1,0.17971,-0.03526,0.33896
7,0.58769,4.15093,1,0.17971,-0.03526,0.33896
8,0.09648,4.15093,1,0.17971,-0.03526,0.33896
9,0.45285,4.15093,1,0.17971,-0.03526,0.33896
10,0.99522,4.15093,1,0.17971,-0.03526,0.33896
11,0.68644,4.15093,1,0.17971,-0.03526,0.33896
12,0.05205,4.15093,1,0.17971,-0.03526,0.33896
13,0.48898,4.15093,1,0.17971,-0.03526,0.33896
14,0.59608,4.15093,1,0.17971,-0.03526,0.33896
15,0.81322,4.15093,1,0.17971,-0.03526,0.33896
16,0.33816,4.15093,1,0.17971,-0.03526,0.33896
17,0.45307,4.15093,1,0.17971,-0.03526,0.33896
18,0.04167,4.15093,1,0.17971,-0.03526,0.33896
19,0.33166,4.15093,1,0.17971,-0.03526,0.33896
20,0.93502,4.15093,1,0.17971,-0.03526,0.33896
