particle,elasticity,weight,frame,x,y,z
1,0.21496,4.15093,1,-0.43685,-0.42779,0.29277
2,0.12597,4.15093,1,-0.44054,-0.43356,0.29555
3,0.13655,4.15093,1,-0.44008,-0.43282,0.2952
4,0.9379,4.15093,1,-0.36702,-0.37972,0.28659
5,0.91544,4.15093,1,-0.36828,-0.38176,0.28664
6,0.58114,4.15093,1,-0.41953,-0.40145,0.27978
7,0.8076,4.15093,1,-0.37442,-0.39152,0.28657
8,0.08683,4.15093,1,-0.44043,-0.43525,0.2961
9,0.17286,4.15093,1,-0.43896,-0.4308,0.29425
10,0.83071,4.15093,1,-0.3731,-0.38944,0.28664
11,0.59,4.15093,1,-0.4191,-0.40082,0.27954
12,0.00715,4.15093,1,-0.44455,-0.4387,0.2983
13,0.87275,4.15093,1,-0.3707,-0.38563,0.28669
14,0.94103,4.15093,1,-0.36685,-0.37943,0.28659
15,0.01199,4.15093,1,-0.44449,-0.43844,0.2982
16,0.36672,4.15093,1,-0.42691,-0.41438,0.28631
17,0.42092,4.15093,1,-0.4229,-0.40962,0.28392
18,0.43153,4.15093,1,-0.42211,-0.40869,0.28345
19,0.66313,4.15093,1,-0.41552,-0.39566,0.27771
20,0.24166,4.15093,1,-0.43546,-0.42542,0.29172
