particle,elasticity,weight,frame,x,y,z
1,0.90105,8.27311,1,0.10012,0.05526,0.44233
1,0.90105,8.27311,2,0.01224,-0.02448,0.26314
2,0.67704,8.27311,1,0.10012,0.05526,0.44233
2,0.67704,8.27311,2,0.01224,-0.02448,0.26314
3,0.27943,8.27311,1,0.10012,0.05526,0.44233
3,0.27943,8.27311,2,0.01224,-0.02448,0.26314
4,0.72817,8.27311,1,0.10012,0.05526,0.44233
4,0.72817,8.27311,2,0.01224,-0.02448,0.26314
5,0.18438,8.27311,1,0.10012,0.05526,0.44233
5,0.18438,8.27311,2,0.01224,-0.02448,0.26314
6,0.27996,8.27311,1,0.10012,0.05526,0.44233
6,0.27996,8.27311,2,0.01224,-0.02448,0.26314
7,0.20736,8.27311,1,0.10012,0.05526,0.44233
7,0.20736,8.27311,2,0.01224,-0.02448,0.26314
8,0.02505,8.27311,1,0.10012,0.05526,0.44233
8,0.02505,8.27311,2,0.01224,-0.02448,0.26314
9,0.35273,8.27311,1,0.10012,0.05526,0.44233
9,0.35273,8.27311,2,0.01224,-0.02448,0.26314
10,0.70733,8.27311,1,0.10012,0.05526,0.44233
10,0.70733,8.27311,2,0.01224,-0.02448,0.26314
11,0.29354,8.27311,1,0.10012,0.05526,0.44233
11,0.29354,8.27311,2,0.01224,-0.02448,0.26314
12,0.62294,8.27311,1,0.10012,0.05526,0.44233
12,0.62294,8.27311,2,0.01224,-0.02448,0.26314
13,0.58235,8.27311,1,0.10012,0.05526,0.44233
13,0.58235,8.27311,2,0.01224,-0.02448,0.26314
14,0.3806,8.27311,1,0.10012,0.05526,0.44233
14,0.3806,8.27311,2,0.01224,-0.02448,0.26314
15,0.36517,8.27311,1,0.10012,0.05526,0.44233
15,0.36517,8.27311,2,0.01224,-0.02448,0.26314
16,0.92109,8.27311,1,0.10012,0.05526,0.44233
16,0.92109,8.27311,2,0.01224,-0.02448,0.26314
17,0.23993,8.27311,1,0.10012,0.05526,0.44233
17,0.23993,8.27311,2,0.01224,-0.02448,0.26314
18,0.88372,8.27311,1,0.10012,0.05526,0.44233
18,0.88372,8.27311,2,0.01224,-0.02448,0.26314
19,0.56291,8.27311,1,0.10012,0.05526,0.44233
19,0.56291,8.27311,2,0.01224,-0.02448,0.26314
20,0.98543,8.27311,1,0.10012,0.05526,0.44233
20,0.98543,8.27311,2,0.01224,-0.02448,0.26314
