particle,elasticity,weight,frame,x,y,z
1,0.63914,4.15093,1,-0.34118,-0.24261,0.04662
2,0.43683,4.15093,1,-0.34082,-0.24349,0.03687
3,0.40291,4.15093,1,-0.34075,-0.24366,0.03523
4,0.78419,4.15093,1,-0.34112,-0.24289,0.0528
5,0.97618,4.15093,1,-0.34099,-0.24186,0.05899
6,0.12964,4.15093,1,-0.34025,-0.24498,0.02256
7,0.69823,4.15093,1,-0.34116,-0.24273,0.04917
8,0.41315,4.15093,1,-0.34077,-0.24361,0.03573
9,0.30761,4.15093,1,-0.34057,-0.24414,0.03072
10,0.75699,4.15093,1,-0.34113,-0.24287,0.0517
11,0.49594,4.15093,1,-0.34094,-0.24317,0.03974
12,0.78617,4.15093,1,-0.34112,-0.24288,0.05287
13,0.38747,4.15093,1,-0.34072,-0.24374,0.0345
14,0.88439,4.15093,1,-0.34106,-0.24234,0.05606
15,0.38198,4.15093,1,-0.34071,-0.24377,0.03423
16,0.20872,4.15093,1,-0.34039,-0.24462,0.02614
17,0.08832,4.15093,1,-0.34018,-0.24516,0.02071
18,0.87871,4.15093,1,-0.34106,-0.24237,0.05588
19,0.09387,4.15093,1,-0.34019,-0.24514,0.02096
20,0.18087,4.15093,1,-0.34034,-0.24475,0.02487
