particle,elasticity,weight,frame,x,y,z
1,0.79247,4.15093,1,0.22377,-0.2838,0.89568
2,0.25498,4.15093,1,0.22377,-0.2838,0.90419
3,0.12645,4.15093,1,0.22377,-0.2838,0.90622
4,0.95332,4.15093,1,0.22377,-0.2838,0.89313
5,0.72856,4.15093,1,0.22377,-0.2838,0.89669
6,0.03558,4.15093,1,0.22377,-0.2838,0.90766
7,0.83724,4.15093,1,0.22377,-0.2838,0.89497
8,0.24473,4.15093,1,0.22377,-0.2838,0.90435
9,0.70778,4.15093,1,0.22377,-0.2838,0.89702
10,0.35838,4.15093,1,0.22377,-0.2838,0.90255
11,0.43981,4.15093,1,0.22377,-0.2838,0.90126
12,0.16707,4.15093,1,0.22377,-0.2838,0.90558
13,0.08378,4.15093,1,0.22377,-0.2838,0.9069
14,0.78755,4.15093,1,0.22377,-0.2838,0.89576
15,0.80586,4.15093,1,0.22377,-0.2838,0.89547
16,0.14042,4.15093,1,0.22377,-0.2838,0.906
17,0.561,4.15093,1,0.22377,-0.2838,0.89934
18,0.83462,4.15093,1,0.22377,-0.2838,0.89501
19,0.10887,4.15093,1,0.22377,-0.2838,0.9065
20,0.39691,4.15093,1,0.22377,-0.2838,0.90194
