particle,elasticity,weight,frame,x,y,z
1,0.44185,1.27366,1,0.04937,0.34754,0.06442
1,0.44185,1.27366,2,0.06633,0.37218,0.34367
2,0.54452,0.93915,1,0.04936,0.34749,0.08171
2,0.54452,0.93915,2,0.06641,0.36684,0.37547
3,0.14057,2.08349,1,0.04939,0.34767,0.01361
3,0.14057,2.08349,2,0.06639,0.38789,0.25271
4,0.79452,0.00069,1,0.04935,0.34738,0.12378
4,0.79452,0.00069,2,0.06677,0.35389,0.45518
5,0.13239,2.1019,1,0.04939,0.34767,0.01223
5,0.13239,2.1019,2,0.06639,0.38832,0.25023
6,0.1601,2.03877,1,0.04938,0.34766,0.0169
6,0.1601,2.03877,2,0.06639,0.38687,0.25861
7,0.05136,2.27398,1,0.04939,0.3477,-0.00145
7,0.05136,2.27398,2,0.06641,0.39256,0.22571
8,0.19039,1.96729,1,0.04938,0.34764,0.02202
8,0.19039,1.96729,2,0.06638,0.38529,0.26777
9,0.32796,1.60994,1,0.04938,0.34759,0.04522
9,0.32796,1.60994,2,0.06636,0.37811,0.30932
10,0.39731,1.40953,1,0.04937,0.34756,0.05691
10,0.39731,1.40953,2,0.06634,0.37449,0.33024
11,0.0757,2.22424,1,0.04939,0.34769,0.00266
11,0.0757,2.22424,2,0.0664,0.39129,0.23308
12,0.45449,1.23408,1,0.04937,0.34753,0.06655
12,0.45449,1.23408,2,0.06633,0.37152,0.34748
13,0.39235,1.42432,1,0.04937,0.34756,0.05607
13,0.39235,1.42432,2,0.06634,0.37475,0.32875
14,0.52308,1.01147,1,0.04936,0.3475,0.0781
14,0.52308,1.01147,2,0.06637,0.36795,0.36862
15,0.26569,1.77832,1,0.04938,0.34761,0.03472
15,0.26569,1.77832,2,0.06637,0.38136,0.29052
16,0.81029,-0.06439,1,0.04935,0.34738,0.12643
16,0.81029,-0.06439,2,0.06679,0.35308,0.4602
17,0.26837,1.7713,1,0.04938,0.34761,0.03517
17,0.26837,1.7713,2,0.06637,0.38122,0.29133
18,0.21956,1.89599,1,0.04938,0.34763,0.02694
18,0.21956,1.89599,2,0.06638,0.38376,0.27659
19,0.64522,0.58226,1,0.04936,0.34745,0.09866
19,0.64522,0.58226,2,0.06658,0.36162,0.4076
20,0.22828,1.8742,1,0.04938,0.34763,0.02841
20,0.22828,1.8742,2,0.06638,0.38331,0.27922
