particle,elasticity,weight,frame,x,y,z
1,0.9146,1.99944,1,0.36913,0.77061,0.16377
1,0.9146,1.99944,2,0.44783,0.87329,0.38286
2,0.01817,2.56374,1,0.36926,0.77078,0.04744
2,0.01817,2.56374,2,0.44838,0.87401,0.15201
3,0.97388,1.91465,1,0.36912,0.7706,0.17145
3,0.97388,1.91465,2,0.44779,0.87324,0.39806
4,0.70502,2.25214,1,0.36916,0.77066,0.13662
4,0.70502,2.25214,2,0.44797,0.87347,0.32906
5,0.7542,2.19944,1,0.36916,0.77065,0.14299
5,0.7542,2.19944,2,0.44794,0.87343,0.3417
6,0.17972,2.56186,1,0.36924,0.77076,0.06844
6,0.17972,2.56186,2,0.44829,0.87389,0.19375
7,0.71042,2.24655,1,0.36916,0.77065,0.13731
7,0.71042,2.24655,2,0.44797,0.87347,0.33045
8,0.49614,2.4308,1,0.3692,0.7707,0.10953
8,0.49614,2.4308,2,0.44811,0.87365,0.27534
9,0.39887,2.48902,1,0.36921,0.77072,0.0969
9,0.39887,2.48902,2,0.44817,0.87372,0.25028
10,0.5498,2.39189,1,0.36919,0.77069,0.11649
10,0.5498,2.39189,2,0.44807,0.8736,0.28915
11,0.31893,2.52495,1,0.36922,0.77073,0.08652
11,0.31893,2.52495,2,0.44821,0.87379,0.22967
12,0.16412,2.56396,1,0.36924,0.77076,0.06642
12,0.16412,2.56396,2,0.4483,0.8739,0.18972
13,0.35761,2.5089,1,0.36922,0.77072,0.09155
13,0.35761,2.5089,2,0.44819,0.87376,0.23965
14,0.78143,2.16852,1,0.36915,0.77064,0.14652
14,0.78143,2.16852,2,0.44792,0.87341,0.34869
15,0.64331,2.31253,1,0.36917,0.77067,0.12861
15,0.64331,2.31253,2,0.44801,0.87352,0.3132
16,0.38707,2.49499,1,0.36921,0.77072,0.09537
16,0.38707,2.49499,2,0.44817,0.87373,0.24724
17,0.87167,2.05718,1,0.36914,0.77062,0.15821
17,0.87167,2.05718,2,0.44786,0.87333,0.37185
18,0.84173,2.09563,1,0.36914,0.77063,0.15433
18,0.84173,2.09563,2,0.44788,0.87335,0.36417
19,0.00177,2.56148,1,0.36926,0.77079,0.04531
19,0.00177,2.56148,2,0.44839,0.87402,0.14777
20,0.47849,2.44254,1,0.3692,0.7707,0.10724
20,0.47849,2.44254,2,0.44812,0.87366,0.27079
