particle,elasticity,weight,frame,x,y,z
1,0.80214,7.38299,1,0.00085,0.35106,0.10948
1,0.80214,7.38299,2,-0.18263,0.19214,0.1042
2,0.97703,7.19327,1,0.00087,0.33726,0.10949
2,0.97703,7.19327,2,-0.18242,0.14995,0.10938
3,0.83758,7.34608,1,0.00086,0.34827,0.10948
3,0.83758,7.34608,2,-0.18257,0.1836,0.10525
4,0.22127,7.87664,1,0.00083,0.39696,0.10947
4,0.22127,7.87664,2,-0.18195,0.33285,0.09999
5,0.19445,7.89436,1,0.00082,0.39908,0.10947
5,0.19445,7.89436,2,-0.18195,0.33933,0.09999
6,0.27936,7.83674,1,0.00083,0.39237,0.10947
6,0.27936,7.83674,2,-0.18198,0.31881,0.09999
7,0.68034,7.50391,1,0.00085,0.36068,0.10948
7,0.68034,7.50391,2,-0.1829,0.22151,0.10059
8,0.50341,7.66311,1,0.00084,0.37466,0.10948
8,0.50341,7.66311,2,-0.18242,0.26455,0.09999
9,0.32426,7.80445,1,0.00083,0.38882,0.10947
9,0.32426,7.80445,2,-0.18203,0.30795,0.09999
10,0.51446,7.65373,1,0.00084,0.37379,0.10948
10,0.51446,7.65373,2,-0.18245,0.26186,0.09999
11,0.84852,7.33453,1,0.00086,0.3474,0.10948
11,0.84852,7.33453,2,-0.18256,0.18096,0.10558
12,0.46471,7.69533,1,0.00084,0.37772,0.10948
12,0.46471,7.69533,2,-0.18231,0.27394,0.09999
13,0.92244,7.25452,1,0.00086,0.34156,0.10948
13,0.92244,7.25452,2,-0.18247,0.16313,0.10776
14,0.11669,7.94318,1,0.00082,0.40522,0.10947
14,0.11669,7.94318,2,-0.18199,0.35812,0.09999
15,0.16866,7.91097,1,0.00082,0.40111,0.10947
15,0.16866,7.91097,2,-0.18196,0.34556,0.09999
16,0.12167,7.94017,1,0.00082,0.40483,0.10947
16,0.12167,7.94017,2,-0.18199,0.35691,0.09999
17,0.70719,7.47805,1,0.00085,0.35856,0.10948
17,0.70719,7.47805,2,-0.18283,0.21504,0.10139
18,0.49502,7.67017,1,0.00084,0.37532,0.10948
18,0.49502,7.67017,2,-0.18239,0.26658,0.09999
19,0.16061,7.91607,1,0.00082,0.40175,0.10947
19,0.16061,7.91607,2,-0.18196,0.3475,0.09999
20,0.47298,7.68853,1,0.00084,0.37706,0.10948
20,0.47298,7.68853,2,-0.18233,0.27194,0.09999
