particle,elasticity,weight,frame,x,y,z
1,0.34231,7.94761,1,-0.39348,-0.37931,0.29026
1,0.34231,7.94761,2,-0.34628,-0.32192,0.28512
2,0.49082,7.89173,1,-0.39182,-0.37265,0.2902
2,0.49082,7.89173,2,-0.32717,-0.30474,0.28499
3,0.20648,7.9946,1,-0.395,-0.3854,0.29032
3,0.20648,7.9946,2,-0.36416,-0.33764,0.28524
4,0.67412,7.81625,1,-0.38976,-0.36443,0.29013
4,0.67412,7.81625,2,-0.30621,-0.28356,0.28482
5,0.6796,7.81388,1,-0.3897,-0.36418,0.29013
5,0.6796,7.81388,2,-0.30604,-0.28293,0.28481
6,0.99298,7.66785,1,-0.38619,-0.35012,0.29
6,0.99298,7.66785,2,-0.28941,-0.24908,0.28496
7,0.32942,7.95224,1,-0.39362,-0.37989,0.29027
7,0.32942,7.95224,2,-0.34796,-0.32341,0.28513
8,0.70866,7.80123,1,-0.38938,-0.36288,0.29012
8,0.70866,7.80123,2,-0.30515,-0.27957,0.28479
9,0.04377,8.04569,1,-0.39682,-0.3927,0.29038
9,0.04377,8.04569,2,-0.38607,-0.35649,0.28539
10,0.06258,8.04007,1,-0.39661,-0.39186,0.29038
10,0.06258,8.04007,2,-0.38351,-0.35431,0.28537
11,0.97523,7.67668,1,-0.38639,-0.35092,0.29001
11,0.97523,7.67668,2,-0.29129,-0.25114,0.28498
12,0.00218,8.05784,1,-0.39728,-0.39457,0.2904
12,0.00218,8.05784,2,-0.39176,-0.36131,0.28543
13,0.88835,7.71894,1,-0.38736,-0.35482,0.29005
13,0.88835,7.71894,2,-0.30005,-0.25881,0.28463
14,0.21521,7.9917,1,-0.3949,-0.38501,0.29031
14,0.21521,7.9917,2,-0.363,-0.33663,0.28523
15,0.55117,7.86767,1,-0.39114,-0.36994,0.29018
15,0.55117,7.86767,2,-0.31954,-0.29777,0.28493
16,0.4011,7.92605,1,-0.39282,-0.37667,0.29024
16,0.4011,7.92605,2,-0.33866,-0.31512,0.28507
17,0.11493,8.02404,1,-0.39602,-0.38951,0.29035
17,0.11493,8.02404,2,-0.37642,-0.34824,0.28532
18,0.08988,8.03179,1,-0.3963,-0.39063,0.29036
18,0.08988,8.03179,2,-0.3798,-0.35115,0.28535
19,0.03057,8.04959,1,-0.39697,-0.39329,0.29039
19,0.03057,8.04959,2,-0.38787,-0.35802,0.2854
20,0.00714,8.05641,1,-0.39723,-0.39434,0.2904
20,0.00714,8.05641,2,-0.39108,-0.36074,0.28542
