particle,elasticity,weight,frame,x,y,z
1,0.86229,8.27673,1,-0.14746,-0.27019,0.68659
1,0.86229,8.27673,2,0.00542,-0.24493,0.79666
2,0.05644,8.27673,1,-0.14746,-0.27019,0.68659
2,0.05644,8.27673,2,0.00542,-0.24493,0.79666
3,0.55406,8.27673,1,-0.14746,-0.27019,0.68659
3,0.55406,8.27673,2,0.00542,-0.24493,0.79666
4,0.52241,8.27673,1,-0.14746,-0.27019,0.68659
4,0.52241,8.27673,2,0.00542,-0.24493,0.79666
5,0.15393,8.27673,1,-0.14746,-0.27019,0.68659
5,0.15393,8.27673,2,0.00542,-0.24493,0.79666
6,0.43331,8.27673,1,-0.14746,-0.27019,0.68659
6,0.43331,8.27673,2,0.00542,-0.24493,0.79666
7,0.08085,8.27673,1,-0.14746,-0.27019,0.68659
7,0.08085,8.27673,2,0.00542,-0.24493,0.79666
8,0.67622,8.27673,1,-0.14746,-0.27019,0.68659
8,0.67622,8.27673,2,0.00542,-0.24493,0.79666
9,0.24421,8.27673,1,-0.14746,-0.27019,0.68659
9,0.24421,8.27673,2,0.00542,-0.24493,0.79666
10,0.7682,8.27673,1,-0.14746,-0.27019,0.68659
10,0.7682,8.27673,2,0.00542,-0.24493,0.79666
11,0.62382,8.27673,1,-0.14746,-0.27019,0.68659
11,0.62382,8.27673,2,0.00542,-0.24493,0.79666
12,0.41176,8.27673,1,-0.14746,-0.27019,0.68659
12,0.41176,8.27673,2,0.00542,-0.24493,0.79666
13,0.66014,8.27673,1,-0.14746,-0.27019,0.68659
13,0.66014,8.27673,2,0.00542,-0.24493,0.79666
14,0.00658,8.27673,1,-0.14746,-0.27019,0.68659
14,0.00658,8.27673,2,0.00542,-0.24493,0.79666
15,0.57312,8.27673,1,-0.14746,-0.27019,0.68659
15,0.57312,8.27673,2,0.00542,-0.24493,0.79666
16,0.8107,8.27673,1,-0.14746,-0.27019,0.68659
16,0.8107,8.27673,2,0.00542,-0.24493,0.79666
17,0.85063,8.27673,1,-0.14746,-0.27019,0.68659
17,0.85063,8.27673,2,0.00542,-0.24493,0.79666
18,0.7851,8.27673,1,-0.14746,-0.27019,0.68659
18,0.7851,8.27673,2,0.00542,-0.24493,0.79666
19,0.54784,8.27673,1,-0.14746,-0.27019,0.68659
19,0.54784,8.27673,2,0.00542,-0.24493,0.79666
20,0.81213,8.27673,1,-0.14746,-0.27019,0.68659
20,0.81213,8.27673,2,0.00542,-0.24493,0.79666
