particle,elasticity,weight,frame,x,y,z
1,0.86855,4.15093,1,0.09004,0.34497,0.18178
2,0.24418,4.15093,1,0.08999,0.34495,0.12012
3,0.93687,4.15093,1,0.09005,0.34498,0.18852
4,0.74705,4.15093,1,0.09003,0.34497,0.16979
5,0.65533,4.15093,1,0.09002,0.34496,0.16074
6,0.04525,4.15093,1,0.08999,0.34495,0.10047
7,0.28526,4.15093,1,0.09,0.34495,0.12418
8,0.41656,4.15093,1,0.09,0.34495,0.13715
9,0.99115,4.15093,1,0.09005,0.34498,0.19388
10,0.62825,4.15093,1,0.09002,0.34496,0.15806
11,0.3237,4.15093,1,0.09,0.34495,0.12798
12,0.7752,4.15093,1,0.09003,0.34497,0.17257
13,0.05976,4.15093,1,0.08999,0.34495,0.1019
14,0.49428,4.15093,1,0.09001,0.34495,0.14483
15,0.87094,4.15093,1,0.09004,0.34497,0.18202
16,0.39858,4.15093,1,0.09,0.34495,0.13538
17,0.46294,4.15093,1,0.09001,0.34495,0.14174
18,0.66609,4.15093,1,0.09002,0.34496,0.1618
19,0.66232,4.15093,1,0.09002,0.34496,0.16143
20,0.51207,4.15093,1,0.09001,0.34495,0.14659
