particle,elasticity,weight,frame,x,y,z
1,0.95169,-19.30892,1,0.12437,0.04766,0.269
1,0.95169,-19.30892,2,0.36516,-0.22734,0.48904
2,0.96766,-19.30892,1,0.12437,0.04766,0.269
2,0.96766,-19.30892,2,0.36453,-0.22733,0.48904
3,0.23545,-19.30892,1,0.12437,0.04766,0.269
3,0.23545,-19.30892,2,0.39361,-0.22785,0.48945
4,0.30961,-19.30892,1,0.12437,0.04766,0.269
4,0.30961,-19.30892,2,0.39066,-0.22734,0.48905
5,0.8708,-19.30892,1,0.12437,0.04766,0.269
5,0.8708,-19.30892,2,0.36837,-0.22734,0.48904
6,0.39329,-19.30892,1,0.12437,0.04766,0.269
6,0.39329,-19.30892,2,0.38734,-0.22734,0.48905
7,0.8729,-19.30892,1,0.12437,0.04766,0.269
7,0.8729,-19.30892,2,0.36829,-0.22734,0.48904
8,0.15137,-19.30892,1,0.12437,0.04766,0.269
8,0.15137,-19.30892,2,0.39695,-0.22851,0.48996
9,0.97697,-19.30892,1,0.12437,0.04766,0.269
9,0.97697,-19.30892,2,0.36416,-0.22733,0.48904
10,0.32154,-19.30892,1,0.12437,0.04766,0.269
10,0.32154,-19.30892,2,0.39019,-0.22734,0.48905
11,0.06625,-19.30892,1,0.12437,0.04766,0.269
11,0.06625,-19.30892,2,0.40033,-0.22918,0.49048
12,0.2227,-19.30892,1,0.12437,0.04766,0.269
12,0.2227,-19.30892,2,0.39412,-0.22795,0.48953
13,0.48609,-19.30892,1,0.12437,0.04766,0.269
13,0.48609,-19.30892,2,0.38365,-0.22734,0.48905
14,0.98533,-19.30892,1,0.12437,0.04766,0.269
14,0.98533,-19.30892,2,0.36382,-0.22733,0.48904
15,0.1838,-19.30892,1,0.12437,0.04766,0.269
15,0.1838,-19.30892,2,0.39566,-0.22826,0.48977
16,0.26728,-19.30892,1,0.12437,0.04766,0.269
16,0.26728,-19.30892,2,0.39234,-0.22761,0.48925
17,0.29199,-19.30892,1,0.12437,0.04766,0.269
17,0.29199,-19.30892,2,0.39136,-0.22741,0.4891
18,0.81539,-19.30892,1,0.12437,0.04766,0.269
18,0.81539,-19.30892,2,0.37057,-0.22734,0.48904
19,0.73165,-19.30892,1,0.12437,0.04766,0.269
19,0.73165,-19.30892,2,0.3739,-0.22734,0.48904
20,0.33911,-19.30892,1,0.12437,0.04766,0.269
20,0.33911,-19.30892,2,0.38949,-0.22734,0.48905
