particle,elasticity,weight,frame,x,y,z
1,0.74886,7.12227,1,0.32804,0.13772,0.63271
1,0.74886,7.12227,2,0.19548,0.03165,0.53418
2,0.5789,7.36893,1,0.3453,0.13771,0.6327
2,0.5789,7.36893,2,0.23836,0.03155,0.53411
3,0.34532,7.65952,1,0.36902,0.13769,0.63269
3,0.34532,7.65952,2,0.29738,0.03145,0.53402
4,0.99247,6.71708,1,0.30332,0.13774,0.63273
4,0.99247,6.71708,2,0.13412,0.03179,0.53431
5,0.71619,7.17198,1,0.33136,0.13772,0.63271
5,0.71619,7.17198,2,0.20372,0.03163,0.53417
6,0.49706,7.47713,1,0.35361,0.1377,0.6327
6,0.49706,7.47713,2,0.25903,0.03151,0.53407
7,0.19399,7.81779,1,0.3844,0.13768,0.63268
7,0.19399,7.81779,2,0.33566,0.0314,0.53398
8,0.5584,7.39668,1,0.34738,0.13771,0.6327
8,0.5584,7.39668,2,0.24353,0.03154,0.5341
9,0.8205,7.00942,1,0.32077,0.13773,0.63272
9,0.8205,7.00942,2,0.17742,0.03169,0.53422
10,0.90203,6.8746,1,0.3125,0.13773,0.63272
10,0.90203,6.8746,2,0.15689,0.03174,0.53426
11,0.23142,7.78084,1,0.3806,0.13769,0.63269
11,0.23142,7.78084,2,0.32619,0.03141,0.53398
12,0.39115,7.60692,1,0.36437,0.13769,0.63269
12,0.39115,7.60692,2,0.28579,0.03147,0.53403
13,0.65242,7.26587,1,0.33783,0.13771,0.63271
13,0.65242,7.26587,2,0.2198,0.03159,0.53414
14,0.79221,7.05462,1,0.32364,0.13772,0.63272
14,0.79221,7.05462,2,0.18455,0.03167,0.53421
15,0.71047,7.18059,1,0.33194,0.13772,0.63271
15,0.71047,7.18059,2,0.20516,0.03162,0.53417
16,0.14573,7.8633,1,0.38931,0.13768,0.63268
16,0.14573,7.8633,2,0.34787,0.03138,0.53396
17,0.93933,6.81064,1,0.30871,0.13774,0.63273
17,0.93933,6.81064,2,0.1475,0.03176,0.53428
18,0.33766,7.66809,1,0.3698,0.13769,0.63269
18,0.33766,7.66809,2,0.29931,0.03144,0.53402
19,0.61465,7.31951,1,0.34167,0.13771,0.6327
19,0.61465,7.31951,2,0.22933,0.03157,0.53412
20,0.22842,7.78386,1,0.3809,0.13769,0.63269
20,0.22842,7.78386,2,0.32694,0.03141,0.53398
