particle,elasticity,weight,frame,x,y,z
1,0.14001,8.1945,1,-0.0238,0.94807,0.37134
1,0.14001,8.1945,2,-0.1524,1.21871,0.63351
2,0.34798,8.1945,1,-0.0238,0.94807,0.37134
2,0.34798,8.1945,2,-0.1524,1.21871,0.63351
3,0.87305,8.1945,1,-0.0238,0.94807,0.37134
3,0.87305,8.1945,2,-0.1524,1.21871,0.63351
4,0.02221,8.1945,1,-0.0238,0.94807,0.37134
4,0.02221,8.1945,2,-0.1524,1.21871,0.63351
5,0.16871,8.1945,1,-0.0238,0.94807,0.37134
5,0.16871,8.1945,2,-0.1524,1.21871,0.63351
6,0.76519,8.1945,1,-0.0238,0.94807,0.37134
6,0.76519,8.1945,2,-0.1524,1.21871,0.63351
7,0.27144,8.1945,1,-0.0238,0.94807,0.37134
7,0.27144,8.1945,2,-0.1524,1.21871,0.63351
8,0.13244,8.1945,1,-0.0238,0.94807,0.37134
8,0.13244,8.1945,2,-0.1524,1.21871,0.63351
9,0.27045,8.1945,1,-0.0238,0.94807,0.37134
9,0.27045,8.1945,2,-0.1524,1.21871,0.63351
10,0.61755,8.1945,1,-0.0238,0.94807,0.37134
10,0.61755,8.1945,2,-0.1524,1.21871,0.63351
11,0.0287,8.1945,1,-0.0238,0.94807,0.37134
11,0.0287,8.1945,2,-0.1524,1.21871,0.63351
12,0.37599,8.1945,1,-0.0238,0.94807,0.37134
12,0.37599,8.1945,2,-0.1524,1.21871,0.63351
13,0.15363,8.1945,1,-0.0238,0.94807,0.37134
13,0.15363,8.1945,2,-0.1524,1.21871,0.63351
14,0.0493,8.1945,1,-0.0238,0.94807,0.37134
14,0.0493,8.1945,2,-0.1524,1.21871,0.63351
15,0.9014,8.1945,1,-0.0238,0.94807,0.37134
15,0.9014,8.1945,2,-0.1524,1.21871,0.63351
16,0.32105,8.1945,1,-0.0238,0.94807,0.37134
16,0.32105,8.1945,2,-0.1524,1.21871,0.63351
17,0.4556,8.1945,1,-0.0238,0.94807,0.37134
17,0.4556,8.1945,2,-0.1524,1.21871,0.63351
18,0.30569,8.1945,1,-0.0238,0.94807,0.37134
18,0.30569,8.1945,2,-0.1524,1.21871,0.63351
19,0.07949,8.1945,1,-0.0238,0.94807,0.37134
19,0.07949,8.1945,2,-0.1524,1.21871,0.63351
20,0.52419,8.1945,1,-0.0238,0.94807,0.37134
20,0.52419,8.1945,2,-0.1524,1.21871,0.63351
