particle,elasticity,weight,frame,x,y,z
1,0.69372,4.15093,1,0.36917,0.77066,0.13515
2,0.1963,4.15093,1,0.36924,0.77075,0.0706
3,0.97388,4.15093,1,0.36912,0.7706,0.17145
4,0.74612,4.15093,1,0.36916,0.77065,0.14194
5,0.80376,4.15093,1,0.36915,0.77064,0.14941
6,0.28648,4.15093,1,0.36923,0.77074,0.08231
7,0.74349,4.15093,1,0.36916,0.77065,0.1416
8,0.40451,4.15093,1,0.36921,0.77072,0.09763
9,0.49351,4.15093,1,0.3692,0.7707,0.10918
10,0.49633,4.15093,1,0.3692,0.7707,0.10955
11,0.4677,4.15093,1,0.3692,0.7707,0.10583
12,0.075,4.15093,1,0.36926,0.77077,0.05483
13,0.49538,4.15093,1,0.3692,0.7707,0.10943
14,0.7365,4.15093,1,0.36916,0.77065,0.1407
15,0.54026,4.15093,1,0.36919,0.77069,0.11525
16,0.28074,4.15093,1,0.36923,0.77074,0.08156
17,0.8752,4.15093,1,0.36914,0.77062,0.15867
18,0.91072,4.15093,1,0.36913,0.77061,0.16327
19,0.00177,4.15093,1,0.36926,0.77079,0.04531
20,0.69318,4.15093,1,0.36917,0.77066,0.13508
