particle,elasticity,weight,frame,x,y,z
1,0.6774,8.25827,1,0.241,0.08992,0.44681
1,0.6774,8.25827,2,0.25796,0.21547,0.22824
2,0.53105,8.25827,1,0.241,0.08992,0.44681
2,0.53105,8.25827,2,0.25796,0.21547,0.22824
3,0.79001,8.25827,1,0.241,0.08992,0.44681
3,0.79001,8.25827,2,0.25796,0.21547,0.22824
4,0.57433,8.25827,1,0.241,0.08992,0.44681
4,0.57433,8.25827,2,0.25796,0.21547,0.22824
5,0.14444,8.25827,1,0.241,0.08992,0.44681
5,0.14444,8.25827,2,0.25796,0.21547,0.22824
6,0.18383,8.25827,1,0.241,0.08992,0.44681
6,0.18383,8.25827,2,0.25796,0.21547,0.22824
7,0.70448,8.25827,1,0.241,0.08992,0.44681
7,0.70448,8.25827,2,0.25796,0.21547,0.22824
8,0.46738,8.25827,1,0.241,0.08992,0.44681
8,0.46738,8.25827,2,0.25796,0.21547,0.22824
9,0.06113,8.25827,1,0.241,0.08992,0.44681
9,0.06113,8.25827,2,0.25796,0.21547,0.22824
10,0.40788,8.25827,1,0.241,0.08992,0.44681
10,0.40788,8.25827,2,0.25796,0.21547,0.22824
11,0.41029,8.25827,1,0.241,0.08992,0.44681
11,0.41029,8.25827,2,0.25796,0.21547,0.22824
12,0.03868,8.25827,1,0.241,0.08992,0.44681
12,0.03868,8.25827,2,0.25796,0.21547,0.22824
13,0.71613,8.25827,1,0.241,0.08992,0.44681
13,0.71613,8.25827,2,0.25796,0.21547,0.22824
14,0.94709,8.25827,1,0.241,0.08992,0.44681
14,0.94709,8.25827,2,0.25796,0.21547,0.22824
15,0.44752,8.25827,1,0.241,0.08992,0.44681
15,0.44752,8.25827,2,0.25796,0.21547,0.22824
16,0.50518,8.25827,1,0.241,0.08992,0.44681
16,0.50518,8.25827,2,0.25796,0.21547,0.22824
17,0.91292,8.25827,1,0.241,0.08992,0.44681
17,0.91292,8.25827,2,0.25796,0.21547,0.22824
18,0.53149,8.25827,1,0.241,0.08992,0.44681
18,0.53149,8.25827,2,0.25796,0.21547,0.22824
19,0.81257,8.25827,1,0.241,0.08992,0.44681
19,0.81257,8.25827,2,0.25796,0.21547,0.22824
20,0.74169,8.25827,1,0.241,0.08992,0.44681
20,0.74169,8.25827,2,0.25796,0.21547,0.22824
