particle,elasticity,weight,frame,x,y,z
1,0.4434,4.15093,1,0.04937,0.34754,0.06468
2,0.52464,4.15093,1,0.04936,0.3475,0.07836
3,0.09237,4.15093,1,0.04939,0.34769,0.00547
4,0.94633,4.15093,1,0.04934,0.34732,0.14929
5,0.16104,4.15093,1,0.04938,0.34766,0.01706
6,0.17681,4.15093,1,0.04938,0.34765,0.01972
7,0.06763,4.15093,1,0.04939,0.3477,0.00129
8,0.19039,4.15093,1,0.04938,0.34764,0.02202
9,0.41943,4.15093,1,0.04937,0.34755,0.06064
10,0.43412,4.15093,1,0.04937,0.34754,0.06312
11,0.27564,4.15093,1,0.04938,0.34761,0.0364
12,0.52823,4.15093,1,0.04936,0.3475,0.07897
13,0.50847,4.15093,1,0.04937,0.34751,0.07564
14,0.58968,4.15093,1,0.04936,0.34747,0.08931
15,0.36226,4.15093,1,0.04937,0.34757,0.051
16,0.81238,4.15093,1,0.04935,0.34738,0.12678
17,0.27417,4.15093,1,0.04938,0.34761,0.03615
18,0.20725,4.15093,1,0.04938,0.34764,0.02486
19,0.66226,4.15093,1,0.04936,0.34744,0.10153
20,0.1047,4.15093,1,0.04939,0.34768,0.00755
