particle,elasticity,weight,frame,x,y,z
1,0.17972,4.15093,1,-0.0238,0.94807,0.37134
2,0.31012,4.15093,1,-0.0238,0.94807,0.37134
3,0.84362,4.15093,1,-0.0238,0.94807,0.37134
4,0.03552,4.15093,1,-0.0238,0.94807,0.37134
5,0.27345,4.15093,1,-0.0238,0.94807,0.37134
6,0.84517,4.15093,1,-0.0238,0.94807,0.37134
7,0.26406,4.15093,1,-0.0238,0.94807,0.37134
8,0.07735,4.15093,1,-0.0238,0.94807,0.37134
9,0.15815,4.15093,1,-0.0238,0.94807,0.37134
10,0.64264,4.15093,1,-0.0238,0.94807,0.37134
11,0.12036,4.15093,1,-0.0238,0.94807,0.37134
12,0.52977,4.15093,1,-0.0238,0.94807,0.37134
13,0.18745,4.15093,1,-0.0238,0.94807,0.37134
14,0.0493,4.15093,1,-0.0238,0.94807,0.37134
15,0.84635,4.15093,1,-0.0238,0.94807,0.37134
16,0.52848,4.15093,1,-0.0238,0.94807,0.37134
17,0.25313,4.15093,1,-0.0238,0.94807,0.37134
18,0.56991,4.15093,1,-0.0238,0.94807,0.37134
19,0.08202,4.15093,1,-0.0238,0.94807,0.37134
20,0.60579,4.15093,1,-0.0238,0.94807,0.37134
