particle,elasticity,weight,frame,x,y,z
1,0.40761,8.03573,1,0.13184,0.60328,0.26074
1,0.40761,8.03573,2,0.20793,0.65762,0.23856
2,0.22505,8.06518,1,0.13302,0.59855,0.26071
2,0.22505,8.06518,2,0.2103,0.64818,0.2385
3,0.46346,8.02625,1,0.13147,0.60473,0.26075
3,0.46346,8.02625,2,0.2072,0.6605,0.23858
4,0.33866,8.04713,1,0.13228,0.6015,0.26073
4,0.33866,8.04713,2,0.20882,0.65405,0.23854
5,0.10983,8.08255,1,0.13377,0.59556,0.26069
5,0.10983,8.08255,2,0.21179,0.64222,0.23846
6,0.33845,8.04717,1,0.13229,0.60149,0.26073
6,0.33845,8.04717,2,0.20882,0.65404,0.23854
7,0.56838,8.00783,1,0.13079,0.60745,0.26077
7,0.56838,8.00783,2,0.20584,0.66593,0.23862
8,0.47438,8.02437,1,0.1314,0.60501,0.26075
8,0.47438,8.02437,2,0.20706,0.66107,0.23858
9,0.91283,7.94262,1,0.12898,0.61638,0.26081
9,0.91283,7.94262,2,0.20222,0.68372,0.23871
10,0.95327,7.93482,1,0.12898,0.61743,0.26081
10,0.95327,7.93482,2,0.20221,0.68581,0.23871
11,0.90403,7.94431,1,0.12898,0.61615,0.26081
11,0.90403,7.94431,2,0.20222,0.68327,0.23871
12,0.11051,8.08245,1,0.13377,0.59558,0.26069
12,0.11051,8.08245,2,0.21178,0.64225,0.23846
13,0.04316,8.09216,1,0.1342,0.59383,0.26068
13,0.04316,8.09216,2,0.21266,0.63877,0.23844
14,0.8854,7.94786,1,0.12898,0.61567,0.26081
14,0.8854,7.94786,2,0.20222,0.68231,0.23871
15,0.97767,7.93005,1,0.12898,0.61806,0.26081
15,0.97767,7.93005,2,0.20221,0.68707,0.23871
16,0.13019,8.07955,1,0.13364,0.59609,0.26069
16,0.13019,8.07955,2,0.21153,0.64327,0.23847
17,0.20489,8.06829,1,0.13315,0.59803,0.26071
17,0.20489,8.06829,2,0.21056,0.64714,0.23849
18,0.53509,8.01375,1,0.13101,0.60659,0.26076
18,0.53509,8.01375,2,0.20627,0.66421,0.2386
19,0.84614,7.95527,1,0.12899,0.61465,0.26081
19,0.84614,7.95527,2,0.20223,0.68028,0.23871
20,0.18083,8.07196,1,0.13331,0.5974,0.2607
20,0.18083,8.07196,2,0.21087,0.64589,0.23849
