particle,elasticity,weight,frame,x,y,z
1,0.57316,3.81357,1,-0.10694,0.73329,0.17324
1,0.57316,3.81357,2,-0.1708,0.70845,0.26764
2,0.19755,3.85021,1,-0.10697,0.73328,0.11988
2,0.19755,3.85021,2,-0.17098,0.70838,0.14612
3,0.44828,3.85735,1,-0.10695,0.73328,0.15551
3,0.44828,3.85735,2,-0.17087,0.70842,0.22729
4,0.48033,3.84911,1,-0.10694,0.73328,0.16006
4,0.48033,3.84911,2,-0.17085,0.70843,0.23765
5,0.58339,3.80859,1,-0.10693,0.73329,0.17469
5,0.58339,3.80859,2,-0.17079,0.70845,0.27094
6,0.80786,3.64638,1,-0.10691,0.7333,0.20654
6,0.80786,3.64638,2,-0.17066,0.7085,0.34331
7,0.17178,3.84227,1,-0.10697,0.73327,0.11621
7,0.17178,3.84227,2,-0.17099,0.70837,0.13776
8,0.41991,3.86291,1,-0.10695,0.73328,0.15148
8,0.41991,3.86291,2,-0.17088,0.70841,0.21812
9,0.40409,3.86531,1,-0.10695,0.73328,0.14923
9,0.40409,3.86531,2,-0.17089,0.70841,0.213
10,0.99075,3.43947,1,-0.10689,0.73331,0.23246
10,0.99075,3.43947,2,-0.17054,0.70855,0.40214
11,0.82645,3.62841,1,-0.10691,0.7333,0.20917
11,0.82645,3.62841,2,-0.17065,0.70851,0.3493
12,0.73637,3.70902,1,-0.10692,0.73329,0.1964
12,0.73637,3.70902,2,-0.1707,0.70848,0.32029
13,0.81496,3.6396,1,-0.10691,0.7333,0.20754
13,0.81496,3.6396,2,-0.17065,0.7085,0.3456
14,0.09263,3.80946,1,-0.10697,0.73327,0.10496
14,0.09263,3.80946,2,-0.171,0.70837,0.11209
15,0.45803,3.85506,1,-0.10695,0.73328,0.15689
15,0.45803,3.85506,2,-0.17086,0.70842,0.23044
16,0.55893,3.82014,1,-0.10694,0.73329,0.17122
16,0.55893,3.82014,2,-0.17081,0.70844,0.26304
17,0.83398,3.62093,1,-0.10691,0.7333,0.21024
17,0.83398,3.62093,2,-0.17064,0.70851,0.35172
18,0.3949,3.86647,1,-0.10695,0.73328,0.14793
18,0.3949,3.86647,2,-0.1709,0.70841,0.21003
19,0.87699,3.57605,1,-0.1069,0.7333,0.21634
19,0.87699,3.57605,2,-0.17061,0.70852,0.36556
20,0.51151,3.83911,1,-0.10694,0.73329,0.16449
20,0.51151,3.83911,2,-0.17083,0.70843,0.24773
