particle,elasticity,weight,frame,x,y,z
1,0.02212,4.15093,1,-0.18876,0.96965,0.03954
2,0.0005,4.15093,1,-0.18876,0.96965,0.03954
3,0.80499,4.15093,1,-0.18876,0.96965,0.03954
4,0.93967,4.15093,1,-0.18876,0.96965,0.03954
5,0.85449,4.15093,1,-0.18876,0.96965,0.03954
6,0.79885,4.15093,1,-0.18876,0.96965,0.03954
7,0.80657,4.15093,1,-0.18876,0.96965,0.03954
8,0.16632,4.15093,1,-0.18876,0.96965,0.03954
9,0.08721,4.15093,1,-0.18876,0.96965,0.03954
10,0.12762,4.15093,1,-0.18876,0.96965,0.03954
11,0.74912,4.15093,1,-0.18876,0.96965,0.03954
12,0.63491,4.15093,1,-0.18876,0.96965,0.03954
13,0.00256,4.15093,1,-0.18876,0.96965,0.03954
14,0.91037,4.15093,1,-0.18876,0.96965,0.03954
15,0.17927,4.15093,1,-0.18876,0.96965,0.03954
16,0.06526,4.15093,1,-0.18876,0.96965,0.03954
17,0.95519,4.15093,1,-0.18876,0.96965,0.03954
18,0.66776,4.15093,1,-0.18876,0.96965,0.03954
19,0.31604,4.15093,1,-0.18876,0.96965,0.03954
20,0.20286,4.15093,1,-0.18876,0.96965,0.03954
