particle,elasticity,weight,frame,x,y,z
1,0.98584,7.79588,1,-0.32153,0.63976,-0.02865
1,0.98584,7.79588,2,-0.66305,0.85819,0.24896
2,0.00336,7.79588,1,-0.32153,0.63976,-0.02865
2,0.00336,7.79588,2,-0.66305,0.85819,0.24896
3,0.18779,7.79588,1,-0.32153,0.63976,-0.02865
3,0.18779,7.79588,2,-0.66305,0.85819,0.24896
4,0.81807,7.79588,1,-0.32153,0.63976,-0.02865
4,0.81807,7.79588,2,-0.66305,0.85819,0.24896
5,0.02896,7.79588,1,-0.32153,0.63976,-0.02865
5,0.02896,7.79588,2,-0.66305,0.85819,0.24896
6,0.98931,7.79588,1,-0.32153,0.63976,-0.02865
6,0.98931,7.79588,2,-0.66305,0.85819,0.24896
7,0.48687,7.79588,1,-0.32153,0.63976,-0.02865
7,0.48687,7.79588,2,-0.66305,0.85819,0.24896
8,0.67806,7.79588,1,-0.32153,0.63976,-0.02865
8,0.67806,7.79588,2,-0.66305,0.85819,0.24896
9,0.1368,7.79588,1,-0.32153,0.63976,-0.02865
9,0.1368,7.79588,2,-0.66305,0.85819,0.24896
10,0.38755,7.79588,1,-0.32153,0.63976,-0.02865
10,0.38755,7.79588,2,-0.66305,0.85819,0.24896
11,0.59517,7.79588,1,-0.32153,0.63976,-0.02865
11,0.59517,7.79588,2,-0.66305,0.85819,0.24896
12,0.28196,7.79588,1,-0.32153,0.63976,-0.02865
12,0.28196,7.79588,2,-0.66305,0.85819,0.24896
13,0.20521,7.79588,1,-0.32153,0.63976,-0.02865
13,0.20521,7.79588,2,-0.66305,0.85819,0.24896
14,0.40367,7.79588,1,-0.32153,0.63976,-0.02865
14,0.40367,7.79588,2,-0.66305,0.85819,0.24896
15,0.63203,7.79588,1,-0.32153,0.63976,-0.02865
15,0.63203,7.79588,2,-0.66305,0.85819,0.24896
16,0.3625,7.79588,1,-0.32153,0.63976,-0.02865
16,0.3625,7.79588,2,-0.66305,0.85819,0.24896
17,0.59487,7.79588,1,-0.32153,0.63976,-0.02865
17,0.59487,7.79588,2,-0.66305,0.85819,0.24896
18,0.14757,7.79588,1,-0.32153,0.63976,-0.02865
18,0.14757,7.79588,2,-0.66305,0.85819,0.24896
19,0.39752,7.79588,1,-0.32153,0.63976,-0.02865
19,0.39752,7.79588,2,-0.66305,0.85819,0.24896
20,0.99427,7.79588,1,-0.32153,0.63976,-0.02865
20,0.99427,7.79588,2,-0.66305,0.85819,0.24896
