particle,elasticity,weight,frame,x,y,z
1,0.66322,7.51715,1,-0.2165,0.6369,0.29401
1,0.66322,7.51715,2,-0.24532,0.69681,0.25989
2,0.5217,7.50331,1,-0.2165,0.63033,0.29401
2,0.5217,7.50331,2,-0.24533,0.67847,0.25988
3,0.91612,7.53112,1,-0.2165,0.64864,0.29402
3,0.91612,7.53112,2,-0.2453,0.72956,0.25992
4,0.98375,7.53252,1,-0.2165,0.65178,0.29402
4,0.98375,7.53252,2,-0.24529,0.73832,0.25992
5,0.90534,7.53081,1,-0.2165,0.64814,0.29401
5,0.90534,7.53081,2,-0.2453,0.72817,0.25992
6,0.59907,7.51141,1,-0.2165,0.63392,0.29401
6,0.59907,7.51141,2,-0.24532,0.6885,0.25989
7,0.13997,7.44442,1,-0.21651,0.6126,0.29401
7,0.13997,7.44442,2,-0.24536,0.62893,0.25986
8,0.25481,7.46545,1,-0.21651,0.61793,0.29401
8,0.25481,7.46545,2,-0.24535,0.64384,0.25987
9,0.84569,7.52862,1,-0.2165,0.64537,0.29401
9,0.84569,7.52862,2,-0.2453,0.72045,0.25991
10,0.54558,7.50595,1,-0.2165,0.63144,0.29401
10,0.54558,7.50595,2,-0.24533,0.68156,0.25989
11,0.30751,7.47414,1,-0.21651,0.62038,0.29401
11,0.30751,7.47414,2,-0.24535,0.65068,0.25987
12,0.45524,7.49532,1,-0.2165,0.62724,0.29401
12,0.45524,7.49532,2,-0.24534,0.66985,0.25988
13,0.7302,7.52219,1,-0.2165,0.64001,0.29401
13,0.7302,7.52219,2,-0.24531,0.70549,0.2599
14,0.24584,7.46391,1,-0.21651,0.61751,0.29401
14,0.24584,7.46391,2,-0.24535,0.64267,0.25986
15,0.19614,7.45506,1,-0.21651,0.61521,0.29401
15,0.19614,7.45506,2,-0.24535,0.63622,0.25986
16,0.60036,7.51154,1,-0.2165,0.63398,0.29401
16,0.60036,7.51154,2,-0.24532,0.68866,0.25989
17,0.76117,7.5242,1,-0.2165,0.64145,0.29401
17,0.76117,7.5242,2,-0.24531,0.7095,0.2599
18,0.69572,7.51972,1,-0.2165,0.63841,0.29401
18,0.69572,7.51972,2,-0.24532,0.70102,0.2599
19,0.38662,7.48607,1,-0.2165,0.62405,0.29401
19,0.38662,7.48607,2,-0.24534,0.66094,0.25987
20,0.78339,7.52551,1,-0.2165,0.64248,0.29401
20,0.78339,7.52551,2,-0.24531,0.71238,0.2599
