particle,elasticity,weight,frame,x,y,z
1,0.53548,4.15093,1,0.18504,0.18521,0.6859
2,0.24693,4.15093,1,0.18504,0.18521,0.6859
3,0.39779,4.15093,1,0.18504,0.18521,0.6859
4,0.74717,4.15093,1,0.18504,0.18521,0.6859
5,0.97037,4.15093,1,0.18504,0.18521,0.6859
6,0.18119,4.15093,1,0.18504,0.18521,0.6859
7,0.0208,4.15093,1,0.18504,0.18521,0.6859
8,0.38339,4.15093,1,0.18504,0.18521,0.6859
9,0.7783,4.15093,1,0.18504,0.18521,0.6859
10,0.0332,4.15093,1,0.18504,0.18521,0.6859
11,0.59488,4.15093,1,0.18504,0.18521,0.6859
12,0.70712,4.15093,1,0.18504,0.18521,0.6859
13,0.49845,4.15093,1,0.18504,0.18521,0.6859
14,0.30173,4.15093,1,0.18504,0.18521,0.6859
15,0.58442,4.15093,1,0.18504,0.18521,0.6859
16,0.20618,4.15093,1,0.18504,0.18521,0.6859
17,0.97759,4.15093,1,0.18504,0.18521,0.6859
18,0.61922,4.15093,1,0.18504,0.18521,0.6859
19,0.01001,4.15093,1,0.18504,0.18521,0.6859
20,0.67995,4.15093,1,0.18504,0.18521,0.6859
