particle,elasticity,weight,frame,x,y,z
1,0.86007,7.43298,1,-0.20461,-0.33965,0.81322
1,0.86007,7.43298,2,-0.1305,-0.23946,0.8482
2,0.32048,7.83482,1,-0.20078,-0.37536,0.82129
2,0.32048,7.83482,2,-0.12089,-0.33384,0.88125
3,0.66039,7.59747,1,-0.20319,-0.35287,0.81621
3,0.66039,7.59747,2,-0.12694,-0.27436,0.85992
4,0.61529,7.63206,1,-0.20287,-0.35585,0.81688
4,0.61529,7.63206,2,-0.12613,-0.28225,0.86266
5,0.99532,7.31107,1,-0.20482,-0.3307,0.81277
5,0.99532,7.31107,2,-0.13105,-0.21681,0.84151
6,0.45499,7.74733,1,-0.20173,-0.36646,0.81928
6,0.45499,7.74733,2,-0.12328,-0.31029,0.87261
7,0.13549,7.9414,1,-0.19947,-0.38761,0.82405
7,0.13549,7.9414,2,-0.12068,-0.36208,0.8818
8,0.7227,7.54813,1,-0.20363,-0.34874,0.81528
8,0.7227,7.54813,2,-0.12805,-0.26347,0.8562
9,0.82599,7.46237,1,-0.20437,-0.34191,0.81373
9,0.82599,7.46237,2,-0.12989,-0.24542,0.85016
10,0.69919,7.56696,1,-0.20347,-0.3503,0.81563
10,0.69919,7.56696,2,-0.12763,-0.26758,0.8576
11,0.06135,7.9604,1,-0.19922,-0.39001,0.82459
11,0.06135,7.9604,2,-0.12033,-0.36568,0.88348
12,0.42197,7.76959,1,-0.2015,-0.36865,0.81977
12,0.42197,7.76959,2,-0.12269,-0.31607,0.8747
13,0.78729,7.49508,1,-0.20409,-0.34447,0.81431
13,0.78729,7.49508,2,-0.1292,-0.25218,0.8524
14,0.06221,7.9604,1,-0.19922,-0.39001,0.82459
14,0.06221,7.9604,2,-0.12033,-0.36568,0.88343
15,0.52147,7.70097,1,-0.2022,-0.36206,0.81828
15,0.52147,7.70097,2,-0.12446,-0.29866,0.86843
16,0.00675,7.9604,1,-0.19922,-0.39001,0.82459
16,0.00675,7.9604,2,-0.12034,-0.36568,0.88699
17,0.45565,7.74687,1,-0.20174,-0.36642,0.81927
17,0.45565,7.74687,2,-0.12329,-0.31018,0.87257
18,0.49852,7.7172,1,-0.20204,-0.36358,0.81863
18,0.49852,7.7172,2,-0.12405,-0.30267,0.86987
19,0.56467,7.66974,1,-0.20251,-0.3592,0.81764
19,0.56467,7.66974,2,-0.12523,-0.2911,0.86576
20,0.02813,7.9604,1,-0.19922,-0.39001,0.82459
20,0.02813,7.9604,2,-0.12034,-0.36568,0.88561
