particle,elasticity,weight,frame,x,y,z
1,0.28048,4.15093,1,-0.24537,0.37605,0.09999
2,0.18686,4.15093,1,-0.2459,0.39118,0.09999
3,0.57698,4.15093,1,-0.24443,0.3281,0.09999
4,0.52476,4.15093,1,-0.24454,0.33654,0.09998
5,0.42431,4.15093,1,-0.24482,0.35279,0.09999
6,0.6682,4.15093,1,-0.24425,0.31335,0.09998
7,0.21112,4.15093,1,-0.24575,0.38726,0.09999
8,0.57096,4.15093,1,-0.24444,0.32907,0.09998
9,0.19417,4.15093,1,-0.24585,0.39,0.09999
10,0.10569,4.15093,1,-0.24656,0.40426,0.09998
11,0.60321,4.15093,1,-0.24437,0.32385,0.09999
12,0.46652,4.15093,1,-0.24469,0.34596,0.09998
13,0.54409,4.15093,1,-0.2445,0.33342,0.09999
14,0.86568,4.15093,1,-0.24406,0.28238,0.10381
15,0.60736,4.15093,1,-0.24436,0.32318,0.09999
16,0.95564,4.15093,1,-0.24403,0.26875,0.10742
17,0.99656,4.15093,1,-0.24402,0.26255,0.10906
18,0.35944,4.15093,1,-0.24504,0.36328,0.09999
19,0.62248,4.15093,1,-0.24434,0.32074,0.09999
20,0.68664,4.15093,1,-0.24422,0.31036,0.09999
