particle,elasticity,weight,frame,x,y,z
1,0.28707,4.15093,1,0.23149,0.97454,0.11796
2,0.58964,4.15093,1,0.23149,0.97454,0.11796
3,0.12538,4.15093,1,0.23149,0.97454,0.11796
4,0.41673,4.15093,1,0.23149,0.97454,0.11796
5,0.93089,4.15093,1,0.23149,0.97454,0.11796
6,0.32542,4.15093,1,0.23149,0.97454,0.11796
7,0.61182,4.15093,1,0.23149,0.97454,0.11796
8,0.2851,4.15093,1,0.23149,0.97454,0.11796
9,0.34783,4.15093,1,0.23149,0.97454,0.11796
10,0.08767,4.15093,1,0.23149,0.97454,0.11796
11,0.91162,4.15093,1,0.23149,0.97454,0.11796
12,0.69497,4.15093,1,0.23149,0.97454,0.11796
13,0.39036,4.15093,1,0.23149,0.97454,0.11796
14,0.03908,4.15093,1,0.23149,0.97454,0.11796
15,0.99207,4.15093,1,0.23149,0.97454,0.11796
16,0.01924,4.15093,1,0.23149,0.97454,0.11796
17,0.95551,4.15093,1,0.23149,0.97454,0.11796
18,0.58169,4.15093,1,0.23149,0.97454,0.11796
19,0.04154,4.15093,1,0.23149,0.97454,0.11796
20,0.80868,4.15093,1,0.23149,0.97454,0.11796
