particle,elasticity,weight,frame,x,y,z
1,0.6603,-13.19873,1,0.0205,-0.02389,-0.02573
1,0.6603,-13.19873,2,-0.17067,-0.31509,0.24625
2,0.21858,-13.19873,1,0.0205,-0.02389,-0.02573
2,0.21858,-13.19873,2,-0.17067,-0.31509,0.24625
3,0.6178,-13.19873,1,0.0205,-0.02389,-0.02573
3,0.6178,-13.19873,2,-0.17067,-0.31509,0.24625
4,0.29017,-13.19873,1,0.0205,-0.02389,-0.02573
4,0.29017,-13.19873,2,-0.17067,-0.31509,0.24625
5,0.44948,-13.19873,1,0.0205,-0.02389,-0.02573
5,0.44948,-13.19873,2,-0.17067,-0.31509,0.24625
6,0.12535,-13.19873,1,0.0205,-0.02389,-0.02573
6,0.12535,-13.19873,2,-0.17067,-0.31509,0.24625
7,0.11092,-13.19873,1,0.0205,-0.02389,-0.02573
7,0.11092,-13.19873,2,-0.17067,-0.31509,0.24625
8,0.37525,-13.19873,1,0.0205,-0.02389,-0.02573
8,0.37525,-13.19873,2,-0.17067,-0.31509,0.24625
9,0.44241,-13.19873,1,0.0205,-0.02389,-0.02573
9,0.44241,-13.19873,2,-0.17067,-0.31509,0.24625
10,0.59904,-13.19873,1,0.0205,-0.02389,-0.02573
10,0.59904,-13.19873,2,-0.17067,-0.31509,0.24625
11,0.18116,-13.19873,1,0.0205,-0.02389,-0.02573
11,0.18116,-13.19873,2,-0.17067,-0.31509,0.24625
12,0.10356,-13.19873,1,0.0205,-0.02389,-0.02573
12,0.10356,-13.19873,2,-0.17067,-0.31509,0.24625
13,0.14473,-13.19873,1,0.0205,-0.02389,-0.02573
13,0.14473,-13.19873,2,-0.17067,-0.31509,0.24625
14,0.3599,-13.19873,1,0.0205,-0.02389,-0.02573
14,0.3599,-13.19873,2,-0.17067,-0.31509,0.24625
15,0.73554,-13.19873,1,0.0205,-0.02389,-0.02573
15,0.73554,-13.19873,2,-0.17067,-0.31509,0.24625
16,0.40103,-13.19873,1,0.0205,-0.02389,-0.02573
16,0.40103,-13.19873,2,-0.17067,-0.31509,0.24625
17,0.15217,-13.19873,1,0.0205,-0.02389,-0.02573
17,0.15217,-13.19873,2,-0.17067,-0.31509,0.24625
18,0.33491,-13.19873,1,0.0205,-0.02389,-0.02573
18,0.33491,-13.19873,2,-0.17067,-0.31509,0.24625
19,0.84684,-13.19873,1,0.0205,-0.02389,-0.02573
19,0.84684,-13.19873,2,-0.17067,-0.31509,0.24625
20,0.36332,-13.19873,1,0.0205,-0.02389,-0.02573
20,0.36332,-13.19873,2,-0.17067,-0.31509,0.24625
