particle,elasticity,weight,frame,x,y,z
1,0.20016,4.15093,1,0.03569,0.05543,0.74563
2,0.01071,4.15093,1,0.03569,0.05543,0.74563
3,0.08166,4.15093,1,0.03569,0.05543,0.74563
4,0.81043,4.15093,1,0.03569,0.05543,0.74563
5,0.60262,4.15093,1,0.03569,0.05543,0.74563
6,0.30269,4.15093,1,0.03569,0.05543,0.74563
7,0.35819,4.15093,1,0.03569,0.05543,0.74563
8,0.96932,4.15093,1,0.03569,0.05543,0.74563
9,0.79087,4.15093,1,0.03569,0.05543,0.74563
10,0.21442,4.15093,1,0.03569,0.05543,0.74563
11,0.88033,4.15093,1,0.03569,0.05543,0.74563
12,0.76278,4.15093,1,0.03569,0.05543,0.74563
13,0.45493,4.15093,1,0.03569,0.05543,0.74563
14,0.60481,4.15093,1,0.03569,0.05543,0.74563
15,0.86455,4.15093,1,0.03569,0.05543,0.74563
16,0.01577,4.15093,1,0.03569,0.05543,0.74563
17,0.16272,4.15093,1,0.03569,0.05543,0.74563
18,0.46971,4.15093,1,0.03569,0.05543,0.74563
19,0.77618,4.15093,1,0.03569,0.05543,0.74563
20,0.19423,4.15093,1,0.03569,0.05543,0.74563
