particle,elasticity,weight,frame,x,y,z
1,0.59192,4.15093,1,-0.14267,-0.16576,0.82741
2,0.70606,4.15093,1,-0.14267,-0.16576,0.82741
3,0.60078,4.15093,1,-0.14267,-0.16576,0.82741
4,0.11606,4.15093,1,-0.14267,-0.16576,0.82741
5,0.7578,4.15093,1,-0.14267,-0.16576,0.82741
6,0.82121,4.15093,1,-0.14267,-0.16576,0.82741
7,0.76452,4.15093,1,-0.14267,-0.16576,0.82741
8,0.1981,4.15093,1,-0.14267,-0.16576,0.82741
9,0.7028,4.15093,1,-0.14267,-0.16576,0.82741
10,0.58605,4.15093,1,-0.14267,-0.16576,0.82741
11,0.05344,4.15093,1,-0.14267,-0.16576,0.82741
12,0.81891,4.15093,1,-0.14267,-0.16576,0.82741
13,0.03362,4.15093,1,-0.14267,-0.16576,0.82741
14,0.19003,4.15093,1,-0.14267,-0.16576,0.82741
15,0.27418,4.15093,1,-0.14267,-0.16576,0.82741
16,0.69774,4.15093,1,-0.14267,-0.16576,0.82741
17,0.71155,4.15093,1,-0.14267,-0.16576,0.82741
18,0.54579,4.15093,1,-0.14267,-0.16576,0.82741
19,0.53243,4.15093,1,-0.14267,-0.16576,0.82741
20,0.3886,4.15093,1,-0.14267,-0.16576,0.82741
