particle,elasticity,weight,frame,x,y,z
1,0.69644,4.15093,1,0.27718,-0.38499,0.60407
2,0.49152,4.15093,1,0.27718,-0.38499,0.60407
3,0.25208,4.15093,1,0.27718,-0.38499,0.60407
4,0.13357,4.15093,1,0.27718,-0.38499,0.60407
5,0.77613,4.15093,1,0.27718,-0.38499,0.60407
6,0.3563,4.15093,1,0.27718,-0.38499,0.60407
7,0.91209,4.15093,1,0.27718,-0.38499,0.60407
8,0.17863,4.15093,1,0.27718,-0.38499,0.60407
9,0.01613,4.15093,1,0.27718,-0.38499,0.60407
10,0.66769,4.15093,1,0.27718,-0.38499,0.60407
11,0.63379,4.15093,1,0.27718,-0.38499,0.60407
12,0.13504,4.15093,1,0.27718,-0.38499,0.60407
13,0.65446,4.15093,1,0.27718,-0.38499,0.60407
14,0.56683,4.15093,1,0.27718,-0.38499,0.60407
15,0.1408,4.15093,1,0.27718,-0.38499,0.60407
16,0.56291,4.15093,1,0.27718,-0.38499,0.60407
17,0.39607,4.15093,1,0.27718,-0.38499,0.60407
18,0.10491,4.15093,1,0.27718,-0.38499,0.60407
19,0.28602,4.15093,1,0.27718,-0.38499,0.60407
20,0.09788,4.15093,1,0.27718,-0.38499,0.60407
