particle,elasticity,weight,frame,x,y,z
1,0.83073,-12.56906,1,-0.40988,-0.01817,-0.0011
1,0.83073,-12.56906,2,-0.29004,-0.24812,0.15611
2,0.63715,-12.56906,1,-0.40988,-0.01817,-0.0011
2,0.63715,-12.56906,2,-0.31357,-0.25321,0.15974
3,0.66413,-12.56906,1,-0.40988,-0.01817,-0.0011
3,0.66413,-12.56906,2,-0.31029,-0.2525,0.15923
4,0.30312,-12.56906,1,-0.40988,-0.01817,-0.0011
4,0.30312,-12.56906,2,-0.35418,-0.26198,0.16599
5,0.02571,-12.56906,1,-0.40988,-0.01817,-0.0011
5,0.02571,-12.56906,2,-0.38791,-0.26923,0.17117
6,0.69244,-12.56906,1,-0.40988,-0.01817,-0.0011
6,0.69244,-12.56906,2,-0.30685,-0.25176,0.1587
7,0.71182,-12.56906,1,-0.40988,-0.01817,-0.0011
7,0.71182,-12.56906,2,-0.3045,-0.25125,0.15834
8,0.60699,-12.56906,1,-0.40988,-0.01817,-0.0011
8,0.60699,-12.56906,2,-0.31724,-0.25401,0.1603
9,0.50024,-12.56906,1,-0.40988,-0.01817,-0.0011
9,0.50024,-12.56906,2,-0.33022,-0.25681,0.1623
10,0.90759,-12.56906,1,-0.40988,-0.01817,-0.0011
10,0.90759,-12.56906,2,-0.2807,-0.2461,0.15467
11,0.68125,-12.56906,1,-0.40988,-0.01817,-0.0011
11,0.68125,-12.56906,2,-0.30821,-0.25205,0.15891
12,0.28075,-12.56906,1,-0.40988,-0.01817,-0.0011
12,0.28075,-12.56906,2,-0.3569,-0.26256,0.16641
13,0.06728,-12.56906,1,-0.40988,-0.01817,-0.0011
13,0.06728,-12.56906,2,-0.38286,-0.26815,0.17039
14,0.34602,-12.56906,1,-0.40988,-0.01817,-0.0011
14,0.34602,-12.56906,2,-0.34897,-0.26085,0.16519
15,0.15509,-12.56906,1,-0.40988,-0.01817,-0.0011
15,0.15509,-12.56906,2,-0.37218,-0.26585,0.16875
16,0.19181,-12.56906,1,-0.40988,-0.01817,-0.0011
16,0.19181,-12.56906,2,-0.36772,-0.26489,0.16807
17,0.51817,-12.56906,1,-0.40988,-0.01817,-0.0011
17,0.51817,-12.56906,2,-0.32804,-0.25634,0.16197
18,0.1439,-12.56906,1,-0.40988,-0.01817,-0.0011
18,0.1439,-12.56906,2,-0.37354,-0.26614,0.16896
19,0.03005,-12.56906,1,-0.40988,-0.01817,-0.0011
19,0.03005,-12.56906,2,-0.38738,-0.26912,0.17109
20,0.77836,-12.56906,1,-0.40988,-0.01817,-0.0011
20,0.77836,-12.56906,2,-0.29641,-0.2495,0.15709
