particle,elasticity,weight,frame,x,y,z
1,0.46755,8.19224,1,0.29226,0.06352,0.82667
1,0.46755,8.19224,2,0.39271,0.39384,0.87259
2,0.29521,8.19224,1,0.29226,0.06352,0.82667
2,0.29521,8.19224,2,0.39416,0.39578,0.87975
3,0.53886,8.19224,1,0.29226,0.06352,0.82667
3,0.53886,8.19224,2,0.39211,0.39305,0.86963
4,0.64925,8.19224,1,0.29226,0.06352,0.82667
4,0.64925,8.19224,2,0.3912,0.39182,0.86505
5,0.93721,8.19224,1,0.29226,0.06352,0.82667
5,0.93721,8.19224,2,0.38885,0.38863,0.85315
6,0.98863,8.19224,1,0.29226,0.06352,0.82667
6,0.98863,8.19224,2,0.38843,0.38806,0.85103
7,0.66755,8.19224,1,0.29226,0.06352,0.82667
7,0.66755,8.19224,2,0.39104,0.39161,0.8643
8,0.40379,8.19224,1,0.29226,0.06352,0.82667
8,0.40379,8.19224,2,0.39324,0.39456,0.87523
9,0.10689,8.19224,1,0.29226,0.06352,0.82667
9,0.10689,8.19224,2,0.39577,0.3979,0.88759
10,0.24682,8.19224,1,0.29226,0.06352,0.82667
10,0.24682,8.19224,2,0.39457,0.39632,0.88176
11,0.19618,8.19224,1,0.29226,0.06352,0.82667
11,0.19618,8.19224,2,0.39501,0.39689,0.88387
12,0.82232,8.19224,1,0.29226,0.06352,0.82667
12,0.82232,8.19224,2,0.38978,0.38989,0.8579
13,0.8057,8.19224,1,0.29226,0.06352,0.82667
13,0.8057,8.19224,2,0.38991,0.39008,0.85858
14,0.1931,8.19224,1,0.29226,0.06352,0.82667
14,0.1931,8.19224,2,0.39503,0.39692,0.884
15,0.63234,8.19224,1,0.29226,0.06352,0.82667
15,0.63234,8.19224,2,0.39134,0.392,0.86575
16,0.55012,8.19224,1,0.29226,0.06352,0.82667
16,0.55012,8.19224,2,0.39202,0.39292,0.86916
17,0.21778,8.19224,1,0.29226,0.06352,0.82667
17,0.21778,8.19224,2,0.39482,0.39665,0.88297
18,0.57025,8.19224,1,0.29226,0.06352,0.82667
18,0.57025,8.19224,2,0.39185,0.3927,0.86833
19,0.36534,8.19224,1,0.29226,0.06352,0.82667
19,0.36534,8.19224,2,0.39357,0.39499,0.87683
20,0.99012,8.19224,1,0.29226,0.06352,0.82667
20,0.99012,8.19224,2,0.38842,0.38804,0.85097
