particle,elasticity,weight,frame,x,y,z
1,0.75435,4.15093,1,-0.33711,0.23849,0.17767
2,0.89092,4.15093,1,-0.33711,0.23849,0.17767
3,0.73147,4.15093,1,-0.33711,0.23849,0.17767
4,0.53238,4.15093,1,-0.33711,0.23849,0.17767
5,0.46715,4.15093,1,-0.33711,0.23849,0.17767
6,0.75973,4.15093,1,-0.33711,0.23849,0.17767
7,0.88926,4.15093,1,-0.33711,0.23849,0.17767
8,0.13748,4.15093,1,-0.33711,0.23849,0.17767
9,0.33249,4.15093,1,-0.33711,0.23849,0.17767
10,0.32424,4.15093,1,-0.33711,0.23849,0.17767
11,0.46858,4.15093,1,-0.33711,0.23849,0.17767
12,0.01542,4.15093,1,-0.33711,0.23849,0.17767
13,0.97025,4.15093,1,-0.33711,0.23849,0.17767
14,0.08659,4.15093,1,-0.33711,0.23849,0.17767
15,0.67619,4.15093,1,-0.33711,0.23849,0.17767
16,0.85505,4.15093,1,-0.33711,0.23849,0.17767
17,0.42581,4.15093,1,-0.33711,0.23849,0.17767
18,0.69147,4.15093,1,-0.33711,0.23849,0.17767
19,0.78926,4.15093,1,-0.33711,0.23849,0.17767
20,0.25727,4.15093,1,-0.33711,0.23849,0.17767
