particle,elasticity,weight,frame,x,y,z
1,0.86286,4.15093,1,-0.05761,0.06214,0.2991
2,0.7212,4.15093,1,-0.05761,0.06214,0.2991
3,0.10121,4.15093,1,-0.05761,0.06214,0.2991
4,0.56285,4.15093,1,-0.05761,0.06214,0.2991
5,0.66225,4.15093,1,-0.05761,0.06214,0.2991
6,0.08791,4.15093,1,-0.05761,0.06214,0.2991
7,0.38852,4.15093,1,-0.05761,0.06214,0.2991
8,0.84302,4.15093,1,-0.05761,0.06214,0.2991
9,0.07573,4.15093,1,-0.05761,0.06214,0.2991
10,0.85678,4.15093,1,-0.05761,0.06214,0.2991
11,0.40207,4.15093,1,-0.05761,0.06214,0.2991
12,0.57109,4.15093,1,-0.05761,0.06214,0.2991
13,0.35722,4.15093,1,-0.05761,0.06214,0.2991
14,0.33012,4.15093,1,-0.05761,0.06214,0.2991
15,0.99462,4.15093,1,-0.05761,0.06214,0.2991
16,0.29728,4.15093,1,-0.05761,0.06214,0.2991
17,0.92582,4.15093,1,-0.05761,0.06214,0.2991
18,0.54617,4.15093,1,-0.05761,0.06214,0.2991
19,0.00463,4.15093,1,-0.05761,0.06214,0.2991
20,0.92934,4.15093,1,-0.05761,0.06214,0.2991
