particle,elasticity,weight,frame,x,y,z
1,0.31873,4.42224,1,-0.04822,0.35682,0.09862
1,0.31873,4.42224,2,-0.19834,0.37842,0.10636
2,0.554,4.44056,1,-0.04806,0.3567,0.09944
2,0.554,4.44056,2,-0.19434,0.36779,0.11402
3,0.00104,4.39739,1,-0.04843,0.357,0.09751
3,0.00104,4.39739,2,-0.20234,0.39,0.09935
4,0.96143,4.47212,1,-0.04778,0.35647,0.10086
4,0.96143,4.47212,2,-0.18755,0.34986,0.12697
5,0.45769,4.43307,1,-0.04812,0.35675,0.0991
5,0.45769,4.43307,2,-0.19597,0.37212,0.1109
6,0.29214,4.42017,1,-0.04823,0.35684,0.09852
6,0.29214,4.42017,2,-0.1988,0.37964,0.10548
7,0.94553,4.47089,1,-0.04779,0.35648,0.1008
7,0.94553,4.47089,2,-0.18781,0.35055,0.12647
8,0.77902,4.45802,1,-0.0479,0.35657,0.10022
8,0.77902,4.45802,2,-0.19057,0.35781,0.12122
9,0.4882,4.43545,1,-0.0481,0.35673,0.09921
9,0.4882,4.43545,2,-0.19545,0.37074,0.11189
10,0.20236,4.41315,1,-0.0483,0.35689,0.09821
10,0.20236,4.41315,2,-0.20034,0.38376,0.10252
11,0.79871,4.45954,1,-0.04789,0.35656,0.10029
11,0.79871,4.45954,2,-0.19024,0.35695,0.12185
12,0.99303,4.47456,1,-0.04776,0.35646,0.10097
12,0.99303,4.47456,2,-0.18703,0.3485,0.12796
13,0.10395,4.40546,1,-0.04836,0.35694,0.09787
13,0.10395,4.40546,2,-0.20186,0.38834,0.09997
14,0.10447,4.4055,1,-0.04836,0.35694,0.09787
14,0.10447,4.4055,2,-0.20185,0.38832,0.09998
15,0.65792,4.44863,1,-0.04798,0.35664,0.0998
15,0.65792,4.44863,2,-0.19259,0.36316,0.11736
16,0.31909,4.42227,1,-0.04822,0.35682,0.09862
16,0.31909,4.42227,2,-0.19833,0.37841,0.10637
17,0.4765,4.43454,1,-0.04811,0.35674,0.09917
17,0.4765,4.43454,2,-0.19565,0.37127,0.11151
18,0.42796,4.43076,1,-0.04814,0.35676,0.099
18,0.42796,4.43076,2,-0.19648,0.37346,0.10993
19,0.31523,4.42197,1,-0.04822,0.35683,0.09861
19,0.31523,4.42197,2,-0.1984,0.37858,0.10624
20,0.12702,4.40726,1,-0.04835,0.35693,0.09795
20,0.12702,4.40726,2,-0.20164,0.38725,0.10002
