particle,elasticity,weight,frame,x,y,z
1,0.61444,7.5357,1,-0.22479,0.22874,0.85533
1,0.61444,7.5357,2,-0.34981,0.33489,0.71823
2,0.36909,7.75109,1,-0.2248,0.22875,0.87478
2,0.36909,7.75109,2,-0.34992,0.33499,0.78106
3,0.1623,7.90331,1,-0.2248,0.22875,0.89118
3,0.1623,7.90331,2,-0.34999,0.33505,0.83409
4,0.99933,7.12189,1,-0.22477,0.22873,0.82484
4,0.99933,7.12189,2,-0.34957,0.3347,0.6199
5,0.04101,7.9801,1,-0.22481,0.22875,0.9008
5,0.04101,7.9801,2,-0.35001,0.33507,0.86522
6,0.54998,7.59594,1,-0.22479,0.22874,0.86044
6,0.54998,7.59594,2,-0.34984,0.33492,0.73473
7,0.37429,7.74692,1,-0.2248,0.22875,0.87437
7,0.37429,7.74692,2,-0.34992,0.33499,0.77973
8,0.89481,7.24342,1,-0.22478,0.22873,0.83312
8,0.89481,7.24342,2,-0.34964,0.33476,0.64657
9,0.46791,7.66887,1,-0.2248,0.22875,0.86695
9,0.46791,7.66887,2,-0.34988,0.33496,0.75574
10,0.5318,7.61246,1,-0.22479,0.22874,0.86188
10,0.5318,7.61246,2,-0.34985,0.33493,0.73938
11,0.65986,7.49169,1,-0.22479,0.22874,0.85173
11,0.65986,7.49169,2,-0.34978,0.33487,0.70661
12,0.24301,7.84709,1,-0.2248,0.22875,0.88478
12,0.24301,7.84709,2,-0.34997,0.33503,0.81339
13,0.46296,7.67314,1,-0.2248,0.22875,0.86734
13,0.46296,7.67314,2,-0.34988,0.33496,0.75701
14,0.10812,7.93875,1,-0.22481,0.22875,0.89547
14,0.10812,7.93875,2,-0.35,0.33506,0.84799
15,0.39511,7.73004,1,-0.2248,0.22875,0.87272
15,0.39511,7.73004,2,-0.34991,0.33498,0.77439
16,0.86986,7.27142,1,-0.22478,0.22873,0.8351
16,0.86986,7.27142,2,-0.34966,0.33477,0.65294
17,0.29118,7.81159,1,-0.2248,0.22875,0.88096
17,0.29118,7.81159,2,-0.34995,0.33502,0.80104
18,0.59566,7.55352,1,-0.22479,0.22874,0.85682
18,0.59566,7.55352,2,-0.34982,0.3349,0.72304
19,0.25206,7.84053,1,-0.2248,0.22875,0.88406
19,0.25206,7.84053,2,-0.34996,0.33503,0.81107
20,0.33006,7.78188,1,-0.2248,0.22875,0.87788
20,0.33006,7.78188,2,-0.34994,0.33501,0.79107
