particle,elasticity,weight,frame,x,y,z
1,0.89343,6.22141,1,-0.27717,0.6591,0.12091
1,0.89343,6.22141,2,-0.51493,0.73344,0.18966
2,0.48203,6.72316,1,-0.28509,0.63558,0.10819
2,0.48203,6.72316,2,-0.53708,0.68249,0.14414
3,0.63881,6.53989,1,-0.28205,0.6446,0.1131
3,0.63881,6.53989,2,-0.52854,0.70211,0.16174
4,0.56377,6.62886,1,-0.2835,0.64029,0.11076
4,0.56377,6.62886,2,-0.53262,0.69275,0.15335
5,0.2214,7.00523,1,-0.29021,0.62046,0.09985
5,0.2214,7.00523,2,-0.55152,0.64929,0.11422
6,0.22872,6.9977,1,-0.29007,0.62088,0.10009
6,0.22872,6.9977,2,-0.55111,0.65023,0.11507
7,0.43667,6.77431,1,-0.28598,0.63296,0.10675
7,0.43667,6.77431,2,-0.53958,0.67676,0.13899
8,0.39909,6.81603,1,-0.28671,0.63079,0.10556
8,0.39909,6.81603,2,-0.54165,0.672,0.13471
9,0.13092,7.09633,1,-0.29201,0.61516,0.09691
9,0.13092,7.09633,2,-0.55658,0.6376,0.10364
10,0.72941,6.42948,1,-0.2803,0.64977,0.1159
10,0.72941,6.42948,2,-0.52366,0.71333,0.17176
11,0.79268,6.35045,1,-0.27909,0.65338,0.11784
11,0.79268,6.35045,2,-0.52027,0.72112,0.17871
12,0.5573,6.63642,1,-0.28362,0.63992,0.11055
12,0.5573,6.63642,2,-0.53297,0.69194,0.15263
13,0.59287,6.59463,1,-0.28293,0.64196,0.11167
13,0.59287,6.59463,2,-0.53103,0.69639,0.15661
14,0.42072,6.7921,1,-0.28629,0.63204,0.10624
14,0.42072,6.7921,2,-0.54045,0.67474,0.13718
15,0.86006,6.26459,1,-0.2778,0.65721,0.1199
15,0.86006,6.26459,2,-0.51669,0.72937,0.18605
16,0.25085,6.9748,1,-0.28963,0.62217,0.1008
16,0.25085,6.9748,2,-0.54987,0.65308,0.11764
17,0.07818,7.14776,1,-0.29306,0.61207,0.09518
17,0.07818,7.14776,2,-0.55924,0.63078,0.09868
18,0.89768,6.21588,1,-0.27709,0.65934,0.12104
18,0.89768,6.21588,2,-0.5147,0.73395,0.19012
19,0.06798,7.15757,1,-0.29326,0.61147,0.09485
19,0.06798,7.15757,2,-0.55965,0.62947,0.09815
20,0.94739,6.15071,1,-0.27615,0.66215,0.12254
20,0.94739,6.15071,2,-0.51209,0.73999,0.19548
