particle,elasticity,weight,frame,x,y,z
1,0.57563,4.15093,1,0.07092,-0.09774,0.54322
2,0.5124,4.15093,1,0.07092,-0.09774,0.54322
3,0.83487,4.15093,1,0.07092,-0.09774,0.54322
4,0.46919,4.15093,1,0.07092,-0.09774,0.54322
5,0.70292,4.15093,1,0.07092,-0.09774,0.54322
6,0.17922,4.15093,1,0.07092,-0.09774,0.54322
7,0.7729,4.15093,1,0.07092,-0.09774,0.54322
8,0.13116,4.15093,1,0.07092,-0.09774,0.54322
9,0.28747,4.15093,1,0.07092,-0.09774,0.54322
10,0.11962,4.15093,1,0.07092,-0.09774,0.54322
11,0.01819,4.15093,1,0.07092,-0.09774,0.54322
12,0.76754,4.15093,1,0.07092,-0.09774,0.54322
13,0.82266,4.15093,1,0.07092,-0.09774,0.54322
14,0.00095,4.15093,1,0.07092,-0.09774,0.54322
15,0.03517,4.15093,1,0.07092,-0.09774,0.54322
16,0.3012,4.15093,1,0.07092,-0.09774,0.54322
17,0.40546,4.15093,1,0.07092,-0.09774,0.54322
18,0.00224,4.15093,1,0.07092,-0.09774,0.54322
19,0.71048,4.15093,1,0.07092,-0.09774,0.54322
20,0.87037,4.15093,1,0.07092,-0.09774,0.54322
