particle,elasticity,weight,frame,x,y,z
1,0.75639,7.01313,1,0.32267,-0.32285,0.41752
1,0.75639,7.01313,2,0.35907,-0.22044,0.20871
2,0.08982,7.75133,1,0.33157,-0.38354,0.40525
2,0.08982,7.75133,2,0.38502,-0.36454,0.17578
3,0.7095,7.07784,1,0.3233,-0.32712,0.41666
3,0.7095,7.07784,2,0.36163,-0.23052,0.20625
4,0.2007,7.65565,1,0.33009,-0.37345,0.40729
4,0.2007,7.65565,2,0.3867,-0.34081,0.17985
5,0.78953,6.96623,1,0.32223,-0.31984,0.41813
5,0.78953,6.96623,2,0.35727,-0.21333,0.21045
6,0.5071,7.33498,1,0.326,-0.34555,0.41293
6,0.5071,7.33498,2,0.37296,-0.27428,0.19549
7,0.06955,7.76765,1,0.33184,-0.38539,0.40488
7,0.06955,7.76765,2,0.38641,-0.36902,0.17463
8,0.28791,7.57279,1,0.32893,-0.36551,0.40889
8,0.28791,7.57279,2,0.39001,-0.32226,0.18256
9,0.74166,7.03366,1,0.32287,-0.3242,0.41725
9,0.74166,7.03366,2,0.35987,-0.22361,0.20794
10,0.47181,7.37612,1,0.32648,-0.34876,0.41228
10,0.47181,7.37612,2,0.37498,-0.28194,0.1936
11,0.83563,6.89938,1,0.32161,-0.31564,0.41898
11,0.83563,6.89938,2,0.3548,-0.20345,0.21285
12,0.44298,7.40892,1,0.32686,-0.35139,0.41174
12,0.44298,7.40892,2,0.37664,-0.28822,0.19205
13,0.22289,7.6352,1,0.3298,-0.37143,0.40769
13,0.22289,7.6352,2,0.38765,-0.3361,0.18052
14,0.51684,7.32343,1,0.32587,-0.34466,0.4131
14,0.51684,7.32343,2,0.3724,-0.27216,0.19601
15,0.02835,7.79971,1,0.33239,-0.38914,0.40412
15,0.02835,7.79971,2,0.38925,-0.37813,0.17229
16,0.62162,7.19392,1,0.32447,-0.33512,0.41504
16,0.62162,7.19392,2,0.36649,-0.24947,0.2016
17,0.3581,7.50124,1,0.32799,-0.35912,0.41018
17,0.3581,7.50124,2,0.38158,-0.30673,0.18746
18,0.76916,6.99517,1,0.3225,-0.32169,0.41776
18,0.76916,6.99517,2,0.35838,-0.2177,0.20938
19,0.98372,6.67199,1,0.31963,-0.30216,0.42172
19,0.98372,6.67199,2,0.347,-0.17184,0.22047
20,0.22384,7.63432,1,0.32978,-0.37134,0.40771
20,0.22384,7.63432,2,0.38769,-0.3359,0.18055
