particle,elasticity,weight,frame,x,y,z
1,0.1738,-3.63769,1,-0.32964,0.19872,-0.02268
1,0.1738,-3.63769,2,-0.38464,0.06252,0.22864
2,0.80963,-3.63769,1,-0.32964,0.19872,-0.02268
2,0.80963,-3.63769,2,-0.3599,0.06652,0.22393
3,0.28653,-3.63769,1,-0.32964,0.19872,-0.02268
3,0.28653,-3.63769,2,-0.38025,0.06323,0.22781
4,0.32938,-3.63769,1,-0.32964,0.19872,-0.02268
4,0.32938,-3.63769,2,-0.37858,0.0635,0.22749
5,0.18582,-3.63769,1,-0.32964,0.19872,-0.02268
5,0.18582,-3.63769,2,-0.38417,0.0626,0.22856
6,0.14627,-3.63769,1,-0.32964,0.19872,-0.02268
6,0.14627,-3.63769,2,-0.38571,0.06235,0.22885
7,0.19263,-3.63769,1,-0.32964,0.19872,-0.02268
7,0.19263,-3.63769,2,-0.38391,0.06264,0.2285
8,0.35865,-3.63769,1,-0.32964,0.19872,-0.02268
8,0.35865,-3.63769,2,-0.37745,0.06368,0.22727
9,0.71375,-3.63769,1,-0.32964,0.19872,-0.02268
9,0.71375,-3.63769,2,-0.36363,0.06592,0.22464
10,0.84667,-3.63769,1,-0.32964,0.19872,-0.02268
10,0.84667,-3.63769,2,-0.35845,0.06675,0.22366
11,0.50657,-3.63769,1,-0.32964,0.19872,-0.02268
11,0.50657,-3.63769,2,-0.37169,0.06461,0.22618
12,0.49302,-3.63769,1,-0.32964,0.19872,-0.02268
12,0.49302,-3.63769,2,-0.37222,0.06453,0.22628
13,0.34165,-3.63769,1,-0.32964,0.19872,-0.02268
13,0.34165,-3.63769,2,-0.37811,0.06358,0.2274
14,0.58849,-3.63769,1,-0.32964,0.19872,-0.02268
14,0.58849,-3.63769,2,-0.3685,0.06513,0.22557
15,0.48935,-3.63769,1,-0.32964,0.19872,-0.02268
15,0.48935,-3.63769,2,-0.37236,0.0645,0.22631
16,0.58787,-3.63769,1,-0.32964,0.19872,-0.02268
16,0.58787,-3.63769,2,-0.36853,0.06512,0.22558
17,0.46241,-3.63769,1,-0.32964,0.19872,-0.02268
17,0.46241,-3.63769,2,-0.37341,0.06434,0.22651
18,0.86582,-3.63769,1,-0.32964,0.19872,-0.02268
18,0.86582,-3.63769,2,-0.35771,0.06687,0.22351
19,0.8525,-3.63769,1,-0.32964,0.19872,-0.02268
19,0.8525,-3.63769,2,-0.35823,0.06679,0.22361
20,0.75824,-3.63769,1,-0.32964,0.19872,-0.02268
20,0.75824,-3.63769,2,-0.3619,0.0662,0.22431
