particle,elasticity,weight,frame,x,y,z
1,0.36482,4.15093,1,0.06721,0.25139,-0.01924
2,0.79561,4.15093,1,0.06721,0.25139,-0.01924
3,0.84467,4.15093,1,0.06721,0.25139,-0.01924
4,0.40098,4.15093,1,0.06721,0.25139,-0.01924
5,0.68499,4.15093,1,0.06721,0.25139,-0.01924
6,0.83714,4.15093,1,0.06721,0.25139,-0.01924
7,0.15507,4.15093,1,0.06721,0.25139,-0.01924
8,0.19473,4.15093,1,0.06721,0.25139,-0.01924
9,0.71737,4.15093,1,0.06721,0.25139,-0.01924
10,0.5152,4.15093,1,0.06721,0.25139,-0.01924
11,0.65561,4.15093,1,0.06721,0.25139,-0.01924
12,0.49224,4.15093,1,0.06721,0.25139,-0.01924
13,0.89687,4.15093,1,0.06721,0.25139,-0.01924
14,0.97992,4.15093,1,0.06721,0.25139,-0.01924
15,0.41843,4.15093,1,0.06721,0.25139,-0.01924
16,0.92865,4.15093,1,0.06721,0.25139,-0.01924
17,0.00791,4.15093,1,0.06721,0.25139,-0.01924
18,0.60719,4.15093,1,0.06721,0.25139,-0.01924
19,0.08395,4.15093,1,0.06721,0.25139,-0.01924
20,0.54034,4.15093,1,0.06721,0.25139,-0.01924
