particle,elasticity,weight,frame,x,y,z
1,0.28651,4.15093,1,0.38101,0.28415,0.10141
2,0.8218,4.15093,1,0.35441,0.28535,0.10201
3,0.74831,4.15093,1,0.35806,0.28535,0.10201
4,0.05289,4.15093,1,0.39262,0.28155,0.10012
5,0.68048,4.15093,1,0.36143,0.28535,0.10201
6,0.47622,4.15093,1,0.37158,0.28535,0.102
7,0.57496,4.15093,1,0.36667,0.28535,0.102
8,0.34536,4.15093,1,0.37808,0.28481,0.10174
9,0.23831,4.15093,1,0.38341,0.28361,0.10115
10,0.38885,4.15093,1,0.37592,0.28529,0.10198
11,0.27711,4.15093,1,0.38148,0.28405,0.10136
12,0.53519,4.15093,1,0.36865,0.28535,0.102
13,0.61195,4.15093,1,0.36483,0.28535,0.102
14,0.67412,4.15093,1,0.36175,0.28535,0.10201
15,0.89749,4.15093,1,0.35065,0.28536,0.10201
16,0.32816,4.15093,1,0.37894,0.28462,0.10164
17,0.53786,4.15093,1,0.36852,0.28535,0.102
18,0.48106,4.15093,1,0.37134,0.28535,0.102
19,0.61726,4.15093,1,0.36457,0.28535,0.102
20,0.64868,4.15093,1,0.36301,0.28535,0.102
