particle,elasticity,weight,frame,x,y,z
1,0.37113,8.21433,1,-0.32282,0.18091,0.1868
1,0.37113,8.21433,2,-0.38741,0.19756,0.1253
2,0.23993,8.21433,1,-0.32282,0.18091,0.1868
2,0.23993,8.21433,2,-0.38849,0.19756,0.11164
3,0.89991,8.21433,1,-0.32282,0.18091,0.1868
3,0.89991,8.21433,2,-0.38305,0.19758,0.18049
4,0.21686,8.21433,1,-0.32282,0.18091,0.1868
4,0.21686,8.21433,2,-0.38868,0.19756,0.10923
5,0.94803,8.21433,1,-0.32282,0.18091,0.1868
5,0.94803,8.21433,2,-0.38266,0.19764,0.18591
6,0.74153,8.21433,1,-0.32282,0.18091,0.1868
6,0.74153,8.21433,2,-0.38436,0.19756,0.16385
7,0.89087,8.21433,1,-0.32282,0.18091,0.1868
7,0.89087,8.21433,2,-0.38313,0.19757,0.17947
8,0.39454,8.21433,1,-0.32282,0.18091,0.1868
8,0.39454,8.21433,2,-0.38721,0.19756,0.12774
9,0.01173,8.21433,1,-0.32282,0.18091,0.1868
9,0.01173,8.21433,2,-0.39037,0.19757,0.08786
10,0.44961,8.21433,1,-0.32282,0.18091,0.1868
10,0.44961,8.21433,2,-0.38676,0.19756,0.13347
11,0.91803,8.21433,1,-0.32282,0.18091,0.1868
11,0.91803,8.21433,2,-0.38291,0.19761,0.18253
12,0.88689,8.21433,1,-0.32282,0.18091,0.1868
12,0.88689,8.21433,2,-0.38316,0.19757,0.17902
13,0.70177,8.21433,1,-0.32282,0.18091,0.1868
13,0.70177,8.21433,2,-0.38468,0.19756,0.15971
14,0.9631,8.21433,1,-0.32282,0.18091,0.1868
14,0.9631,8.21433,2,-0.38254,0.19766,0.18761
15,0.83801,8.21433,1,-0.32282,0.18091,0.1868
15,0.83801,8.21433,2,-0.38356,0.19756,0.17388
16,0.21756,8.21433,1,-0.32282,0.18091,0.1868
16,0.21756,8.21433,2,-0.38867,0.19756,0.10931
17,0.99968,8.21433,1,-0.32282,0.18091,0.1868
17,0.99968,8.21433,2,-0.38223,0.1977,0.19173
18,0.81098,8.21433,1,-0.32282,0.18091,0.1868
18,0.81098,8.21433,2,-0.38379,0.19756,0.17107
19,0.6565,8.21433,1,-0.32282,0.18091,0.1868
19,0.6565,8.21433,2,-0.38506,0.19756,0.155
20,0.4068,8.21433,1,-0.32282,0.18091,0.1868
20,0.4068,8.21433,2,-0.38711,0.19756,0.12902
