particle,elasticity,weight,frame,x,y,z
1,0.38582,4.15093,1,-0.06699,0.36491,0.62924
2,0.92206,4.15093,1,-0.06697,0.31097,0.62922
3,0.70309,4.15093,1,-0.06698,0.33299,0.62923
4,0.95627,4.15093,1,-0.06697,0.30754,0.62922
5,0.62716,4.15093,1,-0.06698,0.34062,0.62923
6,0.4862,4.15093,1,-0.06698,0.35481,0.62924
7,0.33345,4.15093,1,-0.06699,0.37018,0.62925
8,0.86841,4.15093,1,-0.06697,0.31637,0.62922
9,0.09184,4.15093,1,-0.067,0.39452,0.62925
10,0.19349,4.15093,1,-0.06699,0.38428,0.62925
11,0.76172,4.15093,1,-0.06697,0.32709,0.62923
12,0.83978,4.15093,1,-0.06697,0.31924,0.62922
13,0.3704,4.15093,1,-0.06699,0.36646,0.62924
14,0.32228,4.15093,1,-0.06699,0.37131,0.62925
15,0.63573,4.15093,1,-0.06698,0.33976,0.62923
16,0.99236,4.15093,1,-0.06697,0.30391,0.62922
17,0.56406,4.15093,1,-0.06698,0.34697,0.62924
18,0.46436,4.15093,1,-0.06699,0.357,0.62924
19,0.33467,4.15093,1,-0.06699,0.37006,0.62925
20,0.36109,4.15093,1,-0.06699,0.3674,0.62924
