particle,elasticity,weight,frame,x,y,z
1,0.1936,-1.80838,1,-0.32655,0.15082,0.05034
1,0.1936,-1.80838,2,-0.38637,-0.02971,0.22061
2,0.11399,-1.374,1,-0.32842,0.14926,0.04068
2,0.11399,-1.374,2,-0.38681,-0.02546,0.20328
3,0.00392,-0.78973,1,-0.331,0.14711,0.02732
3,0.00392,-0.78973,2,-0.39034,-0.02929,0.17859
4,0.46852,-3.3841,1,-0.3201,0.1562,0.08368
4,0.46852,-3.3841,2,-0.35847,-0.01996,0.28274
5,0.1936,-1.80838,1,-0.32655,0.15082,0.05034
5,0.1936,-1.80838,2,-0.38637,-0.02971,0.22061
6,0.56981,-3.99419,1,-0.31772,0.15819,0.09597
6,0.56981,-3.99419,2,-0.34849,-0.01636,0.3056
7,0.32414,-2.54196,1,-0.32349,0.15337,0.06618
7,0.32414,-2.54196,2,-0.37298,-0.02509,0.25013
8,0.36815,-2.79519,1,-0.32246,0.15424,0.07151
8,0.36815,-2.79519,2,-0.36852,-0.02353,0.26007
9,0.00392,-0.78973,1,-0.331,0.14711,0.02732
9,0.00392,-0.78973,2,-0.39034,-0.02929,0.17859
10,0.00392,-0.78973,1,-0.331,0.14711,0.02732
10,0.00392,-0.78973,2,-0.39034,-0.02929,0.17859
11,0.11399,-1.374,1,-0.32842,0.14926,0.04068
11,0.11399,-1.374,2,-0.38681,-0.02546,0.20328
12,0.11399,-1.374,1,-0.32842,0.14926,0.04068
12,0.11399,-1.374,2,-0.38681,-0.02546,0.20328
13,0.00392,-0.78973,1,-0.331,0.14711,0.02732
13,0.00392,-0.78973,2,-0.39034,-0.02929,0.17859
14,0.46852,-3.3841,1,-0.3201,0.1562,0.08368
14,0.46852,-3.3841,2,-0.35847,-0.01996,0.28274
15,0.00392,-0.78973,1,-0.331,0.14711,0.02732
15,0.00392,-0.78973,2,-0.39034,-0.02929,0.17859
16,0.84027,-5.70095,1,-0.31136,0.1635,0.12874
16,0.84027,-5.70095,2,-0.32263,-0.00673,0.36655
17,0.11399,-1.374,1,-0.32842,0.14926,0.04068
17,0.11399,-1.374,2,-0.38681,-0.02546,0.20328
18,0.00392,-0.78973,1,-0.331,0.14711,0.02732
18,0.00392,-0.78973,2,-0.39034,-0.02929,0.17859
19,0.00392,-0.78973,1,-0.331,0.14711,0.02732
19,0.00392,-0.78973,2,-0.39034,-0.02929,0.17859
20,0.00392,-0.78973,1,-0.331,0.14711,0.02732
20,0.00392,-0.78973,2,-0.39034,-0.02929,0.17859
