particle,elasticity,weight,frame,x,y,z
1,0.31418,6.37961,1,-0.11621,0.50859,-0.05807
1,0.31418,6.37961,2,-0.11621,0.5263,0.02517
2,0.38347,6.37961,1,-0.11621,0.50859,-0.05807
2,0.38347,6.37961,2,-0.11621,0.5263,0.02517
3,0.01913,6.37961,1,-0.11621,0.50859,-0.05807
3,0.01913,6.37961,2,-0.11621,0.5263,0.02517
4,0.87057,6.37961,1,-0.11621,0.50859,-0.05807
4,0.87057,6.37961,2,-0.11621,0.5263,0.02517
5,0.89255,6.37961,1,-0.11621,0.50859,-0.05807
5,0.89255,6.37961,2,-0.11621,0.5263,0.02517
6,0.26712,6.37961,1,-0.11621,0.50859,-0.05807
6,0.26712,6.37961,2,-0.11621,0.5263,0.02517
7,0.37544,6.37961,1,-0.11621,0.50859,-0.05807
7,0.37544,6.37961,2,-0.11621,0.5263,0.02517
8,0.11611,6.37961,1,-0.11621,0.50859,-0.05807
8,0.11611,6.37961,2,-0.11621,0.5263,0.02517
9,0.67006,6.37961,1,-0.11621,0.50859,-0.05807
9,0.67006,6.37961,2,-0.11621,0.5263,0.02517
10,0.80372,6.37961,1,-0.11621,0.50859,-0.05807
10,0.80372,6.37961,2,-0.11621,0.5263,0.02517
11,0.35122,6.37961,1,-0.11621,0.50859,-0.05807
11,0.35122,6.37961,2,-0.11621,0.5263,0.02517
12,0.51179,6.37961,1,-0.11621,0.50859,-0.05807
12,0.51179,6.37961,2,-0.11621,0.5263,0.02517
13,0.46626,6.37961,1,-0.11621,0.50859,-0.05807
13,0.46626,6.37961,2,-0.11621,0.5263,0.02517
14,0.30283,6.37961,1,-0.11621,0.50859,-0.05807
14,0.30283,6.37961,2,-0.11621,0.5263,0.02517
15,0.02228,6.37961,1,-0.11621,0.50859,-0.05807
15,0.02228,6.37961,2,-0.11621,0.5263,0.02517
16,0.46625,6.37961,1,-0.11621,0.50859,-0.05807
16,0.46625,6.37961,2,-0.11621,0.5263,0.02517
17,0.74341,6.37961,1,-0.11621,0.50859,-0.05807
17,0.74341,6.37961,2,-0.11621,0.5263,0.02517
18,0.69447,6.37961,1,-0.11621,0.50859,-0.05807
18,0.69447,6.37961,2,-0.11621,0.5263,0.02517
19,0.53656,6.37961,1,-0.11621,0.50859,-0.05807
19,0.53656,6.37961,2,-0.11621,0.5263,0.02517
20,0.61642,6.37961,1,-0.11621,0.50859,-0.05807
20,0.61642,6.37961,2,-0.11621,0.5263,0.02517
