particle,elasticity,weight,frame,x,y,z
1,0.8575,4.15093,1,-0.16851,0.38953,0.0769
2,0.51135,4.15093,1,-0.16984,0.38978,0.07155
3,0.19465,4.15093,1,-0.17106,0.39001,0.06664
4,0.26337,4.15093,1,-0.1708,0.39001,0.06771
5,0.92249,4.15093,1,-0.16826,0.38948,0.07791
6,0.06719,4.15093,1,-0.17152,0.38999,0.06466
7,0.0569,4.15093,1,-0.17156,0.38999,0.0645
8,0.19466,4.15093,1,-0.17106,0.39001,0.06664
9,0.58996,4.15093,1,-0.16953,0.38969,0.07276
10,0.90813,4.15093,1,-0.16833,0.38955,0.07769
11,0.96736,4.15093,1,-0.16801,0.38917,0.07859
12,0.68163,4.15093,1,-0.16916,0.38956,0.07418
13,0.55238,4.15093,1,-0.16968,0.38973,0.07218
14,0.38275,4.15093,1,-0.17037,0.39001,0.06956
15,0.16485,4.15093,1,-0.17117,0.39001,0.06618
16,0.93801,4.15093,1,-0.16817,0.38937,0.07815
17,0.28368,4.15093,1,-0.17073,0.39001,0.06802
18,0.02077,4.15093,1,-0.17169,0.39,0.06394
19,0.70485,4.15093,1,-0.16906,0.38952,0.07454
20,0.14145,4.15093,1,-0.17125,0.39,0.06582
