particle,elasticity,weight,frame,x,y,z
1,0.91765,4.15093,1,-0.11898,0.128,0.00626
2,0.00839,4.15093,1,-0.11898,0.128,0.00626
3,0.96164,4.15093,1,-0.11898,0.128,0.00626
4,0.5221,4.15093,1,-0.11898,0.128,0.00626
5,0.09809,4.15093,1,-0.11898,0.128,0.00626
6,0.13259,4.15093,1,-0.11898,0.128,0.00626
7,0.54157,4.15093,1,-0.11898,0.128,0.00626
8,0.431,4.15093,1,-0.11898,0.128,0.00626
9,0.59646,4.15093,1,-0.11898,0.128,0.00626
10,0.15716,4.15093,1,-0.11898,0.128,0.00626
11,0.77004,4.15093,1,-0.11898,0.128,0.00626
12,0.13446,4.15093,1,-0.11898,0.128,0.00626
13,0.37502,4.15093,1,-0.11898,0.128,0.00626
14,0.49089,4.15093,1,-0.11898,0.128,0.00626
15,0.65561,4.15093,1,-0.11898,0.128,0.00626
16,0.53622,4.15093,1,-0.11898,0.128,0.00626
17,0.20616,4.15093,1,-0.11898,0.128,0.00626
18,0.88776,4.15093,1,-0.11898,0.128,0.00626
19,0.46798,4.15093,1,-0.11898,0.128,0.00626
20,0.04145,4.15093,1,-0.11898,0.128,0.00626
