particle,elasticity,weight,frame,x,y,z
1,0.76694,4.15093,1,-0.25437,0.67296,-0.01619
2,0.47895,4.15093,1,-0.25437,0.67296,-0.01619
3,0.24077,4.15093,1,-0.25437,0.67296,-0.01619
4,0.76976,4.15093,1,-0.25437,0.67296,-0.01619
5,0.32214,4.15093,1,-0.25437,0.67296,-0.01619
6,0.06944,4.15093,1,-0.25437,0.67296,-0.01619
7,0.70219,4.15093,1,-0.25437,0.67296,-0.01619
8,0.64827,4.15093,1,-0.25437,0.67296,-0.01619
9,0.43267,4.15093,1,-0.25437,0.67296,-0.01619
10,0.27503,4.15093,1,-0.25437,0.67296,-0.01619
11,0.54974,4.15093,1,-0.25437,0.67296,-0.01619
12,0.20705,4.15093,1,-0.25437,0.67296,-0.01619
13,0.28978,4.15093,1,-0.25437,0.67296,-0.01619
14,0.63667,4.15093,1,-0.25437,0.67296,-0.01619
15,0.90544,4.15093,1,-0.25437,0.67296,-0.01619
16,0.48248,4.15093,1,-0.25437,0.67296,-0.01619
17,0.98356,4.15093,1,-0.25437,0.67296,-0.01619
18,0.1983,4.15093,1,-0.25437,0.67296,-0.01619
19,0.33901,4.15093,1,-0.25437,0.67296,-0.01619
20,0.59664,4.15093,1,-0.25437,0.67296,-0.01619
