particle,elasticity,weight,frame,x,y,z
1,0.86978,4.15093,1,0.22648,0.50056,-0.07616
2,0.45153,4.15093,1,0.22648,0.50056,-0.07616
3,0.82525,4.15093,1,0.22648,0.50056,-0.07616
4,0.6698,4.15093,1,0.22648,0.50056,-0.07616
5,0.14479,4.15093,1,0.22648,0.50056,-0.07616
6,0.54747,4.15093,1,0.22648,0.50056,-0.07616
7,0.51798,4.15093,1,0.22648,0.50056,-0.07616
8,0.5804,4.15093,1,0.22648,0.50056,-0.07616
9,0.46758,4.15093,1,0.22648,0.50056,-0.07616
10,0.83333,4.15093,1,0.22648,0.50056,-0.07616
11,0.45196,4.15093,1,0.22648,0.50056,-0.07616
12,0.01113,4.15093,1,0.22648,0.50056,-0.07616
13,0.39663,4.15093,1,0.22648,0.50056,-0.07616
14,0.65344,4.15093,1,0.22648,0.50056,-0.07616
15,0.29414,4.15093,1,0.22648,0.50056,-0.07616
16,0.77187,4.15093,1,0.22648,0.50056,-0.07616
17,0.07202,4.15093,1,0.22648,0.50056,-0.07616
18,0.94039,4.15093,1,0.22648,0.50056,-0.07616
19,0.77667,4.15093,1,0.22648,0.50056,-0.07616
20,0.08887,4.15093,1,0.22648,0.50056,-0.07616
