particle,elasticity,weight,frame,x,y,z
1,0.24985,-5.64392,1,0.17361,-0.1249,0.03097
1,0.24985,-5.64392,2,0.36649,-0.41536,0.19822
2,0.21175,-5.58161,1,0.17381,-0.12521,0.02951
2,0.21175,-5.58161,2,0.3669,-0.41597,0.19533
3,0.37355,-5.84778,1,0.17295,-0.12391,0.03571
3,0.37355,-5.84778,2,0.36517,-0.41338,0.2076
4,0.66923,-6.34462,1,0.17137,-0.12153,0.04703
4,0.66923,-6.34462,2,0.36203,-0.40864,0.23003
5,0.66142,-6.33133,1,0.17141,-0.12159,0.04673
5,0.66142,-6.33133,2,0.36211,-0.40876,0.22943
6,0.04389,-5.30974,1,0.17471,-0.12655,0.02309
6,0.04389,-5.30974,2,0.36868,-0.41866,0.1826
7,0.46962,-6.00773,1,0.17244,-0.12314,0.03939
7,0.46962,-6.00773,2,0.36415,-0.41184,0.21489
8,0.84887,-6.65306,1,0.17041,-0.12009,0.0539
8,0.84887,-6.65306,2,0.36011,-0.40575,0.24364
9,0.15051,-5.48192,1,0.17414,-0.1257,0.02717
9,0.15051,-5.48192,2,0.36755,-0.41695,0.19069
10,0.88011,-6.7072,1,0.17025,-0.11984,0.0551
10,0.88011,-6.7072,2,0.35978,-0.40525,0.24601
11,0.2045,-5.56977,1,0.17385,-0.12526,0.02924
11,0.2045,-5.56977,2,0.36697,-0.41609,0.19478
12,0.82868,-6.61815,1,0.17052,-0.12025,0.05313
12,0.82868,-6.61815,2,0.36033,-0.40608,0.24211
13,0.50635,-6.06926,1,0.17224,-0.12284,0.04079
13,0.50635,-6.06926,2,0.36376,-0.41125,0.21768
14,0.22622,-5.60525,1,0.17374,-0.12509,0.03007
14,0.22622,-5.60525,2,0.36674,-0.41574,0.19643
15,0.9627,-6.85107,1,0.16981,-0.11917,0.05826
15,0.9627,-6.85107,2,0.3589,-0.40392,0.25227
16,0.32456,-5.76676,1,0.17321,-0.1243,0.03383
16,0.32456,-5.76676,2,0.3657,-0.41416,0.20389
17,0.97306,-6.86919,1,0.16975,-0.11909,0.05865
17,0.97306,-6.86919,2,0.35879,-0.40376,0.25306
18,0.56702,-6.17135,1,0.17192,-0.12235,0.04311
18,0.56702,-6.17135,2,0.36311,-0.41028,0.22228
19,0.64186,-6.29806,1,0.17152,-0.12175,0.04598
19,0.64186,-6.29806,2,0.36232,-0.40908,0.22795
20,0.58246,-6.19742,1,0.17184,-0.12223,0.0437
20,0.58246,-6.19742,2,0.36295,-0.41003,0.22345
