particle,elasticity,weight,frame,x,y,z
1,0.22611,4.15093,1,0.14897,0.62811,-0.00986
2,0.38709,4.15093,1,0.15142,0.65173,-0.02395
3,0.13818,4.15093,1,0.14896,0.6273,-0.01225
4,0.51846,4.15093,1,0.15164,0.66626,-0.02238
5,0.66504,4.15093,1,0.15156,0.6704,-0.02062
6,0.95046,4.15093,1,0.15141,0.6767,-0.01719
7,0.33882,4.15093,1,0.15126,0.64623,-0.02452
8,0.78656,4.15093,1,0.1515,0.67325,-0.01916
9,0.00203,4.15093,1,0.14894,0.62598,-0.01573
10,0.87586,4.15093,1,0.15145,0.67518,-0.01809
11,0.91375,4.15093,1,0.15143,0.67597,-0.01763
12,0.4336,4.15093,1,0.15152,0.65695,-0.0234
13,0.89016,4.15093,1,0.15144,0.67548,-0.01792
14,0.44287,4.15093,1,0.15154,0.65798,-0.02329
15,0.49108,4.15093,1,0.15161,0.66329,-0.02271
16,0.18929,4.15093,1,0.14897,0.62778,-0.01088
17,0.0523,4.15093,1,0.14895,0.62648,-0.01447
18,0.92501,4.15093,1,0.15142,0.67619,-0.0175
19,0.58956,4.15093,1,0.15161,0.66852,-0.02153
20,0.35102,4.15093,1,0.15131,0.64762,-0.02438
