particle,elasticity,weight,frame,x,y,z
1,0.2092,4.15093,1,0.29399,0.77224,0.07184
2,0.98153,4.15093,1,0.27074,0.87132,0.14445
3,0.01936,4.15093,1,0.31258,0.74862,0.054
4,0.31289,4.15093,1,0.28787,0.78536,0.0816
5,0.0416,4.15093,1,0.30969,0.75136,0.05609
6,0.56094,4.15093,1,0.27867,0.8171,0.10493
7,0.73601,4.15093,1,0.27464,0.83966,0.12139
8,0.55156,4.15093,1,0.27892,0.8159,0.10405
9,0.56868,4.15093,1,0.27846,0.8181,0.10566
10,0.38998,4.15093,1,0.28437,0.79518,0.08885
11,0.07715,4.15093,1,0.30553,0.75576,0.05943
12,0.75053,4.15093,1,0.27437,0.84153,0.12275
13,0.66927,4.15093,1,0.27602,0.83105,0.11512
14,0.06219,4.15093,1,0.30721,0.75391,0.05803
15,0.73546,4.15093,1,0.27465,0.83959,0.12134
16,0.24821,4.15093,1,0.29146,0.77716,0.07551
17,0.21483,4.15093,1,0.29361,0.77295,0.07237
18,0.26312,4.15093,1,0.29057,0.77904,0.07691
19,0.59775,4.15093,1,0.2777,0.82184,0.10839
20,0.36199,4.15093,1,0.28556,0.79161,0.08621
