particle,elasticity,weight,frame,x,y,z
1,0.90477,4.15093,1,-0.34999,0.33988,0.5185
2,0.49597,4.15093,1,-0.34999,0.33988,0.5185
3,0.16384,4.15093,1,-0.34999,0.33988,0.5185
4,0.39188,4.15093,1,-0.34999,0.33988,0.5185
5,0.2814,4.15093,1,-0.34999,0.33988,0.5185
6,0.61364,4.15093,1,-0.34999,0.33988,0.5185
7,0.16459,4.15093,1,-0.34999,0.33988,0.5185
8,0.31689,4.15093,1,-0.34999,0.33988,0.5185
9,0.55901,4.15093,1,-0.34999,0.33988,0.5185
10,0.75636,4.15093,1,-0.34999,0.33988,0.5185
11,0.01037,4.15093,1,-0.34999,0.33988,0.5185
12,0.65673,4.15093,1,-0.34999,0.33988,0.5185
13,0.50822,4.15093,1,-0.34999,0.33988,0.5185
14,0.77375,4.15093,1,-0.34999,0.33988,0.5185
15,0.8353,4.15093,1,-0.34999,0.33988,0.5185
16,0.21198,4.15093,1,-0.34999,0.33988,0.5185
17,0.18005,4.15093,1,-0.34999,0.33988,0.5185
18,0.07217,4.15093,1,-0.34999,0.33988,0.5185
19,0.61098,4.15093,1,-0.34999,0.33988,0.5185
20,0.05772,4.15093,1,-0.34999,0.33988,0.5185
