particle,elasticity,weight,frame,x,y,z
1,0.36495,4.15093,1,-0.394,-0.18754,0.51612
2,0.35409,4.15093,1,-0.394,-0.18754,0.51612
3,0.45111,4.15093,1,-0.394,-0.18754,0.51612
4,0.09739,4.15093,1,-0.394,-0.18754,0.51612
5,0.56442,4.15093,1,-0.394,-0.18754,0.51612
6,0.25531,4.15093,1,-0.394,-0.18754,0.51612
7,0.85324,4.15093,1,-0.394,-0.18754,0.51612
8,0.02203,4.15093,1,-0.394,-0.18754,0.51612
9,0.47438,4.15093,1,-0.394,-0.18754,0.51612
10,0.50521,4.15093,1,-0.394,-0.18754,0.51612
11,0.67439,4.15093,1,-0.394,-0.18754,0.51612
12,0.9718,4.15093,1,-0.394,-0.18754,0.51612
13,0.71132,4.15093,1,-0.394,-0.18754,0.51612
14,0.14624,4.15093,1,-0.394,-0.18754,0.51612
15,0.95239,4.15093,1,-0.394,-0.18754,0.51612
16,0.91281,4.15093,1,-0.394,-0.18754,0.51612
17,0.52994,4.15093,1,-0.394,-0.18754,0.51612
18,0.76548,4.15093,1,-0.394,-0.18754,0.51612
19,0.36837,4.15093,1,-0.394,-0.18754,0.51612
20,0.56683,4.15093,1,-0.394,-0.18754,0.51612
