particle,elasticity,weight,frame,x,y,z
1,0.64458,4.15093,1,-0.01502,0.22118,0.17775
2,0.20371,4.15093,1,-0.01503,0.2211,0.1149
3,0.40186,4.15093,1,-0.01502,0.22113,0.14316
4,0.53692,4.15093,1,-0.01502,0.22115,0.16241
5,0.09267,4.15093,1,-0.01503,0.22109,0.09905
6,0.12271,4.15093,1,-0.01503,0.2211,0.10334
7,0.14546,4.15093,1,-0.01503,0.2211,0.10659
8,0.63403,4.15093,1,-0.01502,0.22117,0.17625
9,0.81535,4.15093,1,-0.01502,0.22122,0.20207
10,0.87974,4.15093,1,-0.01502,0.22123,0.21124
11,0.92531,4.15093,1,-0.01502,0.22124,0.21773
12,0.6437,4.15093,1,-0.01502,0.22118,0.17763
13,0.07886,4.15093,1,-0.01503,0.22109,0.09708
14,0.87234,4.15093,1,-0.01502,0.22123,0.21019
15,0.96501,4.15093,1,-0.01502,0.22126,0.22338
16,0.26248,4.15093,1,-0.01502,0.22111,0.12328
17,0.946,4.15093,1,-0.01502,0.22125,0.22067
18,0.57279,4.15093,1,-0.01502,0.22116,0.16752
19,0.78338,4.15093,1,-0.01502,0.22121,0.19752
20,0.82319,4.15093,1,-0.01502,0.22122,0.20319
