particle,elasticity,weight,frame,x,y,z
1,0.15621,8.28437,1,0.07666,-0.29459,0.41948
1,0.15621,8.28437,2,0.13466,-0.38923,0.49509
2,0.58097,8.28437,1,0.07666,-0.29459,0.41948
2,0.58097,8.28437,2,0.13466,-0.38354,0.49509
3,0.40522,8.28437,1,0.07666,-0.29459,0.41948
3,0.40522,8.28437,2,0.13466,-0.38589,0.49509
4,0.43628,8.28437,1,0.07666,-0.29459,0.41948
4,0.43628,8.28437,2,0.13466,-0.38548,0.49509
5,0.05666,8.28437,1,0.07666,-0.29459,0.41948
5,0.05666,8.28437,2,0.13466,-0.38998,0.49513
6,0.03721,8.28437,1,0.07666,-0.29459,0.41948
6,0.03721,8.28437,2,0.13467,-0.38999,0.49515
7,0.76931,8.28437,1,0.07666,-0.29459,0.41948
7,0.76931,8.28437,2,0.13466,-0.38102,0.49509
8,0.66416,8.28437,1,0.07666,-0.29459,0.41948
8,0.66416,8.28437,2,0.13466,-0.38243,0.49509
9,0.57535,8.28437,1,0.07666,-0.29459,0.41948
9,0.57535,8.28437,2,0.13466,-0.38362,0.49509
10,0.97799,8.28437,1,0.07666,-0.29459,0.41948
10,0.97799,8.28437,2,0.13466,-0.37822,0.49509
11,0.04854,8.28437,1,0.07666,-0.29459,0.41948
11,0.04854,8.28437,2,0.13466,-0.38998,0.49513
12,0.65376,8.28437,1,0.07666,-0.29459,0.41948
12,0.65376,8.28437,2,0.13466,-0.38257,0.49509
13,0.76393,8.28437,1,0.07666,-0.29459,0.41948
13,0.76393,8.28437,2,0.13466,-0.38109,0.49509
14,0.38086,8.28437,1,0.07666,-0.29459,0.41948
14,0.38086,8.28437,2,0.13466,-0.38622,0.49509
15,0.9895,8.28437,1,0.07666,-0.29459,0.41948
15,0.9895,8.28437,2,0.13466,-0.37807,0.49509
16,0.88812,8.28437,1,0.07666,-0.29459,0.41948
16,0.88812,8.28437,2,0.13466,-0.37943,0.49509
17,0.79465,8.28437,1,0.07666,-0.29459,0.41948
17,0.79465,8.28437,2,0.13466,-0.38068,0.49509
18,0.54772,8.28437,1,0.07666,-0.29459,0.41948
18,0.54772,8.28437,2,0.13466,-0.38399,0.49509
19,0.26408,8.28437,1,0.07666,-0.29459,0.41948
19,0.26408,8.28437,2,0.13466,-0.38779,0.49509
20,0.25821,8.28437,1,0.07666,-0.29459,0.41948
20,0.25821,8.28437,2,0.13466,-0.38786,0.49509
