particle,elasticity,weight,frame,x,y,z
1,0.90389,4.15093,1,-0.3701,-0.19052,0.77651
2,0.10537,4.15093,1,-0.3701,-0.19052,0.77651
3,0.8609,4.15093,1,-0.3701,-0.19052,0.77651
4,0.74411,4.15093,1,-0.3701,-0.19052,0.77651
5,0.93288,4.15093,1,-0.3701,-0.19052,0.77651
6,0.05552,4.15093,1,-0.3701,-0.19052,0.77651
7,0.14287,4.15093,1,-0.3701,-0.19052,0.77651
8,0.93912,4.15093,1,-0.3701,-0.19052,0.77651
9,0.60804,4.15093,1,-0.3701,-0.19052,0.77651
10,0.02536,4.15093,1,-0.3701,-0.19052,0.77651
11,0.6064,4.15093,1,-0.3701,-0.19052,0.77651
12,0.90583,4.15093,1,-0.3701,-0.19052,0.77651
13,0.86298,4.15093,1,-0.3701,-0.19052,0.77651
14,0.81284,4.15093,1,-0.3701,-0.19052,0.77651
15,0.80776,4.15093,1,-0.3701,-0.19052,0.77651
16,0.33183,4.15093,1,-0.3701,-0.19052,0.77651
17,0.27206,4.15093,1,-0.3701,-0.19052,0.77651
18,0.23668,4.15093,1,-0.3701,-0.19052,0.77651
19,0.57571,4.15093,1,-0.3701,-0.19052,0.77651
20,0.3994,4.15093,1,-0.3701,-0.19052,0.77651
