particle,elasticity,weight,frame,x,y,z
1,0.4941,4.15093,1,-0.1579,0.00219,0.53704
2,0.37096,4.15093,1,-0.1579,0.00219,0.53704
3,0.71624,4.15093,1,-0.1579,0.00219,0.53704
4,0.76134,4.15093,1,-0.1579,0.00219,0.53704
5,0.5019,4.15093,1,-0.1579,0.00219,0.53704
6,0.7009,4.15093,1,-0.1579,0.00219,0.53704
7,0.98069,4.15093,1,-0.1579,0.00219,0.53704
8,0.8223,4.15093,1,-0.1579,0.00219,0.53704
9,0.9873,4.15093,1,-0.1579,0.00219,0.53704
10,0.08123,4.15093,1,-0.1579,0.00219,0.53704
11,0.32198,4.15093,1,-0.1579,0.00219,0.53704
12,0.49174,4.15093,1,-0.1579,0.00219,0.53704
13,0.514,4.15093,1,-0.1579,0.00219,0.53704
14,0.98853,4.15093,1,-0.1579,0.00219,0.53704
15,0.75846,4.15093,1,-0.1579,0.00219,0.53704
16,0.42294,4.15093,1,-0.1579,0.00219,0.53704
17,0.36608,4.15093,1,-0.1579,0.00219,0.53704
18,0.35182,4.15093,1,-0.1579,0.00219,0.53704
19,0.12697,4.15093,1,-0.1579,0.00219,0.53704
20,0.08486,4.15093,1,-0.1579,0.00219,0.53704
