particle,elasticity,weight,frame,x,y,z
1,0.54528,-17.71756,1,-0.21949,0.07247,0.05444
1,0.54528,-17.71756,2,-0.38424,-0.19836,0.26606
2,0.55871,-17.71756,1,-0.21949,0.07247,0.05444
2,0.55871,-17.71756,2,-0.38358,-0.19823,0.26596
3,0.76518,-17.71756,1,-0.21949,0.07247,0.05444
3,0.76518,-17.71756,2,-0.37345,-0.19632,0.26448
4,0.63475,-17.71756,1,-0.21949,0.07247,0.05444
4,0.63475,-17.71756,2,-0.37985,-0.19749,0.26539
5,0.36582,-17.71756,1,-0.21949,0.07247,0.05444
5,0.36582,-17.71756,2,-0.39305,-0.20011,0.2674
6,0.54466,-17.71756,1,-0.21949,0.07247,0.05444
6,0.54466,-17.71756,2,-0.38427,-0.19837,0.26606
7,0.32242,-17.71756,1,-0.21949,0.07247,0.05444
7,0.32242,-17.71756,2,-0.39517,-0.20053,0.26773
8,0.04078,-17.71756,1,-0.21949,0.07247,0.05444
8,0.04078,-17.71756,2,-0.40899,-0.20327,0.26983
9,0.99599,-17.71756,1,-0.21949,0.07247,0.05444
9,0.99599,-17.71756,2,-0.36213,-0.19631,0.26448
10,0.09912,-17.71756,1,-0.21949,0.07247,0.05444
10,0.09912,-17.71756,2,-0.40613,-0.2027,0.2694
11,0.91692,-17.71756,1,-0.21949,0.07247,0.05444
11,0.91692,-17.71756,2,-0.36601,-0.19631,0.26448
12,0.17777,-17.71756,1,-0.21949,0.07247,0.05444
12,0.17777,-17.71756,2,-0.40227,-0.20194,0.26881
13,0.66384,-17.71756,1,-0.21949,0.07247,0.05444
13,0.66384,-17.71756,2,-0.37842,-0.19721,0.26517
14,0.89453,-17.71756,1,-0.21949,0.07247,0.05444
14,0.89453,-17.71756,2,-0.36711,-0.19631,0.26448
15,0.39844,-17.71756,1,-0.21949,0.07247,0.05444
15,0.39844,-17.71756,2,-0.39144,-0.19979,0.26716
16,0.35828,-17.71756,1,-0.21949,0.07247,0.05444
16,0.35828,-17.71756,2,-0.39342,-0.20018,0.26746
17,0.54079,-17.71756,1,-0.21949,0.07247,0.05444
17,0.54079,-17.71756,2,-0.38446,-0.19841,0.26609
18,0.94719,-17.71756,1,-0.21949,0.07247,0.05444
18,0.94719,-17.71756,2,-0.36453,-0.19631,0.26448
19,0.04173,-17.71756,1,-0.21949,0.07247,0.05444
19,0.04173,-17.71756,2,-0.40895,-0.20326,0.26983
20,0.54119,-17.71756,1,-0.21949,0.07247,0.05444
20,0.54119,-17.71756,2,-0.38444,-0.1984,0.26609
