particle,elasticity,weight,frame,x,y,z
1,0.44567,7.2323,1,0.1104,0.60188,0.15525
1,0.44567,7.2323,2,0.18251,0.64589,0.09722
2,0.64388,7.2323,1,0.1104,0.60188,0.15525
2,0.64388,7.2323,2,0.18249,0.66286,0.09723
3,0.25241,7.2323,1,0.1104,0.60188,0.15525
3,0.25241,7.2323,2,0.18251,0.62933,0.09722
4,0.6187,7.2323,1,0.1104,0.60188,0.15525
4,0.6187,7.2323,2,0.1825,0.66071,0.09723
5,0.60814,7.2323,1,0.1104,0.60188,0.15525
5,0.60814,7.2323,2,0.1825,0.6598,0.09723
6,0.88149,7.2323,1,0.1104,0.60188,0.15525
6,0.88149,7.2323,2,0.18248,0.6832,0.09724
7,0.99713,7.2323,1,0.1104,0.60188,0.15525
7,0.99713,7.2323,2,0.18247,0.6931,0.09725
8,0.76045,7.2323,1,0.1104,0.60188,0.15525
8,0.76045,7.2323,2,0.18249,0.67285,0.09724
9,0.47519,7.2323,1,0.1104,0.60188,0.15525
9,0.47519,7.2323,2,0.1825,0.64842,0.09722
10,0.94778,7.2323,1,0.1104,0.60188,0.15525
10,0.94778,7.2323,2,0.18247,0.68888,0.09725
11,0.11388,7.2323,1,0.1104,0.60188,0.15525
11,0.11388,7.2323,2,0.18252,0.61746,0.09721
12,0.70258,7.2323,1,0.1104,0.60188,0.15525
12,0.70258,7.2323,2,0.18249,0.66789,0.09723
13,0.49647,7.2323,1,0.1104,0.60188,0.15525
13,0.49647,7.2323,2,0.1825,0.65024,0.09722
14,0.39247,7.2323,1,0.1104,0.60188,0.15525
14,0.39247,7.2323,2,0.18251,0.64133,0.09722
15,0.93118,7.2323,1,0.1104,0.60188,0.15525
15,0.93118,7.2323,2,0.18247,0.68746,0.09725
16,0.43219,7.2323,1,0.1104,0.60188,0.15525
16,0.43219,7.2323,2,0.18251,0.64473,0.09722
17,0.6757,7.2323,1,0.1104,0.60188,0.15525
17,0.6757,7.2323,2,0.18249,0.66559,0.09723
18,0.71304,7.2323,1,0.1104,0.60188,0.15525
18,0.71304,7.2323,2,0.18249,0.66879,0.09723
19,0.68363,7.2323,1,0.1104,0.60188,0.15525
19,0.68363,7.2323,2,0.18249,0.66627,0.09723
20,0.47364,7.2323,1,0.1104,0.60188,0.15525
20,0.47364,7.2323,2,0.1825,0.64829,0.09722
