particle,elasticity,weight,frame,x,y,z
1,0.54687,4.15093,1,0.0454,0.33887,-0.00597
2,0.1866,4.15093,1,0.0454,0.33887,-0.00597
3,0.58035,4.15093,1,0.0454,0.33887,-0.00597
4,0.77508,4.15093,1,0.0454,0.33887,-0.00597
5,0.46387,4.15093,1,0.0454,0.33887,-0.00597
6,0.86286,4.15093,1,0.0454,0.33887,-0.00597
7,0.14417,4.15093,1,0.0454,0.33887,-0.00597
8,0.61775,4.15093,1,0.0454,0.33887,-0.00597
9,0.63375,4.15093,1,0.0454,0.33887,-0.00597
10,0.70192,4.15093,1,0.0454,0.33887,-0.00597
11,0.71625,4.15093,1,0.0454,0.33887,-0.00597
12,0.89872,4.15093,1,0.0454,0.33887,-0.00597
13,0.81765,4.15093,1,0.0454,0.33887,-0.00597
14,0.61651,4.15093,1,0.0454,0.33887,-0.00597
15,0.64576,4.15093,1,0.0454,0.33887,-0.00597
16,0.96528,4.15093,1,0.0454,0.33887,-0.00597
17,0.70015,4.15093,1,0.0454,0.33887,-0.00597
18,0.63073,4.15093,1,0.0454,0.33887,-0.00597
19,0.89702,4.15093,1,0.0454,0.33887,-0.00597
20,0.63041,4.15093,1,0.0454,0.33887,-0.00597
