particle,elasticity,weight,frame,x,y,z
1,0.67515,4.15093,1,0.26806,0.82107,0.10495
2,0.51887,4.15093,1,0.26806,0.82107,0.10495
3,0.87581,4.15093,1,0.26806,0.82107,0.10495
4,0.70543,4.15093,1,0.26806,0.82107,0.10495
5,0.45996,4.15093,1,0.26806,0.82107,0.10495
6,0.49221,4.15093,1,0.26806,0.82107,0.10495
7,0.48696,4.15093,1,0.26806,0.82107,0.10495
8,0.05643,4.15093,1,0.26806,0.82107,0.10495
9,0.27635,4.15093,1,0.26806,0.82107,0.10495
10,0.51507,4.15093,1,0.26806,0.82107,0.10495
11,0.43201,4.15093,1,0.26806,0.82107,0.10495
12,0.85194,4.15093,1,0.26806,0.82107,0.10495
13,0.52602,4.15093,1,0.26806,0.82107,0.10495
14,0.15165,4.15093,1,0.26806,0.82107,0.10495
15,0.61376,4.15093,1,0.26806,0.82107,0.10495
16,0.88356,4.15093,1,0.26806,0.82107,0.10495
17,0.97584,4.15093,1,0.26806,0.82107,0.10495
18,0.07781,4.15093,1,0.26806,0.82107,0.10495
19,0.36865,4.15093,1,0.26806,0.82107,0.10495
20,0.82822,4.15093,1,0.26806,0.82107,0.10495
