particle,elasticity,weight,frame,x,y,z
1,0.68164,7.69669,1,-0.16324,-0.0006,0.85405
1,0.68164,7.69669,2,-0.41063,-0.07931,0.77717
2,0.67848,7.69843,1,-0.16328,-0.00062,0.85422
2,0.67848,7.69843,2,-0.41073,-0.07934,0.77762
3,0.49393,7.79534,1,-0.16553,-0.00133,0.86365
3,0.49393,7.79534,2,-0.38314,-0.07881,0.80195
4,0.79318,7.63343,1,-0.16189,-0.00017,0.84835
4,0.79318,7.63343,2,-0.40684,-0.0781,0.76129
5,0.53401,7.7751,1,-0.16504,-0.00118,0.8616
5,0.53401,7.7751,2,-0.38261,-0.07838,0.7963
6,0.52268,7.78087,1,-0.16518,-0.00122,0.86218
6,0.52268,7.78087,2,-0.38276,-0.0785,0.79789
7,0.5758,7.75352,1,-0.16453,-0.00101,0.85947
7,0.5758,7.75352,2,-0.38206,-0.07794,0.79041
8,0.378,7.85138,1,-0.16694,-0.00178,0.86958
8,0.378,7.85138,2,-0.38731,-0.08003,0.81828
9,0.60662,7.73729,1,-0.16416,-0.00089,0.85789
9,0.60662,7.73729,2,-0.41317,-0.08012,0.78784
10,0.6846,7.69505,1,-0.16321,-0.00059,0.8539
10,0.6846,7.69505,2,-0.41053,-0.07928,0.77674
11,0.17334,7.94119,1,-0.16943,-0.00257,0.88005
11,0.17334,7.94119,2,-0.39605,-0.08218,0.84713
12,0.52045,7.782,1,-0.16521,-0.00123,0.8623
12,0.52045,7.782,2,-0.38279,-0.07853,0.79821
13,0.44407,7.8199,1,-0.16614,-0.00152,0.8662
13,0.44407,7.8199,2,-0.38451,-0.07933,0.80897
14,0.08252,7.97732,1,-0.17054,-0.00292,0.88469
14,0.08252,7.97732,2,-0.39996,-0.08314,0.85993
15,0.15992,7.94668,1,-0.16959,-0.00262,0.88074
15,0.15992,7.94668,2,-0.39663,-0.08233,0.84902
16,0.01877,8.00132,1,-0.17131,-0.00317,0.88795
16,0.01877,8.00132,2,-0.40271,-0.08381,0.86892
17,0.83986,7.60593,1,-0.16132,0.0,0.84596
17,0.83986,7.60593,2,-0.40526,-0.0776,0.75465
18,0.84915,7.60039,1,-0.1612,4.0e-5,0.84549
18,0.84915,7.60039,2,-0.40494,-0.0775,0.75333
19,0.22922,7.91783,1,-0.16875,-0.00236,0.87719
19,0.22922,7.91783,2,-0.39366,-0.0816,0.83925
20,0.39695,7.84247,1,-0.16671,-0.00171,0.86861
20,0.39695,7.84247,2,-0.38651,-0.07983,0.81561
