particle,elasticity,weight,frame,x,y,z
1,0.40227,4.15093,1,0.38253,-0.37681,0.55938
2,0.82052,4.15093,1,0.37376,-0.37471,0.55998
3,0.05798,4.15093,1,0.38975,-0.37855,0.55888
4,0.06551,4.15093,1,0.38959,-0.37851,0.55889
5,0.38655,4.15093,1,0.38286,-0.37689,0.55935
6,0.87541,4.15093,1,0.37261,-0.37443,0.56006
7,0.55501,4.15093,1,0.37933,-0.37604,0.5596
8,0.50548,4.15093,1,0.38037,-0.37629,0.55953
9,0.80201,4.15093,1,0.37415,-0.3748,0.55995
10,0.21345,4.15093,1,0.38649,-0.37776,0.5591
11,0.00361,4.15093,1,0.39089,-0.37882,0.5588
12,0.18753,4.15093,1,0.38703,-0.3779,0.55907
13,0.26418,4.15093,1,0.38543,-0.37751,0.55918
14,0.29311,4.15093,1,0.38482,-0.37736,0.55922
15,0.93386,4.15093,1,0.37139,-0.37414,0.56014
16,0.82731,4.15093,1,0.37362,-0.37467,0.55999
17,0.23719,4.15093,1,0.38599,-0.37764,0.55914
18,0.02659,4.15093,1,0.39041,-0.37871,0.55884
19,0.09694,4.15093,1,0.38893,-0.37835,0.55894
20,0.30135,4.15093,1,0.38465,-0.37732,0.55923
