particle,elasticity,weight,frame,x,y,z
1,0.81131,4.15093,1,-0.3679,-0.15355,0.44993
2,0.23636,4.15093,1,-0.3679,-0.15355,0.44993
3,0.18389,4.15093,1,-0.3679,-0.15355,0.44993
4,0.15422,4.15093,1,-0.3679,-0.15355,0.44993
5,0.57475,4.15093,1,-0.3679,-0.15355,0.44993
6,0.74781,4.15093,1,-0.3679,-0.15355,0.44993
7,0.17301,4.15093,1,-0.3679,-0.15355,0.44993
8,0.5101,4.15093,1,-0.3679,-0.15355,0.44993
9,0.45518,4.15093,1,-0.3679,-0.15355,0.44993
10,0.12226,4.15093,1,-0.3679,-0.15355,0.44993
11,0.54908,4.15093,1,-0.3679,-0.15355,0.44993
12,0.26402,4.15093,1,-0.3679,-0.15355,0.44993
13,0.92121,4.15093,1,-0.3679,-0.15355,0.44993
14,0.71381,4.15093,1,-0.3679,-0.15355,0.44993
15,0.40769,4.15093,1,-0.3679,-0.15355,0.44993
16,0.71121,4.15093,1,-0.3679,-0.15355,0.44993
17,0.93299,4.15093,1,-0.3679,-0.15355,0.44993
18,0.53987,4.15093,1,-0.3679,-0.15355,0.44993
19,0.35359,4.15093,1,-0.3679,-0.15355,0.44993
20,0.38419,4.15093,1,-0.3679,-0.15355,0.44993
