particle,elasticity,weight,frame,x,y,z
1,0.39436,8.00828,1,-0.1856,-0.39066,0.21735
1,0.39436,8.00828,2,-0.4016,-0.31706,0.12489
2,0.83463,7.89069,1,-0.18255,-0.37289,0.22058
2,0.83463,7.89069,2,-0.3909,-0.25152,0.15966
3,0.03189,8.07993,1,-0.1881,-0.40529,0.21469
3,0.03189,8.07993,2,-0.39069,-0.37,0.09797
4,0.05645,8.07579,1,-0.18793,-0.4043,0.21487
4,0.05645,8.07579,2,-0.38955,-0.36618,0.10021
5,0.95747,7.85189,1,-0.1817,-0.36793,0.22148
5,0.95747,7.85189,2,-0.38792,-0.23324,0.15986
6,0.10566,8.06719,1,-0.18759,-0.40231,0.21523
6,0.10566,8.06719,2,-0.3889,-0.35868,0.10429
7,0.55123,7.97023,1,-0.18451,-0.38433,0.2185
7,0.55123,7.97023,2,-0.39779,-0.2937,0.13825
8,0.29149,8.03093,1,-0.18631,-0.39481,0.21659
8,0.29149,8.03093,2,-0.40409,-0.33239,0.11596
9,0.47657,7.98887,1,-0.18503,-0.38734,0.21795
9,0.47657,7.98887,2,-0.39961,-0.30482,0.13193
10,0.28139,8.03305,1,-0.18638,-0.39522,0.21652
10,0.28139,8.03305,2,-0.40433,-0.3339,0.11507
11,0.28731,8.03181,1,-0.18634,-0.39498,0.21656
11,0.28731,8.03181,2,-0.40419,-0.33301,0.11559
12,0.13232,8.06236,1,-0.18741,-0.40124,0.21542
12,0.13232,8.06236,2,-0.38864,-0.35463,0.10648
13,0.23184,8.04322,1,-0.18672,-0.39722,0.21615
13,0.23184,8.04322,2,-0.40553,-0.34128,0.11072
14,0.53303,7.97486,1,-0.18464,-0.38506,0.21836
14,0.53303,7.97486,2,-0.39824,-0.29641,0.13672
15,0.21289,8.04699,1,-0.18685,-0.39799,0.21601
15,0.21289,8.04699,2,-0.40599,-0.34411,0.10905
16,0.20303,8.04894,1,-0.18692,-0.39838,0.21594
16,0.20303,8.04894,2,-0.40623,-0.34558,0.10818
17,0.34592,8.01917,1,-0.18593,-0.39262,0.21699
17,0.34592,8.01917,2,-0.40277,-0.32428,0.1207
18,0.54431,7.972,1,-0.18456,-0.38461,0.21845
18,0.54431,7.972,2,-0.39796,-0.29473,0.13767
19,0.40886,8.00494,1,-0.1855,-0.39008,0.21745
19,0.40886,8.00494,2,-0.40125,-0.3149,0.12613
20,0.58992,7.96019,1,-0.18424,-0.38277,0.21878
20,0.58992,7.96019,2,-0.39685,-0.28794,0.1415
