particle,elasticity,weight,frame,x,y,z
1,0.97374,3.82638,1,0.18391,0.27472,0.26423
1,0.97374,3.82638,2,0.28404,0.12453,0.33609
2,0.73759,4.57927,1,0.18395,0.30512,0.26427
2,0.73759,4.57927,2,0.2842,0.18495,0.33623
3,0.78018,4.45027,1,0.18395,0.29964,0.26426
3,0.78018,4.45027,2,0.28417,0.17405,0.3362
4,0.18428,5.98257,1,0.18402,0.37647,0.26433
4,0.18428,5.98257,2,0.28449,0.32696,0.33647
5,0.76025,4.511,1,0.18395,0.3022,0.26426
5,0.76025,4.511,2,0.28419,0.17915,0.33621
6,0.7424,4.56484,1,0.18395,0.3045,0.26427
6,0.7424,4.56484,2,0.2842,0.18372,0.33622
7,0.48406,5.28521,1,0.18399,0.3378,0.2643
7,0.48406,5.28521,2,0.28436,0.24995,0.33636
8,0.56925,5.05986,1,0.18398,0.32682,0.26429
8,0.56925,5.05986,2,0.28431,0.2281,0.33631
9,0.75226,4.53516,1,0.18395,0.30323,0.26426
9,0.75226,4.53516,2,0.28419,0.1812,0.33622
10,0.44279,5.39007,1,0.18399,0.34312,0.2643
10,0.44279,5.39007,2,0.28438,0.26055,0.33637
11,0.71933,4.63367,1,0.18395,0.30748,0.26427
11,0.71933,4.63367,2,0.28421,0.18963,0.33624
12,0.72106,4.62852,1,0.18395,0.30725,0.26427
12,0.72106,4.62852,2,0.28421,0.18919,0.33624
13,0.22886,5.8883,1,0.18402,0.37072,0.26432
13,0.22886,5.8883,2,0.28447,0.3155,0.33645
14,0.85461,4.21765,1,0.18393,0.29005,0.26425
14,0.85461,4.21765,2,0.28412,0.155,0.33616
15,0.42924,5.42387,1,0.18399,0.34487,0.2643
15,0.42924,5.42387,2,0.28438,0.26403,0.33638
16,0.99488,3.75451,1,0.18391,0.272,0.26423
16,0.99488,3.75451,2,0.28402,0.11913,0.33608
17,0.83994,4.26422,1,0.18394,0.29194,0.26425
17,0.83994,4.26422,2,0.28413,0.15875,0.33617
18,0.96561,3.8538,1,0.18391,0.27576,0.26423
18,0.96561,3.8538,2,0.28404,0.12661,0.33609
19,0.40535,5.48272,1,0.184,0.34795,0.26431
19,0.40535,5.48272,2,0.2844,0.27016,0.33639
20,0.82318,4.317,1,0.18394,0.2941,0.26425
20,0.82318,4.317,2,0.28414,0.16304,0.33618
