particle,elasticity,weight,frame,x,y,z
1,0.21099,4.15093,1,-0.47028,0.66605,0.10955
2,0.79179,4.15093,1,-0.4644,0.74574,0.15883
3,0.03406,4.15093,1,-0.47362,0.64023,0.09326
4,0.25187,4.15093,1,-0.46955,0.67198,0.1132
5,0.64902,4.15093,1,-0.46443,0.72754,0.14687
6,0.5574,4.15093,1,-0.46445,0.71586,0.13918
7,0.64354,4.15093,1,-0.46443,0.72685,0.14641
8,0.29709,4.15093,1,-0.46874,0.67853,0.11719
9,0.08517,4.15093,1,-0.47254,0.6478,0.09804
10,0.45231,4.15093,1,-0.46595,0.70102,0.13048
11,0.33914,4.15093,1,-0.46798,0.68462,0.12085
12,0.53596,4.15093,1,-0.46445,0.71312,0.13739
13,0.48306,4.15093,1,-0.4654,0.70547,0.13304
14,0.45605,4.15093,1,-0.46588,0.70156,0.13079
15,0.5304,4.15093,1,-0.46455,0.71232,0.13693
16,0.75172,4.15093,1,-0.46441,0.74064,0.15547
17,0.65164,4.15093,1,-0.46443,0.72788,0.14709
18,0.01193,4.15093,1,-0.47437,0.63656,0.0917
19,0.49322,4.15093,1,-0.46522,0.70694,0.13388
20,0.10684,4.15093,1,-0.47215,0.65095,0.10005
