particle,elasticity,weight,frame,x,y,z
1,0.25228,4.15093,1,-0.10104,-0.1675,0.37949
2,0.48559,4.15093,1,-0.10104,-0.1675,0.37949
3,0.3692,4.15093,1,-0.10104,-0.1675,0.37949
4,0.41965,4.15093,1,-0.10104,-0.1675,0.37949
5,0.81659,4.15093,1,-0.10104,-0.1675,0.37949
6,0.7356,4.15093,1,-0.10104,-0.1675,0.37949
7,0.25271,4.15093,1,-0.10104,-0.1675,0.37949
8,0.87342,4.15093,1,-0.10104,-0.1675,0.37949
9,0.97581,4.15093,1,-0.10104,-0.1675,0.37949
10,0.39328,4.15093,1,-0.10104,-0.1675,0.37949
11,0.83007,4.15093,1,-0.10104,-0.1675,0.37949
12,0.15607,4.15093,1,-0.10104,-0.1675,0.37949
13,0.04217,4.15093,1,-0.10104,-0.1675,0.37949
14,0.65037,4.15093,1,-0.10104,-0.1675,0.37949
15,0.55759,4.15093,1,-0.10104,-0.1675,0.37949
16,0.77843,4.15093,1,-0.10104,-0.1675,0.37949
17,0.28032,4.15093,1,-0.10104,-0.1675,0.37949
18,0.29713,4.15093,1,-0.10104,-0.1675,0.37949
19,0.82006,4.15093,1,-0.10104,-0.1675,0.37949
20,0.44416,4.15093,1,-0.10104,-0.1675,0.37949
