particle,elasticity,weight,frame,x,y,z
1,0.53041,4.15093,1,0.38413,-0.36236,0.47964
2,0.04114,4.15093,1,0.39223,-0.36236,0.47964
3,0.13373,4.15093,1,0.3907,-0.36236,0.47964
4,0.19846,4.15093,1,0.38962,-0.36236,0.47964
5,0.13464,4.15093,1,0.39068,-0.36236,0.47964
6,0.61098,4.15093,1,0.3828,-0.36236,0.47964
7,0.88923,4.15093,1,0.3782,-0.36236,0.47964
8,0.10032,4.15093,1,0.39125,-0.36236,0.47964
9,0.99939,4.15093,1,0.37638,-0.36236,0.47964
10,0.93533,4.15093,1,0.37744,-0.36236,0.47964
11,0.05264,4.15093,1,0.39204,-0.36236,0.47964
12,0.52992,4.15093,1,0.38414,-0.36236,0.47964
13,0.73746,4.15093,1,0.38071,-0.36236,0.47964
14,0.64183,4.15093,1,0.38229,-0.36236,0.47964
15,0.2218,4.15093,1,0.38924,-0.36236,0.47964
16,0.39359,4.15093,1,0.3864,-0.36236,0.47964
17,0.3046,4.15093,1,0.38787,-0.36236,0.47964
18,0.94263,4.15093,1,0.37732,-0.36236,0.47964
19,0.48609,4.15093,1,0.38487,-0.36236,0.47964
20,0.67016,4.15093,1,0.38182,-0.36236,0.47964
