particle,elasticity,weight,frame,x,y,z
1,0.8799,4.15093,1,-0.16514,0.19892,-0.00282
2,0.86061,4.15093,1,-0.1645,0.20471,-0.00406
3,0.62621,4.15093,1,-0.14906,0.26182,-0.01572
4,0.13695,4.15093,1,-0.16103,0.44747,-0.03779
5,0.93623,4.15093,1,-0.16703,0.18794,0.00041
6,0.18656,4.15093,1,-0.16162,0.44017,-0.03466
7,0.65956,4.15093,1,-0.15143,0.25577,-0.01432
8,0.238,4.15093,1,-0.16231,0.4374,-0.03165
9,0.38043,4.15093,1,-0.16433,0.41082,-0.02174
10,0.87957,4.15093,1,-0.16513,0.19901,-0.00284
11,0.8288,4.15093,1,-0.16346,0.21711,-0.00626
12,0.23387,4.15093,1,-0.16225,0.43764,-0.0319
13,0.40082,4.15093,1,-0.16497,0.41498,-0.01996
14,0.16071,4.15093,1,-0.1613,0.44321,-0.03625
15,0.08735,4.15093,1,-0.16051,0.46217,-0.04123
16,0.00377,4.15093,1,-0.1597,0.46363,-0.04557
17,0.77028,4.15093,1,-0.16024,0.23761,-0.00967
18,0.02375,4.15093,1,-0.15989,0.46331,-0.04456
19,0.84343,4.15093,1,-0.16394,0.21092,-0.00522
20,0.84826,4.15093,1,-0.1641,0.20907,-0.00489
