particle,elasticity,weight,frame,x,y,z
1,0.81306,7.00682,1,-0.15808,-0.32376,0.54628
1,0.81306,7.00682,2,-0.26182,-0.18536,0.69338
2,0.69466,7.17039,1,-0.15809,-0.33439,0.54629
2,0.69466,7.17039,2,-0.26187,-0.21492,0.69346
3,0.39248,7.53679,1,-0.1581,-0.36153,0.54631
3,0.39248,7.53679,2,-0.26197,-0.29046,0.69361
4,0.08292,7.83591,1,-0.1581,-0.38934,0.54632
4,0.08292,7.83591,2,-0.26203,-0.36796,0.69369
5,0.837,6.97238,1,-0.15808,-0.32161,0.54628
5,0.837,6.97238,2,-0.26181,-0.17939,0.69336
6,0.05933,7.85554,1,-0.1581,-0.39146,0.54632
6,0.05933,7.85554,2,-0.26203,-0.37387,0.69369
7,0.26878,7.66558,1,-0.1581,-0.37264,0.54632
7,0.26878,7.66558,2,-0.262,-0.32142,0.69365
8,0.44676,7.47639,1,-0.1581,-0.35665,0.54631
8,0.44676,7.47639,2,-0.26195,-0.27688,0.69359
9,0.51469,7.39745,1,-0.15809,-0.35055,0.5463
9,0.51469,7.39745,2,-0.26193,-0.2599,0.69355
10,0.13169,7.79391,1,-0.1581,-0.38496,0.54632
10,0.13169,7.79391,2,-0.26202,-0.35575,0.69368
11,0.45103,7.47153,1,-0.1581,-0.35627,0.54631
11,0.45103,7.47153,2,-0.26195,-0.27582,0.69358
12,0.54809,7.35728,1,-0.15809,-0.34755,0.5463
12,0.54809,7.35728,2,-0.26192,-0.25155,0.69354
13,0.59562,7.29856,1,-0.15809,-0.34328,0.5463
13,0.59562,7.29856,2,-0.26191,-0.23966,0.69351
14,0.37483,7.55592,1,-0.1581,-0.36311,0.54631
14,0.37483,7.55592,2,-0.26197,-0.29488,0.69362
15,0.71535,7.14262,1,-0.15809,-0.33253,0.54629
15,0.71535,7.14262,2,-0.26186,-0.20975,0.69344
16,0.57484,7.32445,1,-0.15809,-0.34515,0.5463
16,0.57484,7.32445,2,-0.26191,-0.24486,0.69352
17,0.81548,7.00337,1,-0.15808,-0.32355,0.54628
17,0.81548,7.00337,2,-0.26182,-0.18476,0.69338
18,0.8893,6.89555,1,-0.15808,-0.31692,0.54628
18,0.8893,6.89555,2,-0.26178,-0.16634,0.69333
19,0.03118,7.87837,1,-0.1581,-0.39399,0.54632
19,0.03118,7.87837,2,-0.26203,-0.38092,0.6937
20,0.16863,7.76082,1,-0.1581,-0.38164,0.54632
20,0.16863,7.76082,2,-0.26202,-0.3465,0.69368
