particle,elasticity,weight,frame,x,y,z
1,0.10095,8.13922,1,-0.25938,0.18344,0.75697
1,0.10095,8.13922,2,-0.37677,0.39728,0.88334
2,0.63762,8.13922,1,-0.25938,0.18344,0.75697
2,0.63762,8.13922,2,-0.33235,0.38463,0.86211
3,0.48126,8.13922,1,-0.25938,0.18344,0.75697
3,0.48126,8.13922,2,-0.34482,0.38677,0.868
4,0.23543,8.13922,1,-0.25938,0.18344,0.75697
4,0.23543,8.13922,2,-0.36532,0.39345,0.87773
5,0.43467,8.13922,1,-0.25938,0.18344,0.75697
5,0.43467,8.13922,2,-0.34866,0.388,0.86979
6,0.52874,8.13922,1,-0.25938,0.18344,0.75697
6,0.52874,8.13922,2,-0.34094,0.38552,0.8662
7,0.94305,8.13922,1,-0.25938,0.18344,0.75697
7,0.94305,8.13922,2,-0.31168,0.38223,0.85071
8,0.30211,8.13922,1,-0.25938,0.18344,0.75697
8,0.30211,8.13922,2,-0.3597,0.3916,0.87502
9,0.8181,8.13922,1,-0.25938,0.18344,0.75697
9,0.8181,8.13922,2,-0.31997,0.38326,0.85527
10,0.03802,8.13922,1,-0.25938,0.18344,0.75697
10,0.03802,8.13922,2,-0.38219,0.39911,0.88604
11,0.30737,8.13922,1,-0.25938,0.18344,0.75697
11,0.30737,8.13922,2,-0.35926,0.39145,0.87481
12,0.11925,8.13922,1,-0.25938,0.18344,0.75697
12,0.11925,8.13922,2,-0.3752,0.39675,0.88257
13,0.90453,8.13922,1,-0.25938,0.18344,0.75697
13,0.90453,8.13922,2,-0.31423,0.38254,0.85212
14,0.49784,8.13922,1,-0.25938,0.18344,0.75697
14,0.49784,8.13922,2,-0.34346,0.38633,0.86737
15,0.30809,8.13922,1,-0.25938,0.18344,0.75697
15,0.30809,8.13922,2,-0.3592,0.39143,0.87478
16,0.66301,8.13922,1,-0.25938,0.18344,0.75697
16,0.66301,8.13922,2,-0.33054,0.38444,0.86112
17,0.96655,8.13922,1,-0.25938,0.18344,0.75697
17,0.96655,8.13922,2,-0.31012,0.38203,0.84985
18,0.4199,8.13922,1,-0.25938,0.18344,0.75697
18,0.4199,8.13922,2,-0.34988,0.38839,0.87036
19,0.66453,8.13922,1,-0.25938,0.18344,0.75697
19,0.66453,8.13922,2,-0.33044,0.38443,0.86106
20,0.2125,8.13922,1,-0.25938,0.18344,0.75697
20,0.2125,8.13922,2,-0.36726,0.39409,0.87867
