particle,elasticity,weight,frame,x,y,z
1,0.09382,8.17093,1,-0.06492,0.15258,0.15697
1,0.09382,8.17093,2,0.03879,0.33344,0.09944
2,0.11009,8.17093,1,-0.06492,0.15258,0.15697
2,0.11009,8.17093,2,0.03879,0.33344,0.1017
3,0.55994,8.17093,1,-0.06492,0.15258,0.15697
3,0.55994,8.17093,2,0.03876,0.33339,0.16432
4,0.63949,8.17093,1,-0.06492,0.15258,0.15697
4,0.63949,8.17093,2,0.03875,0.33338,0.17538
5,0.28854,8.17093,1,-0.06492,0.15258,0.15697
5,0.28854,8.17093,2,0.03878,0.33343,0.12655
6,0.50179,8.17093,1,-0.06492,0.15258,0.15697
6,0.50179,8.17093,2,0.03877,0.3334,0.15623
7,0.6057,8.17093,1,-0.06492,0.15258,0.15697
7,0.6057,8.17093,2,0.03876,0.33338,0.17068
8,0.3662,8.17093,1,-0.06492,0.15258,0.15697
8,0.3662,8.17093,2,0.03878,0.33342,0.13736
9,0.58964,8.17093,1,-0.06492,0.15258,0.15697
9,0.58964,8.17093,2,0.03876,0.33339,0.16845
10,0.05292,8.17093,1,-0.06492,0.15258,0.15697
10,0.05292,8.17093,2,0.03879,0.33344,0.09374
11,0.49657,8.17093,1,-0.06492,0.15258,0.15697
11,0.49657,8.17093,2,0.03877,0.3334,0.1555
12,0.91453,8.17093,1,-0.06492,0.15258,0.15697
12,0.91453,8.17093,2,0.03872,0.33332,0.21361
13,0.36455,8.17093,1,-0.06492,0.15258,0.15697
13,0.36455,8.17093,2,0.03878,0.33342,0.13713
14,0.93661,8.17093,1,-0.06492,0.15258,0.15697
14,0.93661,8.17093,2,0.03872,0.33332,0.21668
15,0.20194,8.17093,1,-0.06492,0.15258,0.15697
15,0.20194,8.17093,2,0.03878,0.33343,0.11449
16,0.50279,8.17093,1,-0.06492,0.15258,0.15697
16,0.50279,8.17093,2,0.03877,0.3334,0.15637
17,0.88466,8.17093,1,-0.06492,0.15258,0.15697
17,0.88466,8.17093,2,0.03873,0.33333,0.20946
18,0.60958,8.17093,1,-0.06492,0.15258,0.15697
18,0.60958,8.17093,2,0.03876,0.33338,0.17122
19,0.64073,8.17093,1,-0.06492,0.15258,0.15697
19,0.64073,8.17093,2,0.03875,0.33338,0.17556
20,0.3349,8.17093,1,-0.06492,0.15258,0.15697
20,0.3349,8.17093,2,0.03878,0.33342,0.133
