particle,elasticity,weight,frame,x,y,z
1,0.10648,8.28741,1,-0.1412,-0.33811,0.74773
1,0.10648,8.28741,2,-0.27782,-0.34903,0.7894
2,0.46158,8.28741,1,-0.1412,-0.33811,0.74773
2,0.46158,8.28741,2,-0.27782,-0.34903,0.7894
3,0.73278,8.28741,1,-0.1412,-0.33811,0.74773
3,0.73278,8.28741,2,-0.27782,-0.34903,0.7894
4,0.41972,8.28741,1,-0.1412,-0.33811,0.74773
4,0.41972,8.28741,2,-0.27782,-0.34903,0.7894
5,0.14431,8.28741,1,-0.1412,-0.33811,0.74773
5,0.14431,8.28741,2,-0.27782,-0.34903,0.7894
6,0.03396,8.28741,1,-0.1412,-0.33811,0.74773
6,0.03396,8.28741,2,-0.27782,-0.34903,0.7894
7,0.93425,8.28741,1,-0.1412,-0.33811,0.74773
7,0.93425,8.28741,2,-0.27782,-0.34903,0.7894
8,0.83538,8.28741,1,-0.1412,-0.33811,0.74773
8,0.83538,8.28741,2,-0.27782,-0.34903,0.7894
9,0.90565,8.28741,1,-0.1412,-0.33811,0.74773
9,0.90565,8.28741,2,-0.27782,-0.34903,0.7894
10,0.77351,8.28741,1,-0.1412,-0.33811,0.74773
10,0.77351,8.28741,2,-0.27782,-0.34903,0.7894
11,0.59225,8.28741,1,-0.1412,-0.33811,0.74773
11,0.59225,8.28741,2,-0.27782,-0.34903,0.7894
12,0.67142,8.28741,1,-0.1412,-0.33811,0.74773
12,0.67142,8.28741,2,-0.27782,-0.34903,0.7894
13,0.93543,8.28741,1,-0.1412,-0.33811,0.74773
13,0.93543,8.28741,2,-0.27782,-0.34903,0.7894
14,0.67087,8.28741,1,-0.1412,-0.33811,0.74773
14,0.67087,8.28741,2,-0.27782,-0.34903,0.7894
15,0.11113,8.28741,1,-0.1412,-0.33811,0.74773
15,0.11113,8.28741,2,-0.27782,-0.34903,0.7894
16,0.02666,8.28741,1,-0.1412,-0.33811,0.74773
16,0.02666,8.28741,2,-0.27782,-0.34903,0.7894
17,0.62792,8.28741,1,-0.1412,-0.33811,0.74773
17,0.62792,8.28741,2,-0.27782,-0.34903,0.7894
18,0.26345,8.28741,1,-0.1412,-0.33811,0.74773
18,0.26345,8.28741,2,-0.27782,-0.34903,0.7894
19,0.26906,8.28741,1,-0.1412,-0.33811,0.74773
19,0.26906,8.28741,2,-0.27782,-0.34903,0.7894
20,0.10902,8.28741,1,-0.1412,-0.33811,0.74773
20,0.10902,8.28741,2,-0.27782,-0.34903,0.7894
