particle,elasticity,weight,frame,x,y,z
1,0.84955,1.20223,1,0.08516,0.47781,-0.04359
1,0.84955,1.20223,2,0.09459,0.30402,0.03789
2,0.3739,1.2071,1,0.08511,0.47874,-0.04334
2,0.3739,1.2071,2,0.09529,0.38829,0.03782
3,0.20914,1.2088,1,0.08509,0.47906,-0.04327
3,0.20914,1.2088,2,0.09549,0.35081,0.0377
4,0.50392,1.20576,1,0.08512,0.47849,-0.04341
4,0.50392,1.20576,2,0.09424,0.37401,0.03786
5,0.24458,1.20844,1,0.0851,0.47899,-0.04328
5,0.24458,1.20844,2,0.09569,0.36038,0.03772
6,0.55122,1.20528,1,0.08513,0.4784,-0.04343
6,0.55122,1.20528,2,0.09429,0.36155,0.03787
7,0.76141,1.20313,1,0.08515,0.47798,-0.04354
7,0.76141,1.20313,2,0.0945,0.31771,0.03785
8,0.00227,1.21095,1,0.08508,0.47945,-0.04317
8,0.00227,1.21095,2,0.09525,0.35257,0.0379
9,0.78891,1.20285,1,0.08515,0.47793,-0.04355
9,0.78891,1.20285,2,0.09453,0.31317,0.03784
10,0.7263,1.20348,1,0.08514,0.47805,-0.04352
10,0.7263,1.20348,2,0.09447,0.32387,0.03785
11,0.58656,1.20491,1,0.08513,0.47833,-0.04345
11,0.58656,1.20491,2,0.09433,0.35292,0.03787
12,0.84346,1.20229,1,0.08516,0.47782,-0.04358
12,0.84346,1.20229,2,0.09458,0.30488,0.03785
13,0.05038,1.21045,1,0.08508,0.47936,-0.04319
13,0.05038,1.21045,2,0.09531,0.35211,0.03785
14,0.89986,1.20172,1,0.08516,0.47771,-0.04361
14,0.89986,1.20172,2,0.09464,0.29729,0.0382
15,0.41062,1.20672,1,0.08511,0.47867,-0.04336
15,0.41062,1.20672,2,0.09476,0.39126,0.03784
16,0.93172,1.2014,1,0.08516,0.47764,-0.04363
16,0.93172,1.2014,2,0.09467,0.29337,0.03837
17,0.24831,1.2084,1,0.0851,0.47898,-0.04328
17,0.24831,1.2084,2,0.09571,0.36178,0.03773
18,0.52744,1.20552,1,0.08513,0.47845,-0.04342
18,0.52744,1.20552,2,0.09427,0.36769,0.03786
19,0.31839,1.20767,1,0.08511,0.47885,-0.04332
19,0.31839,1.20767,2,0.09571,0.38161,0.03779
20,0.57255,1.20506,1,0.08513,0.47836,-0.04344
20,0.57255,1.20506,2,0.09431,0.35628,0.03787
