particle,elasticity,weight,frame,x,y,z
1,0.92945,4.15093,1,-0.28902,0.12727,0.53098
2,0.90401,4.15093,1,-0.28902,0.12727,0.53098
3,0.41115,4.15093,1,-0.28902,0.12727,0.53098
4,0.0958,4.15093,1,-0.28902,0.12727,0.53098
5,0.72524,4.15093,1,-0.28902,0.12727,0.53098
6,0.14962,4.15093,1,-0.28902,0.12727,0.53098
7,0.04025,4.15093,1,-0.28902,0.12727,0.53098
8,0.6398,4.15093,1,-0.28902,0.12727,0.53098
9,0.82541,4.15093,1,-0.28902,0.12727,0.53098
10,0.49507,4.15093,1,-0.28902,0.12727,0.53098
11,0.47076,4.15093,1,-0.28902,0.12727,0.53098
12,0.6065,4.15093,1,-0.28902,0.12727,0.53098
13,0.51687,4.15093,1,-0.28902,0.12727,0.53098
14,0.61446,4.15093,1,-0.28902,0.12727,0.53098
15,0.14032,4.15093,1,-0.28902,0.12727,0.53098
16,0.72697,4.15093,1,-0.28902,0.12727,0.53098
17,0.25823,4.15093,1,-0.28902,0.12727,0.53098
18,0.24952,4.15093,1,-0.28902,0.12727,0.53098
19,0.76572,4.15093,1,-0.28902,0.12727,0.53098
20,0.45077,4.15093,1,-0.28902,0.12727,0.53098
