particle,elasticity,weight,frame,x,y,z
1,0.41906,4.15093,1,0.41083,0.80835,0.13768
2,0.02582,4.15093,1,0.41083,0.80835,0.13768
3,0.91611,4.15093,1,0.41083,0.80835,0.13768
4,0.8673,4.15093,1,0.41083,0.80835,0.13768
5,0.50121,4.15093,1,0.41083,0.80835,0.13768
6,0.86667,4.15093,1,0.41083,0.80835,0.13768
7,0.86915,4.15093,1,0.41083,0.80835,0.13768
8,0.51977,4.15093,1,0.41083,0.80835,0.13768
9,0.95283,4.15093,1,0.41083,0.80835,0.13768
10,0.20096,4.15093,1,0.41083,0.80835,0.13768
11,0.60964,4.15093,1,0.41083,0.80835,0.13768
12,0.73358,4.15093,1,0.41083,0.80835,0.13768
13,0.75058,4.15093,1,0.41083,0.80835,0.13768
14,0.53755,4.15093,1,0.41083,0.80835,0.13768
15,0.10384,4.15093,1,0.41083,0.80835,0.13768
16,0.52934,4.15093,1,0.41083,0.80835,0.13768
17,0.18926,4.15093,1,0.41083,0.80835,0.13768
18,0.06219,4.15093,1,0.41083,0.80835,0.13768
19,0.36909,4.15093,1,0.41083,0.80835,0.13768
20,0.72413,4.15093,1,0.41083,0.80835,0.13768
