particle,elasticity,weight,frame,x,y,z
1,0.96401,8.22962,1,-0.34415,0.09746,0.67431
1,0.96401,8.22962,2,-0.37432,0.37703,0.79829
2,0.5558,8.22962,1,-0.34415,0.09746,0.67431
2,0.5558,8.22962,2,-0.38167,0.37871,0.79903
3,0.51328,8.22962,1,-0.34415,0.09746,0.67431
3,0.51328,8.22962,2,-0.38243,0.37888,0.79911
4,0.9839,8.22962,1,-0.34415,0.09746,0.67431
4,0.9839,8.22962,2,-0.37396,0.37694,0.79826
5,0.19663,8.22962,1,-0.34415,0.09746,0.67431
5,0.19663,8.22962,2,-0.38813,0.38018,0.79968
6,0.962,8.22962,1,-0.34415,0.09746,0.67431
6,0.962,8.22962,2,-0.37436,0.37703,0.7983
7,0.26385,8.22962,1,-0.34415,0.09746,0.67431
7,0.26385,8.22962,2,-0.38692,0.37991,0.79955
8,0.17307,8.22962,1,-0.34415,0.09746,0.67431
8,0.17307,8.22962,2,-0.38855,0.38028,0.79972
9,0.89962,8.22962,1,-0.34415,0.09746,0.67431
9,0.89962,8.22962,2,-0.37548,0.37729,0.79841
10,0.2008,8.22962,1,-0.34415,0.09746,0.67431
10,0.2008,8.22962,2,-0.38805,0.38017,0.79967
11,0.17717,8.22962,1,-0.34415,0.09746,0.67431
11,0.17717,8.22962,2,-0.38848,0.38026,0.79971
12,0.25831,8.22962,1,-0.34415,0.09746,0.67431
12,0.25831,8.22962,2,-0.38702,0.37993,0.79956
13,0.98831,8.22962,1,-0.34415,0.09746,0.67431
13,0.98831,8.22962,2,-0.37388,0.37693,0.79825
14,0.7416,8.22962,1,-0.34415,0.09746,0.67431
14,0.7416,8.22962,2,-0.37832,0.37794,0.79869
15,0.57642,8.22962,1,-0.34415,0.09746,0.67431
15,0.57642,8.22962,2,-0.3813,0.37862,0.79899
16,0.21347,8.22962,1,-0.34415,0.09746,0.67431
16,0.21347,8.22962,2,-0.38783,0.38011,0.79965
17,0.71749,8.22962,1,-0.34415,0.09746,0.67431
17,0.71749,8.22962,2,-0.37876,0.37804,0.79874
18,0.76157,8.22962,1,-0.34415,0.09746,0.67431
18,0.76157,8.22962,2,-0.37796,0.37786,0.79866
19,0.94187,8.22962,1,-0.34415,0.09746,0.67431
19,0.94187,8.22962,2,-0.37472,0.37712,0.79833
20,0.3021,8.22962,1,-0.34415,0.09746,0.67431
20,0.3021,8.22962,2,-0.38623,0.37975,0.79949
