particle,elasticity,weight,frame,x,y,z
1,0.80923,8.21694,1,-0.24782,0.12615,0.1337
1,0.80923,8.21694,2,-0.36672,0.10129,0.20765
2,0.19929,8.21694,1,-0.24782,0.12615,0.1337
2,0.19929,8.21694,2,-0.3668,0.10127,0.12254
3,0.44346,8.21694,1,-0.24782,0.12615,0.1337
3,0.44346,8.21694,2,-0.36678,0.10128,0.15663
4,0.79459,8.21694,1,-0.24782,0.12615,0.1337
4,0.79459,8.21694,2,-0.36673,0.10129,0.20561
5,0.77029,8.21694,1,-0.24782,0.12615,0.1337
5,0.77029,8.21694,2,-0.36673,0.10129,0.20222
6,0.64849,8.21694,1,-0.24782,0.12615,0.1337
6,0.64849,8.21694,2,-0.36675,0.10129,0.18524
7,0.04835,8.21694,1,-0.24782,0.12615,0.1337
7,0.04835,8.21694,2,-0.36681,0.10127,0.10146
8,0.19021,8.21694,1,-0.24782,0.12615,0.1337
8,0.19021,8.21694,2,-0.3668,0.10127,0.12127
9,0.51474,8.21694,1,-0.24782,0.12615,0.1337
9,0.51474,8.21694,2,-0.36677,0.10128,0.16658
10,0.94185,8.21694,1,-0.24782,0.12615,0.1337
10,0.94185,8.21694,2,-0.3667,0.1013,0.22613
11,0.46937,8.21694,1,-0.24782,0.12615,0.1337
11,0.46937,8.21694,2,-0.36678,0.10128,0.16025
12,0.26207,8.21694,1,-0.24782,0.12615,0.1337
12,0.26207,8.21694,2,-0.3668,0.10128,0.13131
13,0.85591,8.21694,1,-0.24782,0.12615,0.1337
13,0.85591,8.21694,2,-0.36672,0.10129,0.21415
14,0.62749,8.21694,1,-0.24782,0.12615,0.1337
14,0.62749,8.21694,2,-0.36675,0.10129,0.18231
15,0.12628,8.21694,1,-0.24782,0.12615,0.1337
15,0.12628,8.21694,2,-0.36681,0.10127,0.11234
16,0.82873,8.21694,1,-0.24782,0.12615,0.1337
16,0.82873,8.21694,2,-0.36672,0.10129,0.21037
17,0.80337,8.21694,1,-0.24782,0.12615,0.1337
17,0.80337,8.21694,2,-0.36672,0.10129,0.20683
18,0.28743,8.21694,1,-0.24782,0.12615,0.1337
18,0.28743,8.21694,2,-0.3668,0.10128,0.13485
19,0.86559,8.21694,1,-0.24782,0.12615,0.1337
19,0.86559,8.21694,2,-0.36671,0.10129,0.2155
20,0.87391,8.21694,1,-0.24782,0.12615,0.1337
20,0.87391,8.21694,2,-0.36671,0.10129,0.21666
