particle,elasticity,weight,frame,x,y,z
1,0.76635,-4.91395,1,0.35821,0.09615,0.32809
1,0.76635,-4.91395,2,0.36443,-0.14863,0.41478
2,0.76799,-4.91395,1,0.35821,0.09615,0.32809
2,0.76799,-4.91395,2,0.36437,-0.14861,0.41478
3,0.23286,-4.91395,1,0.35821,0.09615,0.32809
3,0.23286,-4.91395,2,0.38429,-0.15329,0.41646
4,0.81482,-4.91395,1,0.35821,0.09615,0.32809
4,0.81482,-4.91395,2,0.36262,-0.1482,0.41463
5,0.27796,-4.91395,1,0.35821,0.09615,0.32809
5,0.27796,-4.91395,2,0.38261,-0.1529,0.41632
6,0.37661,-4.91395,1,0.35821,0.09615,0.32809
6,0.37661,-4.91395,2,0.37894,-0.15204,0.41601
7,0.76487,-4.91395,1,0.35821,0.09615,0.32809
7,0.76487,-4.91395,2,0.36448,-0.14864,0.41479
8,0.4609,-4.91395,1,0.35821,0.09615,0.32809
8,0.4609,-4.91395,2,0.3758,-0.1513,0.41575
9,0.74119,-4.91395,1,0.35821,0.09615,0.32809
9,0.74119,-4.91395,2,0.36537,-0.14885,0.41486
10,0.60553,-4.91395,1,0.35821,0.09615,0.32809
10,0.60553,-4.91395,2,0.37042,-0.15004,0.41529
11,0.51985,-4.91395,1,0.35821,0.09615,0.32809
11,0.51985,-4.91395,2,0.37361,-0.15078,0.41556
12,0.84471,-4.91395,1,0.35821,0.09615,0.32809
12,0.84471,-4.91395,2,0.36151,-0.14794,0.41453
13,0.14739,-4.91395,1,0.35821,0.09615,0.32809
13,0.14739,-4.91395,2,0.38747,-0.15404,0.41673
14,0.80581,-4.91395,1,0.35821,0.09615,0.32809
14,0.80581,-4.91395,2,0.36296,-0.14828,0.41466
15,0.22606,-4.91395,1,0.35821,0.09615,0.32809
15,0.22606,-4.91395,2,0.38454,-0.15335,0.41649
16,0.71835,-4.91395,1,0.35821,0.09615,0.32809
16,0.71835,-4.91395,2,0.36622,-0.14905,0.41493
17,0.87907,-4.91395,1,0.35821,0.09615,0.32809
17,0.87907,-4.91395,2,0.36023,-0.14764,0.41443
18,0.0418,-4.91395,1,0.35821,0.09615,0.32809
18,0.0418,-4.91395,2,0.3914,-0.15496,0.41707
19,0.0093,-4.91395,1,0.35821,0.09615,0.32809
19,0.0093,-4.91395,2,0.39261,-0.15525,0.41717
20,0.06188,-4.91395,1,0.35821,0.09615,0.32809
20,0.06188,-4.91395,2,0.39066,-0.15479,0.417
