particle,elasticity,weight,frame,x,y,z
1,0.13332,5.51039,1,-0.01503,0.2211,0.10485
1,0.13332,5.51039,2,-0.02555,0.04683,0.12572
2,0.72673,3.35301,1,-0.01502,0.2212,0.18946
2,0.72673,3.35301,2,-0.02553,0.04727,0.30456
3,0.07197,5.6927,1,-0.01503,0.22109,0.0961
3,0.07197,5.6927,2,-0.02556,0.04681,0.1072
4,0.85544,2.79121,1,-0.01502,0.22123,0.20778
4,0.85544,2.79121,2,-0.02552,0.04742,0.34324
5,0.1642,5.41575,1,-0.01503,0.2211,0.10926
5,0.1642,5.41575,2,-0.02555,0.04684,0.13504
6,0.34863,4.81006,1,-0.01502,0.22112,0.13557
6,0.34863,4.81006,2,-0.02555,0.04693,0.19069
7,0.1642,5.41575,1,-0.01503,0.2211,0.10926
7,0.1642,5.41575,2,-0.02555,0.04684,0.13504
8,0.21336,5.26104,1,-0.01503,0.22111,0.11627
8,0.21336,5.26104,2,-0.02555,0.04686,0.14988
9,0.1642,5.41575,1,-0.01503,0.2211,0.10926
9,0.1642,5.41575,2,-0.02555,0.04684,0.13504
10,0.34863,4.81006,1,-0.01502,0.22112,0.13557
10,0.34863,4.81006,2,-0.02555,0.04693,0.19069
11,0.07197,5.6927,1,-0.01503,0.22109,0.0961
11,0.07197,5.6927,2,-0.02556,0.04681,0.1072
12,0.34863,4.81006,1,-0.01502,0.22112,0.13557
12,0.34863,4.81006,2,-0.02555,0.04693,0.19069
13,0.18337,5.35601,1,-0.01503,0.2211,0.11199
13,0.18337,5.35601,2,-0.02555,0.04684,0.14083
14,0.68604,3.52367,1,-0.01502,0.22119,0.18366
14,0.68604,3.52367,2,-0.02553,0.04723,0.29232
15,0.72673,3.35301,1,-0.01502,0.2212,0.18946
15,0.72673,3.35301,2,-0.02553,0.04727,0.30456
16,0.34863,4.81006,1,-0.01502,0.22112,0.13557
16,0.34863,4.81006,2,-0.02555,0.04693,0.19069
17,0.18337,5.35601,1,-0.01503,0.2211,0.11199
17,0.18337,5.35601,2,-0.02555,0.04684,0.14083
18,0.1642,5.41575,1,-0.01503,0.2211,0.10926
18,0.1642,5.41575,2,-0.02555,0.04684,0.13504
19,0.18337,5.35601,1,-0.01503,0.2211,0.11199
19,0.18337,5.35601,2,-0.02555,0.04684,0.14083
20,0.21,5.27179,1,-0.01503,0.2211,0.11579
20,0.21,5.27179,2,-0.02555,0.04686,0.14886
