particle,elasticity,weight,frame,x,y,z
1,0.28125,7.61363,1,0.33751,0.27718,0.11719
1,0.28125,7.61363,2,0.37712,0.1941,0.16664
2,0.34287,7.59234,1,0.33652,0.27774,0.12173
2,0.34287,7.59234,2,0.37282,0.19548,0.17847
3,0.29708,7.60837,1,0.33725,0.27732,0.11836
3,0.29708,7.60837,2,0.37601,0.19446,0.16968
4,0.42109,7.56217,1,0.33527,0.27845,0.12748
4,0.42109,7.56217,2,0.36745,0.19723,0.19349
5,0.99008,7.30917,1,0.33495,0.27863,0.16934
5,0.99008,7.30917,2,0.33413,0.19776,0.29601
6,0.11013,7.66129,1,0.34024,0.27562,0.1046
6,0.11013,7.66129,2,0.38946,0.19029,0.13376
7,0.05128,7.67378,1,0.34118,0.27508,0.10027
7,0.05128,7.67378,2,0.39383,0.18864,0.12198
8,0.75411,7.43442,1,0.33496,0.27863,0.15198
8,0.75411,7.43442,2,0.34787,0.1977,0.25361
9,0.54321,7.52087,1,0.33497,0.27862,0.13647
9,0.54321,7.52087,2,0.36016,0.19766,0.21568
10,0.27829,7.6146,1,0.33755,0.27715,0.11698
10,0.27829,7.6146,2,0.37733,0.19404,0.16607
11,0.88499,7.36867,1,0.33496,0.27863,0.16161
11,0.88499,7.36867,2,0.34025,0.19773,0.27713
12,0.37471,7.58048,1,0.33601,0.27803,0.12407
12,0.37471,7.58048,2,0.37062,0.19619,0.18458
13,0.06483,7.67108,1,0.34096,0.27521,0.10127
13,0.06483,7.67108,2,0.39282,0.1891,0.1248
14,0.44676,7.55239,1,0.33498,0.27862,0.12937
14,0.44676,7.55239,2,0.36579,0.19764,0.19833
15,0.36841,7.58288,1,0.33611,0.27797,0.12361
15,0.36841,7.58288,2,0.37105,0.19605,0.18337
16,0.53612,7.52336,1,0.33497,0.27862,0.13595
16,0.53612,7.52336,2,0.36057,0.19766,0.21441
17,0.06567,7.67091,1,0.34095,0.27521,0.10133
17,0.06567,7.67091,2,0.39276,0.18913,0.12498
18,0.39081,7.57427,1,0.33575,0.27818,0.12526
18,0.39081,7.57427,2,0.36952,0.19655,0.18767
19,0.06309,7.67143,1,0.34099,0.27519,0.10114
19,0.06309,7.67143,2,0.39295,0.18904,0.12444
20,0.42322,7.56129,1,0.33524,0.27847,0.12764
20,0.42322,7.56129,2,0.36731,0.19728,0.1939
