particle,elasticity,weight,frame,x,y,z
1,0.54545,4.15093,1,-0.09242,0.34305,0.11033
2,0.91187,4.15093,1,-0.09265,0.3157,0.12152
3,0.13737,4.15093,1,-0.08459,0.3787,0.09606
4,0.59616,4.15093,1,-0.09263,0.33916,0.11191
5,0.45617,4.15093,1,-0.09131,0.3503,0.10735
6,0.16279,4.15093,1,-0.08513,0.37641,0.097
7,0.1128,4.15093,1,-0.08407,0.38092,0.09515
8,0.46042,4.15093,1,-0.09137,0.34995,0.10749
9,0.28792,4.15093,1,-0.08778,0.36518,0.10152
10,0.72801,4.15093,1,-0.09264,0.32936,0.11593
11,0.52988,4.15093,1,-0.09222,0.34431,0.10982
12,0.48341,4.15093,1,-0.09165,0.34809,0.10827
13,0.9984,4.15093,1,-0.09265,0.30928,0.12415
14,0.13377,4.15093,1,-0.08451,0.37903,0.09593
15,0.35911,4.15093,1,-0.0893,0.35884,0.10402
16,0.45704,4.15093,1,-0.09132,0.35023,0.10738
17,0.48695,4.15093,1,-0.09169,0.3478,0.10839
18,0.65942,4.15093,1,-0.09264,0.33446,0.11384
19,0.6345,4.15093,1,-0.09263,0.33631,0.11308
20,0.90965,4.15093,1,-0.09265,0.31587,0.12145
