particle,elasticity,weight,frame,x,y,z
1,0.94804,4.15093,1,0.26337,0.14195,0.26562
2,0.11624,4.15093,1,0.26337,0.14195,0.26562
3,0.8017,4.15093,1,0.26337,0.14195,0.26562
4,0.2529,4.15093,1,0.26337,0.14195,0.26562
5,0.38984,4.15093,1,0.26337,0.14195,0.26562
6,0.79332,4.15093,1,0.26337,0.14195,0.26562
7,0.00027,4.15093,1,0.26337,0.14195,0.26562
8,0.80163,4.15093,1,0.26337,0.14195,0.26562
9,0.0757,4.15093,1,0.26337,0.14195,0.26562
10,0.43549,4.15093,1,0.26337,0.14195,0.26562
11,0.97998,4.15093,1,0.26337,0.14195,0.26562
12,0.12623,4.15093,1,0.26337,0.14195,0.26562
13,0.24602,4.15093,1,0.26337,0.14195,0.26562
14,0.77923,4.15093,1,0.26337,0.14195,0.26562
15,0.30915,4.15093,1,0.26337,0.14195,0.26562
16,0.67905,4.15093,1,0.26337,0.14195,0.26562
17,0.02825,4.15093,1,0.26337,0.14195,0.26562
18,0.98706,4.15093,1,0.26337,0.14195,0.26562
19,0.83448,4.15093,1,0.26337,0.14195,0.26562
20,0.86663,4.15093,1,0.26337,0.14195,0.26562
