particle,elasticity,weight,frame,x,y,z
1,0.99398,4.15093,1,0.18128,0.04868,0.15907
2,0.06533,4.15093,1,0.18128,0.04868,0.15907
3,0.73467,4.15093,1,0.18128,0.04868,0.15907
4,0.9291,4.15093,1,0.18128,0.04868,0.15907
5,0.24953,4.15093,1,0.18128,0.04868,0.15907
6,0.28525,4.15093,1,0.18128,0.04868,0.15907
7,0.13059,4.15093,1,0.18128,0.04868,0.15907
8,0.81504,4.15093,1,0.18128,0.04868,0.15907
9,0.2198,4.15093,1,0.18128,0.04868,0.15907
10,0.99259,4.15093,1,0.18128,0.04868,0.15907
11,0.22526,4.15093,1,0.18128,0.04868,0.15907
12,0.6665,4.15093,1,0.18128,0.04868,0.15907
13,0.85568,4.15093,1,0.18128,0.04868,0.15907
14,0.91816,4.15093,1,0.18128,0.04868,0.15907
15,0.3363,4.15093,1,0.18128,0.04868,0.15907
16,0.85878,4.15093,1,0.18128,0.04868,0.15907
17,0.06639,4.15093,1,0.18128,0.04868,0.15907
18,0.9507,4.15093,1,0.18128,0.04868,0.15907
19,0.8434,4.15093,1,0.18128,0.04868,0.15907
20,0.75783,4.15093,1,0.18128,0.04868,0.15907
