particle,elasticity,weight,frame,x,y,z
1,0.54464,4.15093,1,0.39037,0.34113,0.22405
2,0.32813,4.15093,1,0.39039,0.36516,0.22407
3,0.70756,4.15093,1,0.39036,0.32306,0.22404
4,0.20539,4.15093,1,0.39039,0.37879,0.22407
5,0.66786,4.15093,1,0.39036,0.32747,0.22404
6,0.37214,4.15093,1,0.39038,0.36028,0.22406
7,0.99552,4.15093,1,0.39032,0.29115,0.224
8,0.1937,4.15093,1,0.3904,0.38009,0.22407
9,0.05079,4.15093,1,0.3904,0.39595,0.22408
10,0.42875,4.15093,1,0.39038,0.35399,0.22406
11,0.4653,4.15093,1,0.39038,0.34994,0.22406
12,0.86508,4.15093,1,0.39034,0.3056,0.22402
13,0.33006,4.15093,1,0.39039,0.36495,0.22407
14,0.25319,4.15093,1,0.39039,0.37348,0.22407
15,0.33053,4.15093,1,0.39039,0.36489,0.22407
16,0.52549,4.15093,1,0.39037,0.34326,0.22405
17,0.22604,4.15093,1,0.39039,0.3765,0.22407
18,0.0221,4.15093,1,0.3904,0.39914,0.22408
19,0.66881,4.15093,1,0.39036,0.32736,0.22404
20,0.92276,4.15093,1,0.39033,0.29921,0.22401
