particle,elasticity,weight,frame,x,y,z
1,0.26771,4.15093,1,-0.20042,0.51213,-0.09225
2,0.27198,4.15093,1,-0.20042,0.51213,-0.09225
3,0.39245,4.15093,1,-0.20042,0.51217,-0.09225
4,0.27673,4.15093,1,-0.20042,0.51213,-0.09225
5,0.92991,4.15093,1,-0.20042,0.51233,-0.09224
6,0.08691,4.15093,1,-0.20042,0.51207,-0.09226
7,0.23075,4.15093,1,-0.20042,0.51212,-0.09225
8,0.42857,4.15093,1,-0.20042,0.51218,-0.09225
9,0.0932,4.15093,1,-0.20042,0.51208,-0.09226
10,0.50095,4.15093,1,-0.20042,0.5122,-0.09225
11,0.84566,4.15093,1,-0.20042,0.5123,-0.09224
12,0.30895,4.15093,1,-0.20042,0.51214,-0.09225
13,0.1959,4.15093,1,-0.20042,0.51211,-0.09226
14,0.80787,4.15093,1,-0.20042,0.51229,-0.09224
15,0.95873,4.15093,1,-0.20042,0.51234,-0.09224
16,0.66802,4.15093,1,-0.20042,0.51225,-0.09225
17,0.09102,4.15093,1,-0.20042,0.51208,-0.09226
18,0.44708,4.15093,1,-0.20042,0.51218,-0.09225
19,0.9662,4.15093,1,-0.20042,0.51234,-0.09224
20,0.60651,4.15093,1,-0.20042,0.51223,-0.09225
