particle,elasticity,weight,frame,x,y,z
1,0.57026,4.15093,1,0.37612,0.07302,0.04073
2,0.57685,4.15093,1,0.37612,0.07302,0.04128
3,0.1617,4.15093,1,0.37616,0.07293,0.00681
4,0.08838,4.15093,1,0.37617,0.07292,0.00072
5,0.00568,4.15093,1,0.37618,0.0729,-0.00614
6,0.23337,4.15093,1,0.37616,0.07295,0.01277
7,0.29006,4.15093,1,0.37615,0.07296,0.01748
8,0.66687,4.15093,1,0.37611,0.07304,0.04875
9,0.714,4.15093,1,0.37611,0.07305,0.05266
10,0.29072,4.15093,1,0.37615,0.07296,0.01753
11,0.9301,4.15093,1,0.37609,0.0731,0.07058
12,0.98879,4.15093,1,0.37608,0.07312,0.07544
13,0.96448,4.15093,1,0.37608,0.07311,0.07343
14,0.5077,4.15093,1,0.37613,0.07301,0.03554
15,0.94776,4.15093,1,0.37608,0.07311,0.07204
16,0.30469,4.15093,1,0.37615,0.07296,0.01869
17,0.92186,4.15093,1,0.37609,0.0731,0.06989
18,0.68581,4.15093,1,0.37611,0.07305,0.05032
19,0.67646,4.15093,1,0.37611,0.07304,0.04954
20,0.77694,4.15093,1,0.3761,0.07307,0.05788
