particle,elasticity,weight,frame,x,y,z
1,0.53728,5.31927,1,-0.39741,0.18382,0.1826
1,0.53728,5.31927,2,-0.34557,0.13299,0.28427
2,0.52589,5.35265,1,-0.39751,0.18382,0.1807
2,0.52589,5.35265,2,-0.34656,0.13299,0.28098
3,0.66417,4.92305,1,-0.39627,0.18384,0.20376
3,0.66417,4.92305,2,-0.33448,0.13304,0.32085
4,0.77682,4.53388,1,-0.39526,0.18385,0.22253
4,0.77682,4.53388,2,-0.32466,0.1331,0.35328
5,0.99351,3.68659,1,-0.39331,0.18388,0.25862
5,0.99351,3.68659,2,-0.30581,0.13321,0.41558
6,0.65661,4.94793,1,-0.39634,0.18384,0.2025
6,0.65661,4.94793,2,-0.33514,0.13304,0.31867
7,0.29799,5.94455,1,-0.39955,0.1838,0.14267
7,0.29799,5.94455,2,-0.36652,0.1329,0.21519
8,0.5988,5.13277,1,-0.39685,0.18383,0.19286
8,0.5988,5.13277,2,-0.34019,0.13302,0.30201
9,0.10777,6.3276,1,-0.40124,0.18379,0.11091
9,0.10777,6.3276,2,-0.38321,0.13285,0.16019
10,0.27157,6.0038,1,-0.39978,0.1838,0.13826
10,0.27157,6.0038,2,-0.36883,0.1329,0.20755
11,0.86118,4.21944,1,-0.3945,0.18386,0.23659
11,0.86118,4.21944,2,-0.31732,0.13314,0.37755
12,0.26191,6.02496,1,-0.39987,0.1838,0.13665
12,0.26191,6.02496,2,-0.36968,0.13289,0.20476
13,0.55304,5.27248,1,-0.39727,0.18382,0.18523
13,0.55304,5.27248,2,-0.34419,0.133,0.28882
14,0.5889,5.1635,1,-0.39694,0.18383,0.19121
14,0.5889,5.1635,2,-0.34106,0.13301,0.29915
15,0.69034,4.83578,1,-0.39603,0.18384,0.20812
15,0.69034,4.83578,2,-0.3322,0.13306,0.32839
16,0.37988,5.74853,1,-0.39881,0.18381,0.15634
16,0.37988,5.74853,2,-0.35934,0.13293,0.23884
17,0.56245,5.24422,1,-0.39718,0.18383,0.1868
17,0.56245,5.24422,2,-0.34337,0.133,0.29153
18,0.84347,4.28711,1,-0.39466,0.18386,0.23364
18,0.84347,4.28711,2,-0.31886,0.13313,0.37246
19,0.83285,4.32726,1,-0.39475,0.18386,0.23187
19,0.83285,4.32726,2,-0.31978,0.13312,0.3694
20,0.9461,3.88307,1,-0.39373,0.18388,0.25072
20,0.9461,3.88307,2,-0.30993,0.13318,0.40196
