particle,elasticity,weight,frame,x,y,z
1,0.07945,4.15093,1,-0.05208,-0.16828,0.29738
2,0.71832,4.15093,1,-0.05208,-0.16828,0.29738
3,0.64908,4.15093,1,-0.05208,-0.16828,0.29738
4,0.01989,4.15093,1,-0.05208,-0.16828,0.29738
5,0.8802,4.15093,1,-0.05208,-0.16828,0.29738
6,0.45055,4.15093,1,-0.05208,-0.16828,0.29738
7,0.14876,4.15093,1,-0.05208,-0.16828,0.29738
8,0.1902,4.15093,1,-0.05208,-0.16828,0.29738
9,0.55173,4.15093,1,-0.05208,-0.16828,0.29738
10,0.12876,4.15093,1,-0.05208,-0.16828,0.29738
11,0.23281,4.15093,1,-0.05208,-0.16828,0.29738
12,0.19486,4.15093,1,-0.05208,-0.16828,0.29738
13,0.84378,4.15093,1,-0.05208,-0.16828,0.29738
14,0.23498,4.15093,1,-0.05208,-0.16828,0.29738
15,0.81556,4.15093,1,-0.05208,-0.16828,0.29738
16,0.55281,4.15093,1,-0.05208,-0.16828,0.29738
17,0.94541,4.15093,1,-0.05208,-0.16828,0.29738
18,0.53611,4.15093,1,-0.05208,-0.16828,0.29738
19,0.81504,4.15093,1,-0.05208,-0.16828,0.29738
20,0.74974,4.15093,1,-0.05208,-0.16828,0.29738
