particle,elasticity,weight,frame,x,y,z
1,0.44114,4.15093,1,-0.14883,0.00699,0.32911
2,0.03557,4.15093,1,-0.14883,0.00699,0.32911
3,0.85912,4.15093,1,-0.14883,0.00699,0.32911
4,0.19491,4.15093,1,-0.14883,0.00699,0.32911
5,0.94743,4.15093,1,-0.14883,0.00699,0.32911
6,0.77785,4.15093,1,-0.14883,0.00699,0.32911
7,0.68297,4.15093,1,-0.14883,0.00699,0.32911
8,0.72743,4.15093,1,-0.14883,0.00699,0.32911
9,0.94237,4.15093,1,-0.14883,0.00699,0.32911
10,0.00968,4.15093,1,-0.14883,0.00699,0.32911
11,0.05674,4.15093,1,-0.14883,0.00699,0.32911
12,0.88956,4.15093,1,-0.14883,0.00699,0.32911
13,0.36623,4.15093,1,-0.14883,0.00699,0.32911
14,0.55148,4.15093,1,-0.14883,0.00699,0.32911
15,0.67269,4.15093,1,-0.14883,0.00699,0.32911
16,0.92136,4.15093,1,-0.14883,0.00699,0.32911
17,0.78388,4.15093,1,-0.14883,0.00699,0.32911
18,0.03296,4.15093,1,-0.14883,0.00699,0.32911
19,0.7563,4.15093,1,-0.14883,0.00699,0.32911
20,0.06088,4.15093,1,-0.14883,0.00699,0.32911
