particle,elasticity,weight,frame,x,y,z
1,0.45254,4.15093,1,0.35343,-0.31732,0.56791
2,0.15002,4.15093,1,0.35343,-0.31732,0.56791
3,0.514,4.15093,1,0.35343,-0.31732,0.56791
4,0.684,4.15093,1,0.35343,-0.31732,0.56791
5,0.78485,4.15093,1,0.35343,-0.31732,0.56791
6,0.5443,4.15093,1,0.35343,-0.31732,0.56791
7,0.57873,4.15093,1,0.35343,-0.31732,0.56791
8,0.61956,4.15093,1,0.35343,-0.31732,0.56791
9,0.43435,4.15093,1,0.35343,-0.31732,0.56791
10,0.78214,4.15093,1,0.35343,-0.31732,0.56791
11,0.58528,4.15093,1,0.35343,-0.31732,0.56791
12,0.27284,4.15093,1,0.35343,-0.31732,0.56791
13,0.61086,4.15093,1,0.35343,-0.31732,0.56791
14,0.49554,4.15093,1,0.35343,-0.31732,0.56791
15,0.94731,4.15093,1,0.35343,-0.31732,0.56791
16,0.74464,4.15093,1,0.35343,-0.31732,0.56791
17,0.16424,4.15093,1,0.35343,-0.31732,0.56791
18,0.55964,4.15093,1,0.35343,-0.31732,0.56791
19,0.92266,4.15093,1,0.35343,-0.31732,0.56791
20,0.11833,4.15093,1,0.35343,-0.31732,0.56791
