particle,elasticity,weight,frame,x,y,z
1,0.92158,8.2325,1,0.23694,0.37144,0.31304
1,0.92158,8.2325,2,0.28105,0.3712,0.11339
2,0.54591,8.2325,1,0.23694,0.37144,0.31304
2,0.54591,8.2325,2,0.2813,0.37809,0.10026
3,0.96554,8.2325,1,0.23694,0.37144,0.31304
3,0.96554,8.2325,2,0.28102,0.37039,0.11491
4,0.44766,8.2325,1,0.23694,0.37144,0.31304
4,0.44766,8.2325,2,0.28137,0.37989,0.09678
5,0.75504,8.2325,1,0.23694,0.37144,0.31304
5,0.75504,8.2325,2,0.28116,0.37425,0.10759
6,0.43887,8.2325,1,0.23694,0.37144,0.31304
6,0.43887,8.2325,2,0.28138,0.38005,0.09647
7,0.16261,8.2325,1,0.23694,0.37144,0.31304
7,0.16261,8.2325,2,0.28156,0.38512,0.08663
8,0.12151,8.2325,1,0.23694,0.37144,0.31304
8,0.12151,8.2325,2,0.28159,0.38588,0.08515
9,0.50672,8.2325,1,0.23694,0.37144,0.31304
9,0.50672,8.2325,2,0.28133,0.37881,0.09887
10,0.70059,8.2325,1,0.23694,0.37144,0.31304
10,0.70059,8.2325,2,0.2812,0.37525,0.10569
11,0.98343,8.2325,1,0.23694,0.37144,0.31304
11,0.98343,8.2325,2,0.28101,0.37006,0.11553
12,0.27593,8.2325,1,0.23694,0.37144,0.31304
12,0.27593,8.2325,2,0.28149,0.38304,0.09068
13,0.58343,8.2325,1,0.23694,0.37144,0.31304
13,0.58343,8.2325,2,0.28128,0.3774,0.10158
14,0.8353,8.2325,1,0.23694,0.37144,0.31304
14,0.8353,8.2325,2,0.28111,0.37278,0.11039
15,0.0944,8.2325,1,0.23694,0.37144,0.31304
15,0.0944,8.2325,2,0.28161,0.38638,0.08418
16,0.22482,8.2325,1,0.23694,0.37144,0.31304
16,0.22482,8.2325,2,0.28152,0.38398,0.08886
17,0.0942,8.2325,1,0.23694,0.37144,0.31304
17,0.0942,8.2325,2,0.28161,0.38638,0.08417
18,0.9303,8.2325,1,0.23694,0.37144,0.31304
18,0.9303,8.2325,2,0.28104,0.37104,0.11369
19,0.39512,8.2325,1,0.23694,0.37144,0.31304
19,0.39512,8.2325,2,0.28141,0.38086,0.09492
20,0.16942,8.2325,1,0.23694,0.37144,0.31304
20,0.16942,8.2325,2,0.28156,0.385,0.08687
