particle,elasticity,weight,frame,x,y,z
1,0.30932,4.15093,1,-0.23713,-0.06043,0.08503
2,0.01006,4.15093,1,-0.23713,-0.06043,0.08503
3,0.71312,4.15093,1,-0.23713,-0.06043,0.08503
4,0.25885,4.15093,1,-0.23713,-0.06043,0.08503
5,0.96871,4.15093,1,-0.23713,-0.06043,0.08503
6,0.29273,4.15093,1,-0.23713,-0.06043,0.08503
7,0.7072,4.15093,1,-0.23713,-0.06043,0.08503
8,0.02443,4.15093,1,-0.23713,-0.06043,0.08503
9,0.34713,4.15093,1,-0.23713,-0.06043,0.08503
10,0.1581,4.15093,1,-0.23713,-0.06043,0.08503
11,0.55156,4.15093,1,-0.23713,-0.06043,0.08503
12,0.59944,4.15093,1,-0.23713,-0.06043,0.08503
13,0.49701,4.15093,1,-0.23713,-0.06043,0.08503
14,0.02229,4.15093,1,-0.23713,-0.06043,0.08503
15,0.02712,4.15093,1,-0.23713,-0.06043,0.08503
16,0.009,4.15093,1,-0.23713,-0.06043,0.08503
17,0.09579,4.15093,1,-0.23713,-0.06043,0.08503
18,0.3155,4.15093,1,-0.23713,-0.06043,0.08503
19,0.58778,4.15093,1,-0.23713,-0.06043,0.08503
20,0.6085,4.15093,1,-0.23713,-0.06043,0.08503
