particle,elasticity,weight,frame,x,y,z
1,0.63005,8.17088,1,0.33401,0.32986,0.15055
1,0.63005,8.17088,2,0.38482,0.31508,0.16187
2,0.45352,8.17088,1,0.33401,0.32986,0.15055
2,0.45352,8.17088,2,0.38419,0.33774,0.14174
3,0.07308,8.17088,1,0.33401,0.32986,0.15055
3,0.07308,8.17088,2,0.38224,0.38665,0.09829
4,0.82707,8.17088,1,0.33401,0.32986,0.15055
4,0.82707,8.17088,2,0.38539,0.28981,0.18431
5,0.64411,8.17088,1,0.33401,0.32986,0.15055
5,0.64411,8.17088,2,0.38486,0.31327,0.16347
6,0.27953,8.17088,1,0.33401,0.32986,0.15055
6,0.27953,8.17088,2,0.38342,0.3601,0.12188
7,0.8915,8.17088,1,0.33401,0.32986,0.15055
7,0.8915,8.17088,2,0.38555,0.28156,0.19164
8,0.84456,8.17088,1,0.33401,0.32986,0.15055
8,0.84456,8.17088,2,0.38543,0.28757,0.1863
9,0.09792,8.17088,1,0.33401,0.32986,0.15055
9,0.09792,8.17088,2,0.3824,0.38346,0.10113
10,0.26931,8.17088,1,0.33401,0.32986,0.15055
10,0.26931,8.17088,2,0.38337,0.36141,0.12071
11,0.91987,8.17088,1,0.33401,0.32986,0.15055
11,0.91987,8.17088,2,0.38562,0.27793,0.19487
12,0.20838,8.17088,1,0.33401,0.32986,0.15055
12,0.20838,8.17088,2,0.38306,0.36924,0.11375
13,0.37188,8.17088,1,0.33401,0.32986,0.15055
13,0.37188,8.17088,2,0.38385,0.34823,0.13242
14,0.97032,8.17088,1,0.33401,0.32986,0.15055
14,0.97032,8.17088,2,0.38574,0.27147,0.20061
15,0.56345,8.17088,1,0.33401,0.32986,0.15055
15,0.56345,8.17088,2,0.3846,0.32362,0.15428
16,0.63677,8.17088,1,0.33401,0.32986,0.15055
16,0.63677,8.17088,2,0.38484,0.31421,0.16263
17,0.21161,8.17088,1,0.33401,0.32986,0.15055
17,0.21161,8.17088,2,0.38307,0.36883,0.11412
18,0.1568,8.17088,1,0.33401,0.32986,0.15055
18,0.1568,8.17088,2,0.38277,0.37588,0.10786
19,0.1669,8.17088,1,0.33401,0.32986,0.15055
19,0.1669,8.17088,2,0.38282,0.37458,0.10901
20,0.8696,8.17088,1,0.33401,0.32986,0.15055
20,0.8696,8.17088,2,0.3855,0.28436,0.18915
