particle,elasticity,weight,frame,x,y,z
1,0.67144,4.15093,1,0.02797,0.19648,0.01532
2,0.22702,4.15093,1,0.02608,0.19616,0.00235
3,0.28109,4.15093,1,0.02648,0.19623,0.00393
4,0.31353,4.15093,1,0.02671,0.19627,0.00488
5,0.94463,4.15093,1,0.02799,0.19648,0.02329
6,0.70661,4.15093,1,0.02797,0.19648,0.01635
7,0.69919,4.15093,1,0.02797,0.19648,0.01613
8,0.40537,4.15093,1,0.02738,0.19638,0.00756
9,0.06145,4.15093,1,0.02488,0.19595,-0.00247
10,0.68192,4.15093,1,0.02797,0.19648,0.01563
11,0.31241,4.15093,1,0.02671,0.19626,0.00485
12,0.51178,4.15093,1,0.02795,0.19648,0.01067
13,0.33274,4.15093,1,0.02685,0.19629,0.00544
14,0.28711,4.15093,1,0.02652,0.19623,0.00411
15,0.00541,4.15093,1,0.02447,0.19588,-0.00411
16,0.4516,4.15093,1,0.02772,0.19644,0.00891
17,0.72451,4.15093,1,0.02797,0.19648,0.01687
18,0.27729,4.15093,1,0.02645,0.19622,0.00382
19,0.5098,4.15093,1,0.02795,0.19648,0.01061
20,0.96126,4.15093,1,0.02799,0.19648,0.02378
