particle,elasticity,weight,frame,x,y,z
1,0.63025,4.15093,1,0.3223,0.08101,0.16777
2,0.12331,4.15093,1,0.3223,0.08101,0.16777
3,0.8985,4.15093,1,0.3223,0.08101,0.16777
4,0.32575,4.15093,1,0.3223,0.08101,0.16777
5,0.51316,4.15093,1,0.3223,0.08101,0.16777
6,0.78062,4.15093,1,0.3223,0.08101,0.16777
7,0.01532,4.15093,1,0.3223,0.08101,0.16777
8,0.82663,4.15093,1,0.3223,0.08101,0.16777
9,0.11016,4.15093,1,0.3223,0.08101,0.16777
10,0.24498,4.15093,1,0.3223,0.08101,0.16777
11,0.11122,4.15093,1,0.3223,0.08101,0.16777
12,0.78547,4.15093,1,0.3223,0.08101,0.16777
13,0.75759,4.15093,1,0.3223,0.08101,0.16777
14,0.4504,4.15093,1,0.3223,0.08101,0.16777
15,0.40433,4.15093,1,0.3223,0.08101,0.16777
16,0.64096,4.15093,1,0.3223,0.08101,0.16777
17,0.75996,4.15093,1,0.3223,0.08101,0.16777
18,0.87007,4.15093,1,0.3223,0.08101,0.16777
19,0.79377,4.15093,1,0.3223,0.08101,0.16777
20,0.99778,4.15093,1,0.3223,0.08101,0.16777
