particle,elasticity,weight,frame,x,y,z
1,0.56028,8.23308,1,0.26539,-0.02097,0.8772
1,0.56028,8.23308,2,0.29532,0.06328,0.81919
2,0.76998,8.21193,1,0.26539,-0.02097,0.8718
2,0.76998,8.21193,2,0.29531,0.06325,0.78963
3,0.90743,8.19649,1,0.26539,-0.02097,0.86827
3,0.90743,8.19649,2,0.2953,0.06322,0.77027
4,0.83117,8.20521,1,0.26539,-0.02097,0.87023
4,0.83117,8.20521,2,0.29531,0.06323,0.78101
5,0.27802,8.25696,1,0.26539,-0.02097,0.88446
5,0.27802,8.25696,2,0.29533,0.06331,0.85902
6,0.21582,8.26151,1,0.26539,-0.02097,0.88606
6,0.21582,8.26151,2,0.29533,0.06331,0.8678
7,0.19773,8.26279,1,0.26539,-0.02097,0.88653
7,0.19773,8.26279,2,0.29533,0.06331,0.87035
8,0.06074,8.27164,1,0.26539,-0.02098,0.89001
8,0.06074,8.27164,2,0.29527,0.06313,0.88376
9,0.57776,8.23143,1,0.26539,-0.02097,0.87675
9,0.57776,8.23143,2,0.29532,0.06328,0.81673
10,0.23447,8.26017,1,0.26539,-0.02097,0.88558
10,0.23447,8.26017,2,0.29533,0.06331,0.86517
11,0.34976,8.25139,1,0.26539,-0.02097,0.88262
11,0.34976,8.25139,2,0.29533,0.0633,0.8489
12,0.14058,8.26667,1,0.26539,-0.02097,0.888
12,0.14058,8.26667,2,0.29533,0.06331,0.87842
13,0.88563,8.19902,1,0.26539,-0.02097,0.86883
13,0.88563,8.19902,2,0.2953,0.06322,0.77334
14,0.71225,8.21804,1,0.26539,-0.02097,0.87329
14,0.71225,8.21804,2,0.29531,0.06325,0.79777
15,0.67745,8.22162,1,0.26539,-0.02097,0.87418
15,0.67745,8.22162,2,0.29531,0.06326,0.80267
16,0.37309,8.2495,1,0.26539,-0.02097,0.88201
16,0.37309,8.2495,2,0.29533,0.0633,0.8456
17,0.84608,8.20353,1,0.26539,-0.02097,0.86984
17,0.84608,8.20353,2,0.2953,0.06323,0.77891
18,0.12264,8.26785,1,0.26539,-0.02097,0.88846
18,0.12264,8.26785,2,0.29533,0.06331,0.88095
19,0.02192,8.2716,1,0.26539,-0.02098,0.88999
19,0.02192,8.2716,2,0.29527,0.06313,0.88388
20,0.6475,8.22464,1,0.26539,-0.02097,0.87495
20,0.6475,8.22464,2,0.29532,0.06327,0.80689
