particle,elasticity,weight,frame,x,y,z
1,0.08095,2.03884,1,0.05629,0.73509,0.01486
1,0.08095,2.03884,2,0.20385,0.65389,0.19152
2,0.36523,2.03884,1,0.05629,0.73509,0.01486
2,0.36523,2.03884,2,0.20385,0.65389,0.19152
3,0.51762,2.03884,1,0.05629,0.73509,0.01486
3,0.51762,2.03884,2,0.20385,0.65389,0.19152
4,0.52611,2.03884,1,0.05629,0.73509,0.01486
4,0.52611,2.03884,2,0.20385,0.65389,0.19152
5,0.81286,2.03884,1,0.05629,0.73509,0.01486
5,0.81286,2.03884,2,0.20385,0.65389,0.19152
6,0.693,2.03884,1,0.05629,0.73509,0.01486
6,0.693,2.03884,2,0.20385,0.65389,0.19152
7,0.94852,2.03884,1,0.05629,0.73509,0.01486
7,0.94852,2.03884,2,0.20385,0.65389,0.19152
8,0.09802,2.03884,1,0.05629,0.73509,0.01486
8,0.09802,2.03884,2,0.20385,0.65389,0.19152
9,0.83131,2.03884,1,0.05629,0.73509,0.01486
9,0.83131,2.03884,2,0.20385,0.65389,0.19152
10,0.14973,2.03884,1,0.05629,0.73509,0.01486
10,0.14973,2.03884,2,0.20385,0.65389,0.19152
11,0.88484,2.03884,1,0.05629,0.73509,0.01486
11,0.88484,2.03884,2,0.20385,0.65389,0.19152
12,0.95737,2.03884,1,0.05629,0.73509,0.01486
12,0.95737,2.03884,2,0.20385,0.65389,0.19152
13,0.18496,2.03884,1,0.05629,0.73509,0.01486
13,0.18496,2.03884,2,0.20385,0.65389,0.19152
14,0.90771,2.03884,1,0.05629,0.73509,0.01486
14,0.90771,2.03884,2,0.20385,0.65389,0.19152
15,0.18058,2.03884,1,0.05629,0.73509,0.01486
15,0.18058,2.03884,2,0.20385,0.65389,0.19152
16,0.9131,2.03884,1,0.05629,0.73509,0.01486
16,0.9131,2.03884,2,0.20385,0.65389,0.19152
17,0.56136,2.03884,1,0.05629,0.73509,0.01486
17,0.56136,2.03884,2,0.20385,0.65389,0.19152
18,0.36604,2.03884,1,0.05629,0.73509,0.01486
18,0.36604,2.03884,2,0.20385,0.65389,0.19152
19,0.6264,2.03884,1,0.05629,0.73509,0.01486
19,0.6264,2.03884,2,0.20385,0.65389,0.19152
20,0.29709,2.03884,1,0.05629,0.73509,0.01486
20,0.29709,2.03884,2,0.20385,0.65389,0.19152
