particle,elasticity,weight,frame,x,y,z
1,0.05759,4.15093,1,0.06521,-0.05147,0.5352
2,0.10125,4.15093,1,0.06521,-0.05147,0.5352
3,0.97508,4.15093,1,0.06521,-0.05147,0.5352
4,0.24762,4.15093,1,0.06521,-0.05147,0.5352
5,0.78807,4.15093,1,0.06521,-0.05147,0.5352
6,0.49914,4.15093,1,0.06521,-0.05147,0.5352
7,0.89407,4.15093,1,0.06521,-0.05147,0.5352
8,0.81617,4.15093,1,0.06521,-0.05147,0.5352
9,0.78214,4.15093,1,0.06521,-0.05147,0.5352
10,0.436,4.15093,1,0.06521,-0.05147,0.5352
11,0.52581,4.15093,1,0.06521,-0.05147,0.5352
12,0.2323,4.15093,1,0.06521,-0.05147,0.5352
13,0.59943,4.15093,1,0.06521,-0.05147,0.5352
14,0.33003,4.15093,1,0.06521,-0.05147,0.5352
15,0.95006,4.15093,1,0.06521,-0.05147,0.5352
16,0.6784,4.15093,1,0.06521,-0.05147,0.5352
17,0.4974,4.15093,1,0.06521,-0.05147,0.5352
18,0.32811,4.15093,1,0.06521,-0.05147,0.5352
19,0.24431,4.15093,1,0.06521,-0.05147,0.5352
20,0.17575,4.15093,1,0.06521,-0.05147,0.5352
