particle,elasticity,weight,frame,x,y,z
1,0.19384,7.8151,1,0.2975,-0.09661,0.11068
1,0.19384,7.8151,2,0.29611,-0.01241,0.141
2,0.90544,6.69895,1,0.2975,-0.09667,0.1927
2,0.90544,6.69895,2,0.29612,-0.0128,0.34506
3,0.02198,7.98401,1,0.2975,-0.09661,0.09084
3,0.02198,7.98401,2,0.29612,-0.01305,0.09569
4,0.3664,7.60601,1,0.2975,-0.09662,0.13059
4,0.3664,7.60601,2,0.29611,-0.01248,0.19061
5,0.88065,6.74908,1,0.2975,-0.09667,0.18985
5,0.88065,6.74908,2,0.29612,-0.01278,0.33797
6,0.15818,7.85337,1,0.2975,-0.09661,0.10656
6,0.15818,7.85337,2,0.29611,-0.0124,0.13074
7,0.67712,7.13002,1,0.2975,-0.09665,0.16641
7,0.67712,7.13002,2,0.29612,-0.01265,0.27974
8,0.75876,6.98378,1,0.2975,-0.09666,0.17581
8,0.75876,6.98378,2,0.29612,-0.01271,0.30312
9,0.31943,7.66684,1,0.2975,-0.09662,0.12517
9,0.31943,7.66684,2,0.29611,-0.01246,0.17711
10,0.15563,7.85604,1,0.2975,-0.09661,0.10627
10,0.15563,7.85604,2,0.29611,-0.0124,0.13
11,0.68199,7.12154,1,0.2975,-0.09665,0.16697
11,0.68199,7.12154,2,0.29612,-0.01266,0.28114
12,0.60885,7.24555,1,0.2975,-0.09664,0.15854
12,0.60885,7.24555,2,0.29611,-0.01261,0.26018
13,0.99328,6.51481,1,0.2975,-0.09668,0.20281
13,0.99328,6.51481,2,0.29612,-0.01286,0.37015
14,0.53837,7.35836,1,0.2975,-0.09664,0.15042
14,0.53837,7.35836,2,0.29611,-0.01257,0.23997
15,0.57483,7.30081,1,0.2975,-0.09664,0.15462
15,0.57483,7.30081,2,0.29611,-0.01259,0.25043
16,0.78021,6.94389,1,0.2975,-0.09666,0.17828
16,0.78021,6.94389,2,0.29612,-0.01272,0.30925
17,0.01071,7.99222,1,0.2975,-0.09666,0.08976
17,0.01071,7.99222,2,0.29613,-0.01323,0.09516
18,0.92389,6.66111,1,0.2975,-0.09667,0.19483
18,0.92389,6.66111,2,0.29612,-0.01281,0.35033
19,0.77146,6.96025,1,0.2975,-0.09666,0.17727
19,0.77146,6.96025,2,0.29612,-0.01271,0.30675
20,0.75815,6.98491,1,0.2975,-0.09666,0.17574
20,0.75815,6.98491,2,0.29612,-0.01271,0.30294
