particle,elasticity,weight,frame,x,y,z
1,0.31436,7.35887,1,0.37962,0.28446,0.10156
1,0.31436,7.35887,2,0.34204,0.17826,0.09999
2,0.65465,7.20131,1,0.36271,0.28535,0.10201
2,0.65465,7.20131,2,0.29901,0.18082,0.10028
3,0.6723,7.1922,1,0.36184,0.28535,0.10201
3,0.6723,7.1922,2,0.2968,0.18092,0.10069
4,0.0954,7.43785,1,0.39051,0.28202,0.10036
4,0.0954,7.43785,2,0.37038,0.17184,0.09999
5,0.80671,7.12025,1,0.35516,0.28535,0.10201
5,0.80671,7.12025,2,0.28011,0.18189,0.10529
6,0.5403,7.25852,1,0.3684,0.28535,0.102
6,0.5403,7.25852,2,0.31337,0.18073,0.09999
7,0.46982,7.29218,1,0.3719,0.28535,0.102
7,0.46982,7.29218,2,0.32223,0.18066,0.09999
8,0.32987,7.3528,1,0.37885,0.28463,0.10165
8,0.32987,7.3528,2,0.34004,0.17871,0.09999
9,0.41084,7.3194,1,0.37483,0.28535,0.102
9,0.41084,7.3194,2,0.32964,0.18057,0.09999
10,0.11458,7.43143,1,0.38956,0.28224,0.10046
10,0.11458,7.43143,2,0.36789,0.17241,0.09999
11,0.19928,7.40194,1,0.38534,0.28318,0.10093
11,0.19928,7.40194,2,0.35692,0.1749,0.09999
12,0.61739,7.22031,1,0.36456,0.28535,0.102
12,0.61739,7.22031,2,0.30369,0.18076,0.09999
13,0.60034,7.22888,1,0.36541,0.28535,0.102
13,0.60034,7.22888,2,0.30583,0.18078,0.10008
14,0.60866,7.22471,1,0.365,0.28535,0.102
14,0.60866,7.22471,2,0.30478,0.18076,0.09999
15,0.93117,7.04966,1,0.34897,0.28536,0.10201
15,0.93117,7.04966,2,0.26478,0.18262,0.10953
16,0.23648,7.3884,1,0.3835,0.28359,0.10114
16,0.23648,7.3884,2,0.35211,0.17599,0.09999
17,0.72773,7.16306,1,0.35908,0.28535,0.10201
17,0.72773,7.16306,2,0.28989,0.18134,0.10259
18,0.65618,7.20053,1,0.36264,0.28535,0.10201
18,0.65618,7.20053,2,0.29881,0.18082,0.10028
19,0.84104,7.10116,1,0.35345,0.28536,0.10201
19,0.84104,7.10116,2,0.27587,0.18211,0.10646
20,0.66069,7.1982,1,0.36241,0.28535,0.10201
20,0.66069,7.1982,2,0.29825,0.18082,0.1003
