particle,elasticity,weight,frame,x,y,z
1,0.68808,8.24833,1,0.16985,0.09742,0.22136
1,0.68808,8.24833,2,0.1036,0.36813,0.25748
2,0.05499,8.24833,1,0.16985,0.09742,0.22136
2,0.05499,8.24833,2,0.1036,0.36813,0.25748
3,0.3184,8.24833,1,0.16985,0.09742,0.22136
3,0.3184,8.24833,2,0.1036,0.36813,0.25748
4,0.27722,8.24833,1,0.16985,0.09742,0.22136
4,0.27722,8.24833,2,0.1036,0.36813,0.25748
5,0.77954,8.24833,1,0.16985,0.09742,0.22136
5,0.77954,8.24833,2,0.1036,0.36813,0.25748
6,0.00525,8.24833,1,0.16985,0.09742,0.22136
6,0.00525,8.24833,2,0.1036,0.36813,0.25748
7,0.14741,8.24833,1,0.16985,0.09742,0.22136
7,0.14741,8.24833,2,0.1036,0.36813,0.25748
8,0.79042,8.24833,1,0.16985,0.09742,0.22136
8,0.79042,8.24833,2,0.1036,0.36813,0.25748
9,0.076,8.24833,1,0.16985,0.09742,0.22136
9,0.076,8.24833,2,0.1036,0.36813,0.25748
10,0.68339,8.24833,1,0.16985,0.09742,0.22136
10,0.68339,8.24833,2,0.1036,0.36813,0.25748
11,0.99901,8.24833,1,0.16985,0.09742,0.22136
11,0.99901,8.24833,2,0.1036,0.36813,0.25748
12,0.86513,8.24833,1,0.16985,0.09742,0.22136
12,0.86513,8.24833,2,0.1036,0.36813,0.25748
13,0.80229,8.24833,1,0.16985,0.09742,0.22136
13,0.80229,8.24833,2,0.1036,0.36813,0.25748
14,0.04684,8.24833,1,0.16985,0.09742,0.22136
14,0.04684,8.24833,2,0.1036,0.36813,0.25748
15,0.28138,8.24833,1,0.16985,0.09742,0.22136
15,0.28138,8.24833,2,0.1036,0.36813,0.25748
16,0.45203,8.24833,1,0.16985,0.09742,0.22136
16,0.45203,8.24833,2,0.1036,0.36813,0.25748
17,0.03271,8.24833,1,0.16985,0.09742,0.22136
17,0.03271,8.24833,2,0.1036,0.36813,0.25748
18,0.77244,8.24833,1,0.16985,0.09742,0.22136
18,0.77244,8.24833,2,0.1036,0.36813,0.25748
19,0.10537,8.24833,1,0.16985,0.09742,0.22136
19,0.10537,8.24833,2,0.1036,0.36813,0.25748
20,0.58678,8.24833,1,0.16985,0.09742,0.22136
20,0.58678,8.24833,2,0.1036,0.36813,0.25748
