particle,elasticity,weight,frame,x,y,z
1,0.71288,4.15093,1,0.40019,0.23311,0.61783
2,0.19048,4.15093,1,0.41059,0.23311,0.61783
3,0.73038,4.15093,1,0.39984,0.23311,0.61783
4,0.18869,4.15093,1,0.41063,0.23311,0.61783
5,0.55736,4.15093,1,0.40328,0.23311,0.61783
6,0.77528,4.15093,1,0.39894,0.23311,0.61783
7,0.28344,4.15093,1,0.40874,0.23311,0.61783
8,0.87321,4.15093,1,0.39699,0.23311,0.61783
9,0.05596,4.15093,1,0.41327,0.23311,0.61783
10,0.86084,4.15093,1,0.39724,0.23311,0.61783
11,0.18326,4.15093,1,0.41074,0.23311,0.61783
12,0.60159,4.15093,1,0.4024,0.23311,0.61783
13,0.94365,4.15093,1,0.39559,0.23311,0.61783
14,0.23398,4.15093,1,0.40973,0.23311,0.61783
15,0.24465,4.15093,1,0.40951,0.23311,0.61783
16,0.55447,4.15093,1,0.40334,0.23311,0.61783
17,0.2009,4.15093,1,0.41039,0.23311,0.61783
18,0.10292,4.15093,1,0.41234,0.23311,0.61783
19,0.52723,4.15093,1,0.40388,0.23311,0.61783
20,0.30016,4.15093,1,0.40841,0.23311,0.61783
