particle,elasticity,weight,frame,x,y,z
1,0.21787,4.15093,1,-0.13553,-0.103,0.18851
2,0.41824,4.15093,1,-0.13553,-0.103,0.18851
3,0.12945,4.15093,1,-0.13553,-0.103,0.18851
4,0.62859,4.15093,1,-0.13553,-0.103,0.18851
5,0.01979,4.15093,1,-0.13553,-0.103,0.18851
6,0.53144,4.15093,1,-0.13553,-0.103,0.18851
7,0.104,4.15093,1,-0.13553,-0.103,0.18851
8,0.89928,4.15093,1,-0.13553,-0.103,0.18851
9,0.46596,4.15093,1,-0.13553,-0.103,0.18851
10,0.45191,4.15093,1,-0.13553,-0.103,0.18851
11,0.60496,4.15093,1,-0.13553,-0.103,0.18851
12,0.93569,4.15093,1,-0.13553,-0.103,0.18851
13,0.28924,4.15093,1,-0.13553,-0.103,0.18851
14,0.71748,4.15093,1,-0.13553,-0.103,0.18851
15,0.01248,4.15093,1,-0.13553,-0.103,0.18851
16,0.97598,4.15093,1,-0.13553,-0.103,0.18851
17,0.30241,4.15093,1,-0.13553,-0.103,0.18851
18,0.29558,4.15093,1,-0.13553,-0.103,0.18851
19,0.37172,4.15093,1,-0.13553,-0.103,0.18851
20,0.2201,4.15093,1,-0.13553,-0.103,0.18851
