particle,elasticity,weight,frame,x,y,z
1,0.47295,4.15093,1,-0.10695,0.73328,0.15901
2,0.23503,4.15093,1,-0.10697,0.73328,0.12521
3,0.40855,4.15093,1,-0.10695,0.73328,0.14987
4,0.47602,4.15093,1,-0.10694,0.73328,0.15945
5,0.57863,4.15093,1,-0.10693,0.73329,0.17402
6,0.96533,4.15093,1,-0.10689,0.7333,0.22886
7,0.17904,4.15093,1,-0.10697,0.73327,0.11725
8,0.38941,4.15093,1,-0.10695,0.73328,0.14715
9,0.29286,4.15093,1,-0.10696,0.73328,0.13343
10,0.99336,4.15093,1,-0.10689,0.73331,0.23283
11,0.76285,4.15093,1,-0.10691,0.7333,0.20015
12,0.7756,4.15093,1,-0.10691,0.7333,0.20196
13,0.92884,4.15093,1,-0.1069,0.7333,0.22369
14,0.10472,4.15093,1,-0.10697,0.73327,0.10668
15,0.3543,4.15093,1,-0.10696,0.73328,0.14216
16,0.56846,4.15093,1,-0.10694,0.73329,0.17257
17,0.88756,4.15093,1,-0.1069,0.7333,0.21783
18,0.30644,4.15093,1,-0.10696,0.73328,0.13536
19,0.83726,4.15093,1,-0.10691,0.7333,0.21071
20,0.38731,4.15093,1,-0.10695,0.73328,0.14685
