particle,elasticity,weight,frame,x,y,z
1,0.4089,4.15093,1,-0.18563,1.06035,0.49303
2,0.90626,4.15093,1,-0.18563,1.06035,0.49303
3,0.81205,4.15093,1,-0.18563,1.06035,0.49303
4,0.5391,4.15093,1,-0.18563,1.06035,0.49303
5,0.2959,4.15093,1,-0.18563,1.06035,0.49303
6,0.91659,4.15093,1,-0.18563,1.06035,0.49303
7,0.77846,4.15093,1,-0.18563,1.06035,0.49303
8,0.59791,4.15093,1,-0.18563,1.06035,0.49303
9,0.37624,4.15093,1,-0.18563,1.06035,0.49303
10,0.76548,4.15093,1,-0.18563,1.06035,0.49303
11,0.78347,4.15093,1,-0.18563,1.06035,0.49303
12,0.7465,4.15093,1,-0.18563,1.06035,0.49303
13,0.43536,4.15093,1,-0.18563,1.06035,0.49303
14,0.19171,4.15093,1,-0.18563,1.06035,0.49303
15,0.21148,4.15093,1,-0.18563,1.06035,0.49303
16,0.24373,4.15093,1,-0.18563,1.06035,0.49303
17,0.29243,4.15093,1,-0.18563,1.06035,0.49303
18,0.89809,4.15093,1,-0.18563,1.06035,0.49303
19,0.875,4.15093,1,-0.18563,1.06035,0.49303
20,0.28872,4.15093,1,-0.18563,1.06035,0.49303
