particle,elasticity,weight,frame,x,y,z
1,0.72347,4.15093,1,0.1843,0.60171,0.26256
2,0.10549,4.15093,1,0.18682,0.58888,0.26453
3,0.36982,4.15093,1,0.18574,0.59437,0.26369
4,0.31709,4.15093,1,0.18596,0.59328,0.26386
5,0.73386,4.15093,1,0.18426,0.60193,0.26253
6,0.18636,4.15093,1,0.18649,0.59056,0.26428
7,0.54465,4.15093,1,0.18503,0.598,0.26313
8,0.65246,4.15093,1,0.18459,0.60024,0.26279
9,0.58115,4.15093,1,0.18488,0.59876,0.26301
10,0.59365,4.15093,1,0.18483,0.59902,0.26297
11,0.63672,4.15093,1,0.18465,0.59991,0.26284
12,0.45417,4.15093,1,0.1854,0.59612,0.26342
13,0.98256,4.15093,1,0.18324,0.60709,0.26173
14,0.0728,4.15093,1,0.18695,0.5882,0.26464
15,0.0898,4.15093,1,0.18688,0.58856,0.26459
16,0.928,4.15093,1,0.18347,0.60596,0.2619
17,0.56259,4.15093,1,0.18496,0.59837,0.26307
18,0.9466,4.15093,1,0.18339,0.60634,0.26184
19,0.00946,4.15093,1,0.18721,0.58689,0.26484
20,0.56483,4.15093,1,0.18495,0.59842,0.26307
