particle,elasticity,weight,frame,x,y,z
1,0.09385,4.14732,1,0.0943,0.63873,0.40548
1,0.09385,4.14732,2,0.39328,0.61449,0.46468
2,0.07421,4.14732,1,0.0943,0.63873,0.40548
2,0.07421,4.14732,2,0.39352,0.61349,0.46473
3,0.7885,4.14732,1,0.0943,0.63873,0.40548
3,0.7885,4.14732,2,0.38462,0.64996,0.46288
4,0.54492,4.14732,1,0.0943,0.63873,0.40548
4,0.54492,4.14732,2,0.38766,0.63752,0.46351
5,0.76454,4.14732,1,0.0943,0.63873,0.40548
5,0.76454,4.14732,2,0.38492,0.64874,0.46294
6,0.97889,4.14732,1,0.0943,0.63873,0.40548
6,0.97889,4.14732,2,0.38224,0.65968,0.46238
7,0.31254,4.14732,1,0.0943,0.63873,0.40548
7,0.31254,4.14732,2,0.39056,0.62566,0.46412
8,0.20568,4.14732,1,0.0943,0.63873,0.40548
8,0.20568,4.14732,2,0.39189,0.6202,0.46439
9,0.67706,4.14732,1,0.0943,0.63873,0.40548
9,0.67706,4.14732,2,0.38601,0.64427,0.46317
10,0.90168,4.14732,1,0.0943,0.63873,0.40548
10,0.90168,4.14732,2,0.38321,0.65574,0.46258
11,0.36589,4.14732,1,0.0943,0.63873,0.40548
11,0.36589,4.14732,2,0.38989,0.62838,0.46398
12,0.70273,4.14732,1,0.0943,0.63873,0.40548
12,0.70273,4.14732,2,0.38569,0.64558,0.4631
13,0.92378,4.14732,1,0.0943,0.63873,0.40548
13,0.92378,4.14732,2,0.38293,0.65687,0.46253
14,0.46008,4.14732,1,0.0943,0.63873,0.40548
14,0.46008,4.14732,2,0.38872,0.63319,0.46373
15,0.68168,4.14732,1,0.0943,0.63873,0.40548
15,0.68168,4.14732,2,0.38595,0.64451,0.46316
16,0.25172,4.14732,1,0.0943,0.63873,0.40548
16,0.25172,4.14732,2,0.39131,0.62255,0.46427
17,0.69007,4.14732,1,0.0943,0.63873,0.40548
17,0.69007,4.14732,2,0.38585,0.64494,0.46313
18,0.60436,4.14732,1,0.0943,0.63873,0.40548
18,0.60436,4.14732,2,0.38692,0.64056,0.46336
19,0.67019,4.14732,1,0.0943,0.63873,0.40548
19,0.67019,4.14732,2,0.3861,0.64392,0.46319
20,0.81624,4.14732,1,0.0943,0.63873,0.40548
20,0.81624,4.14732,2,0.38427,0.65138,0.46281
