particle,elasticity,weight,frame,x,y,z
1,0.89452,8.1992,1,-0.1066,0.07742,0.23939
1,0.89452,8.1992,2,-0.37805,0.26632,0.1271
2,0.81034,8.1992,1,-0.1066,0.07742,0.23939
2,0.81034,8.1992,2,-0.37955,0.26632,0.1271
3,0.35396,8.1992,1,-0.1066,0.07742,0.23939
3,0.35396,8.1992,2,-0.38769,0.26632,0.1271
4,0.11794,8.1992,1,-0.1066,0.07742,0.23939
4,0.11794,8.1992,2,-0.3919,0.26632,0.1271
5,0.422,8.1992,1,-0.1066,0.07742,0.23939
5,0.422,8.1992,2,-0.38648,0.26632,0.1271
6,0.69244,8.1992,1,-0.1066,0.07742,0.23939
6,0.69244,8.1992,2,-0.38166,0.26632,0.1271
7,0.73709,8.1992,1,-0.1066,0.07742,0.23939
7,0.73709,8.1992,2,-0.38086,0.26632,0.1271
8,0.13029,8.1992,1,-0.1066,0.07742,0.23939
8,0.13029,8.1992,2,-0.39168,0.26632,0.1271
9,0.09372,8.1992,1,-0.1066,0.07742,0.23939
9,0.09372,8.1992,2,-0.39233,0.26632,0.1271
10,0.00623,8.1992,1,-0.1066,0.07742,0.23939
10,0.00623,8.1992,2,-0.39389,0.26632,0.1271
11,0.84965,8.1992,1,-0.1066,0.07742,0.23939
11,0.84965,8.1992,2,-0.37885,0.26632,0.1271
12,0.00157,8.1992,1,-0.1066,0.07742,0.23939
12,0.00157,8.1992,2,-0.39397,0.26632,0.1271
13,0.39108,8.1992,1,-0.1066,0.07742,0.23939
13,0.39108,8.1992,2,-0.38703,0.26632,0.1271
14,0.98544,8.1992,1,-0.1066,0.07742,0.23939
14,0.98544,8.1992,2,-0.37643,0.26632,0.1271
15,0.75489,8.1992,1,-0.1066,0.07742,0.23939
15,0.75489,8.1992,2,-0.38054,0.26632,0.1271
16,0.59402,8.1992,1,-0.1066,0.07742,0.23939
16,0.59402,8.1992,2,-0.38341,0.26632,0.1271
17,0.17622,8.1992,1,-0.1066,0.07742,0.23939
17,0.17622,8.1992,2,-0.39086,0.26632,0.1271
18,0.80817,8.1992,1,-0.1066,0.07742,0.23939
18,0.80817,8.1992,2,-0.37959,0.26632,0.1271
19,0.33896,8.1992,1,-0.1066,0.07742,0.23939
19,0.33896,8.1992,2,-0.38796,0.26632,0.1271
20,0.84841,8.1992,1,-0.1066,0.07742,0.23939
20,0.84841,8.1992,2,-0.37887,0.26632,0.1271
