particle,elasticity,weight,frame,x,y,z
1,0.17596,8.23286,1,0.39505,-0.42476,0.67951
1,0.17596,8.23286,2,0.41973,-0.42629,0.70184
2,0.07108,8.23286,1,0.39505,-0.42476,0.67951
2,0.07108,8.23286,2,0.42817,-0.42494,0.70389
3,0.02736,8.23286,1,0.39505,-0.42476,0.67951
3,0.02736,8.23286,2,0.43189,-0.42529,0.70427
4,0.88643,8.23286,1,0.39505,-0.42476,0.67951
4,0.88643,8.23286,2,0.35764,-0.37888,0.69755
5,0.52451,8.23286,1,0.39505,-0.42476,0.67951
5,0.52451,8.23286,2,0.38817,-0.40573,0.69956
6,0.96816,8.23286,1,0.39505,-0.42476,0.67951
6,0.96816,8.23286,2,0.35111,-0.37269,0.69728
7,0.67181,8.23286,1,0.39505,-0.42476,0.67951
7,0.67181,8.23286,2,0.37544,-0.39491,0.69858
8,0.80355,8.23286,1,0.39505,-0.42476,0.67951
8,0.80355,8.23286,2,0.36441,-0.38511,0.6979
9,0.82573,8.23286,1,0.39505,-0.42476,0.67951
9,0.82573,8.23286,2,0.36258,-0.38345,0.6978
10,0.35317,8.23286,1,0.39505,-0.42476,0.67951
10,0.35317,8.23286,2,0.40349,-0.41816,0.70103
11,0.67122,8.23286,1,0.39505,-0.42476,0.67951
11,0.67122,8.23286,2,0.37549,-0.39495,0.69858
12,0.6669,8.23286,1,0.39505,-0.42476,0.67951
12,0.6669,8.23286,2,0.37585,-0.39527,0.69861
13,0.24702,8.23286,1,0.39505,-0.42476,0.67951
13,0.24702,8.23286,2,0.41327,-0.42567,0.70213
14,0.63855,8.23286,1,0.39505,-0.42476,0.67951
14,0.63855,8.23286,2,0.37828,-0.39736,0.69878
15,0.65783,8.23286,1,0.39505,-0.42476,0.67951
15,0.65783,8.23286,2,0.37663,-0.39594,0.69866
16,0.48183,8.23286,1,0.39505,-0.42476,0.67951
16,0.48183,8.23286,2,0.39193,-0.40884,0.69989
17,0.99112,8.23286,1,0.39505,-0.42476,0.67951
17,0.99112,8.23286,2,0.34929,-0.37094,0.69721
18,0.03285,8.23286,1,0.39505,-0.42476,0.67951
18,0.03285,8.23286,2,0.43142,-0.42525,0.70422
19,0.17877,8.23286,1,0.39505,-0.42476,0.67951
19,0.17877,8.23286,2,0.4195,-0.42622,0.70184
20,0.49242,8.23286,1,0.39505,-0.42476,0.67951
20,0.49242,8.23286,2,0.39099,-0.40807,0.69981
