particle,elasticity,weight,frame,x,y,z
1,0.70144,8.12816,1,-0.36879,0.40894,0.31928
1,0.70144,8.12816,2,-0.42626,0.34991,0.16986
2,0.28625,8.16447,1,-0.37115,0.42207,0.31698
2,0.28625,8.16447,2,-0.43626,0.40248,0.15965
3,0.9506,8.09752,1,-0.36735,0.40106,0.32064
3,0.9506,8.09752,2,-0.41382,0.32026,0.17712
4,0.38838,8.15724,1,-0.37057,0.41884,0.31755
4,0.38838,8.15724,2,-0.43233,0.39038,0.16199
5,0.70035,8.12828,1,-0.36879,0.40898,0.31927
5,0.70035,8.12828,2,-0.4263,0.35004,0.16983
6,0.66739,8.13183,1,-0.36898,0.41002,0.31909
6,0.66739,8.13183,2,-0.42732,0.35398,0.16913
7,0.02725,8.17783,1,-0.37259,0.43024,0.31553
7,0.02725,8.17783,2,-0.44557,0.43319,0.15379
8,0.5924,8.13948,1,-0.36941,0.41239,0.31868
8,0.5924,8.13948,2,-0.42966,0.36294,0.16751
9,0.57732,8.14094,1,-0.3695,0.41287,0.3186
9,0.57732,8.14094,2,-0.42943,0.36476,0.16736
10,0.38811,8.15726,1,-0.37057,0.41885,0.31755
10,0.38811,8.15726,2,-0.43234,0.39041,0.16199
11,0.39897,8.15643,1,-0.37051,0.41851,0.31761
11,0.39897,8.15643,2,-0.43192,0.38912,0.16223
12,0.15238,8.17226,1,-0.37189,0.42629,0.31623
12,0.15238,8.17226,2,-0.44157,0.41831,0.15651
13,0.50015,8.14806,1,-0.36994,0.41531,0.31817
13,0.50015,8.14806,2,-0.432,0.37397,0.16564
14,0.82184,8.11419,1,-0.36809,0.40513,0.31994
14,0.82184,8.11419,2,-0.41871,0.33561,0.17413
15,0.12068,8.17383,1,-0.37207,0.42729,0.31605
15,0.12068,8.17383,2,-0.44275,0.42206,0.15578
16,0.63697,8.13501,1,-0.36916,0.41098,0.31893
16,0.63697,8.13501,2,-0.42827,0.35762,0.16848
17,0.7402,8.12383,1,-0.36857,0.40772,0.31949
17,0.7402,8.12383,2,-0.42674,0.34378,0.17042
18,0.86511,8.10878,1,-0.36784,0.40376,0.32017
18,0.86511,8.10878,2,-0.41706,0.33023,0.17525
19,0.90602,8.10349,1,-0.36761,0.40247,0.3204
19,0.90602,8.10349,2,-0.4155,0.32546,0.17615
20,0.17021,8.17133,1,-0.3718,0.42573,0.31633
20,0.17021,8.17133,2,-0.44085,0.4162,0.15693
