particle,elasticity,weight,frame,x,y,z
1,0.23894,8.13576,1,-0.40889,0.01492,0.87495
1,0.23894,8.13576,2,-0.37952,0.04588,0.85659
2,0.24364,8.13377,1,-0.40845,0.01499,0.87495
2,0.24364,8.13377,2,-0.37859,0.04603,0.85659
3,0.28156,8.11694,1,-0.4049,0.01556,0.87495
3,0.28156,8.11694,2,-0.37107,0.04724,0.85659
4,0.35122,8.08267,1,-0.39839,0.01661,0.87495
4,0.35122,8.08267,2,-0.35725,0.04946,0.85659
5,0.23406,8.13782,1,-0.40935,0.01485,0.87495
5,0.23406,8.13782,2,-0.38049,0.04572,0.85659
6,0.80037,7.75747,1,-0.35641,0.02338,0.87495
6,0.80037,7.75747,2,-0.26836,0.06374,0.85661
7,0.03695,8.20281,1,-0.42779,0.01187,0.87495
7,0.03695,8.20281,2,-0.41962,0.03942,0.85658
8,0.801,7.75689,1,-0.35635,0.02339,0.87495
8,0.801,7.75689,2,-0.26823,0.06376,0.85661
9,0.03879,8.20236,1,-0.42762,0.0119,0.87495
9,0.03879,8.20236,2,-0.41925,0.03948,0.85658
10,0.0668,8.19521,1,-0.425,0.01232,0.87495
10,0.0668,8.19521,2,-0.41369,0.04038,0.85658
11,0.14693,8.17084,1,-0.4175,0.01353,0.87495
11,0.14693,8.17084,2,-0.39778,0.04294,0.85658
12,0.35316,8.08166,1,-0.39821,0.01664,0.87495
12,0.35316,8.08166,2,-0.35687,0.04952,0.85659
13,0.25848,8.12734,1,-0.40706,0.01522,0.87495
13,0.25848,8.12734,2,-0.37564,0.0465,0.85659
14,0.97812,7.57905,1,-0.33981,0.02605,0.87495
14,0.97812,7.57905,2,-0.23326,0.06938,0.85662
15,0.3588,8.07868,1,-0.39768,0.01673,0.87495
15,0.3588,8.07868,2,-0.35575,0.0497,0.85659
16,0.52539,7.97798,1,-0.3821,0.01924,0.87495
16,0.52539,7.97798,2,-0.32275,0.055,0.8566
17,0.48512,8.00459,1,-0.38587,0.01863,0.87495
17,0.48512,8.00459,2,-0.33072,0.05372,0.8566
18,0.25834,8.1274,1,-0.40708,0.01521,0.87495
18,0.25834,8.1274,2,-0.37567,0.0465,0.85659
19,0.48175,8.00675,1,-0.38618,0.01858,0.87495
19,0.48175,8.00675,2,-0.33139,0.05361,0.8566
20,0.35092,8.08283,1,-0.39841,0.01661,0.87495
20,0.35092,8.08283,2,-0.35731,0.04945,0.85659
