particle,elasticity,weight,frame,x,y,z
1,0.92617,4.15093,1,0.23882,-0.3465,0.2649
2,0.15573,4.15093,1,0.23882,-0.3465,0.2649
3,0.6119,4.15093,1,0.23882,-0.3465,0.2649
4,0.80286,4.15093,1,0.23882,-0.3465,0.2649
5,0.10217,4.15093,1,0.23882,-0.3465,0.2649
6,0.93396,4.15093,1,0.23882,-0.3465,0.2649
7,0.60133,4.15093,1,0.23882,-0.3465,0.2649
8,0.46478,4.15093,1,0.23882,-0.3465,0.2649
9,0.75839,4.15093,1,0.23882,-0.3465,0.2649
10,0.66836,4.15093,1,0.23882,-0.3465,0.2649
11,0.76434,4.15093,1,0.23882,-0.3465,0.2649
12,0.04061,4.15093,1,0.23882,-0.3465,0.2649
13,0.52358,4.15093,1,0.23882,-0.3465,0.2649
14,0.22848,4.15093,1,0.23882,-0.3465,0.2649
15,0.60468,4.15093,1,0.23882,-0.3465,0.2649
16,0.35202,4.15093,1,0.23882,-0.3465,0.2649
17,0.07456,4.15093,1,0.23882,-0.3465,0.2649
18,0.82947,4.15093,1,0.23882,-0.3465,0.2649
19,0.72413,4.15093,1,0.23882,-0.3465,0.2649
20,0.93497,4.15093,1,0.23882,-0.3465,0.2649
