particle,elasticity,weight,frame,x,y,z
1,0.27527,4.15093,1,0.08196,0.21316,0.21343
2,0.53407,4.15093,1,0.08196,0.21316,0.21343
3,0.12115,4.15093,1,0.08196,0.21316,0.21343
4,0.67498,4.15093,1,0.08196,0.21316,0.21343
5,0.78997,4.15093,1,0.08196,0.21316,0.21343
6,0.10541,4.15093,1,0.08196,0.21316,0.21343
7,0.06019,4.15093,1,0.08196,0.21316,0.21343
8,0.02439,4.15093,1,0.08196,0.21316,0.21343
9,0.78541,4.15093,1,0.08196,0.21316,0.21343
10,0.0346,4.15093,1,0.08196,0.21316,0.21343
11,0.32135,4.15093,1,0.08196,0.21316,0.21343
12,0.11423,4.15093,1,0.08196,0.21316,0.21343
13,0.00517,4.15093,1,0.08196,0.21316,0.21343
14,0.77535,4.15093,1,0.08196,0.21316,0.21343
15,0.61395,4.15093,1,0.08196,0.21316,0.21343
16,0.67019,4.15093,1,0.08196,0.21316,0.21343
17,0.87031,4.15093,1,0.08196,0.21316,0.21343
18,0.19435,4.15093,1,0.08196,0.21316,0.21343
19,0.41282,4.15093,1,0.08196,0.21316,0.21343
20,0.5688,4.15093,1,0.08196,0.21316,0.21343
