particle,elasticity,weight,frame,x,y,z
1,0.83311,7.66983,1,0.08477,-0.16756,0.84165
1,0.83311,7.66983,2,0.30674,0.00592,0.66625
2,0.65584,7.81781,1,0.08877,-0.16374,0.86466
2,0.65584,7.81781,2,0.31588,0.01463,0.71842
3,0.33816,7.94319,1,0.09588,-0.15688,0.90591
3,0.33816,7.94319,2,0.33207,0.03024,0.81201
4,0.82478,7.67804,1,0.08496,-0.16738,0.84273
4,0.82478,7.67804,2,0.30717,0.00633,0.6687
5,0.84533,7.65758,1,0.0845,-0.16782,0.84007
5,0.84533,7.65758,2,0.30611,0.00532,0.66266
6,0.51905,7.8938,1,0.09184,-0.16079,0.88242
6,0.51905,7.8938,2,0.32288,0.02135,0.75871
7,0.3028,7.94604,1,0.09667,-0.15612,0.91051
7,0.3028,7.94604,2,0.33386,0.03198,0.82244
8,0.64113,7.82757,1,0.0891,-0.16342,0.86657
8,0.64113,7.82757,2,0.31663,0.01535,0.72275
9,0.03775,7.89659,1,0.10254,-0.15038,0.94493
9,0.03775,7.89659,2,0.34717,0.04499,0.90057
10,0.44247,7.92181,1,0.09355,-0.15914,0.89237
10,0.44247,7.92181,2,0.32678,0.02511,0.78127
11,0.45541,7.91781,1,0.09326,-0.15942,0.89069
11,0.45541,7.91781,2,0.32612,0.02448,0.77746
12,0.29193,7.94647,1,0.09691,-0.15588,0.91192
12,0.29193,7.94647,2,0.33441,0.03251,0.82564
13,0.48641,7.90701,1,0.09257,-0.16009,0.88666
13,0.48641,7.90701,2,0.32454,0.02295,0.76833
14,0.45675,7.91738,1,0.09323,-0.15945,0.89051
14,0.45675,7.91738,2,0.32605,0.02441,0.77707
15,0.39697,7.93352,1,0.09457,-0.15816,0.89827
15,0.39697,7.93352,2,0.32909,0.02735,0.79468
16,0.08277,7.91379,1,0.10154,-0.15135,0.93908
16,0.08277,7.91379,2,0.34492,0.04278,0.8873
17,0.06474,7.90733,1,0.10194,-0.15096,0.94143
17,0.06474,7.90733,2,0.34582,0.04367,0.89262
18,0.71228,7.77675,1,0.0875,-0.16496,0.85733
18,0.71228,7.77675,2,0.31298,0.01186,0.70181
19,0.74218,7.75271,1,0.08683,-0.1656,0.85345
19,0.74218,7.75271,2,0.31144,0.01039,0.69301
20,0.84821,7.65465,1,0.08443,-0.16788,0.83969
20,0.84821,7.65465,2,0.30596,0.00518,0.66181
