particle,elasticity,weight,frame,x,y,z
1,0.88404,4.15093,1,-0.41524,-0.02542,0.84316
2,0.16324,4.15093,1,-0.44249,-0.02887,0.84993
3,0.51827,4.15093,1,-0.42914,-0.02731,0.84654
4,0.41565,4.15093,1,-0.43302,-0.02779,0.84751
5,0.13074,4.15093,1,-0.4437,-0.02899,0.85024
6,0.18817,4.15093,1,-0.44156,-0.02877,0.84969
7,0.66294,4.15093,1,-0.42366,-0.02659,0.84519
8,0.6947,4.15093,1,-0.42245,-0.02643,0.84489
9,0.32509,4.15093,1,-0.43643,-0.02819,0.84837
10,0.67707,4.15093,1,-0.42312,-0.02652,0.84506
11,0.95092,4.15093,1,-0.41268,-0.02505,0.84255
12,0.90239,4.15093,1,-0.41454,-0.02532,0.84299
13,0.85182,4.15093,1,-0.41647,-0.0256,0.84345
14,0.78689,4.15093,1,-0.41894,-0.02595,0.84404
15,0.87738,4.15093,1,-0.41549,-0.02546,0.84322
16,0.95394,4.15093,1,-0.41257,-0.02503,0.84252
17,0.70461,4.15093,1,-0.42207,-0.02638,0.8448
18,0.56032,4.15093,1,-0.42755,-0.0271,0.84614
19,0.06259,4.15093,1,-0.44624,-0.02925,0.85091
20,0.63859,4.15093,1,-0.42458,-0.02671,0.84541
