particle,elasticity,weight,frame,x,y,z
1,0.03492,8.27518,1,-0.27148,0.39786,0.34341
1,0.03492,8.27518,2,-0.42409,0.39656,0.40128
2,0.27324,8.27518,1,-0.27148,0.39786,0.34341
2,0.27324,8.27518,2,-0.41903,0.39752,0.40042
3,0.9553,8.27518,1,-0.27148,0.39786,0.34341
3,0.9553,8.27518,2,-0.4045,0.40038,0.39807
4,0.22048,8.27518,1,-0.27148,0.39786,0.34341
4,0.22048,8.27518,2,-0.42016,0.39731,0.40061
5,0.2668,8.27518,1,-0.27148,0.39786,0.34341
5,0.2668,8.27518,2,-0.41917,0.3975,0.40044
6,0.17938,8.27518,1,-0.27148,0.39786,0.34341
6,0.17938,8.27518,2,-0.42103,0.39714,0.40075
7,0.13099,8.27518,1,-0.27148,0.39786,0.34341
7,0.13099,8.27518,2,-0.42206,0.39694,0.40093
8,0.12745,8.27518,1,-0.27148,0.39786,0.34341
8,0.12745,8.27518,2,-0.42213,0.39693,0.40094
9,0.32421,8.27518,1,-0.27148,0.39786,0.34341
9,0.32421,8.27518,2,-0.41795,0.39773,0.40024
10,0.93339,8.27518,1,-0.27148,0.39786,0.34341
10,0.93339,8.27518,2,-0.40497,0.40029,0.39814
11,0.00122,8.27518,1,-0.27148,0.39786,0.34341
11,0.00122,8.27518,2,-0.42481,0.39642,0.4014
12,0.73306,8.27518,1,-0.27148,0.39786,0.34341
12,0.73306,8.27518,2,-0.40925,0.39944,0.39882
13,0.4904,8.27518,1,-0.27148,0.39786,0.34341
13,0.4904,8.27518,2,-0.41442,0.39842,0.39965
14,0.94762,8.27518,1,-0.27148,0.39786,0.34341
14,0.94762,8.27518,2,-0.40467,0.40035,0.39809
15,0.06755,8.27518,1,-0.27148,0.39786,0.34341
15,0.06755,8.27518,2,-0.4234,0.39669,0.40116
16,0.34076,8.27518,1,-0.27148,0.39786,0.34341
16,0.34076,8.27518,2,-0.4176,0.3978,0.40018
17,0.29227,8.27518,1,-0.27148,0.39786,0.34341
17,0.29227,8.27518,2,-0.41863,0.3976,0.40035
18,0.0966,8.27518,1,-0.27148,0.39786,0.34341
18,0.0966,8.27518,2,-0.42279,0.39681,0.40105
19,0.63493,8.27518,1,-0.27148,0.39786,0.34341
19,0.63493,8.27518,2,-0.41134,0.39902,0.39915
20,0.20703,8.27518,1,-0.27148,0.39786,0.34341
20,0.20703,8.27518,2,-0.42044,0.39725,0.40065
