particle,elasticity,weight,frame,x,y,z
1,0.29543,8.29877,1,0.16328,0.06455,0.94481
1,0.29543,8.29877,2,0.1195,0.04431,0.89483
2,0.85033,8.2974,1,0.16491,0.06536,0.93738
2,0.85033,8.2974,2,0.13572,0.05248,0.82088
3,0.15906,8.29821,1,0.16289,0.06434,0.94663
3,0.15906,8.29821,2,0.11557,0.04223,0.91303
4,0.1597,8.29821,1,0.16289,0.06434,0.94662
4,0.1597,8.29821,2,0.11559,0.04224,0.91294
5,0.01208,8.29722,1,0.16247,0.06411,0.9486
5,0.01208,8.29722,2,0.11136,0.03995,0.93265
6,0.76817,8.29797,1,0.16466,0.06525,0.93848
6,0.76817,8.29797,2,0.1333,0.0513,0.83182
7,0.23364,8.29856,1,0.16311,0.06445,0.94563
7,0.23364,8.29856,2,0.11771,0.04337,0.90308
8,0.17325,8.29828,1,0.16293,0.06436,0.94644
8,0.17325,8.29828,2,0.11598,0.04245,0.91114
9,0.6939,8.29837,1,0.16445,0.06514,0.93947
9,0.6939,8.29837,2,0.13111,0.05023,0.84171
10,0.90882,8.29691,1,0.16508,0.06545,0.9366
10,0.90882,8.29691,2,0.13745,0.05331,0.8131
11,0.7437,8.29811,1,0.16459,0.06521,0.93881
11,0.7437,8.29811,2,0.13258,0.05095,0.83508
12,0.84849,8.29741,1,0.1649,0.06536,0.93741
12,0.84849,8.29741,2,0.13567,0.05245,0.82113
13,0.38296,8.29894,1,0.16354,0.06468,0.94363
13,0.38296,8.29894,2,0.12204,0.04563,0.88315
14,0.75411,8.29805,1,0.16462,0.06523,0.93867
14,0.75411,8.29805,2,0.13288,0.0511,0.83369
15,0.00517,8.29716,1,0.16245,0.0641,0.94869
15,0.00517,8.29716,2,0.11116,0.03985,0.93358
16,0.34326,8.29888,1,0.16342,0.06462,0.94417
16,0.34326,8.29888,2,0.12088,0.04503,0.88845
17,0.71284,8.29828,1,0.1645,0.06517,0.93922
17,0.71284,8.29828,2,0.13167,0.0505,0.83919
18,0.84379,8.29745,1,0.16489,0.06535,0.93747
18,0.84379,8.29745,2,0.13553,0.05239,0.82175
19,0.84379,8.29745,1,0.16489,0.06535,0.93747
19,0.84379,8.29745,2,0.13553,0.05239,0.82175
20,0.08013,8.29773,1,0.16266,0.06422,0.94769
20,0.08013,8.29773,2,0.1133,0.04101,0.92357
