particle,elasticity,weight,frame,x,y,z
1,0.05547,4.15093,1,0.05208,-0.4399,0.02791
2,0.59328,4.15093,1,0.05661,-0.42805,0.05151
3,0.29266,4.15093,1,0.05384,-0.43291,0.03589
4,0.791,4.15093,1,0.05957,-0.42566,0.0596
5,0.2127,4.15093,1,0.05314,-0.43499,0.03314
6,0.98088,4.15093,1,0.06407,-0.42807,0.06768
7,0.04912,4.15093,1,0.05205,-0.44012,0.02771
8,0.98708,4.15093,1,0.06421,-0.4282,0.06791
9,0.18153,4.15093,1,0.0529,-0.43588,0.03209
10,0.76578,4.15093,1,0.05916,-0.4259,0.05857
11,0.66839,4.15093,1,0.05777,-0.42721,0.05458
12,0.95418,4.15093,1,0.06338,-0.42732,0.06664
13,0.19673,4.15093,1,0.05302,-0.43544,0.0326
14,0.17301,4.15093,1,0.05284,-0.43613,0.0318
15,0.60756,4.15093,1,0.05682,-0.42787,0.05209
16,0.6631,4.15093,1,0.05768,-0.42727,0.05436
17,0.4331,4.15093,1,0.05527,-0.43,0.04092
18,0.51593,4.15093,1,0.05554,-0.42918,0.04839
19,0.68558,4.15093,1,0.05799,-0.42693,0.05529
20,0.38603,4.15093,1,0.05477,-0.43088,0.03916
