particle,elasticity,weight,frame,x,y,z
1,0.97837,7.65768,1,-0.05055,0.08696,0.84902
1,0.97837,7.65768,2,0.05667,-0.04897,0.6794
2,0.13747,8.14607,1,-0.03961,0.07035,0.93194
2,0.13747,8.14607,2,0.08399,-0.09043,0.88552
3,0.75751,7.85621,1,-0.04764,0.08261,0.87079
3,0.75751,7.85621,2,0.06396,-0.05984,0.73345
4,0.83798,7.78967,1,-0.0487,0.0842,0.86285
4,0.83798,7.78967,2,0.06131,-0.05588,0.71375
5,0.91073,7.72379,1,-0.04966,0.08563,0.85568
5,0.91073,7.72379,2,0.05891,-0.0523,0.69594
6,0.17327,8.14007,1,-0.04007,0.07106,0.92841
6,0.17327,8.14007,2,0.08285,-0.08867,0.87673
7,0.47532,8.03708,1,-0.04396,0.07704,0.89861
7,0.47532,8.03708,2,0.07316,-0.07376,0.80262
8,0.57078,7.98505,1,-0.0452,0.07893,0.8892
8,0.57078,7.98505,2,0.07006,-0.06905,0.77921
9,0.48239,8.03355,1,-0.04405,0.07718,0.89792
9,0.48239,8.03355,2,0.07293,-0.07341,0.80088
10,0.63403,7.94542,1,-0.04603,0.08018,0.88296
10,0.63403,7.94542,2,0.068,-0.06593,0.76371
11,0.40492,8.06946,1,-0.04305,0.07565,0.90556
11,0.40492,8.06946,2,0.07543,-0.07724,0.81989
12,0.46228,8.04347,1,-0.04379,0.07678,0.8999
12,0.46228,8.04347,2,0.07358,-0.07441,0.80582
13,0.82499,7.80086,1,-0.04853,0.08394,0.86414
13,0.82499,7.80086,2,0.06174,-0.05652,0.71693
14,0.53317,8.00667,1,-0.04471,0.07818,0.89291
14,0.53317,8.00667,2,0.07128,-0.07091,0.78843
15,0.06393,8.15424,1,-0.03868,0.06889,0.9392
15,0.06393,8.15424,2,0.08632,-0.09406,0.90357
16,0.09895,8.15104,1,-0.03912,0.06958,0.93574
16,0.09895,8.15104,2,0.08521,-0.09233,0.89497
17,0.38655,8.07708,1,-0.04281,0.07528,0.90737
17,0.38655,8.07708,2,0.07602,-0.07814,0.82439
18,0.63182,7.94687,1,-0.046,0.08013,0.88318
18,0.63182,7.94687,2,0.06807,-0.06604,0.76425
19,0.72904,7.87817,1,-0.04727,0.08205,0.87359
19,0.72904,7.87817,2,0.06489,-0.06125,0.74043
20,0.43519,8.05617,1,-0.04344,0.07625,0.90257
20,0.43519,8.05617,2,0.07445,-0.07574,0.81246
