particle,elasticity,weight,frame,x,y,z
1,0.18929,8.23921,1,0.43362,-0.00596,0.37452
1,0.18929,8.23921,2,0.3465,-0.22108,0.36587
2,0.09381,8.24283,1,0.43608,-0.00572,0.37434
2,0.09381,8.24283,2,0.35826,-0.21934,0.36513
3,0.02338,8.24486,1,0.43786,-0.0056,0.37405
3,0.02338,8.24486,2,0.36786,-0.21872,0.36388
4,0.75236,8.20071,1,0.41857,-0.00837,0.37455
4,0.75236,8.20071,2,0.37558,-0.26194,0.36538
5,0.80359,8.19605,1,0.4172,-0.00859,0.37455
5,0.80359,8.19605,2,0.36809,-0.26313,0.36538
6,0.85415,8.19125,1,0.41585,-0.00881,0.37455
6,0.85415,8.19125,2,0.3607,-0.26431,0.36538
7,0.98047,8.17846,1,0.41247,-0.00935,0.37455
7,0.98047,8.17846,2,0.34224,-0.26725,0.36538
8,0.37076,8.2294,1,0.42878,-0.00672,0.37455
8,0.37076,8.2294,2,0.37836,-0.24388,0.36942
9,0.80337,8.19607,1,0.41721,-0.00859,0.37455
9,0.80337,8.19607,2,0.36812,-0.26313,0.36538
10,0.59484,8.21385,1,0.42279,-0.00769,0.37455
10,0.59484,8.21385,2,0.39861,-0.25825,0.36538
11,0.42867,8.22574,1,0.42723,-0.00697,0.37455
11,0.42867,8.22574,2,0.37856,-0.24661,0.36942
12,0.4251,8.22597,1,0.42733,-0.00695,0.37455
12,0.4251,8.22597,2,0.37853,-0.24644,0.36942
13,0.62261,8.21166,1,0.42204,-0.00781,0.37455
13,0.62261,8.21166,2,0.39454,-0.2589,0.36538
14,0.84613,8.19202,1,0.41607,-0.00877,0.37455
14,0.84613,8.19202,2,0.36187,-0.26412,0.36538
15,0.18752,8.23929,1,0.43367,-0.00595,0.37451
15,0.18752,8.23929,2,0.3467,-0.22103,0.36586
16,0.61696,8.21211,1,0.4222,-0.00778,0.37455
16,0.61696,8.21211,2,0.39537,-0.25877,0.36538
17,0.75089,8.20084,1,0.41861,-0.00836,0.37455
17,0.75089,8.20084,2,0.37579,-0.2619,0.36538
18,0.31262,8.23284,1,0.43033,-0.00647,0.37455
18,0.31262,8.23284,2,0.37859,-0.24113,0.36942
19,0.13574,8.2414,1,0.43501,-0.0058,0.37444
19,0.13574,8.2414,2,0.35287,-0.21991,0.36554
20,0.74498,8.20137,1,0.41877,-0.00834,0.37455
20,0.74498,8.20137,2,0.37665,-0.26176,0.36538
