particle,elasticity,weight,frame,x,y,z
1,0.43458,4.15093,1,-0.06013,-0.03397,0.5314
2,0.86796,4.15093,1,-0.06013,-0.03397,0.5314
3,0.08575,4.15093,1,-0.06013,-0.03397,0.5314
4,0.96417,4.15093,1,-0.06013,-0.03397,0.5314
5,0.93828,4.15093,1,-0.06013,-0.03397,0.5314
6,0.31968,4.15093,1,-0.06013,-0.03397,0.5314
7,0.69875,4.15093,1,-0.06013,-0.03397,0.5314
8,0.75829,4.15093,1,-0.06013,-0.03397,0.5314
9,0.79293,4.15093,1,-0.06013,-0.03397,0.5314
10,0.17101,4.15093,1,-0.06013,-0.03397,0.5314
11,0.25327,4.15093,1,-0.06013,-0.03397,0.5314
12,0.17995,4.15093,1,-0.06013,-0.03397,0.5314
13,0.84096,4.15093,1,-0.06013,-0.03397,0.5314
14,0.34366,4.15093,1,-0.06013,-0.03397,0.5314
15,0.48636,4.15093,1,-0.06013,-0.03397,0.5314
16,0.35684,4.15093,1,-0.06013,-0.03397,0.5314
17,0.6263,4.15093,1,-0.06013,-0.03397,0.5314
18,0.02522,4.15093,1,-0.06013,-0.03397,0.5314
19,0.5307,4.15093,1,-0.06013,-0.03397,0.5314
20,0.43015,4.15093,1,-0.06013,-0.03397,0.5314
