particle,elasticity,weight,frame,x,y,z
1,0.20548,20.5026,1,0.1006,-0.37379,0.69777
1,0.20548,20.5026,2,0.228,-0.39891,0.88645
2,0.20548,20.5026,1,0.1006,-0.37379,0.69777
2,0.20548,20.5026,2,0.228,-0.39891,0.88645
3,0.02396,20.60219,1,0.06603,-0.39136,0.6839
3,0.02396,20.60219,2,0.21673,-0.39421,0.90214
4,0.02396,20.60219,1,0.06603,-0.39136,0.6839
4,0.02396,20.60219,2,0.21673,-0.39421,0.90214
5,0.02396,20.60219,1,0.06603,-0.39136,0.6839
5,0.02396,20.60219,2,0.21673,-0.39421,0.90214
6,0.15456,19.88328,1,0.06404,-0.37734,0.68104
6,0.15456,19.88328,2,0.22374,-0.41143,0.8675
7,0.02396,20.60219,1,0.06603,-0.39136,0.6839
7,0.02396,20.60219,2,0.21673,-0.39421,0.90214
8,0.15456,19.88328,1,0.06404,-0.37734,0.68104
8,0.15456,19.88328,2,0.22374,-0.41143,0.8675
9,0.20548,20.5026,1,0.1006,-0.37379,0.69777
9,0.20548,20.5026,2,0.228,-0.39891,0.88645
10,0.20548,20.5026,1,0.1006,-0.37379,0.69777
10,0.20548,20.5026,2,0.228,-0.39891,0.88645
11,0.15456,19.88328,1,0.06404,-0.37734,0.68104
11,0.15456,19.88328,2,0.22374,-0.41143,0.8675
12,0.02396,20.60219,1,0.06603,-0.39136,0.6839
12,0.02396,20.60219,2,0.21673,-0.39421,0.90214
13,0.73239,13.6872,1,0.11132,-0.36128,0.73213
13,0.73239,13.6872,2,0.22384,-0.32406,0.83969
14,0.20548,20.5026,1,0.1006,-0.37379,0.69777
14,0.20548,20.5026,2,0.228,-0.39891,0.88645
15,0.20548,20.5026,1,0.1006,-0.37379,0.69777
15,0.20548,20.5026,2,0.228,-0.39891,0.88645
16,0.02396,20.60219,1,0.06603,-0.39136,0.6839
16,0.02396,20.60219,2,0.21673,-0.39421,0.90214
17,0.15456,19.88328,1,0.06404,-0.37734,0.68104
17,0.15456,19.88328,2,0.22374,-0.41143,0.8675
18,0.02396,20.60219,1,0.06603,-0.39136,0.6839
18,0.02396,20.60219,2,0.21673,-0.39421,0.90214
19,0.15456,19.88328,1,0.06404,-0.37734,0.68104
19,0.15456,19.88328,2,0.22374,-0.41143,0.8675
20,0.02396,20.60219,1,0.06603,-0.39136,0.6839
20,0.02396,20.60219,2,0.21673,-0.39421,0.90214
