particle,elasticity,weight,frame,x,y,z
1,0.68335,9.48634,1,0.33296,-0.37047,0.49645
2,0.01127,10.90825,1,0.39251,-0.39001,0.41381
3,0.9445,10.08779,1,0.3332,-0.36274,0.40065
4,0.36575,9.01289,1,0.37264,-0.38836,0.52401
5,0.59285,9.91154,1,0.36155,-0.35648,0.50156
6,0.31726,9.35826,1,0.36973,-0.38764,0.51366
7,0.68335,9.48634,1,0.33296,-0.37047,0.49645
8,0.9445,10.08779,1,0.3332,-0.36274,0.40065
9,0.01127,10.90825,1,0.39251,-0.39001,0.41381
10,0.68335,9.48634,1,0.33296,-0.37047,0.49645
11,0.36575,9.01289,1,0.37264,-0.38836,0.52401
12,0.31726,9.35826,1,0.36973,-0.38764,0.51366
13,0.01127,10.90825,1,0.39251,-0.39001,0.41381
14,0.9445,10.08779,1,0.3332,-0.36274,0.40065
15,0.01127,10.90825,1,0.39251,-0.39001,0.41381
16,0.59285,9.91154,1,0.36155,-0.35648,0.50156
17,0.01127,10.90825,1,0.39251,-0.39001,0.41381
18,0.36575,9.01289,1,0.37264,-0.38836,0.52401
19,0.9445,10.08779,1,0.3332,-0.36274,0.40065
20,0.9445,10.08779,1,0.3332,-0.36274,0.40065
