particle,elasticity,weight,frame,x,y,z
1,0.18074,10.10304,1,0.23784,-0.3695,0.89253
2,0.25677,8.91248,1,0.28539,-0.40422,0.90231
3,0.18074,10.10304,1,0.23784,-0.3695,0.89253
4,0.36691,8.69795,1,0.32563,-0.38957,0.8827
5,0.00204,10.61912,1,0.28306,-0.40045,0.89453
6,0.87725,9.82945,1,0.24002,-0.39011,0.83146
7,0.12893,8.60741,1,0.26652,-0.39307,0.85455
8,0.25677,8.91248,1,0.28539,-0.40422,0.90231
9,0.18074,10.10304,1,0.23784,-0.3695,0.89253
10,0.38153,7.08122,1,0.24552,-0.34237,0.8665
11,0.16767,9.38773,1,0.22346,-0.38684,0.87381
12,0.12893,8.60741,1,0.26652,-0.39307,0.85455
13,0.00204,10.61912,1,0.28306,-0.40045,0.89453
14,0.89863,10.02471,1,0.31189,-0.35068,0.87739
15,0.18074,10.10304,1,0.23784,-0.3695,0.89253
16,0.00204,10.61912,1,0.28306,-0.40045,0.89453
17,0.89863,10.02471,1,0.31189,-0.35068,0.87739
18,0.16767,9.38773,1,0.22346,-0.38684,0.87381
19,0.87725,9.82945,1,0.24002,-0.39011,0.83146
20,0.00204,10.61912,1,0.28306,-0.40045,0.89453
