particle,elasticity,weight,frame,x,y,z
1,0.35665,10.17011,1,0.01088,0.16529,0.10016
2,0.25758,9.44617,1,-0.05867,0.12315,0.10388
3,0.87873,10.07018,1,-0.01176,0.13421,0.11069
4,0.25758,9.44617,1,-0.05867,0.12315,0.10388
5,0.98969,8.6086,1,-0.04574,0.01416,0.14928
6,0.35665,10.17011,1,0.01088,0.16529,0.10016
7,0.35665,10.17011,1,0.01088,0.16529,0.10016
8,0.35665,10.17011,1,0.01088,0.16529,0.10016
9,0.8004,10.56147,1,-0.02962,0.07706,0.11585
10,0.8004,10.56147,1,-0.02962,0.07706,0.11585
11,0.87475,10.02366,1,0.03239,0.04573,0.13196
12,0.8004,10.56147,1,-0.02962,0.07706,0.11585
13,0.8004,10.56147,1,-0.02962,0.07706,0.11585
14,0.35665,10.17011,1,0.01088,0.16529,0.10016
15,0.96459,8.38013,1,-0.05734,0.08585,0.13641
16,0.8004,10.56147,1,-0.02962,0.07706,0.11585
17,0.87873,10.07018,1,-0.01176,0.13421,0.11069
18,0.35665,10.17011,1,0.01088,0.16529,0.10016
19,0.87475,10.02366,1,0.03239,0.04573,0.13196
20,0.1981,9.2872,1,-0.08933,0.12212,0.09999
