particle,elasticity,weight,frame,x,y,z
1,0.54216,18.48656,1,-0.30867,-0.08736,0.47345
1,0.54216,18.48656,2,-0.3226,0.00822,0.47684
2,0.54216,18.48656,1,-0.30867,-0.08736,0.47345
2,0.54216,18.48656,2,-0.3226,0.00822,0.47684
3,0.4056,18.52279,1,-0.2342,-0.17207,0.47864
3,0.4056,18.52279,2,-0.36832,-0.04574,0.58242
4,0.4056,18.52279,1,-0.2342,-0.17207,0.47864
4,0.4056,18.52279,2,-0.36832,-0.04574,0.58242
5,0.45003,16.46547,1,-0.29943,-0.15003,0.60175
5,0.45003,16.46547,2,-0.37856,0.11869,0.55973
6,0.25657,13.89173,1,-0.19505,-0.12247,0.63459
6,0.25657,13.89173,2,-0.36995,0.09517,0.59012
7,0.45003,16.46547,1,-0.29943,-0.15003,0.60175
7,0.45003,16.46547,2,-0.37856,0.11869,0.55973
8,0.54216,18.48656,1,-0.30867,-0.08736,0.47345
8,0.54216,18.48656,2,-0.3226,0.00822,0.47684
9,0.4056,18.52279,1,-0.2342,-0.17207,0.47864
9,0.4056,18.52279,2,-0.36832,-0.04574,0.58242
10,0.25657,13.89173,1,-0.19505,-0.12247,0.63459
10,0.25657,13.89173,2,-0.36995,0.09517,0.59012
11,0.25657,13.89173,1,-0.19505,-0.12247,0.63459
11,0.25657,13.89173,2,-0.36995,0.09517,0.59012
12,0.45003,16.46547,1,-0.29943,-0.15003,0.60175
12,0.45003,16.46547,2,-0.37856,0.11869,0.55973
13,0.62873,15.55421,1,-0.30867,-0.08736,0.47345
13,0.62873,15.55421,2,-0.32195,0.13277,0.47936
14,0.4056,18.52279,1,-0.2342,-0.17207,0.47864
14,0.4056,18.52279,2,-0.36832,-0.04574,0.58242
15,0.54216,18.48656,1,-0.30867,-0.08736,0.47345
15,0.54216,18.48656,2,-0.3226,0.00822,0.47684
16,0.25657,13.89173,1,-0.19505,-0.12247,0.63459
16,0.25657,13.89173,2,-0.36995,0.09517,0.59012
17,0.4056,18.52279,1,-0.2342,-0.17207,0.47864
17,0.4056,18.52279,2,-0.36832,-0.04574,0.58242
18,0.4056,18.52279,1,-0.2342,-0.17207,0.47864
18,0.4056,18.52279,2,-0.36832,-0.04574,0.58242
19,0.45003,16.46547,1,-0.29943,-0.15003,0.60175
19,0.45003,16.46547,2,-0.37856,0.11869,0.55973
20,0.54216,18.48656,1,-0.30867,-0.08736,0.47345
20,0.54216,18.48656,2,-0.3226,0.00822,0.47684
