particle,elasticity,weight,frame,x,y,z
1,0.43489,21.90322,1,-0.40196,0.20519,0.48805
1,0.43489,21.90322,2,-0.3659,0.27352,0.45701
2,0.43489,21.90322,1,-0.40196,0.20519,0.48805
2,0.43489,21.90322,2,-0.3659,0.27352,0.45701
3,0.43489,21.90322,1,-0.40196,0.20519,0.48805
3,0.43489,21.90322,2,-0.3659,0.27352,0.45701
4,0.49659,18.59008,1,-0.39564,0.20744,0.5022
4,0.49659,18.59008,2,-0.35852,0.24984,0.51782
5,0.91901,14.91707,1,-0.40853,0.22891,0.52914
5,0.91901,14.91707,2,-0.29729,0.14272,0.40293
6,0.43489,21.90322,1,-0.40196,0.20519,0.48805
6,0.43489,21.90322,2,-0.3659,0.27352,0.45701
7,0.7262,18.56731,1,-0.35496,0.21285,0.52589
7,0.7262,18.56731,2,-0.35189,0.33624,0.50706
8,0.49659,18.59008,1,-0.39564,0.20744,0.5022
8,0.49659,18.59008,2,-0.35852,0.24984,0.51782
9,0.49659,18.59008,1,-0.39564,0.20744,0.5022
9,0.49659,18.59008,2,-0.35852,0.24984,0.51782
10,0.43489,21.90322,1,-0.40196,0.20519,0.48805
10,0.43489,21.90322,2,-0.3659,0.27352,0.45701
11,0.11299,17.9554,1,-0.39238,0.14888,0.43427
11,0.11299,17.9554,2,-0.39744,0.21103,0.41609
12,0.49659,18.59008,1,-0.39564,0.20744,0.5022
12,0.49659,18.59008,2,-0.35852,0.24984,0.51782
13,0.34692,17.98708,1,-0.40324,0.14896,0.4376
13,0.34692,17.98708,2,-0.30717,0.2327,0.46022
14,0.43489,21.90322,1,-0.40196,0.20519,0.48805
14,0.43489,21.90322,2,-0.3659,0.27352,0.45701
15,0.43489,21.90322,1,-0.40196,0.20519,0.48805
15,0.43489,21.90322,2,-0.3659,0.27352,0.45701
16,0.43489,21.90322,1,-0.40196,0.20519,0.48805
16,0.43489,21.90322,2,-0.3659,0.27352,0.45701
17,0.43489,21.90322,1,-0.40196,0.20519,0.48805
17,0.43489,21.90322,2,-0.3659,0.27352,0.45701
18,0.03081,19.42519,1,-0.39464,0.21967,0.56317
18,0.03081,19.42519,2,-0.40413,0.29582,0.58027
19,0.43489,21.90322,1,-0.40196,0.20519,0.48805
19,0.43489,21.90322,2,-0.3659,0.27352,0.45701
20,0.43489,21.90322,1,-0.40196,0.20519,0.48805
20,0.43489,21.90322,2,-0.3659,0.27352,0.45701
