particle,elasticity,weight,frame,x,y,z
1,0.54988,17.93539,1,0.00835,0.14416,0.36817
1,0.54988,17.93539,2,-0.08437,0.02116,0.29521
2,0.71765,16.49311,1,0.06001,0.14375,0.45718
2,0.71765,16.49311,2,-0.12213,0.04627,0.28549
3,0.75149,20.4222,1,0.06001,0.14375,0.45718
3,0.75149,20.4222,2,-0.05879,0.09196,0.29788
4,0.8986,15.40917,1,-0.01228,0.13335,0.50261
4,0.8986,15.40917,2,0.00011,0.07182,0.24657
5,0.92631,18.92367,1,-0.00036,0.21543,0.43638
5,0.92631,18.92367,2,-0.07802,0.04227,0.3354
6,0.75149,20.4222,1,0.06001,0.14375,0.45718
6,0.75149,20.4222,2,-0.05879,0.09196,0.29788
7,0.75149,20.4222,1,0.06001,0.14375,0.45718
7,0.75149,20.4222,2,-0.05879,0.09196,0.29788
8,0.39194,19.43546,1,0.0257,0.09991,0.45925
8,0.39194,19.43546,2,-0.07856,0.12392,0.34479
9,0.45416,20.35841,1,0.00835,0.14416,0.36817
9,0.45416,20.35841,2,-4.0e-5,0.09257,0.31773
10,0.45416,20.35841,1,0.00835,0.14416,0.36817
10,0.45416,20.35841,2,-4.0e-5,0.09257,0.31773
11,0.45416,20.35841,1,0.00835,0.14416,0.36817
11,0.45416,20.35841,2,-4.0e-5,0.09257,0.31773
12,0.45416,20.35841,1,0.00835,0.14416,0.36817
12,0.45416,20.35841,2,-4.0e-5,0.09257,0.31773
13,0.45416,20.35841,1,0.00835,0.14416,0.36817
13,0.45416,20.35841,2,-4.0e-5,0.09257,0.31773
14,0.81048,19.17004,1,-0.00036,0.21543,0.43638
14,0.81048,19.17004,2,-0.08068,0.17031,0.38042
15,0.74276,18.12896,1,0.00835,0.14416,0.36817
15,0.74276,18.12896,2,0.02285,0.10215,0.24803
16,0.39194,19.43546,1,0.0257,0.09991,0.45925
16,0.39194,19.43546,2,-0.07856,0.12392,0.34479
17,0.54988,17.93539,1,0.00835,0.14416,0.36817
17,0.54988,17.93539,2,-0.08437,0.02116,0.29521
18,0.45416,20.35841,1,0.00835,0.14416,0.36817
18,0.45416,20.35841,2,-4.0e-5,0.09257,0.31773
19,0.8986,15.40917,1,-0.01228,0.13335,0.50261
19,0.8986,15.40917,2,0.00011,0.07182,0.24657
20,0.81048,19.17004,1,-0.00036,0.21543,0.43638
20,0.81048,19.17004,2,-0.08068,0.17031,0.38042
