particle,elasticity,weight,frame,x,y,z
1,0.47705,18.85422,1,0.04231,0.05926,0.60004
1,0.47705,18.85422,2,-0.2044,-0.05111,0.87571
2,0.0597,18.02219,1,0.01015,0.10032,0.64207
2,0.0597,18.02219,2,-0.17503,-0.01922,0.90052
3,0.74805,17.31269,1,-0.03128,0.01895,0.69035
3,0.74805,17.31269,2,-0.31569,0.00806,0.85934
4,0.36736,19.61173,1,0.07104,0.00312,0.74155
4,0.36736,19.61173,2,-0.17291,-0.00226,0.89677
5,0.66143,16.0109,1,-0.02812,-0.02219,0.74083
5,0.66143,16.0109,2,-0.19687,0.06001,0.87868
6,0.66143,16.0109,1,-0.02812,-0.02219,0.74083
6,0.66143,16.0109,2,-0.19687,0.06001,0.87868
7,0.36736,19.61173,1,0.07104,0.00312,0.74155
7,0.36736,19.61173,2,-0.17291,-0.00226,0.89677
8,0.36736,19.61173,1,0.07104,0.00312,0.74155
8,0.36736,19.61173,2,-0.17291,-0.00226,0.89677
9,0.36736,19.61173,1,0.07104,0.00312,0.74155
9,0.36736,19.61173,2,-0.17291,-0.00226,0.89677
10,0.36736,19.61173,1,0.07104,0.00312,0.74155
10,0.36736,19.61173,2,-0.17291,-0.00226,0.89677
11,0.36736,19.61173,1,0.07104,0.00312,0.74155
11,0.36736,19.61173,2,-0.17291,-0.00226,0.89677
12,0.87374,18.75104,1,0.09161,0.03561,0.65505
12,0.87374,18.75104,2,-0.1572,0.01885,0.89887
13,0.47705,18.85422,1,0.04231,0.05926,0.60004
13,0.47705,18.85422,2,-0.2044,-0.05111,0.87571
14,0.36736,19.61173,1,0.07104,0.00312,0.74155
14,0.36736,19.61173,2,-0.17291,-0.00226,0.89677
15,0.36736,19.61173,1,0.07104,0.00312,0.74155
15,0.36736,19.61173,2,-0.17291,-0.00226,0.89677
16,0.0597,18.02219,1,0.01015,0.10032,0.64207
16,0.0597,18.02219,2,-0.17503,-0.01922,0.90052
17,0.4612,15.154,1,0.04231,0.05926,0.60004
17,0.4612,15.154,2,-0.22633,0.01256,0.85417
18,0.82528,13.46947,1,-0.03128,0.01895,0.69035
18,0.82528,13.46947,2,-0.10589,-0.06617,0.88078
19,0.36736,19.61173,1,0.07104,0.00312,0.74155
19,0.36736,19.61173,2,-0.17291,-0.00226,0.89677
20,0.36736,19.61173,1,0.07104,0.00312,0.74155
20,0.36736,19.61173,2,-0.17291,-0.00226,0.89677
