particle,elasticity,weight,frame,x,y,z
1,0.27242,20.40595,1,0.07757,-0.38274,0.84294
1,0.27242,20.40595,2,0.26931,-0.31993,0.87648
2,0.27242,20.40595,1,0.07757,-0.38274,0.84294
2,0.27242,20.40595,2,0.26931,-0.31993,0.87648
3,0.27242,20.40595,1,0.07757,-0.38274,0.84294
3,0.27242,20.40595,2,0.26931,-0.31993,0.87648
4,0.34908,18.43297,1,0.10694,-0.4089,0.87755
4,0.34908,18.43297,2,0.25807,-0.33495,0.88634
5,0.27242,20.40595,1,0.07757,-0.38274,0.84294
5,0.27242,20.40595,2,0.26931,-0.31993,0.87648
6,0.27242,20.40595,1,0.07757,-0.38274,0.84294
6,0.27242,20.40595,2,0.26931,-0.31993,0.87648
7,0.79163,16.71484,1,0.17559,-0.35515,0.87719
7,0.79163,16.71484,2,0.26358,-0.29439,0.66465
8,0.79163,16.71484,1,0.17559,-0.35515,0.87719
8,0.79163,16.71484,2,0.26358,-0.29439,0.66465
9,0.28776,17.32579,1,0.08195,-0.40004,0.77857
9,0.28776,17.32579,2,0.2814,-0.2235,0.88685
10,0.34908,18.43297,1,0.10694,-0.4089,0.87755
10,0.34908,18.43297,2,0.25807,-0.33495,0.88634
11,0.27242,20.40595,1,0.07757,-0.38274,0.84294
11,0.27242,20.40595,2,0.26931,-0.31993,0.87648
12,0.27242,20.40595,1,0.07757,-0.38274,0.84294
12,0.27242,20.40595,2,0.26931,-0.31993,0.87648
13,0.34908,18.43297,1,0.10694,-0.4089,0.87755
13,0.34908,18.43297,2,0.25807,-0.33495,0.88634
14,0.27242,20.40595,1,0.07757,-0.38274,0.84294
14,0.27242,20.40595,2,0.26931,-0.31993,0.87648
15,0.34908,18.43297,1,0.10694,-0.4089,0.87755
15,0.34908,18.43297,2,0.25807,-0.33495,0.88634
16,0.27242,20.40595,1,0.07757,-0.38274,0.84294
16,0.27242,20.40595,2,0.26931,-0.31993,0.87648
17,0.27242,20.40595,1,0.07757,-0.38274,0.84294
17,0.27242,20.40595,2,0.26931,-0.31993,0.87648
18,0.79163,16.71484,1,0.17559,-0.35515,0.87719
18,0.79163,16.71484,2,0.26358,-0.29439,0.66465
19,0.28776,17.32579,1,0.08195,-0.40004,0.77857
19,0.28776,17.32579,2,0.2814,-0.2235,0.88685
20,0.34908,18.43297,1,0.10694,-0.4089,0.87755
20,0.34908,18.43297,2,0.25807,-0.33495,0.88634
