particle,elasticity,weight,frame,x,y,z
1,0.5255,8.04613,1,0.29773,0.36061,0.40544
2,0.19269,3.41473,1,0.28097,0.32042,0.53125
3,0.04668,10.3566,1,0.40377,0.27413,0.42688
4,0.33688,10.56628,1,0.36271,0.30076,0.43541
5,0.63705,9.97795,1,0.37723,0.31318,0.46082
6,0.98685,7.52683,1,0.35688,0.33669,0.49357
7,0.42941,9.96238,1,0.38907,0.34921,0.35387
8,0.86612,8.41508,1,0.3645,0.2402,0.42862
9,0.5329,10.9603,1,0.36926,0.33955,0.40708
10,0.91398,6.34193,1,0.32155,0.34031,0.3097
11,0.86156,9.34157,1,0.37105,0.36809,0.48041
12,0.42887,10.83591,1,0.39873,0.33118,0.37754
13,0.08275,3.93005,1,0.39695,0.22335,0.52431
14,0.01814,3.8512,1,0.26079,0.36979,0.48714
15,0.48873,6.11817,1,0.36819,0.29983,0.35486
16,0.63422,9.46924,1,0.33499,0.36544,0.38574
17,0.55372,10.42981,1,0.36868,0.33292,0.45943
18,0.44432,8.83093,1,0.39659,0.39339,0.38747
19,0.86084,0.16176,1,0.34933,0.28716,0.22682
20,0.76113,10.25214,1,0.3837,0.37108,0.37778
