particle,elasticity,weight,frame,x,y,z
1,0.68928,9.79415,1,0.00835,0.14416,0.36817
2,0.94098,10.10698,1,-0.00036,0.21543,0.43638
3,0.27966,9.99282,1,0.0257,0.09991,0.45925
4,0.68928,9.79415,1,0.00835,0.14416,0.36817
5,0.68928,9.79415,1,0.00835,0.14416,0.36817
6,0.7722,10.74025,1,0.06001,0.14375,0.45718
7,0.33744,9.41599,1,0.05059,0.11328,0.4943
8,0.95874,9.32424,1,0.03335,0.07994,0.44603
9,0.65893,8.705,1,0.08592,0.19899,0.36932
10,0.94098,10.10698,1,-0.00036,0.21543,0.43638
11,0.7722,10.74025,1,0.06001,0.14375,0.45718
12,0.33744,9.41599,1,0.05059,0.11328,0.4943
13,0.49078,7.8116,1,0.12839,0.20623,0.42632
14,0.95874,9.32424,1,0.03335,0.07994,0.44603
15,0.94098,10.10698,1,-0.00036,0.21543,0.43638
16,0.97331,9.15091,1,-0.01228,0.13335,0.50261
17,0.95874,9.32424,1,0.03335,0.07994,0.44603
18,0.68928,9.79415,1,0.00835,0.14416,0.36817
19,0.7722,10.74025,1,0.06001,0.14375,0.45718
20,0.68928,9.79415,1,0.00835,0.14416,0.36817
