particle,elasticity,weight,frame,x,y,z
1,0.01819,16.67413,1,0.22364,0.39753,0.17319
1,0.01819,16.67413,2,0.02368,0.40369,0.30837
2,0.25216,17.58809,1,0.22365,0.36991,0.17318
2,0.25216,17.58809,2,0.04665,0.41417,0.27997
3,0.25216,17.58809,1,0.22365,0.36991,0.17318
3,0.25216,17.58809,2,0.04665,0.41417,0.27997
4,0.25216,17.58809,1,0.22365,0.36991,0.17318
4,0.25216,17.58809,2,0.04665,0.41417,0.27997
5,0.25216,17.58809,1,0.22365,0.36991,0.17318
5,0.25216,17.58809,2,0.04665,0.41417,0.27997
6,0.25216,17.58809,1,0.22365,0.36991,0.17318
6,0.25216,17.58809,2,0.04665,0.41417,0.27997
7,0.25216,17.58809,1,0.22365,0.36991,0.17318
7,0.25216,17.58809,2,0.04665,0.41417,0.27997
8,0.14154,19.58008,1,0.15206,0.38423,0.22577
8,0.14154,19.58008,2,0.10524,0.41108,0.33285
9,0.25216,17.58809,1,0.22365,0.36991,0.17318
9,0.25216,17.58809,2,0.04665,0.41417,0.27997
10,0.01819,16.67413,1,0.22364,0.39753,0.17319
10,0.01819,16.67413,2,0.02368,0.40369,0.30837
11,0.01819,16.67413,1,0.22364,0.39753,0.17319
11,0.01819,16.67413,2,0.02368,0.40369,0.30837
12,0.25216,17.58809,1,0.22365,0.36991,0.17318
12,0.25216,17.58809,2,0.04665,0.41417,0.27997
13,0.01819,16.67413,1,0.22364,0.39753,0.17319
13,0.01819,16.67413,2,0.02368,0.40369,0.30837
14,0.14154,19.58008,1,0.15206,0.38423,0.22577
14,0.14154,19.58008,2,0.10524,0.41108,0.33285
15,0.25216,17.58809,1,0.22365,0.36991,0.17318
15,0.25216,17.58809,2,0.04665,0.41417,0.27997
16,0.25216,17.58809,1,0.22365,0.36991,0.17318
16,0.25216,17.58809,2,0.04665,0.41417,0.27997
17,0.25216,17.58809,1,0.22365,0.36991,0.17318
17,0.25216,17.58809,2,0.04665,0.41417,0.27997
18,0.01819,16.67413,1,0.22364,0.39753,0.17319
18,0.01819,16.67413,2,0.02368,0.40369,0.30837
19,0.25216,17.58809,1,0.22365,0.36991,0.17318
19,0.25216,17.58809,2,0.04665,0.41417,0.27997
20,0.01819,16.67413,1,0.22364,0.39753,0.17319
20,0.01819,16.67413,2,0.02368,0.40369,0.30837
