particle,elasticity,weight,frame,x,y,z
1,0.17365,19.66216,1,0.23142,-0.35689,0.27904
1,0.17365,19.66216,2,0.39006,-0.36432,0.39426
2,0.88095,19.18104,1,0.29682,-0.35626,0.27483
2,0.88095,19.18104,2,0.37706,-0.32199,0.29036
3,0.43278,19.2438,1,0.23949,-0.3366,0.25502
3,0.43278,19.2438,2,0.38527,-0.36214,0.23733
4,0.33172,21.0142,1,0.23142,-0.35689,0.27904
4,0.33172,21.0142,2,0.34336,-0.36917,0.2895
5,0.33172,21.0142,1,0.23142,-0.35689,0.27904
5,0.33172,21.0142,2,0.34336,-0.36917,0.2895
6,0.84334,18.76713,1,0.29682,-0.35626,0.27483
6,0.84334,18.76713,2,0.38673,-0.29621,0.24389
7,0.84334,18.76713,1,0.29682,-0.35626,0.27483
7,0.84334,18.76713,2,0.38673,-0.29621,0.24389
8,0.24186,21.27607,1,0.23142,-0.35689,0.27904
8,0.24186,21.27607,2,0.3883,-0.36511,0.34767
9,0.1289,20.91455,1,0.22946,-0.32027,0.29242
9,0.1289,20.91455,2,0.35309,-0.37671,0.29457
10,0.17365,19.66216,1,0.23142,-0.35689,0.27904
10,0.17365,19.66216,2,0.39006,-0.36432,0.39426
11,0.43278,19.2438,1,0.23949,-0.3366,0.25502
11,0.43278,19.2438,2,0.38527,-0.36214,0.23733
12,0.15283,18.04666,1,0.23142,-0.35689,0.27904
12,0.15283,18.04666,2,0.28269,-0.37774,0.33642
13,0.88095,19.18104,1,0.29682,-0.35626,0.27483
13,0.88095,19.18104,2,0.37706,-0.32199,0.29036
14,0.33172,21.0142,1,0.23142,-0.35689,0.27904
14,0.33172,21.0142,2,0.34336,-0.36917,0.2895
15,0.24186,21.27607,1,0.23142,-0.35689,0.27904
15,0.24186,21.27607,2,0.3883,-0.36511,0.34767
16,0.01114,20.65002,1,0.22946,-0.32027,0.29242
16,0.01114,20.65002,2,0.3913,-0.39378,0.37033
17,0.88095,19.18104,1,0.29682,-0.35626,0.27483
17,0.88095,19.18104,2,0.37706,-0.32199,0.29036
18,0.33213,18.17813,1,0.23949,-0.3366,0.25502
18,0.33213,18.17813,2,0.38086,-0.36012,0.27065
19,0.24186,21.27607,1,0.23142,-0.35689,0.27904
19,0.24186,21.27607,2,0.3883,-0.36511,0.34767
20,0.15283,18.04666,1,0.23142,-0.35689,0.27904
20,0.15283,18.04666,2,0.28269,-0.37774,0.33642
