particle,elasticity,weight,frame,x,y,z
1,0.32142,10.62295,1,0.19226,0.0094,0.4697
2,0.82716,6.77229,1,0.06796,0.0171,0.43008
3,0.32142,10.62295,1,0.19226,0.0094,0.4697
4,0.32142,10.62295,1,0.19226,0.0094,0.4697
5,0.32142,10.62295,1,0.19226,0.0094,0.4697
6,0.32142,10.62295,1,0.19226,0.0094,0.4697
7,0.8842,9.37744,1,0.21116,0.02063,0.52922
8,0.32142,10.62295,1,0.19226,0.0094,0.4697
9,0.32142,10.62295,1,0.19226,0.0094,0.4697
10,0.02428,4.90615,1,0.2898,0.05799,0.36008
11,0.53175,10.42315,1,0.15653,0.09313,0.48743
12,0.8842,9.37744,1,0.21116,0.02063,0.52922
13,0.32326,10.165,1,0.24252,0.04341,0.45926
14,0.32326,10.165,1,0.24252,0.04341,0.45926
15,0.32142,10.62295,1,0.19226,0.0094,0.4697
16,0.02428,4.90615,1,0.2898,0.05799,0.36008
17,0.53175,10.42315,1,0.15653,0.09313,0.48743
18,0.32142,10.62295,1,0.19226,0.0094,0.4697
19,0.32142,10.62295,1,0.19226,0.0094,0.4697
20,0.53175,10.42315,1,0.15653,0.09313,0.48743
