particle,elasticity,weight,frame,x,y,z
1,0.66524,14.86876,1,-0.00612,0.38099,0.3957
1,0.66524,14.86876,2,0.1216,0.23765,0.39342
2,0.84144,17.0106,1,0.10524,0.37789,0.50472
2,0.84144,17.0106,2,0.08173,0.33561,0.5481
3,0.02938,19.6482,1,0.07746,0.30013,0.39472
3,0.02938,19.6482,2,0.01633,0.38959,0.44902
4,0.32183,19.87719,1,0.06792,0.31615,0.4135
4,0.32183,19.87719,2,0.04977,0.36583,0.42535
5,0.03148,19.95403,1,0.07746,0.30013,0.39472
5,0.03148,19.95403,2,0.05811,0.39595,0.53288
6,0.8409,14.37253,1,0.10805,0.39429,0.34996
6,0.8409,14.37253,2,0.13307,0.3801,0.54222
7,0.32183,19.87719,1,0.06792,0.31615,0.4135
7,0.32183,19.87719,2,0.04977,0.36583,0.42535
8,0.02938,19.6482,1,0.07746,0.30013,0.39472
8,0.02938,19.6482,2,0.01633,0.38959,0.44902
9,0.02938,19.6482,1,0.07746,0.30013,0.39472
9,0.02938,19.6482,2,0.01633,0.38959,0.44902
10,0.03148,19.95403,1,0.07746,0.30013,0.39472
10,0.03148,19.95403,2,0.05811,0.39595,0.53288
11,0.1639,19.2537,1,0.11813,0.37998,0.46566
11,0.1639,19.2537,2,0.10304,0.38328,0.53426
12,0.1639,19.2537,1,0.11813,0.37998,0.46566
12,0.1639,19.2537,2,0.10304,0.38328,0.53426
13,0.38467,21.08894,1,0.06792,0.31615,0.4135
13,0.38467,21.08894,2,0.07359,0.39272,0.51988
14,0.02938,19.6482,1,0.07746,0.30013,0.39472
14,0.02938,19.6482,2,0.01633,0.38959,0.44902
15,0.03148,19.95403,1,0.07746,0.30013,0.39472
15,0.03148,19.95403,2,0.05811,0.39595,0.53288
16,0.38467,21.08894,1,0.06792,0.31615,0.4135
16,0.38467,21.08894,2,0.07359,0.39272,0.51988
17,0.38467,21.08894,1,0.06792,0.31615,0.4135
17,0.38467,21.08894,2,0.07359,0.39272,0.51988
18,0.03148,19.95403,1,0.07746,0.30013,0.39472
18,0.03148,19.95403,2,0.05811,0.39595,0.53288
19,0.38467,21.08894,1,0.06792,0.31615,0.4135
19,0.38467,21.08894,2,0.07359,0.39272,0.51988
20,0.66524,14.86876,1,-0.00612,0.38099,0.3957
20,0.66524,14.86876,2,0.1216,0.23765,0.39342
