particle,elasticity,weight,frame,x,y,z
1,0.05752,16.91566,1,0.02718,-0.35735,0.88244
1,0.05752,16.91566,2,0.09386,-0.39654,0.90427
2,0.20713,17.71218,1,-0.15356,-0.3012,0.8623
2,0.20713,17.71218,2,-0.01564,-0.3851,0.8595
3,0.20713,17.71218,1,-0.15356,-0.3012,0.8623
3,0.20713,17.71218,2,-0.01564,-0.3851,0.8595
4,0.65152,17.3329,1,0.01315,-0.33672,0.83475
4,0.65152,17.3329,2,0.15189,-0.37608,0.7831
5,0.67834,15.80207,1,0.01276,-0.3363,0.83246
5,0.67834,15.80207,2,0.14604,-0.34305,0.76884
6,0.05752,16.91566,1,0.02718,-0.35735,0.88244
6,0.05752,16.91566,2,0.09386,-0.39654,0.90427
7,0.20713,17.71218,1,-0.15356,-0.3012,0.8623
7,0.20713,17.71218,2,-0.01564,-0.3851,0.8595
8,0.05752,16.91566,1,0.02718,-0.35735,0.88244
8,0.05752,16.91566,2,0.09386,-0.39654,0.90427
9,0.05752,16.91566,1,0.02718,-0.35735,0.88244
9,0.05752,16.91566,2,0.09386,-0.39654,0.90427
10,0.82195,15.41689,1,-0.02463,-0.34607,0.79335
10,0.82195,15.41689,2,-0.03099,-0.38464,0.73059
11,0.20713,17.71218,1,-0.15356,-0.3012,0.8623
11,0.20713,17.71218,2,-0.01564,-0.3851,0.8595
12,0.05752,16.91566,1,0.02718,-0.35735,0.88244
12,0.05752,16.91566,2,0.09386,-0.39654,0.90427
13,0.3084,13.85115,1,-0.09747,-0.37402,0.86052
13,0.3084,13.85115,2,0.10902,-0.38397,0.72344
14,0.38947,16.90227,1,0.00567,-0.33456,0.86923
14,0.38947,16.90227,2,0.05551,-0.37802,0.74844
15,0.05752,16.91566,1,0.02718,-0.35735,0.88244
15,0.05752,16.91566,2,0.09386,-0.39654,0.90427
16,0.05752,16.91566,1,0.02718,-0.35735,0.88244
16,0.05752,16.91566,2,0.09386,-0.39654,0.90427
17,0.38947,16.90227,1,0.00567,-0.33456,0.86923
17,0.38947,16.90227,2,0.05551,-0.37802,0.74844
18,0.05752,16.91566,1,0.02718,-0.35735,0.88244
18,0.05752,16.91566,2,0.09386,-0.39654,0.90427
19,0.05752,16.91566,1,0.02718,-0.35735,0.88244
19,0.05752,16.91566,2,0.09386,-0.39654,0.90427
20,0.05752,16.91566,1,0.02718,-0.35735,0.88244
20,0.05752,16.91566,2,0.09386,-0.39654,0.90427
