particle,elasticity,weight,frame,x,y,z
1,0.85117,19.75803,1,0.14925,0.26229,0.46335
1,0.85117,19.75803,2,0.14715,0.28414,0.3824
2,0.63702,16.05573,1,0.1914,0.18583,0.5183
2,0.63702,16.05573,2,0.00915,0.33657,0.34571
3,0.85117,19.75803,1,0.14925,0.26229,0.46335
3,0.85117,19.75803,2,0.14715,0.28414,0.3824
4,0.10841,20.17082,1,0.19093,0.27577,0.53989
4,0.10841,20.17082,2,0.14305,0.3272,0.4688
5,0.90084,18.3783,1,0.13898,0.26923,0.59345
5,0.90084,18.3783,2,0.03434,0.34001,0.36464
6,0.10703,20.95954,1,0.19093,0.27577,0.53989
6,0.10703,20.95954,2,0.12335,0.30064,0.37454
7,0.10703,20.95954,1,0.19093,0.27577,0.53989
7,0.10703,20.95954,2,0.12335,0.30064,0.37454
8,0.10703,20.95954,1,0.19093,0.27577,0.53989
8,0.10703,20.95954,2,0.12335,0.30064,0.37454
9,0.10841,20.17082,1,0.19093,0.27577,0.53989
9,0.10841,20.17082,2,0.14305,0.3272,0.4688
10,0.10841,20.17082,1,0.19093,0.27577,0.53989
10,0.10841,20.17082,2,0.14305,0.3272,0.4688
11,0.10703,20.95954,1,0.19093,0.27577,0.53989
11,0.10703,20.95954,2,0.12335,0.30064,0.37454
12,0.12407,20.76712,1,0.19093,0.27577,0.53989
12,0.12407,20.76712,2,0.07419,0.32919,0.3817
13,0.01601,19.49854,1,0.19093,0.27577,0.53989
13,0.01601,19.49854,2,0.07479,0.3835,0.3846
14,0.10703,20.95954,1,0.19093,0.27577,0.53989
14,0.10703,20.95954,2,0.12335,0.30064,0.37454
15,0.12407,20.76712,1,0.19093,0.27577,0.53989
15,0.12407,20.76712,2,0.07419,0.32919,0.3817
16,0.79638,14.97118,1,0.13898,0.26923,0.59345
16,0.79638,14.97118,2,0.11369,0.38803,0.33054
17,0.10336,19.16524,1,0.19093,0.27577,0.53989
17,0.10336,19.16524,2,0.14681,0.30611,0.33109
18,0.63702,16.05573,1,0.1914,0.18583,0.5183
18,0.63702,16.05573,2,0.00915,0.33657,0.34571
19,0.85117,19.75803,1,0.14925,0.26229,0.46335
19,0.85117,19.75803,2,0.14715,0.28414,0.3824
20,0.04065,20.15941,1,0.19093,0.27577,0.53989
20,0.04065,20.15941,2,0.16598,0.3168,0.37484
