particle,elasticity,weight,frame,x,y,z
1,0.09312,16.21315,1,-0.06466,0.17309,0.87977
1,0.09312,16.21315,2,0.06252,-0.03647,0.78522
2,0.09312,16.21315,1,-0.06466,0.17309,0.87977
2,0.09312,16.21315,2,0.06252,-0.03647,0.78522
3,0.22486,18.52486,1,-0.06475,0.04204,0.88366
3,0.22486,18.52486,2,0.01797,-0.04027,0.82012
4,0.22486,18.52486,1,-0.06475,0.04204,0.88366
4,0.22486,18.52486,2,0.01797,-0.04027,0.82012
5,0.22486,18.52486,1,-0.06475,0.04204,0.88366
5,0.22486,18.52486,2,0.01797,-0.04027,0.82012
6,0.22486,18.52486,1,-0.06475,0.04204,0.88366
6,0.22486,18.52486,2,0.01797,-0.04027,0.82012
7,0.10381,12.18188,1,-0.02311,0.10087,0.88844
7,0.10381,12.18188,2,-0.01462,-0.09304,0.76295
8,0.22486,18.52486,1,-0.06475,0.04204,0.88366
8,0.22486,18.52486,2,0.01797,-0.04027,0.82012
9,0.22486,18.52486,1,-0.06475,0.04204,0.88366
9,0.22486,18.52486,2,0.01797,-0.04027,0.82012
10,0.18513,17.95371,1,-0.02428,0.10249,0.8804
10,0.18513,17.95371,2,0.15126,-0.00324,0.90626
11,0.22486,18.52486,1,-0.06475,0.04204,0.88366
11,0.22486,18.52486,2,0.01797,-0.04027,0.82012
12,0.22486,18.52486,1,-0.06475,0.04204,0.88366
12,0.22486,18.52486,2,0.01797,-0.04027,0.82012
13,0.50292,14.97482,1,-0.06476,0.04205,0.86096
13,0.50292,14.97482,2,-0.00142,0.04259,0.81883
14,0.9484,18.22208,1,-0.04914,0.10796,0.80618
14,0.9484,18.22208,2,0.07341,-0.08445,0.66971
15,0.50292,14.97482,1,-0.06476,0.04205,0.86096
15,0.50292,14.97482,2,-0.00142,0.04259,0.81883
16,0.22486,18.52486,1,-0.06475,0.04204,0.88366
16,0.22486,18.52486,2,0.01797,-0.04027,0.82012
17,0.22486,18.52486,1,-0.06475,0.04204,0.88366
17,0.22486,18.52486,2,0.01797,-0.04027,0.82012
18,0.22486,18.52486,1,-0.06475,0.04204,0.88366
18,0.22486,18.52486,2,0.01797,-0.04027,0.82012
19,0.22486,18.52486,1,-0.06475,0.04204,0.88366
19,0.22486,18.52486,2,0.01797,-0.04027,0.82012
20,0.9484,18.22208,1,-0.04914,0.10796,0.80618
20,0.9484,18.22208,2,0.07341,-0.08445,0.66971
