particle,elasticity,weight,frame,x,y,z
1,0.30274,16.54713,1,0.24358,0.36381,0.52395
1,0.30274,16.54713,2,0.11639,0.30396,0.81553
2,0.57524,20.21932,1,0.216,0.32096,0.6583
2,0.57524,20.21932,2,0.00526,0.33433,0.82645
3,0.30274,16.54713,1,0.24358,0.36381,0.52395
3,0.30274,16.54713,2,0.11639,0.30396,0.81553
4,0.51168,19.62971,1,0.216,0.32096,0.6583
4,0.51168,19.62971,2,0.10391,0.35154,0.80045
5,0.30274,16.54713,1,0.24358,0.36381,0.52395
5,0.30274,16.54713,2,0.11639,0.30396,0.81553
6,0.57524,20.21932,1,0.216,0.32096,0.6583
6,0.57524,20.21932,2,0.00526,0.33433,0.82645
7,0.30574,18.25759,1,0.1195,0.25977,0.6306
7,0.30574,18.25759,2,-0.00416,0.29903,0.82612
8,0.57524,20.21932,1,0.216,0.32096,0.6583
8,0.57524,20.21932,2,0.00526,0.33433,0.82645
9,0.57524,20.21932,1,0.216,0.32096,0.6583
9,0.57524,20.21932,2,0.00526,0.33433,0.82645
10,0.57524,20.21932,1,0.216,0.32096,0.6583
10,0.57524,20.21932,2,0.00526,0.33433,0.82645
11,0.30574,18.25759,1,0.1195,0.25977,0.6306
11,0.30574,18.25759,2,-0.00416,0.29903,0.82612
12,0.57524,20.21932,1,0.216,0.32096,0.6583
12,0.57524,20.21932,2,0.00526,0.33433,0.82645
13,0.57524,20.21932,1,0.216,0.32096,0.6583
13,0.57524,20.21932,2,0.00526,0.33433,0.82645
14,0.12994,16.54423,1,0.24872,0.36342,0.61538
14,0.12994,16.54423,2,0.16378,0.37983,0.84585
15,0.30574,18.25759,1,0.1195,0.25977,0.6306
15,0.30574,18.25759,2,-0.00416,0.29903,0.82612
16,0.64041,19.55975,1,0.216,0.32096,0.6583
16,0.64041,19.55975,2,0.08067,0.3567,0.89467
17,0.30574,18.25759,1,0.1195,0.25977,0.6306
17,0.30574,18.25759,2,-0.00416,0.29903,0.82612
18,0.51168,19.62971,1,0.216,0.32096,0.6583
18,0.51168,19.62971,2,0.10391,0.35154,0.80045
19,0.30574,18.25759,1,0.1195,0.25977,0.6306
19,0.30574,18.25759,2,-0.00416,0.29903,0.82612
20,0.999,18.32489,1,0.23142,0.3072,0.65784
20,0.999,18.32489,2,-0.00226,0.28069,0.8999
