particle,elasticity,weight,frame,x,y,z
1,0.7908,4.15093,1,0.09478,0.34787,0.49641
2,0.10266,4.15093,1,0.09478,0.34787,0.49641
3,0.47108,4.15093,1,0.09478,0.34787,0.49641
4,0.95185,4.15093,1,0.09478,0.34787,0.49641
5,0.41879,4.15093,1,0.09478,0.34787,0.49641
6,0.96435,4.15093,1,0.09478,0.34787,0.49641
7,0.21166,4.15093,1,0.09478,0.34787,0.49641
8,0.11776,4.15093,1,0.09478,0.34787,0.49641
9,0.20348,4.15093,1,0.09478,0.34787,0.49641
10,0.78197,4.15093,1,0.09478,0.34787,0.49641
11,0.24416,4.15093,1,0.09478,0.34787,0.49641
12,0.01507,4.15093,1,0.09478,0.34787,0.49641
13,0.3606,4.15093,1,0.09478,0.34787,0.49641
14,0.21668,4.15093,1,0.09478,0.34787,0.49641
15,0.88642,4.15093,1,0.09478,0.34787,0.49641
16,0.98419,4.15093,1,0.09478,0.34787,0.49641
17,0.90198,4.15093,1,0.09478,0.34787,0.49641
18,0.208,4.15093,1,0.09478,0.34787,0.49641
19,0.85778,4.15093,1,0.09478,0.34787,0.49641
20,0.752,4.15093,1,0.09478,0.34787,0.49641
