particle,elasticity,weight,frame,x,y,z
1,0.33188,4.15093,1,0.10258,-0.40917,0.04644
2,0.91394,4.15093,1,0.09162,-0.34553,0.05358
3,0.66376,4.15093,1,0.09688,-0.37577,0.04887
4,0.15033,4.15093,1,0.11504,-0.39855,0.04591
5,0.45164,4.15093,1,0.1002,-0.3976,0.04894
6,0.03923,4.15093,1,0.11806,-0.40707,0.04362
7,0.0001,4.15093,1,0.11905,-0.41026,0.04276
8,0.55817,4.15093,1,0.099,-0.38844,0.04643
9,0.45957,4.15093,1,0.10006,-0.39669,0.04899
10,0.41124,4.15093,1,0.10092,-0.40225,0.04864
11,0.18591,4.15093,1,0.11115,-0.4028,0.04444
12,0.58941,4.15093,1,0.09837,-0.3847,0.04716
13,0.96771,4.15093,1,0.08923,-0.33788,0.04716
14,0.85868,4.15093,1,0.09295,-0.35222,0.05315
15,0.38897,4.15093,1,0.10105,-0.40467,0.04723
16,0.93937,4.15093,1,0.09097,-0.34246,0.05368
17,0.67711,4.15093,1,0.09661,-0.37416,0.04918
18,0.72166,4.15093,1,0.09572,-0.36879,0.05018
19,0.95248,4.15093,1,0.09064,-0.34087,0.05372
20,0.34782,4.15093,1,0.10221,-0.40785,0.04699
