particle,elasticity,weight,frame,x,y,z
1,0.44317,4.15093,1,-0.08712,-0.37232,0.0997
2,0.48097,4.15093,1,-0.08712,-0.37232,0.0997
3,0.87974,4.15093,1,-0.08712,-0.37232,0.0997
4,0.52354,4.15093,1,-0.08712,-0.37232,0.0997
5,0.11861,4.15093,1,-0.08712,-0.37232,0.0997
6,0.3302,4.15093,1,-0.08712,-0.37232,0.0997
7,0.80685,4.15093,1,-0.08712,-0.37232,0.0997
8,0.369,4.15093,1,-0.08712,-0.37232,0.0997
9,0.4001,4.15093,1,-0.08712,-0.37232,0.0997
10,0.75342,4.15093,1,-0.08712,-0.37232,0.0997
11,0.34366,4.15093,1,-0.08712,-0.37232,0.0997
12,0.38816,4.15093,1,-0.08712,-0.37232,0.0997
13,0.2318,4.15093,1,-0.08712,-0.37232,0.0997
14,0.9155,4.15093,1,-0.08712,-0.37232,0.0997
15,0.72254,4.15093,1,-0.08712,-0.37232,0.0997
16,0.96069,4.15093,1,-0.08712,-0.37232,0.0997
17,0.85887,4.15093,1,-0.08712,-0.37232,0.0997
18,0.2684,4.15093,1,-0.08712,-0.37232,0.0997
19,0.94935,4.15093,1,-0.08712,-0.37232,0.0997
20,0.00199,4.15093,1,-0.08712,-0.37232,0.0997
