particle,elasticity,weight,frame,x,y,z
1,0.98259,4.15093,1,0.22259,-0.06342,0.22725
2,0.47083,4.15093,1,0.22259,-0.06342,0.22725
3,0.34443,4.15093,1,0.22259,-0.06342,0.22725
4,0.78614,4.15093,1,0.22259,-0.06342,0.22725
5,0.74004,4.15093,1,0.22259,-0.06342,0.22725
6,0.87462,4.15093,1,0.22259,-0.06342,0.22725
7,0.33612,4.15093,1,0.22259,-0.06342,0.22725
8,0.14159,4.15093,1,0.22259,-0.06342,0.22725
9,0.26278,4.15093,1,0.22259,-0.06342,0.22725
10,0.62259,4.15093,1,0.22259,-0.06342,0.22725
11,0.95559,4.15093,1,0.22259,-0.06342,0.22725
12,0.80996,4.15093,1,0.22259,-0.06342,0.22725
13,0.30873,4.15093,1,0.22259,-0.06342,0.22725
14,0.71964,4.15093,1,0.22259,-0.06342,0.22725
15,0.46368,4.15093,1,0.22259,-0.06342,0.22725
16,0.40521,4.15093,1,0.22259,-0.06342,0.22725
17,0.20498,4.15093,1,0.22259,-0.06342,0.22725
18,0.13037,4.15093,1,0.22259,-0.06342,0.22725
19,0.01564,4.15093,1,0.22259,-0.06342,0.22725
20,0.63654,4.15093,1,0.22259,-0.06342,0.22725
