particle,elasticity,weight,frame,x,y,z
1,0.6866,4.15093,1,0.35956,0.13655,0.75219
2,0.80993,4.15093,1,0.35956,0.13655,0.75219
3,0.23296,4.15093,1,0.35956,0.13655,0.75219
4,0.28072,4.15093,1,0.35956,0.13655,0.75219
5,0.07057,4.15093,1,0.35956,0.13655,0.75219
6,0.80637,4.15093,1,0.35956,0.13655,0.75219
7,0.5497,4.15093,1,0.35956,0.13655,0.75219
8,0.70137,4.15093,1,0.35956,0.13655,0.75219
9,0.86639,4.15093,1,0.35956,0.13655,0.75219
10,0.38262,4.15093,1,0.35956,0.13655,0.75219
11,0.71017,4.15093,1,0.35956,0.13655,0.75219
12,0.89658,4.15093,1,0.35956,0.13655,0.75219
13,0.07525,4.15093,1,0.35956,0.13655,0.75219
14,0.1148,4.15093,1,0.35956,0.13655,0.75219
15,0.42454,4.15093,1,0.35956,0.13655,0.75219
16,0.77515,4.15093,1,0.35956,0.13655,0.75219
17,0.55169,4.15093,1,0.35956,0.13655,0.75219
18,0.03749,4.15093,1,0.35956,0.13655,0.75219
19,0.18753,4.15093,1,0.35956,0.13655,0.75219
20,0.07688,4.15093,1,0.35956,0.13655,0.75219
