particle,elasticity,weight,frame,x,y,z
1,0.80612,8.20438,1,-0.14062,0.03019,0.03269
1,0.80612,8.20438,2,-0.20683,-0.06793,0.13063
2,0.66916,8.20438,1,-0.14062,0.03019,0.03269
2,0.66916,8.20438,2,-0.20622,-0.0704,0.10787
3,0.39967,8.20438,1,-0.14062,0.03019,0.03269
3,0.39967,8.20438,2,-0.20439,-0.0733,0.06872
4,0.5778,8.20438,1,-0.14062,0.03019,0.03269
4,0.5778,8.20438,2,-0.20574,-0.07211,0.09206
5,0.13382,8.20438,1,-0.14062,0.03019,0.03269
5,0.13382,8.20438,2,-0.20023,-0.07314,0.04116
6,0.03199,8.20438,1,-0.14062,0.03019,0.03269
6,0.03199,8.20438,2,-0.1987,-0.07282,0.03051
7,0.57931,8.20438,1,-0.14062,0.03019,0.03269
7,0.57931,8.20438,2,-0.20575,-0.07208,0.09232
8,0.7045,8.20438,1,-0.14062,0.03019,0.03269
8,0.7045,8.20438,2,-0.20641,-0.0697,0.11405
9,0.45336,8.20438,1,-0.14062,0.03019,0.03269
9,0.45336,8.20438,2,-0.20493,-0.07317,0.07497
10,0.54824,8.20438,1,-0.14062,0.03019,0.03269
10,0.54824,8.20438,2,-0.20558,-0.07263,0.087
11,0.01052,8.20438,1,-0.14062,0.03019,0.03269
11,0.01052,8.20438,2,-0.19839,-0.07247,0.02923
12,0.39665,8.20438,1,-0.14062,0.03019,0.03269
12,0.39665,8.20438,2,-0.20436,-0.07331,0.06837
13,0.28422,8.20438,1,-0.14062,0.03019,0.03269
13,0.28422,8.20438,2,-0.20272,-0.07328,0.05671
14,0.55057,8.20438,1,-0.14062,0.03019,0.03269
14,0.55057,8.20438,2,-0.20559,-0.07259,0.0874
15,0.89148,8.20438,1,-0.14062,0.03019,0.03269
15,0.89148,8.20438,2,-0.20675,-0.06781,0.13885
16,0.14119,8.20438,1,-0.14062,0.03019,0.03269
16,0.14119,8.20438,2,-0.20035,-0.07316,0.04192
17,0.71693,8.20438,1,-0.14062,0.03019,0.03269
17,0.71693,8.20438,2,-0.20647,-0.06945,0.11624
18,0.55102,8.20438,1,-0.14062,0.03019,0.03269
18,0.55102,8.20438,2,-0.2056,-0.07258,0.08748
19,0.37227,8.20438,1,-0.14062,0.03019,0.03269
19,0.37227,8.20438,2,-0.20408,-0.07335,0.0656
20,0.94012,8.20438,1,-0.14062,0.03019,0.03269
20,0.94012,8.20438,2,-0.2067,-0.06774,0.14347
