particle,elasticity,weight,frame,x,y,z
1,0.48597,8.0819,1,0.30064,-0.41762,0.38623
1,0.48597,8.0819,2,0.19253,-0.37064,0.28003
2,0.3007,8.13768,1,0.30211,-0.42803,0.38393
2,0.3007,8.13768,2,0.19837,-0.37953,0.27869
3,0.45545,8.09192,1,0.30088,-0.41934,0.38585
3,0.45545,8.09192,2,0.19332,-0.3762,0.27881
4,0.7985,7.9605,1,0.29802,-0.39998,0.39003
4,0.7985,7.9605,2,0.18411,-0.31357,0.29237
5,0.03801,8.18266,1,0.30472,-0.43778,0.38168
5,0.03801,8.18266,2,0.21009,-0.40261,0.27236
6,0.28877,8.14086,1,0.3022,-0.4287,0.38379
6,0.28877,8.14086,2,0.19881,-0.38006,0.27859
7,0.44002,8.09686,1,0.30101,-0.42021,0.38566
7,0.44002,8.09686,2,0.19372,-0.37901,0.27819
8,0.7169,7.99552,1,0.29872,-0.40459,0.38904
8,0.7169,7.99552,2,0.18636,-0.32849,0.28917
9,0.4267,8.10105,1,0.30111,-0.42096,0.3855
9,0.4267,8.10105,2,0.19407,-0.38144,0.27766
10,0.74748,7.98267,1,0.29846,-0.40287,0.38941
10,0.74748,7.98267,2,0.18552,-0.3229,0.29037
11,0.66181,8.01783,1,0.29918,-0.40771,0.38837
11,0.66181,8.01783,2,0.18785,-0.33856,0.287
12,0.57218,8.05185,1,0.29993,-0.41276,0.38728
12,0.57218,8.05185,2,0.19026,-0.35492,0.28346
13,0.64956,8.02265,1,0.29929,-0.4084,0.38823
13,0.64956,8.02265,2,0.18818,-0.3408,0.28652
14,0.40459,8.10788,1,0.30129,-0.4222,0.38522
14,0.40459,8.10788,2,0.19464,-0.38546,0.27677
15,0.405,8.10776,1,0.30129,-0.42218,0.38523
15,0.405,8.10776,2,0.19463,-0.38539,0.27679
16,0.42713,8.10092,1,0.30111,-0.42093,0.3855
16,0.42713,8.10092,2,0.19406,-0.38136,0.27768
17,0.0911,8.17781,1,0.30414,-0.43683,0.38188
17,0.0911,8.17781,2,0.21,-0.38909,0.27496
18,0.42185,8.10257,1,0.30115,-0.42123,0.38544
18,0.42185,8.10257,2,0.19419,-0.38232,0.27746
19,0.56506,8.05443,1,0.29999,-0.41316,0.3872
19,0.56506,8.05443,2,0.19044,-0.35622,0.28317
20,0.9635,7.8825,1,0.29658,-0.39064,0.392
20,0.9635,7.8825,2,0.17949,-0.28337,0.29878
