particle,elasticity,weight,frame,x,y,z
1,0.27358,8.27601,1,0.32618,0.28355,0.76093
1,0.27358,8.27601,2,0.23056,0.36139,0.92249
2,0.54189,8.27601,1,0.32618,0.28355,0.76093
2,0.54189,8.27601,2,0.23056,0.36139,0.92249
3,0.5068,8.27601,1,0.32618,0.28355,0.76093
3,0.5068,8.27601,2,0.23056,0.36139,0.92249
4,0.3281,8.27601,1,0.32618,0.28355,0.76093
4,0.3281,8.27601,2,0.23056,0.36139,0.92249
5,0.13052,8.27601,1,0.32618,0.28355,0.76093
5,0.13052,8.27601,2,0.23056,0.36139,0.92249
6,0.82998,8.27601,1,0.32618,0.28355,0.76093
6,0.82998,8.27601,2,0.23056,0.36139,0.92249
7,0.66009,8.27601,1,0.32618,0.28355,0.76093
7,0.66009,8.27601,2,0.23056,0.36139,0.92249
8,0.94337,8.27601,1,0.32618,0.28355,0.76093
8,0.94337,8.27601,2,0.23056,0.36139,0.92249
9,0.98267,8.27601,1,0.32618,0.28355,0.76093
9,0.98267,8.27601,2,0.23056,0.36139,0.92249
10,0.29575,8.27601,1,0.32618,0.28355,0.76093
10,0.29575,8.27601,2,0.23056,0.36139,0.92249
11,0.65554,8.27601,1,0.32618,0.28355,0.76093
11,0.65554,8.27601,2,0.23056,0.36139,0.92249
12,0.56207,8.27601,1,0.32618,0.28355,0.76093
12,0.56207,8.27601,2,0.23056,0.36139,0.92249
13,0.23678,8.27601,1,0.32618,0.28355,0.76093
13,0.23678,8.27601,2,0.23056,0.36139,0.92249
14,0.12594,8.27601,1,0.32618,0.28355,0.76093
14,0.12594,8.27601,2,0.23056,0.36139,0.92249
15,0.85548,8.27601,1,0.32618,0.28355,0.76093
15,0.85548,8.27601,2,0.23056,0.36139,0.92249
16,0.017,8.27601,1,0.32618,0.28355,0.76093
16,0.017,8.27601,2,0.23056,0.36139,0.92249
17,0.50161,8.27601,1,0.32618,0.28355,0.76093
17,0.50161,8.27601,2,0.23056,0.36139,0.92249
18,0.07295,8.27601,1,0.32618,0.28355,0.76093
18,0.07295,8.27601,2,0.23056,0.36139,0.92249
19,0.34007,8.27601,1,0.32618,0.28355,0.76093
19,0.34007,8.27601,2,0.23056,0.36139,0.92249
20,0.67831,8.27601,1,0.32618,0.28355,0.76093
20,0.67831,8.27601,2,0.23056,0.36139,0.92249
