particle,elasticity,weight,frame,x,y,z
1,0.20759,4.15093,1,0.13468,-0.0545,0.4454
2,0.95973,4.15093,1,0.13468,-0.0545,0.4454
3,0.4138,4.15093,1,0.13468,-0.0545,0.4454
4,0.75293,4.15093,1,0.13468,-0.0545,0.4454
5,0.62771,4.15093,1,0.13468,-0.0545,0.4454
6,0.21746,4.15093,1,0.13468,-0.0545,0.4454
7,0.3134,4.15093,1,0.13468,-0.0545,0.4454
8,0.22457,4.15093,1,0.13468,-0.0545,0.4454
9,0.76506,4.15093,1,0.13468,-0.0545,0.4454
10,0.19628,4.15093,1,0.13468,-0.0545,0.4454
11,0.75052,4.15093,1,0.13468,-0.0545,0.4454
12,0.84084,4.15093,1,0.13468,-0.0545,0.4454
13,0.6769,4.15093,1,0.13468,-0.0545,0.4454
14,0.68212,4.15093,1,0.13468,-0.0545,0.4454
15,0.60188,4.15093,1,0.13468,-0.0545,0.4454
16,0.3366,4.15093,1,0.13468,-0.0545,0.4454
17,0.30541,4.15093,1,0.13468,-0.0545,0.4454
18,0.96223,4.15093,1,0.13468,-0.0545,0.4454
19,0.52414,4.15093,1,0.13468,-0.0545,0.4454
20,0.54335,4.15093,1,0.13468,-0.0545,0.4454
