particle,elasticity,weight,frame,x,y,z
1,0.36607,8.23029,1,-0.44367,0.38574,0.33445
1,0.36607,8.23029,2,-0.38814,0.39427,0.14752
2,0.58711,8.23379,1,-0.44007,0.38619,0.33527
2,0.58711,8.23379,2,-0.36427,0.375,0.1548
3,0.58897,8.23382,1,-0.44004,0.38619,0.33528
3,0.58897,8.23382,2,-0.36396,0.37488,0.1549
4,0.99911,8.23641,1,-0.43331,0.38709,0.33677
4,0.99911,8.23641,2,-0.3064,0.36416,0.1769
5,0.92383,8.23632,1,-0.43455,0.38692,0.3365
5,0.92383,8.23632,2,-0.30912,0.3668,0.15614
6,0.57526,8.23364,1,-0.44026,0.38616,0.33523
6,0.57526,8.23364,2,-0.36621,0.37572,0.15416
7,0.77422,8.23561,1,-0.437,0.38659,0.33596
7,0.77422,8.23561,2,-0.33394,0.36833,0.15608
8,0.93721,8.23634,1,-0.43433,0.38695,0.33655
8,0.93721,8.23634,2,-0.31624,0.36685,0.17367
9,0.40372,8.23099,1,-0.44306,0.38582,0.33459
9,0.40372,8.23099,2,-0.38466,0.3895,0.14984
10,0.82636,8.23594,1,-0.43615,0.3867,0.33615
10,0.82636,8.23594,2,-0.32533,0.36742,0.15615
11,0.46585,8.23205,1,-0.44205,0.38594,0.33482
11,0.46585,8.23205,2,-0.38056,0.38051,0.15366
12,0.73368,8.23531,1,-0.43767,0.3865,0.33581
12,0.73368,8.23531,2,-0.34059,0.36931,0.156
13,0.67456,8.23477,1,-0.43864,0.38637,0.33559
13,0.67456,8.23477,2,-0.3502,0.37116,0.15583
14,0.86336,8.23611,1,-0.43554,0.38678,0.33628
14,0.86336,8.23611,2,-0.31919,0.36702,0.15616
15,0.80488,8.23581,1,-0.4365,0.38665,0.33607
15,0.80488,8.23581,2,-0.32888,0.36775,0.15613
16,0.29751,8.22891,1,-0.44479,0.38561,0.3342
16,0.29751,8.22891,2,-0.38332,0.42792,0.13925
17,0.61045,8.23408,1,-0.43969,0.38624,0.33536
17,0.61045,8.23408,2,-0.36049,0.37373,0.15558
18,0.52261,8.23292,1,-0.44112,0.38606,0.33503
18,0.52261,8.23292,2,-0.37257,0.37662,0.15549
19,0.93852,8.23635,1,-0.43431,0.38695,0.33655
19,0.93852,8.23635,2,-0.31603,0.3668,0.17374
20,0.771,8.23559,1,-0.43706,0.38658,0.33595
20,0.771,8.23559,2,-0.33447,0.3684,0.15608
