particle,elasticity,weight,frame,x,y,z
1,0.27626,8.05833,1,-0.07623,0.39728,0.84642
1,0.27626,8.05833,2,-0.10004,0.34447,0.83089
2,0.72666,7.68033,1,-0.0695,0.35593,0.84637
2,0.72666,7.68033,2,-0.08323,0.24151,0.8308
3,0.75005,7.65594,1,-0.06915,0.35379,0.84637
3,0.75005,7.65594,2,-0.08237,0.23618,0.8308
4,0.15788,8.12988,1,-0.07826,0.4083,0.84635
4,0.15788,8.12988,2,-0.10513,0.37196,0.83071
5,0.51432,7.88022,1,-0.07265,0.37541,0.84637
5,0.51432,7.88022,2,-0.09111,0.28998,0.83078
6,0.97955,7.39169,1,-0.06575,0.33275,0.84638
6,0.97955,7.39169,2,-0.07387,0.18391,0.83081
7,0.50546,7.88773,1,-0.07279,0.37622,0.84638
7,0.50546,7.88773,2,-0.09144,0.292,0.8308
8,0.63051,7.77565,1,-0.07093,0.36475,0.84637
8,0.63051,7.77565,2,-0.0868,0.26345,0.83079
9,0.06413,8.18026,1,-0.08048,0.41737,0.84591
9,0.06413,8.18026,2,-0.11068,0.39458,0.82962
10,0.86112,7.53369,1,-0.0675,0.34361,0.84637
10,0.86112,7.53369,2,-0.07825,0.21087,0.8308
11,0.73526,7.67141,1,-0.06937,0.35514,0.84637
11,0.73526,7.67141,2,-0.08291,0.23955,0.8308
12,0.41926,7.95716,1,-0.07407,0.38414,0.84638
12,0.41926,7.95716,2,-0.09465,0.31171,0.83081
13,0.03705,8.19319,1,-0.08113,0.41999,0.84579
13,0.03705,8.19319,2,-0.11229,0.40113,0.82932
14,0.51098,7.88308,1,-0.0727,0.37572,0.84637
14,0.51098,7.88308,2,-0.09124,0.29074,0.83079
15,0.7881,7.61525,1,-0.06859,0.3503,0.84637
15,0.7881,7.61525,2,-0.08096,0.22751,0.8308
16,0.69729,7.71028,1,-0.06994,0.35863,0.84637
16,0.69729,7.71028,2,-0.08432,0.24821,0.83079
17,0.91396,7.47182,1,-0.06672,0.33876,0.84638
17,0.91396,7.47182,2,-0.0763,0.19884,0.8308
18,0.37945,7.98708,1,-0.07467,0.38779,0.84639
18,0.37945,7.98708,2,-0.09614,0.32082,0.83082
19,0.85154,7.54465,1,-0.06765,0.34448,0.84637
19,0.85154,7.54465,2,-0.07861,0.21305,0.8308
20,0.68599,7.72162,1,-0.0701,0.35966,0.84637
20,0.68599,7.72162,2,-0.08474,0.25079,0.83079
