particle,elasticity,weight,frame,x,y,z
1,0.10263,8.21023,1,0.2677,-0.11984,0.42427
1,0.10263,8.21023,2,0.24318,-0.22978,0.04939
2,0.49837,8.21023,1,0.2677,-0.11984,0.42427
2,0.49837,8.21023,2,0.24318,-0.22978,0.04939
3,0.19448,8.21023,1,0.2677,-0.11984,0.42427
3,0.19448,8.21023,2,0.24318,-0.22978,0.04939
4,0.87459,8.21023,1,0.2677,-0.11984,0.42427
4,0.87459,8.21023,2,0.24318,-0.22978,0.04939
5,0.59693,8.21023,1,0.2677,-0.11984,0.42427
5,0.59693,8.21023,2,0.24318,-0.22978,0.04939
6,0.03955,8.21023,1,0.2677,-0.11984,0.42427
6,0.03955,8.21023,2,0.24318,-0.22978,0.04939
7,0.50873,8.21023,1,0.2677,-0.11984,0.42427
7,0.50873,8.21023,2,0.24318,-0.22978,0.04939
8,0.65638,8.21023,1,0.2677,-0.11984,0.42427
8,0.65638,8.21023,2,0.24318,-0.22978,0.04939
9,0.87875,8.21023,1,0.2677,-0.11984,0.42427
9,0.87875,8.21023,2,0.24318,-0.22978,0.04939
10,0.13618,8.21023,1,0.2677,-0.11984,0.42427
10,0.13618,8.21023,2,0.24318,-0.22978,0.04939
11,0.29985,8.21023,1,0.2677,-0.11984,0.42427
11,0.29985,8.21023,2,0.24318,-0.22978,0.04939
12,0.93201,8.21023,1,0.2677,-0.11984,0.42427
12,0.93201,8.21023,2,0.24318,-0.22978,0.04939
13,0.67505,8.21023,1,0.2677,-0.11984,0.42427
13,0.67505,8.21023,2,0.24318,-0.22978,0.04939
14,0.68871,8.21023,1,0.2677,-0.11984,0.42427
14,0.68871,8.21023,2,0.24318,-0.22978,0.04939
15,0.84068,8.21023,1,0.2677,-0.11984,0.42427
15,0.84068,8.21023,2,0.24318,-0.22978,0.04939
16,0.88976,8.21023,1,0.2677,-0.11984,0.42427
16,0.88976,8.21023,2,0.24318,-0.22978,0.04939
17,0.75192,8.21023,1,0.2677,-0.11984,0.42427
17,0.75192,8.21023,2,0.24318,-0.22978,0.04939
18,0.79027,8.21023,1,0.2677,-0.11984,0.42427
18,0.79027,8.21023,2,0.24318,-0.22978,0.04939
19,0.78596,8.21023,1,0.2677,-0.11984,0.42427
19,0.78596,8.21023,2,0.24318,-0.22978,0.04939
20,0.21703,8.21023,1,0.2677,-0.11984,0.42427
20,0.21703,8.21023,2,0.24318,-0.22978,0.04939
