particle,elasticity,weight,frame,x,y,z
1,0.06739,4.15093,1,-0.44432,0.09377,0.21759
2,0.26549,4.15093,1,-0.44177,0.09399,0.2182
3,0.0504,4.15093,1,-0.44453,0.09375,0.21754
4,0.08382,4.15093,1,-0.44411,0.09378,0.21764
5,0.50317,4.15093,1,-0.4387,0.09428,0.21893
6,0.16124,4.15093,1,-0.44311,0.09387,0.21788
7,0.71314,4.15093,1,-0.43597,0.09455,0.21957
8,0.62888,4.15093,1,-0.43707,0.09444,0.21931
9,0.35631,4.15093,1,-0.4406,0.0941,0.21848
10,0.08432,4.15093,1,-0.4441,0.09378,0.21764
11,0.68489,4.15093,1,-0.43634,0.09451,0.21948
12,0.56187,4.15093,1,-0.43794,0.09435,0.21911
13,0.26534,4.15093,1,-0.44177,0.09399,0.2182
14,0.62351,4.15093,1,-0.43714,0.09443,0.2193
15,0.36453,4.15093,1,-0.44049,0.09411,0.2185
16,0.63554,4.15093,1,-0.43698,0.09445,0.21933
17,0.96031,4.15093,1,-0.43276,0.09489,0.22032
18,0.05756,4.15093,1,-0.44444,0.09376,0.21756
19,0.49329,4.15093,1,-0.43882,0.09426,0.2189
20,0.17935,4.15093,1,-0.44288,0.09389,0.21794
