particle,elasticity,weight,frame,x,y,z
1,0.74433,4.15093,1,0.05906,0.17963,0.02131
2,0.91521,4.15093,1,0.05937,0.18057,0.02792
3,0.18508,4.15093,1,0.05848,0.1757,-0.00223
4,0.68598,4.15093,1,0.05897,0.17928,0.01899
5,0.11742,4.15093,1,0.05846,0.17514,-0.00527
6,0.62773,4.15093,1,0.05888,0.17892,0.01664
7,0.99106,4.15093,1,0.05952,0.18095,0.03076
8,0.10152,4.15093,1,0.05845,0.17501,-0.00599
9,0.11057,4.15093,1,0.05846,0.17508,-0.00558
10,0.32585,4.15093,1,0.05856,0.17681,0.00396
11,0.81873,4.15093,1,0.05919,0.18006,0.02422
12,0.98733,4.15093,1,0.05951,0.18093,0.03062
13,0.77413,4.15093,1,0.05911,0.1798,0.02248
14,0.68177,4.15093,1,0.05896,0.17926,0.01882
15,0.56586,4.15093,1,0.0588,0.17852,0.01411
16,0.97668,4.15093,1,0.05949,0.18088,0.03023
17,0.09338,4.15093,1,0.05845,0.17494,-0.00636
18,0.41938,4.15093,1,0.05864,0.1775,0.00798
19,0.50834,4.15093,1,0.05873,0.17813,0.01172
20,0.68831,4.15093,1,0.05897,0.1793,0.01908
