particle,elasticity,weight,frame,x,y,z
1,0.13989,8.25211,1,0.40899,0.41877,0.85538
1,0.13989,8.25211,2,0.39793,0.38648,0.8394
2,0.00187,8.26841,1,0.42138,0.43096,0.8551
2,0.00187,8.26841,2,0.41841,0.41434,0.83922
3,0.68288,7.79473,1,0.3365,0.37494,0.85644
3,0.68288,7.79473,2,0.25825,0.28738,0.84006
4,0.40712,8.11052,1,0.37352,0.39592,0.85591
4,0.40712,8.11052,2,0.32966,0.33447,0.83975
5,0.18523,8.24003,1,0.40301,0.41472,0.85547
5,0.18523,8.24003,2,0.38643,0.37722,0.83946
6,0.43727,8.08415,1,0.36949,0.39349,0.85597
6,0.43727,8.08415,2,0.32189,0.329,0.83979
7,0.78367,7.63893,1,0.32288,0.36794,0.85663
7,0.78367,7.63893,2,0.23196,0.27185,0.84016
8,0.48429,8.03894,1,0.3632,0.38978,0.85606
8,0.48429,8.03894,2,0.30976,0.32062,0.83985
9,0.12661,8.2547,1,0.41075,0.41997,0.85535
9,0.12661,8.2547,2,0.4013,0.38923,0.83938
10,0.83244,7.55611,1,0.31628,0.36469,0.85671
10,0.83244,7.55611,2,0.21921,0.26467,0.8402
11,0.42379,8.09619,1,0.3713,0.39457,0.85595
11,0.42379,8.09619,2,0.32536,0.33144,0.83977
12,0.57542,7.93743,1,0.35097,0.3828,0.85624
12,0.57542,7.93743,2,0.28618,0.30493,0.83995
13,0.9838,7.26917,1,0.29574,0.35512,0.85699
13,0.9838,7.26917,2,0.17952,0.24373,0.84034
14,0.26837,8.20504,1,0.392,0.40748,0.85564
14,0.26837,8.20504,2,0.36524,0.3607,0.83958
15,0.01932,8.26628,1,0.42097,0.4295,0.85514
15,0.01932,8.26628,2,0.4187,0.41102,0.83924
16,0.16763,8.24531,1,0.40533,0.41628,0.85544
16,0.16763,8.24531,2,0.3909,0.3808,0.83944
17,0.63153,7.86598,1,0.34342,0.37864,0.85635
17,0.63153,7.86598,2,0.27161,0.29564,0.84001
18,0.58413,7.92678,1,0.3498,0.38214,0.85626
18,0.58413,7.92678,2,0.28392,0.30347,0.83996
19,0.31896,8.17574,1,0.38527,0.40318,0.85574
19,0.31896,8.17574,2,0.35229,0.35094,0.83965
20,0.27953,8.19909,1,0.39052,0.40652,0.85566
20,0.27953,8.19909,2,0.36239,0.35853,0.83959
