particle,elasticity,weight,frame,x,y,z
1,0.47288,8.2243,1,-0.43057,-0.42905,0.10035
1,0.47288,8.2243,2,-0.38349,-0.41869,0.03642
2,0.32478,8.22109,1,-0.43347,-0.42959,0.09986
2,0.32478,8.22109,2,-0.39341,-0.39667,0.04805
3,0.87691,8.22851,1,-0.42265,-0.42757,0.10167
3,0.87691,8.22851,2,-0.31752,-0.40204,0.06527
4,0.64909,8.22696,1,-0.42712,-0.42841,0.10093
4,0.64909,8.22696,2,-0.35581,-0.41153,0.05298
5,0.11114,8.21489,1,-0.43764,-0.43035,0.09914
5,0.11114,8.21489,2,-0.4152,-0.41516,0.03921
6,0.66547,8.22714,1,-0.4268,-0.42835,0.10098
6,0.66547,8.22714,2,-0.35309,-0.4108,0.05383
7,0.8409,8.22841,1,-0.42336,-0.4277,0.10156
7,0.8409,8.22841,2,-0.32365,-0.40345,0.06334
8,0.74033,8.22783,1,-0.42533,-0.42807,0.10123
8,0.74033,8.22783,2,-0.34061,-0.40756,0.05791
9,0.38441,8.22249,1,-0.4323,-0.42937,0.10006
9,0.38441,8.22249,2,-0.38583,-0.39488,0.05067
10,0.66966,8.22718,1,-0.42672,-0.42833,0.101
10,0.66966,8.22718,2,-0.35239,-0.41061,0.05406
11,0.56683,8.22587,1,-0.42873,-0.42871,0.10066
11,0.56683,8.22587,2,-0.36946,-0.41531,0.04907
12,0.62952,8.22672,1,-0.4275,-0.42848,0.10086
12,0.62952,8.22672,2,-0.35905,-0.41242,0.05196
13,0.69915,8.22748,1,-0.42614,-0.42823,0.10109
13,0.69915,8.22748,2,-0.34749,-0.40932,0.05567
14,0.84412,8.22842,1,-0.4233,-0.42769,0.10157
14,0.84412,8.22842,2,-0.3231,-0.40332,0.06351
15,0.66009,8.22708,1,-0.4269,-0.42837,0.10097
15,0.66009,8.22708,2,-0.35398,-0.41104,0.05355
16,0.28581,8.2201,1,-0.43423,-0.42973,0.09973
16,0.28581,8.2201,2,-0.39853,-0.39797,0.04654
17,0.82253,8.22833,1,-0.42372,-0.42777,0.1015
17,0.82253,8.22833,2,-0.32676,-0.40418,0.06235
18,0.29753,8.2204,1,-0.434,-0.42969,0.09977
18,0.29753,8.2204,2,-0.397,-0.39757,0.04699
19,0.44408,8.22375,1,-0.43113,-0.42916,0.10025
19,0.44408,8.22375,2,-0.3778,-0.39126,0.04663
20,0.2594,8.21939,1,-0.43474,-0.42982,0.09964
20,0.2594,8.21939,2,-0.402,-0.39888,0.04553
