particle,elasticity,weight,frame,x,y,z
1,0.66903,8.22462,1,0.21368,0.32878,0.1102
1,0.66903,8.22462,2,0.40592,0.34182,0.03654
2,0.65859,8.22462,1,0.21368,0.32878,0.1102
2,0.65859,8.22462,2,0.40641,0.34182,0.03609
3,0.24898,8.22462,1,0.21368,0.32878,0.1102
3,0.24898,8.22462,2,0.41941,0.34023,0.01683
4,0.7702,8.22462,1,0.21368,0.32878,0.1102
4,0.7702,8.22462,2,0.40097,0.34178,0.04069
5,0.51086,8.22462,1,0.21368,0.32878,0.1102
5,0.51086,8.22462,2,0.41331,0.34193,0.02973
6,0.0716,8.22462,1,0.21368,0.32878,0.1102
6,0.0716,8.22462,2,0.42451,0.33956,0.00957
7,0.71848,8.22462,1,0.21368,0.32878,0.1102
7,0.71848,8.22462,2,0.40359,0.34182,0.03864
8,0.51365,8.22462,1,0.21368,0.32878,0.1102
8,0.51365,8.22462,2,0.41318,0.34193,0.02985
9,0.1056,8.22462,1,0.21368,0.32878,0.1102
9,0.1056,8.22462,2,0.42352,0.33972,0.01088
10,0.15618,8.22462,1,0.21368,0.32878,0.1102
10,0.15618,8.22462,2,0.42206,0.33993,0.0129
11,0.52603,8.22462,1,0.21368,0.32878,0.1102
11,0.52603,8.22462,2,0.4126,0.34191,0.03039
12,0.5985,8.22462,1,0.21368,0.32878,0.1102
12,0.5985,8.22462,2,0.40922,0.34184,0.03351
13,0.28343,8.22462,1,0.21368,0.32878,0.1102
13,0.28343,8.22462,2,0.4234,0.34225,0.01967
14,0.44689,8.22462,1,0.21368,0.32878,0.1102
14,0.44689,8.22462,2,0.4163,0.34202,0.02696
15,0.31628,8.22462,1,0.21368,0.32878,0.1102
15,0.31628,8.22462,2,0.42208,0.3423,0.02111
16,0.49916,8.22462,1,0.21368,0.32878,0.1102
16,0.49916,8.22462,2,0.41386,0.34194,0.02922
17,0.56798,8.22462,1,0.21368,0.32878,0.1102
17,0.56798,8.22462,2,0.41064,0.34187,0.0322
18,0.93793,8.22462,1,0.21368,0.32878,0.1102
18,0.93793,8.22462,2,0.39223,0.34201,0.04715
19,0.46744,8.22462,1,0.21368,0.32878,0.1102
19,0.46744,8.22462,2,0.41534,0.34199,0.02785
20,0.87702,8.22462,1,0.21368,0.32878,0.1102
20,0.87702,8.22462,2,0.39546,0.34186,0.04485
