particle,elasticity,weight,frame,x,y,z
1,0.09285,4.15093,1,0.37147,0.15552,0.52779
2,0.22498,4.15093,1,0.37147,0.15552,0.52779
3,0.85109,4.15093,1,0.37147,0.15552,0.52779
4,0.65482,4.15093,1,0.37147,0.15552,0.52779
5,0.39438,4.15093,1,0.37147,0.15552,0.52779
6,0.31942,4.15093,1,0.37147,0.15552,0.52779
7,0.47009,4.15093,1,0.37147,0.15552,0.52779
8,0.2023,4.15093,1,0.37147,0.15552,0.52779
9,0.1748,4.15093,1,0.37147,0.15552,0.52779
10,0.80958,4.15093,1,0.37147,0.15552,0.52779
11,0.52277,4.15093,1,0.37147,0.15552,0.52779
12,0.15296,4.15093,1,0.37147,0.15552,0.52779
13,0.94295,4.15093,1,0.37147,0.15552,0.52779
14,0.40276,4.15093,1,0.37147,0.15552,0.52779
15,0.34821,4.15093,1,0.37147,0.15552,0.52779
16,0.83595,4.15093,1,0.37147,0.15552,0.52779
17,0.30328,4.15093,1,0.37147,0.15552,0.52779
18,0.8923,4.15093,1,0.37147,0.15552,0.52779
19,0.11426,4.15093,1,0.37147,0.15552,0.52779
20,0.48247,4.15093,1,0.37147,0.15552,0.52779
