particle,elasticity,weight,frame,x,y,z
1,0.30865,8.24039,1,0.25539,-0.07076,0.44345
1,0.30865,8.24039,2,0.33062,0.21999,0.54946
2,0.883,8.24039,1,0.25539,-0.07076,0.44345
2,0.883,8.24039,2,0.33062,0.21999,0.54946
3,0.62183,8.24039,1,0.25539,-0.07076,0.44345
3,0.62183,8.24039,2,0.33062,0.21999,0.54946
4,0.96517,8.24039,1,0.25539,-0.07076,0.44345
4,0.96517,8.24039,2,0.33062,0.21999,0.54946
5,0.21,8.24039,1,0.25539,-0.07076,0.44345
5,0.21,8.24039,2,0.33062,0.21999,0.54946
6,0.98818,8.24039,1,0.25539,-0.07076,0.44345
6,0.98818,8.24039,2,0.33062,0.21999,0.54946
7,0.22666,8.24039,1,0.25539,-0.07076,0.44345
7,0.22666,8.24039,2,0.33062,0.21999,0.54946
8,0.1491,8.24039,1,0.25539,-0.07076,0.44345
8,0.1491,8.24039,2,0.33062,0.21999,0.54946
9,0.06551,8.24039,1,0.25539,-0.07076,0.44345
9,0.06551,8.24039,2,0.33062,0.21999,0.54946
10,0.82559,8.24039,1,0.25539,-0.07076,0.44345
10,0.82559,8.24039,2,0.33062,0.21999,0.54946
11,0.4292,8.24039,1,0.25539,-0.07076,0.44345
11,0.4292,8.24039,2,0.33062,0.21999,0.54946
12,0.01035,8.24039,1,0.25539,-0.07076,0.44345
12,0.01035,8.24039,2,0.33062,0.21999,0.54946
13,0.89313,8.24039,1,0.25539,-0.07076,0.44345
13,0.89313,8.24039,2,0.33062,0.21999,0.54946
14,0.13261,8.24039,1,0.25539,-0.07076,0.44345
14,0.13261,8.24039,2,0.33062,0.21999,0.54946
15,0.87045,8.24039,1,0.25539,-0.07076,0.44345
15,0.87045,8.24039,2,0.33062,0.21999,0.54946
16,0.66378,8.24039,1,0.25539,-0.07076,0.44345
16,0.66378,8.24039,2,0.33062,0.21999,0.54946
17,0.66293,8.24039,1,0.25539,-0.07076,0.44345
17,0.66293,8.24039,2,0.33062,0.21999,0.54946
18,0.07586,8.24039,1,0.25539,-0.07076,0.44345
18,0.07586,8.24039,2,0.33062,0.21999,0.54946
19,0.958,8.24039,1,0.25539,-0.07076,0.44345
19,0.958,8.24039,2,0.33062,0.21999,0.54946
20,0.69205,8.24039,1,0.25539,-0.07076,0.44345
20,0.69205,8.24039,2,0.33062,0.21999,0.54946
