particle,elasticity,weight,frame,x,y,z
1,0.16938,4.15093,1,0.39577,-0.38197,0.86353
2,0.89996,4.15093,1,0.39577,-0.38197,0.86353
3,0.02501,4.15093,1,0.39577,-0.38197,0.86353
4,0.80315,4.15093,1,0.39577,-0.38197,0.86353
5,0.36331,4.15093,1,0.39577,-0.38197,0.86353
6,0.17679,4.15093,1,0.39577,-0.38197,0.86353
7,0.17001,4.15093,1,0.39577,-0.38197,0.86353
8,0.74047,4.15093,1,0.39577,-0.38197,0.86353
9,0.82785,4.15093,1,0.39577,-0.38197,0.86353
10,0.96094,4.15093,1,0.39577,-0.38197,0.86353
11,0.52972,4.15093,1,0.39577,-0.38197,0.86353
12,0.68546,4.15093,1,0.39577,-0.38197,0.86353
13,0.36876,4.15093,1,0.39577,-0.38197,0.86353
14,0.44979,4.15093,1,0.39577,-0.38197,0.86353
15,0.58412,4.15093,1,0.39577,-0.38197,0.86353
16,0.00272,4.15093,1,0.39577,-0.38197,0.86353
17,0.69976,4.15093,1,0.39577,-0.38197,0.86353
18,0.09578,4.15093,1,0.39577,-0.38197,0.86353
19,0.27958,4.15093,1,0.39577,-0.38197,0.86353
20,0.63074,4.15093,1,0.39577,-0.38197,0.86353
