particle,elasticity,weight,frame,x,y,z
1,0.8442,8.26666,1,-0.20385,-0.11201,0.42504
1,0.8442,8.26666,2,-0.38652,-0.00046,0.52965
2,0.91942,8.26666,1,-0.20385,-0.11201,0.42504
2,0.91942,8.26666,2,-0.38652,-0.00046,0.52965
3,0.03804,8.26666,1,-0.20385,-0.11201,0.42504
3,0.03804,8.26666,2,-0.38652,-0.00046,0.52965
4,0.1928,8.26666,1,-0.20385,-0.11201,0.42504
4,0.1928,8.26666,2,-0.38652,-0.00046,0.52965
5,0.63082,8.26666,1,-0.20385,-0.11201,0.42504
5,0.63082,8.26666,2,-0.38652,-0.00046,0.52965
6,0.02286,8.26666,1,-0.20385,-0.11201,0.42504
6,0.02286,8.26666,2,-0.38652,-0.00046,0.52965
7,0.6713,8.26666,1,-0.20385,-0.11201,0.42504
7,0.6713,8.26666,2,-0.38652,-0.00046,0.52965
8,0.27046,8.26666,1,-0.20385,-0.11201,0.42504
8,0.27046,8.26666,2,-0.38652,-0.00046,0.52965
9,0.05706,8.26666,1,-0.20385,-0.11201,0.42504
9,0.05706,8.26666,2,-0.38652,-0.00046,0.52965
10,0.89293,8.26666,1,-0.20385,-0.11201,0.42504
10,0.89293,8.26666,2,-0.38652,-0.00046,0.52965
11,0.10375,8.26666,1,-0.20385,-0.11201,0.42504
11,0.10375,8.26666,2,-0.38652,-0.00046,0.52965
12,0.69426,8.26666,1,-0.20385,-0.11201,0.42504
12,0.69426,8.26666,2,-0.38652,-0.00046,0.52965
13,0.50033,8.26666,1,-0.20385,-0.11201,0.42504
13,0.50033,8.26666,2,-0.38652,-0.00046,0.52965
14,0.07912,8.26666,1,-0.20385,-0.11201,0.42504
14,0.07912,8.26666,2,-0.38652,-0.00046,0.52965
15,0.73304,8.26666,1,-0.20385,-0.11201,0.42504
15,0.73304,8.26666,2,-0.38652,-0.00046,0.52965
16,0.01356,8.26666,1,-0.20385,-0.11201,0.42504
16,0.01356,8.26666,2,-0.38652,-0.00046,0.52965
17,0.37671,8.26666,1,-0.20385,-0.11201,0.42504
17,0.37671,8.26666,2,-0.38652,-0.00046,0.52965
18,0.57425,8.26666,1,-0.20385,-0.11201,0.42504
18,0.57425,8.26666,2,-0.38652,-0.00046,0.52965
19,0.79989,8.26666,1,-0.20385,-0.11201,0.42504
19,0.79989,8.26666,2,-0.38652,-0.00046,0.52965
20,0.56206,8.26666,1,-0.20385,-0.11201,0.42504
20,0.56206,8.26666,2,-0.38652,-0.00046,0.52965
