particle,elasticity,weight,frame,x,y,z
1,0.1893,4.15093,1,-0.05853,0.42484,0.3975
2,0.91088,4.15093,1,-0.05779,0.39739,0.39031
3,0.28323,4.15093,1,-0.05811,0.42383,0.39709
4,0.47019,4.15093,1,-0.05809,0.416,0.39509
5,0.73727,4.15093,1,-0.05795,0.40474,0.3922
6,0.39785,4.15093,1,-0.05811,0.41903,0.39587
7,0.81992,4.15093,1,-0.05788,0.40125,0.3913
8,0.55674,4.15093,1,-0.05806,0.41236,0.39416
9,0.88297,4.15093,1,-0.05782,0.39858,0.39062
10,0.86981,4.15093,1,-0.05783,0.39913,0.39076
11,0.57251,4.15093,1,-0.05805,0.41169,0.39398
12,0.17816,4.15093,1,-0.05853,0.42529,0.39762
13,0.30228,4.15093,1,-0.05811,0.42304,0.39689
14,0.26538,4.15093,1,-0.05851,0.42178,0.39671
15,0.71854,4.15093,1,-0.05796,0.40554,0.3924
16,0.22039,4.15093,1,-0.05852,0.42359,0.39718
17,0.09241,4.15093,1,-0.05853,0.42878,0.39853
18,0.40728,4.15093,1,-0.0581,0.41864,0.39576
19,0.72215,4.15093,1,-0.05796,0.40538,0.39237
20,0.76311,4.15093,1,-0.05793,0.40365,0.39192
