particle,elasticity,weight,frame,x,y,z
1,0.10645,4.15093,1,0.01052,-0.26973,0.12191
2,0.07043,4.15093,1,0.01052,-0.26973,0.12191
3,0.97484,4.15093,1,0.01052,-0.26973,0.12191
4,0.38057,4.15093,1,0.01052,-0.26973,0.12191
5,0.78518,4.15093,1,0.01052,-0.26973,0.12191
6,0.16938,4.15093,1,0.01052,-0.26973,0.12191
7,0.20719,4.15093,1,0.01052,-0.26973,0.12191
8,0.32508,4.15093,1,0.01052,-0.26973,0.12191
9,0.36242,4.15093,1,0.01052,-0.26973,0.12191
10,0.41258,4.15093,1,0.01052,-0.26973,0.12191
11,0.35676,4.15093,1,0.01052,-0.26973,0.12191
12,0.50283,4.15093,1,0.01052,-0.26973,0.12191
13,0.12476,4.15093,1,0.01052,-0.26973,0.12191
14,0.91919,4.15093,1,0.01052,-0.26973,0.12191
15,0.9335,4.15093,1,0.01052,-0.26973,0.12191
16,0.88916,4.15093,1,0.01052,-0.26973,0.12191
17,0.68345,4.15093,1,0.01052,-0.26973,0.12191
18,0.58035,4.15093,1,0.01052,-0.26973,0.12191
19,0.30709,4.15093,1,0.01052,-0.26973,0.12191
20,0.61387,4.15093,1,0.01052,-0.26973,0.12191
