particle,elasticity,weight,frame,x,y,z
1,0.87487,8.23439,1,0.16472,0.12421,0.45999
1,0.87487,8.23439,2,0.04104,0.44707,0.43379
2,0.55983,8.23439,1,0.16472,0.12421,0.45999
2,0.55983,8.23439,2,0.04104,0.44707,0.43379
3,0.86236,8.23439,1,0.16472,0.12421,0.45999
3,0.86236,8.23439,2,0.04104,0.44707,0.43379
4,0.6032,8.23439,1,0.16472,0.12421,0.45999
4,0.6032,8.23439,2,0.04104,0.44707,0.43379
5,0.38567,8.23439,1,0.16472,0.12421,0.45999
5,0.38567,8.23439,2,0.04104,0.44707,0.43379
6,0.14421,8.23439,1,0.16472,0.12421,0.45999
6,0.14421,8.23439,2,0.04104,0.44707,0.43379
7,0.6907,8.23439,1,0.16472,0.12421,0.45999
7,0.6907,8.23439,2,0.04104,0.44707,0.43379
8,0.74996,8.23439,1,0.16472,0.12421,0.45999
8,0.74996,8.23439,2,0.04104,0.44707,0.43379
9,0.75408,8.23439,1,0.16472,0.12421,0.45999
9,0.75408,8.23439,2,0.04104,0.44707,0.43379
10,0.2367,8.23439,1,0.16472,0.12421,0.45999
10,0.2367,8.23439,2,0.04104,0.44707,0.43379
11,0.03551,8.23439,1,0.16472,0.12421,0.45999
11,0.03551,8.23439,2,0.04104,0.44707,0.43379
12,0.73175,8.23439,1,0.16472,0.12421,0.45999
12,0.73175,8.23439,2,0.04104,0.44707,0.43379
13,0.23575,8.23439,1,0.16472,0.12421,0.45999
13,0.23575,8.23439,2,0.04104,0.44707,0.43379
14,0.35267,8.23439,1,0.16472,0.12421,0.45999
14,0.35267,8.23439,2,0.04104,0.44707,0.43379
15,0.1667,8.23439,1,0.16472,0.12421,0.45999
15,0.1667,8.23439,2,0.04104,0.44707,0.43379
16,0.20224,8.23439,1,0.16472,0.12421,0.45999
16,0.20224,8.23439,2,0.04104,0.44707,0.43379
17,0.2221,8.23439,1,0.16472,0.12421,0.45999
17,0.2221,8.23439,2,0.04104,0.44707,0.43379
18,0.43655,8.23439,1,0.16472,0.12421,0.45999
18,0.43655,8.23439,2,0.04104,0.44707,0.43379
19,0.75264,8.23439,1,0.16472,0.12421,0.45999
19,0.75264,8.23439,2,0.04104,0.44707,0.43379
20,0.74426,8.23439,1,0.16472,0.12421,0.45999
20,0.74426,8.23439,2,0.04104,0.44707,0.43379
