particle,elasticity,weight,frame,x,y,z
1,0.62194,8.14323,1,-0.14075,-0.37369,0.30045
1,0.62194,8.14323,2,0.00702,-0.38393,0.5091
2,0.42013,8.14323,1,-0.14075,-0.37369,0.30045
2,0.42013,8.14323,2,0.00702,-0.38393,0.5091
3,0.24386,8.14323,1,-0.14075,-0.37369,0.30045
3,0.24386,8.14323,2,0.00702,-0.38393,0.5091
4,0.22806,8.14323,1,-0.14075,-0.37369,0.30045
4,0.22806,8.14323,2,0.00702,-0.38393,0.5091
5,0.72386,8.14323,1,-0.14075,-0.37369,0.30045
5,0.72386,8.14323,2,0.00702,-0.38393,0.5091
6,0.01022,8.14323,1,-0.14075,-0.37369,0.30045
6,0.01022,8.14323,2,0.00702,-0.38393,0.5091
7,0.5148,8.14323,1,-0.14075,-0.37369,0.30045
7,0.5148,8.14323,2,0.00702,-0.38393,0.5091
8,0.54808,8.14323,1,-0.14075,-0.37369,0.30045
8,0.54808,8.14323,2,0.00702,-0.38393,0.5091
9,0.27278,8.14323,1,-0.14075,-0.37369,0.30045
9,0.27278,8.14323,2,0.00702,-0.38393,0.5091
10,0.74021,8.14323,1,-0.14075,-0.37369,0.30045
10,0.74021,8.14323,2,0.00702,-0.38393,0.5091
11,0.83839,8.14323,1,-0.14075,-0.37369,0.30045
11,0.83839,8.14323,2,0.00702,-0.38393,0.5091
12,0.2855,8.14323,1,-0.14075,-0.37369,0.30045
12,0.2855,8.14323,2,0.00702,-0.38393,0.5091
13,0.52328,8.14323,1,-0.14075,-0.37369,0.30045
13,0.52328,8.14323,2,0.00702,-0.38393,0.5091
14,0.1183,8.14323,1,-0.14075,-0.37369,0.30045
14,0.1183,8.14323,2,0.00702,-0.38393,0.5091
15,0.95798,8.14323,1,-0.14075,-0.37369,0.30045
15,0.95798,8.14323,2,0.00702,-0.38393,0.5091
16,0.1163,8.14323,1,-0.14075,-0.37369,0.30045
16,0.1163,8.14323,2,0.00702,-0.38393,0.5091
17,0.38616,8.14323,1,-0.14075,-0.37369,0.30045
17,0.38616,8.14323,2,0.00702,-0.38393,0.5091
18,0.44445,8.14323,1,-0.14075,-0.37369,0.30045
18,0.44445,8.14323,2,0.00702,-0.38393,0.5091
19,0.99554,8.14323,1,-0.14075,-0.37369,0.30045
19,0.99554,8.14323,2,0.00702,-0.38393,0.5091
20,0.74355,8.14323,1,-0.14075,-0.37369,0.30045
20,0.74355,8.14323,2,0.00702,-0.38393,0.5091
