particle,elasticity,weight,frame,x,y,z
1,0.68267,4.15093,1,-0.42182,0.03316,0.53406
2,0.07708,4.15093,1,-0.42846,0.03246,0.53253
3,0.33993,4.15093,1,-0.42558,0.03275,0.5332
4,0.98399,4.15093,1,-0.4185,0.03354,0.53481
5,0.32784,4.15093,1,-0.42572,0.03273,0.53317
6,0.51672,4.15093,1,-0.42365,0.03295,0.53364
7,0.12449,4.15093,1,-0.42794,0.03251,0.53265
8,0.24341,4.15093,1,-0.42664,0.03264,0.53295
9,0.26359,4.15093,1,-0.42642,0.03266,0.533
10,0.95677,4.15093,1,-0.41881,0.0335,0.53474
11,0.54388,4.15093,1,-0.42335,0.03299,0.53371
12,0.34255,4.15093,1,-0.42556,0.03275,0.5332
13,0.60116,4.15093,1,-0.42272,0.03305,0.53385
14,0.90671,4.15093,1,-0.41936,0.03344,0.53462
15,0.7968,4.15093,1,-0.42057,0.0333,0.53434
16,0.75305,4.15093,1,-0.42105,0.03324,0.53423
17,0.71477,4.15093,1,-0.42147,0.0332,0.53414
18,0.13885,4.15093,1,-0.42778,0.03252,0.53269
19,0.74699,4.15093,1,-0.42112,0.03324,0.53422
20,0.32425,4.15093,1,-0.42576,0.03273,0.53316
