particle,elasticity,weight,frame,x,y,z
1,0.85796,8.28609,1,-0.18096,0.11481,0.35073
1,0.85796,8.28609,2,-0.18243,0.25979,0.28907
2,0.15268,8.28609,1,-0.18096,0.11481,0.35073
2,0.15268,8.28609,2,-0.18243,0.25979,0.28907
3,0.32927,8.28609,1,-0.18096,0.11481,0.35073
3,0.32927,8.28609,2,-0.18243,0.25979,0.28907
4,0.0563,8.28609,1,-0.18096,0.11481,0.35073
4,0.0563,8.28609,2,-0.18243,0.25979,0.28907
5,0.22889,8.28609,1,-0.18096,0.11481,0.35073
5,0.22889,8.28609,2,-0.18243,0.25979,0.28907
6,0.51844,8.28609,1,-0.18096,0.11481,0.35073
6,0.51844,8.28609,2,-0.18243,0.25979,0.28907
7,0.05042,8.28609,1,-0.18096,0.11481,0.35073
7,0.05042,8.28609,2,-0.18243,0.25979,0.28907
8,0.52489,8.28609,1,-0.18096,0.11481,0.35073
8,0.52489,8.28609,2,-0.18243,0.25979,0.28907
9,0.47119,8.28609,1,-0.18096,0.11481,0.35073
9,0.47119,8.28609,2,-0.18243,0.25979,0.28907
10,0.5622,8.28609,1,-0.18096,0.11481,0.35073
10,0.5622,8.28609,2,-0.18243,0.25979,0.28907
11,0.5441,8.28609,1,-0.18096,0.11481,0.35073
11,0.5441,8.28609,2,-0.18243,0.25979,0.28907
12,0.40677,8.28609,1,-0.18096,0.11481,0.35073
12,0.40677,8.28609,2,-0.18243,0.25979,0.28907
13,0.33624,8.28609,1,-0.18096,0.11481,0.35073
13,0.33624,8.28609,2,-0.18243,0.25979,0.28907
14,0.08663,8.28609,1,-0.18096,0.11481,0.35073
14,0.08663,8.28609,2,-0.18243,0.25979,0.28907
15,0.62329,8.28609,1,-0.18096,0.11481,0.35073
15,0.62329,8.28609,2,-0.18243,0.25979,0.28907
16,0.88641,8.28609,1,-0.18096,0.11481,0.35073
16,0.88641,8.28609,2,-0.18243,0.25979,0.28907
17,0.16178,8.28609,1,-0.18096,0.11481,0.35073
17,0.16178,8.28609,2,-0.18243,0.25979,0.28907
18,0.62072,8.28609,1,-0.18096,0.11481,0.35073
18,0.62072,8.28609,2,-0.18243,0.25979,0.28907
19,0.57306,8.28609,1,-0.18096,0.11481,0.35073
19,0.57306,8.28609,2,-0.18243,0.25979,0.28907
20,0.32746,8.28609,1,-0.18096,0.11481,0.35073
20,0.32746,8.28609,2,-0.18243,0.25979,0.28907
