particle,elasticity,weight,frame,x,y,z
1,0.96624,8.22582,1,0.15694,-0.22908,0.35142
1,0.96624,8.22582,2,-0.06667,-0.41247,0.42997
2,0.53221,8.22582,1,0.15694,-0.22908,0.35142
2,0.53221,8.22582,2,-0.06507,-0.4243,0.43287
3,0.44461,8.22582,1,0.15694,-0.22908,0.35142
3,0.44461,8.22582,2,-0.06478,-0.42667,0.43347
4,0.71005,8.22582,1,0.15694,-0.22908,0.35142
4,0.71005,8.22582,2,-0.06569,-0.41947,0.43167
5,0.23603,8.22582,1,0.15694,-0.22908,0.35142
5,0.23603,8.22582,2,-0.06414,-0.43228,0.43491
6,0.30909,8.22582,1,0.15694,-0.22908,0.35142
6,0.30909,8.22582,2,-0.06436,-0.43032,0.4344
7,0.88189,8.22582,1,0.15694,-0.22908,0.35142
7,0.88189,8.22582,2,-0.06634,-0.41478,0.43052
8,0.75123,8.22582,1,0.15694,-0.22908,0.35142
8,0.75123,8.22582,2,-0.06585,-0.41835,0.43139
9,0.08839,8.22582,1,0.15694,-0.22908,0.35142
9,0.08839,8.22582,2,-0.06374,-0.43622,0.43595
10,0.56819,8.22582,1,0.15694,-0.22908,0.35142
10,0.56819,8.22582,2,-0.06519,-0.42333,0.43262
11,0.06922,8.22582,1,0.15694,-0.22908,0.35142
11,0.06922,8.22582,2,-0.0637,-0.43673,0.43609
12,0.79495,8.22582,1,0.15694,-0.22908,0.35142
12,0.79495,8.22582,2,-0.06601,-0.41716,0.4311
13,0.68486,8.22582,1,0.15694,-0.22908,0.35142
13,0.68486,8.22582,2,-0.0656,-0.42016,0.43184
14,0.50478,8.22582,1,0.15694,-0.22908,0.35142
14,0.50478,8.22582,2,-0.06498,-0.42504,0.43306
15,0.51753,8.22582,1,0.15694,-0.22908,0.35142
15,0.51753,8.22582,2,-0.06502,-0.4247,0.43297
16,0.89093,8.22582,1,0.15694,-0.22908,0.35142
16,0.89093,8.22582,2,-0.06638,-0.41454,0.43046
17,0.79367,8.22582,1,0.15694,-0.22908,0.35142
17,0.79367,8.22582,2,-0.066,-0.41719,0.43111
18,0.86218,8.22582,1,0.15694,-0.22908,0.35142
18,0.86218,8.22582,2,-0.06626,-0.41532,0.43065
19,0.24958,8.22582,1,0.15694,-0.22908,0.35142
19,0.24958,8.22582,2,-0.06418,-0.43192,0.43482
20,0.32419,8.22582,1,0.15694,-0.22908,0.35142
20,0.32419,8.22582,2,-0.0644,-0.42992,0.4343
