particle,elasticity,weight,frame,x,y,z
1,0.39618,4.15093,1,-0.42241,0.42269,0.03222
2,0.73635,4.15093,1,-0.42089,0.41703,0.04098
3,0.22145,4.15093,1,-0.42276,0.42467,0.02702
4,0.00919,4.15093,1,-0.42232,0.423,0.02308
5,0.5059,4.15093,1,-0.42204,0.42132,0.03533
6,0.76125,4.15093,1,-0.42081,0.41651,0.04155
7,0.34492,4.15093,1,-0.42252,0.42314,0.03072
8,0.1528,4.15093,1,-0.42206,0.42104,0.0258
9,0.65699,4.15093,1,-0.42124,0.41861,0.03913
10,0.65055,4.15093,1,-0.42127,0.41874,0.03898
11,0.66413,4.15093,1,-0.42121,0.41847,0.0393
12,0.84099,4.15093,1,-0.42066,0.41473,0.04334
13,0.45914,4.15093,1,-0.42228,0.42207,0.03407
14,0.47974,4.15093,1,-0.42218,0.42175,0.03463
15,0.81573,4.15093,1,-0.42068,0.41532,0.04277
16,0.76651,4.15093,1,-0.42079,0.4164,0.04167
17,0.74196,4.15093,1,-0.42087,0.41691,0.04111
18,0.16933,4.15093,1,-0.42199,0.42089,0.02618
19,0.67674,4.15093,1,-0.42115,0.41823,0.0396
20,0.79544,4.15093,1,-0.42072,0.41577,0.04232
