particle,elasticity,weight,frame,x,y,z
1,0.66165,8.25431,1,-0.35341,-0.09099,0.65502
1,0.66165,8.25431,2,-0.4009,-0.19319,0.80263
2,0.81894,8.25431,1,-0.35341,-0.09099,0.65502
2,0.81894,8.25431,2,-0.39323,-0.19183,0.80127
3,0.8479,8.25431,1,-0.35341,-0.09099,0.65502
3,0.8479,8.25431,2,-0.39182,-0.19157,0.80102
4,0.10779,8.25431,1,-0.35341,-0.09099,0.65502
4,0.10779,8.25431,2,-0.42784,-0.19787,0.80753
5,0.94391,8.25431,1,-0.35341,-0.09099,0.65502
5,0.94391,8.25431,2,-0.38714,-0.19073,0.80019
6,0.72086,8.25431,1,-0.35341,-0.09099,0.65502
6,0.72086,8.25431,2,-0.39802,-0.19268,0.80212
7,0.18388,8.25431,1,-0.35341,-0.09099,0.65502
7,0.18388,8.25431,2,-0.42414,-0.19724,0.80685
8,0.53984,8.25431,1,-0.35341,-0.09099,0.65502
8,0.53984,8.25431,2,-0.40684,-0.19424,0.8037
9,0.31735,8.25431,1,-0.35341,-0.09099,0.65502
9,0.31735,8.25431,2,-0.41766,-0.19612,0.80566
10,0.18705,8.25431,1,-0.35341,-0.09099,0.65502
10,0.18705,8.25431,2,-0.42399,-0.19721,0.80682
11,0.16832,8.25431,1,-0.35341,-0.09099,0.65502
11,0.16832,8.25431,2,-0.4249,-0.19737,0.80699
12,0.39238,8.25431,1,-0.35341,-0.09099,0.65502
12,0.39238,8.25431,2,-0.41401,-0.19549,0.805
13,0.83701,8.25431,1,-0.35341,-0.09099,0.65502
13,0.83701,8.25431,2,-0.39235,-0.19167,0.80111
14,0.00791,8.25431,1,-0.35341,-0.09099,0.65502
14,0.00791,8.25431,2,-0.43268,-0.19869,0.80843
15,0.71804,8.25431,1,-0.35341,-0.09099,0.65502
15,0.71804,8.25431,2,-0.39815,-0.1927,0.80214
16,0.47738,8.25431,1,-0.35341,-0.09099,0.65502
16,0.47738,8.25431,2,-0.40988,-0.19477,0.80425
17,0.86892,8.25431,1,-0.35341,-0.09099,0.65502
17,0.86892,8.25431,2,-0.3908,-0.19139,0.80083
18,0.13561,8.25431,1,-0.35341,-0.09099,0.65502
18,0.13561,8.25431,2,-0.42649,-0.19764,0.80728
19,0.62627,8.25431,1,-0.35341,-0.09099,0.65502
19,0.62627,8.25431,2,-0.40263,-0.1935,0.80294
20,0.79696,8.25431,1,-0.35341,-0.09099,0.65502
20,0.79696,8.25431,2,-0.39431,-0.19202,0.80146
