particle,elasticity,weight,frame,x,y,z
1,0.63575,4.15093,1,0.20027,0.23314,0.24779
2,0.45528,4.15093,1,0.20027,0.23314,0.24779
3,0.51324,4.15093,1,0.20027,0.23314,0.24779
4,0.73693,4.15093,1,0.20027,0.23314,0.24779
5,0.93413,4.15093,1,0.20027,0.23314,0.24779
6,0.40938,4.15093,1,0.20027,0.23314,0.24779
7,0.14837,4.15093,1,0.20027,0.23314,0.24779
8,0.57961,4.15093,1,0.20027,0.23314,0.24779
9,0.76672,4.15093,1,0.20027,0.23314,0.24779
10,0.16843,4.15093,1,0.20027,0.23314,0.24779
11,0.24279,4.15093,1,0.20027,0.23314,0.24779
12,0.32303,4.15093,1,0.20027,0.23314,0.24779
13,0.47253,4.15093,1,0.20027,0.23314,0.24779
14,0.40324,4.15093,1,0.20027,0.23314,0.24779
15,0.39971,4.15093,1,0.20027,0.23314,0.24779
16,0.68791,4.15093,1,0.20027,0.23314,0.24779
17,0.14638,4.15093,1,0.20027,0.23314,0.24779
18,0.38057,4.15093,1,0.20027,0.23314,0.24779
19,0.56409,4.15093,1,0.20027,0.23314,0.24779
20,0.48372,4.15093,1,0.20027,0.23314,0.24779
