particle,elasticity,weight,frame,x,y,z
1,0.42018,8.08821,1,-0.12084,0.28849,0.91638
1,0.42018,8.08821,2,0.03116,0.30846,0.83306
2,0.83824,7.86585,1,-0.1287,0.28716,0.88452
2,0.83824,7.86585,2,0.00916,0.30474,0.74434
3,0.97149,7.77238,1,-0.13121,0.28675,0.87438
3,0.97149,7.77238,2,0.00212,0.3036,0.7161
4,0.48726,8.05979,1,-0.1221,0.28827,0.91126
4,0.48726,8.05979,2,0.02764,0.30785,0.81881
5,0.1094,8.18374,1,-0.11502,0.28953,0.94006
5,0.1094,8.18374,2,0.04742,0.31135,0.8991
6,0.42257,8.08725,1,-0.12089,0.28848,0.91619
6,0.42257,8.08725,2,0.03104,0.30844,0.83255
7,0.03935,8.19705,1,-0.11371,0.28977,0.9454
7,0.03935,8.19705,2,0.05107,0.31201,0.91399
8,0.82644,7.8736,1,-0.12848,0.2872,0.88542
8,0.82644,7.8736,2,0.00978,0.30485,0.74684
9,0.02997,8.1986,1,-0.11353,0.2898,0.94612
9,0.02997,8.1986,2,0.05155,0.3121,0.91598
10,0.51411,8.04763,1,-0.1226,0.28819,0.90922
10,0.51411,8.04763,2,0.02623,0.30761,0.81311
11,0.12022,8.18142,1,-0.11522,0.28949,0.93924
11,0.12022,8.18142,2,0.04685,0.31125,0.8968
12,0.12518,8.18033,1,-0.11531,0.28947,0.93886
12,0.12518,8.18033,2,0.04659,0.3112,0.89574
13,0.90359,7.82138,1,-0.12993,0.28696,0.87955
13,0.90359,7.82138,2,0.00571,0.30418,0.73049
14,0.08024,8.18965,1,-0.11447,0.28963,0.94229
14,0.08024,8.18965,2,0.04894,0.31163,0.9053
15,0.08503,8.18872,1,-0.11456,0.28961,0.94192
15,0.08503,8.18872,2,0.04869,0.31158,0.90428
16,0.59086,8.01043,1,-0.12405,0.28794,0.90337
16,0.59086,8.01043,2,0.02219,0.30692,0.79681
17,0.78345,7.90112,1,-0.12767,0.28733,0.8887
17,0.78345,7.90112,2,0.01205,0.30522,0.75595
18,0.36258,8.11041,1,-0.11976,0.28868,0.92077
18,0.36258,8.11041,2,0.03418,0.30899,0.84529
19,0.46656,8.06885,1,-0.12171,0.28834,0.91284
19,0.46656,8.06885,2,0.02873,0.30804,0.82321
20,0.98137,7.76502,1,-0.13139,0.28672,0.87362
20,0.98137,7.76502,2,0.0016,0.30351,0.71401
