particle,elasticity,weight,frame,x,y,z
1,0.24306,8.16726,1,-0.24944,0.07933,0.30141
1,0.24306,8.16726,2,-0.41199,-0.21609,0.3584
2,0.76542,8.16726,1,-0.24944,0.07933,0.30141
2,0.76542,8.16726,2,-0.37226,-0.20646,0.35592
3,0.87907,8.16726,1,-0.24944,0.07933,0.30141
3,0.87907,8.16726,2,-0.36362,-0.20436,0.35538
4,0.49132,8.16726,1,-0.24944,0.07933,0.30141
4,0.49132,8.16726,2,-0.3931,-0.21152,0.35722
5,0.14639,8.16726,1,-0.24944,0.07933,0.30141
5,0.14639,8.16726,2,-0.41934,-0.21787,0.35886
6,0.47444,8.16726,1,-0.24944,0.07933,0.30141
6,0.47444,8.16726,2,-0.39439,-0.21183,0.3573
7,0.0073,8.16726,1,-0.24944,0.07933,0.30141
7,0.0073,8.16726,2,-0.42992,-0.22043,0.35952
8,0.55518,8.16726,1,-0.24944,0.07933,0.30141
8,0.55518,8.16726,2,-0.38825,-0.21034,0.35691
9,0.17758,8.16726,1,-0.24944,0.07933,0.30141
9,0.17758,8.16726,2,-0.41697,-0.2173,0.35871
10,0.40985,8.16726,1,-0.24944,0.07933,0.30141
10,0.40985,8.16726,2,-0.3993,-0.21302,0.35761
11,0.11725,8.16726,1,-0.24944,0.07933,0.30141
11,0.11725,8.16726,2,-0.42155,-0.21841,0.359
12,0.65552,8.16726,1,-0.24944,0.07933,0.30141
12,0.65552,8.16726,2,-0.38062,-0.20849,0.35644
13,0.8319,8.16726,1,-0.24944,0.07933,0.30141
13,0.8319,8.16726,2,-0.3672,-0.20523,0.3556
14,0.34433,8.16726,1,-0.24944,0.07933,0.30141
14,0.34433,8.16726,2,-0.40428,-0.21423,0.35792
15,0.20053,8.16726,1,-0.24944,0.07933,0.30141
15,0.20053,8.16726,2,-0.41522,-0.21687,0.3586
16,0.99923,8.16726,1,-0.24944,0.07933,0.30141
16,0.99923,8.16726,2,-0.35448,-0.20215,0.35481
17,0.18696,8.16726,1,-0.24944,0.07933,0.30141
17,0.18696,8.16726,2,-0.41625,-0.21712,0.35867
18,0.93556,8.16726,1,-0.24944,0.07933,0.30141
18,0.93556,8.16726,2,-0.35932,-0.20332,0.35511
19,0.95231,8.16726,1,-0.24944,0.07933,0.30141
19,0.95231,8.16726,2,-0.35805,-0.20301,0.35503
20,0.11564,8.16726,1,-0.24944,0.07933,0.30141
20,0.11564,8.16726,2,-0.42168,-0.21844,0.359
