particle,elasticity,weight,frame,x,y,z
1,0.59529,4.15093,1,-0.3976,0.4141,0.52217
2,0.78997,4.15093,1,-0.39708,0.41181,0.52194
3,0.69372,4.15093,1,-0.39734,0.41294,0.52205
4,0.56734,4.15093,1,-0.39768,0.41443,0.52221
5,0.1794,4.15093,1,-0.39871,0.41898,0.52268
6,0.9168,4.15093,1,-0.39674,0.41032,0.52179
7,0.48797,4.15093,1,-0.39789,0.41536,0.5223
8,0.10019,4.15093,1,-0.39892,0.41991,0.52277
9,0.76714,4.15093,1,-0.39714,0.41208,0.52197
10,0.59543,4.15093,1,-0.3976,0.4141,0.52217
11,0.32216,4.15093,1,-0.39833,0.4173,0.5225
12,0.32147,4.15093,1,-0.39833,0.41731,0.5225
13,0.33156,4.15093,1,-0.39831,0.41719,0.52249
14,0.51971,4.15093,1,-0.3978,0.41498,0.52226
15,0.58241,4.15093,1,-0.39763,0.41425,0.52219
16,0.97507,4.15093,1,-0.39658,0.40964,0.52172
17,0.82527,4.15093,1,-0.39698,0.4114,0.5219
18,0.99969,4.15093,1,-0.39652,0.40935,0.52169
19,0.82967,4.15093,1,-0.39697,0.41134,0.52189
20,0.16165,4.15093,1,-0.39876,0.41919,0.5227
