particle,elasticity,weight,frame,x,y,z
1,0.37368,4.15093,1,0.29472,0.41697,0.54927
2,0.41125,4.15093,1,0.29481,0.41608,0.54907
3,0.38921,4.15093,1,0.29476,0.4166,0.54919
4,0.87613,4.15093,1,0.29591,0.40503,0.54653
5,0.95275,4.15093,1,0.29609,0.4032,0.54611
6,0.35551,4.15093,1,0.29468,0.4174,0.54937
7,0.55097,4.15093,1,0.29513,0.41276,0.5483
8,0.85507,4.15093,1,0.29586,0.40553,0.54664
9,0.14665,4.15093,1,0.29421,0.42235,0.55052
10,0.16709,4.15093,1,0.29426,0.42187,0.55041
11,0.07535,4.15093,1,0.29406,0.42404,0.55091
12,0.00978,4.15093,1,0.29392,0.42559,0.55127
13,0.84391,4.15093,1,0.29583,0.40579,0.54671
14,0.13723,4.15093,1,0.29419,0.42258,0.55057
15,0.46339,4.15093,1,0.29493,0.41484,0.54878
16,0.5933,4.15093,1,0.29523,0.41176,0.54807
17,0.71756,4.15093,1,0.29552,0.4088,0.54739
18,0.47464,4.15093,1,0.29495,0.41457,0.54872
19,0.21926,4.15093,1,0.29438,0.42063,0.55012
20,0.80955,4.15093,1,0.29575,0.40661,0.54689
