particle,elasticity,weight,frame,x,y,z
1,0.02452,4.15093,1,-0.21665,-0.29946,0.80173
2,0.85405,4.15093,1,-0.21665,-0.29946,0.80173
3,0.46767,4.15093,1,-0.21665,-0.29946,0.80173
4,0.33943,4.15093,1,-0.21665,-0.29946,0.80173
5,0.66558,4.15093,1,-0.21665,-0.29946,0.80173
6,0.18031,4.15093,1,-0.21665,-0.29946,0.80173
7,0.89619,4.15093,1,-0.21665,-0.29946,0.80173
8,0.47587,4.15093,1,-0.21665,-0.29946,0.80173
9,0.95682,4.15093,1,-0.21665,-0.29946,0.80173
10,0.98664,4.15093,1,-0.21665,-0.29946,0.80173
11,0.87411,4.15093,1,-0.21665,-0.29946,0.80173
12,0.05745,4.15093,1,-0.21665,-0.29946,0.80173
13,0.16363,4.15093,1,-0.21665,-0.29946,0.80173
14,0.86971,4.15093,1,-0.21665,-0.29946,0.80173
15,0.85683,4.15093,1,-0.21665,-0.29946,0.80173
16,0.49976,4.15093,1,-0.21665,-0.29946,0.80173
17,0.04164,4.15093,1,-0.21665,-0.29946,0.80173
18,0.7082,4.15093,1,-0.21665,-0.29946,0.80173
19,0.88399,4.15093,1,-0.21665,-0.29946,0.80173
20,0.9576,4.15093,1,-0.21665,-0.29946,0.80173
