particle,elasticity,weight,frame,x,y,z
1,0.22345,4.15093,1,0.19673,-0.37361,0.33997
2,0.84181,4.15093,1,0.19673,-0.37361,0.33997
3,0.57284,4.15093,1,0.19673,-0.37361,0.33997
4,0.82713,4.15093,1,0.19673,-0.37361,0.33997
5,0.87604,4.15093,1,0.19673,-0.37361,0.33997
6,0.50159,4.15093,1,0.19673,-0.37361,0.33997
7,0.05129,4.15093,1,0.19673,-0.37361,0.33997
8,0.91462,4.15093,1,0.19673,-0.37361,0.33997
9,0.96979,4.15093,1,0.19673,-0.37361,0.33997
10,0.47247,4.15093,1,0.19673,-0.37361,0.33997
11,0.9121,4.15093,1,0.19673,-0.37361,0.33997
12,0.01411,4.15093,1,0.19673,-0.37361,0.33997
13,0.38877,4.15093,1,0.19673,-0.37361,0.33997
14,0.54861,4.15093,1,0.19673,-0.37361,0.33997
15,0.52218,4.15093,1,0.19673,-0.37361,0.33997
16,0.79186,4.15093,1,0.19673,-0.37361,0.33997
17,0.20673,4.15093,1,0.19673,-0.37361,0.33997
18,0.14457,4.15093,1,0.19673,-0.37361,0.33997
19,0.01,4.15093,1,0.19673,-0.37361,0.33997
20,0.88851,4.15093,1,0.19673,-0.37361,0.33997
