particle,elasticity,weight,frame,x,y,z
1,0.28452,8.24383,1,0.41728,0.21179,0.08394
1,0.28452,8.24383,2,0.4102,0.24185,0.03995
2,0.94597,8.13042,1,0.38848,0.20836,0.09032
2,0.94597,8.13042,2,0.3556,0.2367,0.07963
3,0.74037,8.17523,1,0.39745,0.20946,0.08835
3,0.74037,8.17523,2,0.37264,0.2387,0.06634
4,0.13068,8.25749,1,0.42394,0.21253,0.08244
4,0.13068,8.25749,2,0.42248,0.24198,0.03493
5,0.4379,8.22546,1,0.41062,0.21103,0.08543
5,0.4379,8.22546,2,0.3975,0.24104,0.04785
6,0.12164,8.25815,1,0.42434,0.21258,0.08235
6,0.12164,8.25815,2,0.42314,0.24201,0.03459
7,0.50764,8.21553,1,0.40758,0.21067,0.0861
7,0.50764,8.21553,2,0.39177,0.24053,0.05204
8,0.97741,8.1228,1,0.38711,0.20819,0.09062
8,0.97741,8.1228,2,0.35281,0.23649,0.0808
9,0.30135,8.24205,1,0.41655,0.21171,0.0841
9,0.30135,8.24205,2,0.40883,0.24172,0.04098
10,0.35618,8.23584,1,0.41417,0.21143,0.08463
10,0.35618,8.23584,2,0.40419,0.24164,0.04288
11,0.77668,8.16795,1,0.39587,0.20927,0.0887
11,0.77668,8.16795,2,0.36965,0.23837,0.06872
12,0.78376,8.16649,1,0.39556,0.20923,0.08876
12,0.78376,8.16649,2,0.36907,0.2383,0.06918
13,0.80406,8.16228,1,0.39467,0.20912,0.08896
13,0.80406,8.16228,2,0.3674,0.23811,0.0705
14,0.68254,8.18628,1,0.39997,0.20977,0.08779
14,0.68254,8.18628,2,0.37737,0.23922,0.06253
15,0.86826,8.14837,1,0.39187,0.20878,0.08958
15,0.86826,8.14837,2,0.36208,0.23749,0.07466
16,0.60208,8.20051,1,0.40347,0.21019,0.08701
16,0.60208,8.20051,2,0.38398,0.23985,0.0576
17,0.5193,8.21377,1,0.40708,0.21061,0.08622
17,0.5193,8.21377,2,0.39081,0.24044,0.05273
18,0.00551,8.2651,1,0.42936,0.21312,0.08122
18,0.00551,8.2651,2,0.43115,0.24366,0.03034
19,0.90301,8.1405,1,0.39036,0.20859,0.08991
19,0.90301,8.1405,2,0.35919,0.23714,0.07689
20,0.75819,8.17169,1,0.39667,0.20937,0.08852
20,0.75819,8.17169,2,0.37118,0.23854,0.06751
