particle,elasticity,weight,frame,x,y,z
1,0.85719,4.15093,1,-0.10552,0.12969,0.84064
2,0.34886,4.15093,1,-0.10552,0.12969,0.84064
3,0.62127,4.15093,1,-0.10552,0.12969,0.84064
4,0.10656,4.15093,1,-0.10552,0.12969,0.84064
5,0.60417,4.15093,1,-0.10552,0.12969,0.84064
6,0.31402,4.15093,1,-0.10552,0.12969,0.84064
7,0.31459,4.15093,1,-0.10552,0.12969,0.84064
8,0.32171,4.15093,1,-0.10552,0.12969,0.84064
9,0.28413,4.15093,1,-0.10552,0.12969,0.84064
10,0.76604,4.15093,1,-0.10552,0.12969,0.84064
11,0.85826,4.15093,1,-0.10552,0.12969,0.84064
12,0.05546,4.15093,1,-0.10552,0.12969,0.84064
13,0.81628,4.15093,1,-0.10552,0.12969,0.84064
14,0.65342,4.15093,1,-0.10552,0.12969,0.84064
15,0.8949,4.15093,1,-0.10552,0.12969,0.84064
16,0.78601,4.15093,1,-0.10552,0.12969,0.84064
17,0.40013,4.15093,1,-0.10552,0.12969,0.84064
18,0.90024,4.15093,1,-0.10552,0.12969,0.84064
19,0.54657,4.15093,1,-0.10552,0.12969,0.84064
20,0.96479,4.15093,1,-0.10552,0.12969,0.84064
