particle,elasticity,weight,frame,x,y,z
1,0.63188,8.14619,1,0.21128,0.42825,0.37058
1,0.63188,8.14619,2,0.44099,0.38003,0.35372
2,0.05087,8.18079,1,0.20949,0.4468,0.36563
2,0.05087,8.18079,2,0.43069,0.36463,0.33418
3,0.55873,8.15288,1,0.21101,0.43061,0.36997
3,0.55873,8.15288,2,0.41742,0.31149,0.33803
4,0.49214,8.15838,1,0.21077,0.43275,0.36941
4,0.49214,8.15838,2,0.43784,0.31295,0.35079
5,0.69748,8.13962,1,0.21154,0.42613,0.37112
5,0.69748,8.13962,2,0.44084,0.36831,0.3563
6,0.89894,8.11603,1,0.21237,0.41958,0.37278
6,0.89894,8.11603,2,0.44087,0.33189,0.36451
7,0.89845,8.11609,1,0.21237,0.41959,0.37278
7,0.89845,8.11609,2,0.44087,0.33197,0.36449
8,0.91918,8.1133,1,0.21247,0.41891,0.37281
8,0.91918,8.1133,2,0.44097,0.32816,0.36465
9,0.45539,8.16118,1,0.21065,0.43393,0.3691
9,0.45539,8.16118,2,0.43628,0.31677,0.34954
10,0.00361,8.18174,1,0.20938,0.44828,0.36522
10,0.00361,8.18174,2,0.44221,0.36721,0.32556
11,0.073,8.18024,1,0.20954,0.4461,0.36582
11,0.073,8.18024,2,0.4299,0.36127,0.33601
12,0.80037,8.12821,1,0.21195,0.42279,0.37197
12,0.80037,8.12821,2,0.4408,0.34975,0.36049
13,0.52319,8.15588,1,0.21088,0.43175,0.36967
13,0.52319,8.15588,2,0.41558,0.31529,0.33727
14,0.79184,8.12921,1,0.21192,0.42306,0.3719
14,0.79184,8.12921,2,0.4408,0.35129,0.36014
15,0.592,8.14992,1,0.21113,0.42954,0.37024
15,0.592,8.14992,2,0.41954,0.30802,0.33887
16,0.88424,8.11792,1,0.2123,0.42006,0.37266
16,0.88424,8.11792,2,0.44086,0.33455,0.36391
17,0.79718,8.12859,1,0.21194,0.42289,0.37195
17,0.79718,8.12859,2,0.4408,0.35032,0.36036
18,0.69763,8.1396,1,0.21154,0.42612,0.37112
18,0.69763,8.1396,2,0.44084,0.36828,0.35631
19,0.17509,8.17695,1,0.20979,0.44288,0.36671
19,0.17509,8.17695,2,0.43008,0.34826,0.34001
20,0.77717,8.1309,1,0.21186,0.42354,0.37178
20,0.77717,8.1309,2,0.4408,0.35394,0.35954
