particle,elasticity,weight,frame,x,y,z
1,0.26127,8.27672,1,-0.30604,0.42481,0.2305
1,0.26127,8.27672,2,-0.25408,0.41718,0.21746
2,0.62067,8.25137,1,-0.30489,0.41533,0.22807
2,0.62067,8.25137,2,-0.25072,0.40493,0.21059
3,0.49339,8.26151,1,-0.30532,0.4187,0.22893
3,0.49339,8.26151,2,-0.25163,0.41208,0.21239
4,0.5037,8.26074,1,-0.30529,0.41842,0.22886
4,0.5037,8.26074,2,-0.25156,0.4115,0.21224
5,0.47779,8.26267,1,-0.30538,0.41911,0.22903
5,0.47779,8.26267,2,-0.25174,0.41295,0.21261
6,0.15723,8.28218,1,-0.30633,0.42752,0.23122
6,0.15723,8.28218,2,-0.25572,0.41878,0.21949
7,0.93557,8.22183,1,-0.30364,0.40689,0.227
7,0.93557,8.22183,2,-0.24808,0.38703,0.20831
8,0.17778,8.28117,1,-0.30627,0.42699,0.23107
8,0.17778,8.28117,2,-0.25551,0.41803,0.21915
9,0.66995,8.2471,1,-0.30472,0.41402,0.22775
9,0.66995,8.2471,2,-0.25035,0.40215,0.20989
10,0.90857,8.22457,1,-0.30376,0.40762,0.227
10,0.90857,8.22457,2,-0.24832,0.38858,0.20831
11,0.4918,8.26163,1,-0.30533,0.41874,0.22894
11,0.4918,8.26163,2,-0.25164,0.41217,0.21241
12,0.76499,8.23832,1,-0.30437,0.41149,0.22712
12,0.76499,8.23832,2,-0.24962,0.39679,0.20856
13,0.92049,8.22337,1,-0.30371,0.40729,0.227
13,0.92049,8.22337,2,-0.24822,0.38789,0.20831
14,0.17729,8.2812,1,-0.30627,0.427,0.23108
14,0.17729,8.2812,2,-0.25551,0.41805,0.21916
15,0.25902,8.27685,1,-0.30605,0.42486,0.23052
15,0.25902,8.27685,2,-0.2541,0.41726,0.2175
16,0.70135,8.24428,1,-0.30461,0.41318,0.22754
16,0.70135,8.24428,2,-0.25011,0.40038,0.20945
17,0.55677,8.25662,1,-0.30511,0.41702,0.2285
17,0.55677,8.25662,2,-0.25118,0.40852,0.21149
18,0.02111,8.28807,1,-0.30666,0.43106,0.23216
18,0.02111,8.28807,2,-0.25856,0.42107,0.22056
19,0.35624,8.27101,1,-0.30576,0.42231,0.22985
19,0.35624,8.27101,2,-0.25267,0.41778,0.21484
20,0.25796,8.27691,1,-0.30605,0.42489,0.23052
20,0.25796,8.27691,2,-0.25411,0.41729,0.21752
