particle,elasticity,weight,frame,x,y,z
1,0.63448,4.15093,1,0.27588,-0.43459,0.15592
2,0.29842,4.15093,1,0.27588,-0.43459,0.15592
3,0.46457,4.15093,1,0.27588,-0.43459,0.15592
4,0.59725,4.15093,1,0.27588,-0.43459,0.15592
5,0.21646,4.15093,1,0.27588,-0.43459,0.15592
6,0.85299,4.15093,1,0.27588,-0.43459,0.15592
7,0.32425,4.15093,1,0.27588,-0.43459,0.15592
8,0.41225,4.15093,1,0.27588,-0.43459,0.15592
9,0.39562,4.15093,1,0.27588,-0.43459,0.15592
10,0.62507,4.15093,1,0.27588,-0.43459,0.15592
11,0.67891,4.15093,1,0.27588,-0.43459,0.15592
12,0.65577,4.15093,1,0.27588,-0.43459,0.15592
13,0.5125,4.15093,1,0.27588,-0.43459,0.15592
14,0.96562,4.15093,1,0.27588,-0.43459,0.15592
15,0.65048,4.15093,1,0.27588,-0.43459,0.15592
16,0.38875,4.15093,1,0.27588,-0.43459,0.15592
17,0.5799,4.15093,1,0.27588,-0.43459,0.15592
18,0.6449,4.15093,1,0.27588,-0.43459,0.15592
19,0.3025,4.15093,1,0.27588,-0.43459,0.15592
20,0.13598,4.15093,1,0.27588,-0.43459,0.15592
