particle,elasticity,weight,frame,x,y,z
1,0.52238,8.27935,1,0.44197,0.10116,0.66418
1,0.52238,8.27935,2,0.38068,0.0175,0.55433
2,0.12212,8.27541,1,0.44759,0.10197,0.66298
2,0.12212,8.27541,2,0.4085,0.02809,0.54892
3,0.30392,8.27763,1,0.44504,0.10161,0.66353
3,0.30392,8.27763,2,0.39728,0.02227,0.55131
4,0.46267,8.27898,1,0.44281,0.10128,0.664
4,0.46267,8.27898,2,0.38906,0.01875,0.55256
5,0.24192,8.27695,1,0.44591,0.10174,0.66334
5,0.24192,8.27695,2,0.39782,0.02472,0.55129
6,0.00077,8.27353,1,0.44929,0.10221,0.6626
6,0.00077,8.27353,2,0.42037,0.03146,0.54614
7,0.96431,8.27961,1,0.43572,0.10018,0.66547
7,0.96431,8.27961,2,0.3185,0.00784,0.56727
8,0.57607,8.27961,1,0.44121,0.10104,0.66434
8,0.57607,8.27961,2,0.37314,0.01636,0.55593
9,0.47836,8.27909,1,0.44259,0.10125,0.66405
9,0.47836,8.27909,2,0.38686,0.01843,0.55303
10,0.78447,8.28002,1,0.43826,0.10059,0.66495
10,0.78447,8.28002,2,0.34384,0.01184,0.56205
11,0.43849,8.27881,1,0.44315,0.10133,0.66393
11,0.43849,8.27881,2,0.39245,0.01926,0.55184
12,0.52397,8.27936,1,0.44194,0.10115,0.66419
12,0.52397,8.27936,2,0.38046,0.01747,0.55438
13,0.99255,8.27948,1,0.43532,0.10012,0.66555
13,0.99255,8.27948,2,0.31452,0.0072,0.56808
14,0.09162,8.27497,1,0.44802,0.10203,0.66288
14,0.09162,8.27497,2,0.41138,0.02894,0.54826
15,0.1638,8.27598,1,0.44701,0.10189,0.6631
15,0.1638,8.27598,2,0.40466,0.02691,0.54979
16,0.42211,8.27869,1,0.44338,0.10137,0.66388
16,0.42211,8.27869,2,0.39378,0.01955,0.55159
17,0.56356,8.27955,1,0.44139,0.10107,0.6643
17,0.56356,8.27955,2,0.3749,0.01663,0.55555
18,0.68222,8.27994,1,0.43971,0.10081,0.66465
18,0.68222,8.27994,2,0.35822,0.01408,0.55905
19,0.17523,8.27613,1,0.44685,0.10187,0.66314
19,0.17523,8.27613,2,0.40363,0.02659,0.55002
20,0.41407,8.27863,1,0.44349,0.10138,0.66386
20,0.41407,8.27863,2,0.39464,0.01971,0.55141
