particle,elasticity,weight,frame,x,y,z
1,0.75007,4.15093,1,-0.27667,-0.43179,0.66333
2,0.42276,4.15093,1,-0.27667,-0.43179,0.66333
3,0.92471,4.15093,1,-0.27667,-0.43179,0.66333
4,0.33783,4.15093,1,-0.27667,-0.43179,0.66333
5,0.02308,4.15093,1,-0.27667,-0.43179,0.66333
6,0.68847,4.15093,1,-0.27667,-0.43179,0.66333
7,0.39838,4.15093,1,-0.27667,-0.43179,0.66333
8,0.1547,4.15093,1,-0.27667,-0.43179,0.66333
9,0.72452,4.15093,1,-0.27667,-0.43179,0.66333
10,0.53576,4.15093,1,-0.27667,-0.43179,0.66333
11,0.94701,4.15093,1,-0.27667,-0.43179,0.66333
12,0.21954,4.15093,1,-0.27667,-0.43179,0.66333
13,0.14889,4.15093,1,-0.27667,-0.43179,0.66333
14,0.06228,4.15093,1,-0.27667,-0.43179,0.66333
15,0.66761,4.15093,1,-0.27667,-0.43179,0.66333
16,0.66151,4.15093,1,-0.27667,-0.43179,0.66333
17,0.6525,4.15093,1,-0.27667,-0.43179,0.66333
18,0.98945,4.15093,1,-0.27667,-0.43179,0.66333
19,0.0226,4.15093,1,-0.27667,-0.43179,0.66333
20,0.62902,4.15093,1,-0.27667,-0.43179,0.66333
