particle,elasticity,weight,frame,x,y,z
1,0.94155,4.15093,1,0.04156,-0.2482,0.71913
2,0.8408,4.15093,1,0.04156,-0.2482,0.71913
3,0.0073,4.15093,1,0.04156,-0.2482,0.71913
4,0.97865,4.15093,1,0.04156,-0.2482,0.71913
5,0.03675,4.15093,1,0.04156,-0.2482,0.71913
6,0.95031,4.15093,1,0.04156,-0.2482,0.71913
7,0.23597,4.15093,1,0.04156,-0.2482,0.71913
8,0.67209,4.15093,1,0.04156,-0.2482,0.71913
9,0.39623,4.15093,1,0.04156,-0.2482,0.71913
10,0.29164,4.15093,1,0.04156,-0.2482,0.71913
11,0.34857,4.15093,1,0.04156,-0.2482,0.71913
12,0.44883,4.15093,1,0.04156,-0.2482,0.71913
13,0.95587,4.15093,1,0.04156,-0.2482,0.71913
14,0.1052,4.15093,1,0.04156,-0.2482,0.71913
15,0.38469,4.15093,1,0.04156,-0.2482,0.71913
16,0.25617,4.15093,1,0.04156,-0.2482,0.71913
17,0.69547,4.15093,1,0.04156,-0.2482,0.71913
18,0.38098,4.15093,1,0.04156,-0.2482,0.71913
19,0.35967,4.15093,1,0.04156,-0.2482,0.71913
20,0.33268,4.15093,1,0.04156,-0.2482,0.71913
