particle,elasticity,weight,frame,x,y,z
1,0.55902,8.29861,1,0.16845,0.05264,0.79014
1,0.55902,8.29861,2,0.18386,0.03974,0.72166
2,0.85399,8.29861,1,0.16845,0.05264,0.79014
2,0.85399,8.29861,2,0.18386,0.03974,0.72166
3,0.04093,8.29861,1,0.16845,0.05264,0.79014
3,0.04093,8.29861,2,0.18386,0.03974,0.72166
4,0.81608,8.29861,1,0.16845,0.05264,0.79014
4,0.81608,8.29861,2,0.18386,0.03974,0.72166
5,0.54118,8.29861,1,0.16845,0.05264,0.79014
5,0.54118,8.29861,2,0.18386,0.03974,0.72166
6,0.14785,8.29861,1,0.16845,0.05264,0.79014
6,0.14785,8.29861,2,0.18386,0.03974,0.72166
7,0.07804,8.29861,1,0.16845,0.05264,0.79014
7,0.07804,8.29861,2,0.18386,0.03974,0.72166
8,0.89278,8.29861,1,0.16845,0.05264,0.79014
8,0.89278,8.29861,2,0.18386,0.03974,0.72166
9,0.72063,8.29861,1,0.16845,0.05264,0.79014
9,0.72063,8.29861,2,0.18386,0.03974,0.72166
10,0.84707,8.29861,1,0.16845,0.05264,0.79014
10,0.84707,8.29861,2,0.18386,0.03974,0.72166
11,0.20021,8.29861,1,0.16845,0.05264,0.79014
11,0.20021,8.29861,2,0.18386,0.03974,0.72166
12,0.21762,8.29861,1,0.16845,0.05264,0.79014
12,0.21762,8.29861,2,0.18386,0.03974,0.72166
13,0.72715,8.29861,1,0.16845,0.05264,0.79014
13,0.72715,8.29861,2,0.18386,0.03974,0.72166
14,0.4351,8.29861,1,0.16845,0.05264,0.79014
14,0.4351,8.29861,2,0.18386,0.03974,0.72166
15,0.85109,8.29861,1,0.16845,0.05264,0.79014
15,0.85109,8.29861,2,0.18386,0.03974,0.72166
16,0.31422,8.29861,1,0.16845,0.05264,0.79014
16,0.31422,8.29861,2,0.18386,0.03974,0.72166
17,0.59382,8.29861,1,0.16845,0.05264,0.79014
17,0.59382,8.29861,2,0.18386,0.03974,0.72166
18,0.58412,8.29861,1,0.16845,0.05264,0.79014
18,0.58412,8.29861,2,0.18386,0.03974,0.72166
19,0.92864,8.29861,1,0.16845,0.05264,0.79014
19,0.92864,8.29861,2,0.18386,0.03974,0.72166
20,0.57075,8.29861,1,0.16845,0.05264,0.79014
20,0.57075,8.29861,2,0.18386,0.03974,0.72166
