particle,elasticity,weight,frame,x,y,z
1,0.50429,7.99204,1,-0.38407,0.01892,0.87486
1,0.50429,7.99204,2,-0.32692,0.05433,0.85615
2,0.06652,8.19522,1,-0.42503,0.01232,0.87485
2,0.06652,8.19522,2,-0.41375,0.04037,0.85613
3,0.69223,7.85217,1,-0.36651,0.02175,0.87486
3,0.69223,7.85217,2,-0.28973,0.06031,0.85615
4,0.88558,7.67539,1,-0.34845,0.02466,0.87486
4,0.88558,7.67539,2,-0.25153,0.06644,0.85616
5,0.77424,7.78127,1,-0.35885,0.02299,0.87486
5,0.77424,7.78127,2,-0.27352,0.06291,0.85616
6,0.32597,8.09553,1,-0.40075,0.01623,0.87485
6,0.32597,8.09553,2,-0.36226,0.04865,0.85614
7,0.36773,8.07385,1,-0.39684,0.01686,0.87485
7,0.36773,8.07385,2,-0.35398,0.04998,0.85614
8,0.02497,8.20557,1,-0.42892,0.01169,0.87485
8,0.02497,8.20557,2,-0.422,0.03904,0.85613
9,0.78518,7.77135,1,-0.35783,0.02315,0.87486
9,0.78518,7.77135,2,-0.27136,0.06326,0.85616
10,0.37706,8.06879,1,-0.39597,0.017,0.87485
10,0.37706,8.06879,2,-0.35213,0.05028,0.85614
11,0.66046,7.87804,1,-0.36948,0.02127,0.87486
11,0.66046,7.87804,2,-0.29602,0.0593,0.85615
12,0.38526,8.06428,1,-0.3952,0.01713,0.87485
12,0.38526,8.06428,2,-0.3505,0.05054,0.85614
13,0.24238,8.13424,1,-0.40857,0.01497,0.87485
13,0.24238,8.13424,2,-0.37884,0.04599,0.85613
14,0.66729,7.87256,1,-0.36884,0.02138,0.87486
14,0.66729,7.87256,2,-0.29467,0.05951,0.85615
15,0.44117,8.03193,1,-0.38998,0.01797,0.87486
15,0.44117,8.03193,2,-0.33943,0.05232,0.85614
16,0.8428,7.71738,1,-0.35245,0.02402,0.87486
16,0.8428,7.71738,2,-0.25998,0.06509,0.85616
17,0.45527,8.02333,1,-0.38866,0.01818,0.87486
17,0.45527,8.02333,2,-0.33663,0.05277,0.85614
18,0.96705,7.59092,1,-0.34085,0.02589,0.87486
18,0.96705,7.59092,2,-0.23545,0.06903,0.85617
19,0.61159,7.91605,1,-0.37404,0.02054,0.87486
19,0.61159,7.91605,2,-0.30568,0.05774,0.85615
20,0.96793,7.58997,1,-0.34076,0.0259,0.87486
20,0.96793,7.58997,2,-0.23527,0.06906,0.85617
