particle,elasticity,weight,frame,x,y,z
1,0.1532,4.15093,1,-0.40319,0.27821,0.02841
2,0.51312,4.15093,1,-0.38581,0.30109,0.04679
3,0.47745,4.15093,1,-0.39126,0.3003,0.04526
4,0.2562,4.15093,1,-0.39082,0.28145,0.0329
5,0.60603,4.15093,1,-0.37159,0.30313,0.05063
6,0.12267,4.15093,1,-0.40706,0.27723,0.02693
7,0.39539,4.15093,1,-0.40378,0.2985,0.0416
8,0.14949,4.15093,1,-0.40366,0.27809,0.02824
9,0.23151,4.15093,1,-0.39359,0.2809,0.03217
10,0.12773,4.15093,1,-0.40641,0.27739,0.02718
11,0.28183,4.15093,1,-0.38782,0.28238,0.03412
12,0.35382,4.15093,1,-0.40607,0.29729,0.03864
13,0.28966,4.15093,1,-0.38691,0.28267,0.03449
14,0.3322,4.15093,1,-0.40874,0.2967,0.03756
15,0.86379,4.15093,1,-0.33207,0.30871,0.06015
16,0.6333,4.15093,1,-0.36707,0.30361,0.0503
17,0.74284,4.15093,1,-0.35034,0.30604,0.05475
18,0.65242,4.15093,1,-0.36416,0.30404,0.05111
19,0.51669,4.15093,1,-0.38527,0.30116,0.04695
20,0.91848,4.15093,1,-0.3255,0.31024,0.06986
