particle,elasticity,weight,frame,x,y,z
1,0.71594,8.24332,1,0.04475,-0.39012,0.05742
1,0.71594,8.24332,2,0.21659,-0.37568,0.05823
2,0.10158,8.24332,1,0.04475,-0.39012,0.05742
2,0.10158,8.24332,2,0.22893,-0.42194,0.04941
3,0.94213,8.24332,1,0.04475,-0.39012,0.05742
3,0.94213,8.24332,2,0.21293,-0.35839,0.06111
4,0.84962,8.24332,1,0.04475,-0.39012,0.05742
4,0.84962,8.24332,2,0.21442,-0.36545,0.05984
5,0.12875,8.24332,1,0.04475,-0.39012,0.05742
5,0.12875,8.24332,2,0.22827,-0.41997,0.04982
6,0.95972,8.24332,1,0.04475,-0.39012,0.05742
6,0.95972,8.24332,2,0.21265,-0.35705,0.06135
7,0.27682,8.24332,1,0.04475,-0.39012,0.05742
7,0.27682,8.24332,2,0.22491,-0.40905,0.05184
8,0.83656,8.24332,1,0.04475,-0.39012,0.05742
8,0.83656,8.24332,2,0.21464,-0.36644,0.05966
9,0.03587,8.24332,1,0.04475,-0.39012,0.05742
9,0.03587,8.24332,2,0.23052,-0.42669,0.0486
10,0.98735,8.24332,1,0.04475,-0.39012,0.05742
10,0.98735,8.24332,2,0.21222,-0.35494,0.06173
11,0.85407,8.24332,1,0.04475,-0.39012,0.05742
11,0.85407,8.24332,2,0.21435,-0.36511,0.0599
12,0.61622,8.24332,1,0.04475,-0.39012,0.05742
12,0.61622,8.24332,2,0.21831,-0.38332,0.05689
13,0.56531,8.24332,1,0.04475,-0.39012,0.05742
13,0.56531,8.24332,2,0.21921,-0.38721,0.05619
14,0.72456,8.24332,1,0.04475,-0.39012,0.05742
14,0.72456,8.24332,2,0.21645,-0.37502,0.05834
15,0.83617,8.24332,1,0.04475,-0.39012,0.05742
15,0.83617,8.24332,2,0.21464,-0.36647,0.05966
16,0.93489,8.24332,1,0.04475,-0.39012,0.05742
16,0.93489,8.24332,2,0.21305,-0.35894,0.06101
17,0.51136,8.24332,1,0.04475,-0.39012,0.05742
17,0.51136,8.24332,2,0.22019,-0.39133,0.05542
18,0.87738,8.24332,1,0.04475,-0.39012,0.05742
18,0.87738,8.24332,2,0.21397,-0.36333,0.06022
19,0.73717,8.24332,1,0.04475,-0.39012,0.05742
19,0.73717,8.24332,2,0.21624,-0.37406,0.0585
20,0.8373,8.24332,1,0.04475,-0.39012,0.05742
20,0.8373,8.24332,2,0.21463,-0.36639,0.05967
