particle,elasticity,weight,frame,x,y,z
1,0.84812,4.15093,1,-0.048,-0.24573,0.80648
2,0.80325,4.15093,1,-0.048,-0.24573,0.80648
3,0.49428,4.15093,1,-0.048,-0.24573,0.80648
4,0.15691,4.15093,1,-0.048,-0.24573,0.80648
5,0.83051,4.15093,1,-0.048,-0.24573,0.80648
6,0.70195,4.15093,1,-0.048,-0.24573,0.80648
7,0.96854,4.15093,1,-0.048,-0.24573,0.80648
8,0.12564,4.15093,1,-0.048,-0.24573,0.80648
9,0.09009,4.15093,1,-0.048,-0.24573,0.80648
10,0.26448,4.15093,1,-0.048,-0.24573,0.80648
11,0.0942,4.15093,1,-0.048,-0.24573,0.80648
12,0.49346,4.15093,1,-0.048,-0.24573,0.80648
13,0.08172,4.15093,1,-0.048,-0.24573,0.80648
14,0.70427,4.15093,1,-0.048,-0.24573,0.80648
15,0.97611,4.15093,1,-0.048,-0.24573,0.80648
16,0.75543,4.15093,1,-0.048,-0.24573,0.80648
17,0.98411,4.15093,1,-0.048,-0.24573,0.80648
18,0.91087,4.15093,1,-0.048,-0.24573,0.80648
19,0.57907,4.15093,1,-0.048,-0.24573,0.80648
20,0.81906,4.15093,1,-0.048,-0.24573,0.80648
