particle,elasticity,weight,frame,x,y,z
1,0.74727,4.15093,1,-0.3614,-0.14767,0.3254
2,0.74571,4.15093,1,-0.3614,-0.14767,0.3254
3,0.94152,4.15093,1,-0.3614,-0.14767,0.3254
4,0.7353,4.15093,1,-0.3614,-0.14767,0.3254
5,0.38957,4.15093,1,-0.3614,-0.14767,0.3254
6,0.32146,4.15093,1,-0.3614,-0.14767,0.3254
7,0.34538,4.15093,1,-0.3614,-0.14767,0.3254
8,0.59295,4.15093,1,-0.3614,-0.14767,0.3254
9,0.38051,4.15093,1,-0.3614,-0.14767,0.3254
10,0.61531,4.15093,1,-0.3614,-0.14767,0.3254
11,0.93421,4.15093,1,-0.3614,-0.14767,0.3254
12,0.99668,4.15093,1,-0.3614,-0.14767,0.3254
13,0.0581,4.15093,1,-0.3614,-0.14767,0.3254
14,0.02327,4.15093,1,-0.3614,-0.14767,0.3254
15,0.24596,4.15093,1,-0.3614,-0.14767,0.3254
16,0.11647,4.15093,1,-0.3614,-0.14767,0.3254
17,0.12717,4.15093,1,-0.3614,-0.14767,0.3254
18,0.76631,4.15093,1,-0.3614,-0.14767,0.3254
19,0.8612,4.15093,1,-0.3614,-0.14767,0.3254
20,0.3317,4.15093,1,-0.3614,-0.14767,0.3254
