particle,elasticity,weight,frame,x,y,z
1,0.8563,4.15093,1,-0.04782,-0.18239,0.49763
2,0.42202,4.15093,1,-0.04782,-0.18239,0.49763
3,0.17604,4.15093,1,-0.04782,-0.18239,0.49763
4,0.11697,4.15093,1,-0.04782,-0.18239,0.49763
5,0.57482,4.15093,1,-0.04782,-0.18239,0.49763
6,0.84069,4.15093,1,-0.04782,-0.18239,0.49763
7,0.14685,4.15093,1,-0.04782,-0.18239,0.49763
8,0.82774,4.15093,1,-0.04782,-0.18239,0.49763
9,0.918,4.15093,1,-0.04782,-0.18239,0.49763
10,0.77882,4.15093,1,-0.04782,-0.18239,0.49763
11,0.08831,4.15093,1,-0.04782,-0.18239,0.49763
12,0.416,4.15093,1,-0.04782,-0.18239,0.49763
13,0.05966,4.15093,1,-0.04782,-0.18239,0.49763
14,0.3336,4.15093,1,-0.04782,-0.18239,0.49763
15,0.34391,4.15093,1,-0.04782,-0.18239,0.49763
16,0.06126,4.15093,1,-0.04782,-0.18239,0.49763
17,0.13839,4.15093,1,-0.04782,-0.18239,0.49763
18,0.49324,4.15093,1,-0.04782,-0.18239,0.49763
19,0.37241,4.15093,1,-0.04782,-0.18239,0.49763
20,0.2788,4.15093,1,-0.04782,-0.18239,0.49763
