particle,elasticity,weight,frame,x,y,z
1,0.29443,4.15093,1,0.37206,-0.34759,0.29588
2,0.47477,4.15093,1,0.35443,-0.35301,0.30156
3,0.14826,4.15093,1,0.38812,-0.34388,0.29131
4,0.31284,4.15093,1,0.37015,-0.3481,0.29645
5,0.69005,4.15093,1,0.35057,-0.36433,0.31275
6,0.68513,4.15093,1,0.35078,-0.36411,0.31262
7,0.49264,4.15093,1,0.35301,-0.35364,0.30216
8,0.79565,4.15093,1,0.34649,-0.36922,0.31553
9,0.90394,4.15093,1,0.3449,-0.37492,0.31811
10,0.32699,4.15093,1,0.36869,-0.34849,0.2969
11,0.07125,4.15093,1,0.39718,-0.34218,0.2889
12,0.2975,4.15093,1,0.37174,-0.34767,0.29597
13,0.844,4.15093,1,0.34491,-0.37155,0.31678
14,0.59064,4.15093,1,0.34549,-0.35723,0.30551
15,0.76359,4.15093,1,0.34764,-0.3677,0.31469
16,0.77856,4.15093,1,0.34709,-0.3684,0.31508
17,0.87926,4.15093,1,0.34386,-0.3733,0.31769
18,0.13053,4.15093,1,0.39017,-0.34348,0.29075
19,0.11007,4.15093,1,0.39257,-0.34302,0.29011
20,0.43267,4.15093,1,0.3583,-0.35165,0.30022
