particle,elasticity,weight,frame,x,y,z
1,0.25288,4.15093,1,0.41973,0.30907,0.68633
2,0.00038,4.15093,1,0.43384,0.31043,0.68969
3,0.67842,4.15093,1,0.39579,0.30646,0.68074
4,0.16004,4.15093,1,0.42493,0.30959,0.68756
5,0.09803,4.15093,1,0.42839,0.30992,0.68839
6,0.82944,4.15093,1,0.38725,0.30545,0.67877
7,0.8937,4.15093,1,0.38361,0.30501,0.67794
8,0.13479,4.15093,1,0.42634,0.30972,0.6879
9,0.2356,4.15093,1,0.4207,0.30917,0.68656
10,0.83168,4.15093,1,0.38712,0.30544,0.67875
11,0.29283,4.15093,1,0.4175,0.30884,0.6858
12,0.27344,4.15093,1,0.41858,0.30895,0.68606
13,0.54775,4.15093,1,0.40316,0.3073,0.68245
14,0.09464,4.15093,1,0.42858,0.30994,0.68843
15,0.60722,4.15093,1,0.39981,0.30692,0.68167
16,0.41749,4.15093,1,0.4105,0.3081,0.68416
17,0.7549,4.15093,1,0.39147,0.30595,0.67974
18,0.91094,4.15093,1,0.38263,0.30489,0.67772
19,0.5798,4.15093,1,0.40136,0.3071,0.68203
20,0.69404,4.15093,1,0.39491,0.30636,0.68053
