particle,elasticity,weight,frame,x,y,z
1,0.16285,4.15093,1,-0.2756,0.00098,0.42508
2,0.96603,4.15093,1,-0.2756,0.00098,0.42508
3,0.70511,4.15093,1,-0.2756,0.00098,0.42508
4,0.76172,4.15093,1,-0.2756,0.00098,0.42508
5,0.941,4.15093,1,-0.2756,0.00098,0.42508
6,0.71595,4.15093,1,-0.2756,0.00098,0.42508
7,0.39791,4.15093,1,-0.2756,0.00098,0.42508
8,0.28734,4.15093,1,-0.2756,0.00098,0.42508
9,0.65031,4.15093,1,-0.2756,0.00098,0.42508
10,0.62726,4.15093,1,-0.2756,0.00098,0.42508
11,0.66121,4.15093,1,-0.2756,0.00098,0.42508
12,0.14191,4.15093,1,-0.2756,0.00098,0.42508
13,0.64273,4.15093,1,-0.2756,0.00098,0.42508
14,0.61663,4.15093,1,-0.2756,0.00098,0.42508
15,0.53432,4.15093,1,-0.2756,0.00098,0.42508
16,0.85168,4.15093,1,-0.2756,0.00098,0.42508
17,0.44535,4.15093,1,-0.2756,0.00098,0.42508
18,0.3071,4.15093,1,-0.2756,0.00098,0.42508
19,0.0956,4.15093,1,-0.2756,0.00098,0.42508
20,0.32562,4.15093,1,-0.2756,0.00098,0.42508
