particle,elasticity,weight,frame,x,y,z
1,0.26167,8.17314,1,-0.14639,0.44609,0.73613
1,0.26167,8.17314,2,-0.3968,0.40102,0.93334
2,0.74049,8.17314,1,-0.14639,0.44609,0.73613
2,0.74049,8.17314,2,-0.38492,0.33942,0.9235
3,0.66383,8.17314,1,-0.14639,0.44609,0.73613
3,0.66383,8.17314,2,-0.38684,0.34929,0.92506
4,0.87498,8.17314,1,-0.14639,0.44609,0.73613
4,0.87498,8.17314,2,-0.38154,0.32211,0.92076
5,0.78016,8.17314,1,-0.14639,0.44609,0.73613
5,0.78016,8.17314,2,-0.38392,0.33431,0.92269
6,0.85166,8.17314,1,-0.14639,0.44609,0.73613
6,0.85166,8.17314,2,-0.38212,0.32511,0.92123
7,0.30439,8.17314,1,-0.14639,0.44609,0.73613
7,0.30439,8.17314,2,-0.39575,0.39552,0.93245
8,0.06426,8.17314,1,-0.14639,0.44609,0.73613
8,0.06426,8.17314,2,-0.40162,0.42638,0.93744
9,0.00832,8.17314,1,-0.14639,0.44609,0.73613
9,0.00832,8.17314,2,-0.40298,0.43356,0.9386
10,0.36448,8.17314,1,-0.14639,0.44609,0.73613
10,0.36448,8.17314,2,-0.39427,0.3878,0.93121
11,0.72708,8.17314,1,-0.14639,0.44609,0.73613
11,0.72708,8.17314,2,-0.38526,0.34115,0.92377
12,0.46221,8.17314,1,-0.14639,0.44609,0.73613
12,0.46221,8.17314,2,-0.39186,0.37523,0.9292
13,0.08702,8.17314,1,-0.14639,0.44609,0.73613
13,0.08702,8.17314,2,-0.40107,0.42345,0.93696
14,0.40359,8.17314,1,-0.14639,0.44609,0.73613
14,0.40359,8.17314,2,-0.39331,0.38277,0.9304
15,0.20033,8.17314,1,-0.14639,0.44609,0.73613
15,0.20033,8.17314,2,-0.39831,0.4089,0.93461
16,0.50456,8.17314,1,-0.14639,0.44609,0.73613
16,0.50456,8.17314,2,-0.39081,0.36978,0.92833
17,0.93049,8.17314,1,-0.14639,0.44609,0.73613
17,0.93049,8.17314,2,-0.38013,0.31496,0.91963
18,0.37449,8.17314,1,-0.14639,0.44609,0.73613
18,0.37449,8.17314,2,-0.39403,0.38651,0.931
19,0.99155,8.17314,1,-0.14639,0.44609,0.73613
19,0.99155,8.17314,2,-0.37859,0.30709,0.9184
20,0.75007,8.17314,1,-0.14639,0.44609,0.73613
20,0.75007,8.17314,2,-0.38468,0.33819,0.9233
