particle,elasticity,weight,frame,x,y,z
1,0.46767,8.00646,1,0.41746,0.22191,0.90044
1,0.46767,8.00646,2,0.37864,0.12445,0.91374
2,0.89242,7.88696,1,0.39654,0.22005,0.89538
2,0.89242,7.88696,2,0.30873,0.1336,0.8814
3,0.35872,8.02926,1,0.4228,0.22234,0.90174
3,0.35872,8.02926,2,0.39109,0.1356,0.91952
4,0.38727,8.02359,1,0.4214,0.22223,0.9014
4,0.38727,8.02359,2,0.38841,0.13435,0.91747
5,0.01862,8.07322,1,0.43584,0.22386,0.90501
5,0.01862,8.07322,2,0.41231,0.14736,0.94002
6,0.27069,8.04536,1,0.42711,0.22267,0.9028
6,0.27069,8.04536,2,0.40452,0.14041,0.92472
7,0.73297,7.93757,1,0.40441,0.22079,0.89727
7,0.73297,7.93757,2,0.36846,0.13589,0.86973
8,0.26016,8.04715,1,0.42762,0.22271,0.90293
8,0.26016,8.04715,2,0.40531,0.1407,0.92535
9,0.82164,7.91028,1,0.40004,0.22039,0.89622
9,0.82164,7.91028,2,0.35699,0.13464,0.86111
10,0.96409,7.86195,1,0.39299,0.21971,0.89453
10,0.96409,7.86195,2,0.29857,0.13199,0.87696
11,0.32712,8.03528,1,0.42435,0.22246,0.90212
11,0.32712,8.03528,2,0.40028,0.13856,0.9214
12,0.82993,7.90762,1,0.39963,0.22035,0.89612
12,0.82993,7.90762,2,0.35591,0.13453,0.86031
13,0.71193,7.94373,1,0.40545,0.22088,0.89752
13,0.71193,7.94373,2,0.37115,0.13617,0.8718
14,0.89132,7.88734,1,0.39659,0.22006,0.89539
14,0.89132,7.88734,2,0.30889,0.13363,0.88147
15,0.39256,8.02252,1,0.42114,0.22221,0.90134
15,0.39256,8.02252,2,0.38791,0.13411,0.9171
16,0.4492,8.01055,1,0.41837,0.22199,0.90066
16,0.4492,8.01055,2,0.37862,0.12512,0.91556
17,0.81414,7.91267,1,0.40041,0.22042,0.89631
17,0.81414,7.91267,2,0.35797,0.13475,0.86183
18,0.10416,8.06202,1,0.43179,0.22356,0.904
18,0.10416,8.06202,2,0.40389,0.14577,0.93429
19,0.7719,7.92585,1,0.40249,0.22061,0.89681
19,0.7719,7.92585,2,0.36345,0.13535,0.86593
20,0.34769,8.03139,1,0.42334,0.22238,0.90188
20,0.34769,8.03139,2,0.3921,0.13606,0.92032
