particle,elasticity,weight,frame,x,y,z
1,0.51826,4.15093,1,-0.234,0.35387,0.62655
2,0.38353,4.15093,1,-0.234,0.35387,0.62655
3,0.0465,4.15093,1,-0.234,0.35387,0.62655
4,0.52188,4.15093,1,-0.234,0.35387,0.62655
5,0.58949,4.15093,1,-0.234,0.35387,0.62655
6,0.87736,4.15093,1,-0.234,0.35387,0.62655
7,0.48803,4.15093,1,-0.234,0.35387,0.62655
8,0.86102,4.15093,1,-0.234,0.35387,0.62655
9,0.65875,4.15093,1,-0.234,0.35387,0.62655
10,0.27057,4.15093,1,-0.234,0.35387,0.62655
11,0.44365,4.15093,1,-0.234,0.35387,0.62655
12,0.84384,4.15093,1,-0.234,0.35387,0.62655
13,0.12425,4.15093,1,-0.234,0.35387,0.62655
14,0.07925,4.15093,1,-0.234,0.35387,0.62655
15,0.57232,4.15093,1,-0.234,0.35387,0.62655
16,0.05038,4.15093,1,-0.234,0.35387,0.62655
17,0.55388,4.15093,1,-0.234,0.35387,0.62655
18,0.27244,4.15093,1,-0.234,0.35387,0.62655
19,0.1843,4.15093,1,-0.234,0.35387,0.62655
20,0.90891,4.15093,1,-0.234,0.35387,0.62655
