particle,elasticity,weight,frame,x,y,z
1,0.0452,8.19964,1,-0.09658,0.08223,0.55035
1,0.0452,8.19964,2,-0.12842,0.37072,0.25345
2,0.21721,8.19964,1,-0.09658,0.08223,0.55035
2,0.21721,8.19964,2,-0.12842,0.37072,0.25345
3,0.94012,8.19964,1,-0.09658,0.08223,0.55035
3,0.94012,8.19964,2,-0.12842,0.37072,0.25345
4,0.19482,8.19964,1,-0.09658,0.08223,0.55035
4,0.19482,8.19964,2,-0.12842,0.37072,0.25345
5,0.86977,8.19964,1,-0.09658,0.08223,0.55035
5,0.86977,8.19964,2,-0.12842,0.37072,0.25345
6,0.01522,8.19964,1,-0.09658,0.08223,0.55035
6,0.01522,8.19964,2,-0.12842,0.37072,0.25345
7,0.84486,8.19964,1,-0.09658,0.08223,0.55035
7,0.84486,8.19964,2,-0.12842,0.37072,0.25345
8,0.86025,8.19964,1,-0.09658,0.08223,0.55035
8,0.86025,8.19964,2,-0.12842,0.37072,0.25345
9,0.17751,8.19964,1,-0.09658,0.08223,0.55035
9,0.17751,8.19964,2,-0.12842,0.37072,0.25345
10,0.46679,8.19964,1,-0.09658,0.08223,0.55035
10,0.46679,8.19964,2,-0.12842,0.37072,0.25345
11,0.1311,8.19964,1,-0.09658,0.08223,0.55035
11,0.1311,8.19964,2,-0.12842,0.37072,0.25345
12,0.13694,8.19964,1,-0.09658,0.08223,0.55035
12,0.13694,8.19964,2,-0.12842,0.37072,0.25345
13,0.81038,8.19964,1,-0.09658,0.08223,0.55035
13,0.81038,8.19964,2,-0.12842,0.37072,0.25345
14,0.84085,8.19964,1,-0.09658,0.08223,0.55035
14,0.84085,8.19964,2,-0.12842,0.37072,0.25345
15,0.45612,8.19964,1,-0.09658,0.08223,0.55035
15,0.45612,8.19964,2,-0.12842,0.37072,0.25345
16,0.24283,8.19964,1,-0.09658,0.08223,0.55035
16,0.24283,8.19964,2,-0.12842,0.37072,0.25345
17,0.92364,8.19964,1,-0.09658,0.08223,0.55035
17,0.92364,8.19964,2,-0.12842,0.37072,0.25345
18,0.43069,8.19964,1,-0.09658,0.08223,0.55035
18,0.43069,8.19964,2,-0.12842,0.37072,0.25345
19,0.16826,8.19964,1,-0.09658,0.08223,0.55035
19,0.16826,8.19964,2,-0.12842,0.37072,0.25345
20,0.62503,8.19964,1,-0.09658,0.08223,0.55035
20,0.62503,8.19964,2,-0.12842,0.37072,0.25345
