particle,elasticity,weight,frame,x,y,z
1,0.08075,8.24754,1,0.10529,-0.066,0.50675
1,0.08075,8.24754,2,-0.17264,-0.17249,0.48876
2,0.89385,8.24754,1,0.10529,-0.066,0.50675
2,0.89385,8.24754,2,-0.17264,-0.17249,0.48876
3,0.6742,8.24754,1,0.10529,-0.066,0.50675
3,0.6742,8.24754,2,-0.17264,-0.17249,0.48876
4,0.72793,8.24754,1,0.10529,-0.066,0.50675
4,0.72793,8.24754,2,-0.17264,-0.17249,0.48876
5,0.67563,8.24754,1,0.10529,-0.066,0.50675
5,0.67563,8.24754,2,-0.17264,-0.17249,0.48876
6,0.49116,8.24754,1,0.10529,-0.066,0.50675
6,0.49116,8.24754,2,-0.17264,-0.17249,0.48876
7,0.6745,8.24754,1,0.10529,-0.066,0.50675
7,0.6745,8.24754,2,-0.17264,-0.17249,0.48876
8,0.77055,8.24754,1,0.10529,-0.066,0.50675
8,0.77055,8.24754,2,-0.17264,-0.17249,0.48876
9,0.63024,8.24754,1,0.10529,-0.066,0.50675
9,0.63024,8.24754,2,-0.17264,-0.17249,0.48876
10,0.67221,8.24754,1,0.10529,-0.066,0.50675
10,0.67221,8.24754,2,-0.17264,-0.17249,0.48876
11,0.24938,8.24754,1,0.10529,-0.066,0.50675
11,0.24938,8.24754,2,-0.17264,-0.17249,0.48876
12,0.34919,8.24754,1,0.10529,-0.066,0.50675
12,0.34919,8.24754,2,-0.17264,-0.17249,0.48876
13,0.07335,8.24754,1,0.10529,-0.066,0.50675
13,0.07335,8.24754,2,-0.17264,-0.17249,0.48876
14,0.0707,8.24754,1,0.10529,-0.066,0.50675
14,0.0707,8.24754,2,-0.17264,-0.17249,0.48876
15,0.86013,8.24754,1,0.10529,-0.066,0.50675
15,0.86013,8.24754,2,-0.17264,-0.17249,0.48876
16,0.3381,8.24754,1,0.10529,-0.066,0.50675
16,0.3381,8.24754,2,-0.17264,-0.17249,0.48876
17,0.11853,8.24754,1,0.10529,-0.066,0.50675
17,0.11853,8.24754,2,-0.17264,-0.17249,0.48876
18,0.66419,8.24754,1,0.10529,-0.066,0.50675
18,0.66419,8.24754,2,-0.17264,-0.17249,0.48876
19,0.55938,8.24754,1,0.10529,-0.066,0.50675
19,0.55938,8.24754,2,-0.17264,-0.17249,0.48876
20,0.23023,8.24754,1,0.10529,-0.066,0.50675
20,0.23023,8.24754,2,-0.17264,-0.17249,0.48876
