particle,elasticity,weight,frame,x,y,z
1,0.30589,8.28626,1,-0.03824,0.03348,0.26465
1,0.30589,8.28626,2,-0.01643,0.17649,0.20449
2,0.04264,8.28626,1,-0.03824,0.03348,0.26465
2,0.04264,8.28626,2,-0.01643,0.17649,0.20449
3,0.64259,8.28626,1,-0.03824,0.03348,0.26465
3,0.64259,8.28626,2,-0.01643,0.17649,0.20449
4,0.55049,8.28626,1,-0.03824,0.03348,0.26465
4,0.55049,8.28626,2,-0.01643,0.17649,0.20449
5,0.16885,8.28626,1,-0.03824,0.03348,0.26465
5,0.16885,8.28626,2,-0.01643,0.17649,0.20449
6,0.95402,8.28626,1,-0.03824,0.03348,0.26465
6,0.95402,8.28626,2,-0.01643,0.17649,0.20449
7,0.14279,8.28626,1,-0.03824,0.03348,0.26465
7,0.14279,8.28626,2,-0.01643,0.17649,0.20449
8,0.46377,8.28626,1,-0.03824,0.03348,0.26465
8,0.46377,8.28626,2,-0.01643,0.17649,0.20449
9,0.39809,8.28626,1,-0.03824,0.03348,0.26465
9,0.39809,8.28626,2,-0.01643,0.17649,0.20449
10,0.55613,8.28626,1,-0.03824,0.03348,0.26465
10,0.55613,8.28626,2,-0.01643,0.17649,0.20449
11,0.29891,8.28626,1,-0.03824,0.03348,0.26465
11,0.29891,8.28626,2,-0.01643,0.17649,0.20449
12,0.88617,8.28626,1,-0.03824,0.03348,0.26465
12,0.88617,8.28626,2,-0.01643,0.17649,0.20449
13,0.59089,8.28626,1,-0.03824,0.03348,0.26465
13,0.59089,8.28626,2,-0.01643,0.17649,0.20449
14,0.76664,8.28626,1,-0.03824,0.03348,0.26465
14,0.76664,8.28626,2,-0.01643,0.17649,0.20449
15,0.3319,8.28626,1,-0.03824,0.03348,0.26465
15,0.3319,8.28626,2,-0.01643,0.17649,0.20449
16,0.23832,8.28626,1,-0.03824,0.03348,0.26465
16,0.23832,8.28626,2,-0.01643,0.17649,0.20449
17,0.39045,8.28626,1,-0.03824,0.03348,0.26465
17,0.39045,8.28626,2,-0.01643,0.17649,0.20449
18,0.89551,8.28626,1,-0.03824,0.03348,0.26465
18,0.89551,8.28626,2,-0.01643,0.17649,0.20449
19,0.01242,8.28626,1,-0.03824,0.03348,0.26465
19,0.01242,8.28626,2,-0.01643,0.17649,0.20449
20,0.85397,8.28626,1,-0.03824,0.03348,0.26465
20,0.85397,8.28626,2,-0.01643,0.17649,0.20449
