particle,elasticity,weight,frame,x,y,z
1,0.97692,4.15093,1,0.22471,-0.33967,0.59416
2,0.72255,4.15093,1,0.22471,-0.33967,0.59416
3,0.55789,4.15093,1,0.22471,-0.33967,0.59416
4,0.62438,4.15093,1,0.22471,-0.33967,0.59416
5,0.30019,4.15093,1,0.22471,-0.33967,0.59416
6,0.16376,4.15093,1,0.22471,-0.33967,0.59416
7,0.06533,4.15093,1,0.22471,-0.33967,0.59416
8,0.90739,4.15093,1,0.22471,-0.33967,0.59416
9,0.97791,4.15093,1,0.22471,-0.33967,0.59416
10,0.27374,4.15093,1,0.22471,-0.33967,0.59416
11,0.63853,4.15093,1,0.22471,-0.33967,0.59416
12,0.37053,4.15093,1,0.22471,-0.33967,0.59416
13,0.62882,4.15093,1,0.22471,-0.33967,0.59416
14,0.63443,4.15093,1,0.22471,-0.33967,0.59416
15,0.6506,4.15093,1,0.22471,-0.33967,0.59416
16,0.06204,4.15093,1,0.22471,-0.33967,0.59416
17,0.74696,4.15093,1,0.22471,-0.33967,0.59416
18,0.5973,4.15093,1,0.22471,-0.33967,0.59416
19,0.78984,4.15093,1,0.22471,-0.33967,0.59416
20,0.75672,4.15093,1,0.22471,-0.33967,0.59416
