particle,elasticity,weight,frame,x,y,z
1,0.09954,8.27353,1,0.43419,-0.01843,0.02729
1,0.09954,8.27353,2,0.42173,-0.06703,0.03915
2,0.74152,8.22738,1,0.41874,-0.01479,0.06033
2,0.74152,8.22738,2,0.29221,-0.04991,0.14733
3,0.34824,8.27961,1,0.42846,-0.01659,0.03457
3,0.34824,8.27961,2,0.3706,-0.05551,0.063
4,0.60218,8.25726,1,0.42155,-0.01593,0.0504
4,0.60218,8.25726,2,0.31363,-0.05668,0.11075
5,0.34381,8.27972,1,0.42859,-0.0166,0.03429
5,0.34381,8.27972,2,0.37173,-0.05541,0.06218
6,0.74692,8.22588,1,0.41863,-0.01473,0.06075
6,0.74692,8.22588,2,0.29141,-0.04952,0.14907
7,0.9668,8.17123,1,0.41536,-0.01397,0.07342
7,0.9668,8.17123,2,0.26283,-0.04662,0.20054
8,0.99665,8.16454,1,0.415,-0.01402,0.07474
8,0.99665,8.16454,2,0.25922,-0.04743,0.20576
9,0.33727,8.27987,1,0.42879,-0.0166,0.03388
9,0.33727,8.27987,2,0.37348,-0.05515,0.06153
10,0.72458,8.23195,1,0.41907,-0.01497,0.05902
10,0.72458,8.23195,2,0.29475,-0.05114,0.14193
11,0.66846,8.2456,1,0.42023,-0.01555,0.05472
11,0.66846,8.2456,2,0.30359,-0.05501,0.12434
12,0.04855,8.27171,1,0.43525,-0.01867,0.0253
12,0.04855,8.27171,2,0.42415,-0.06757,0.03711
13,0.91295,8.18287,1,0.41602,-0.01389,0.07104
13,0.91295,8.18287,2,0.26945,-0.04515,0.19111
14,0.02474,8.27069,1,0.43574,-0.01878,0.02438
14,0.02474,8.27069,2,0.42644,-0.0678,0.03624
15,0.49251,8.2703,1,0.4241,-0.01628,0.04392
15,0.49251,8.2703,2,0.33392,-0.05673,0.0943
16,0.44029,8.27496,1,0.42568,-0.01643,0.0405
16,0.44029,8.27496,2,0.34715,-0.05658,0.08276
17,0.62125,8.25434,1,0.42118,-0.01585,0.05156
17,0.62125,8.25434,2,0.31081,-0.0565,0.11385
18,0.82155,8.20286,1,0.41724,-0.0139,0.0666
18,0.82155,8.20286,2,0.28108,-0.04372,0.17348
19,0.90466,8.18462,1,0.41612,-0.01388,0.07067
19,0.90466,8.18462,2,0.27049,-0.04493,0.18965
20,0.70208,8.2377,1,0.41953,-0.01521,0.05729
20,0.70208,8.2377,2,0.29822,-0.05273,0.13482
