particle,elasticity,weight,frame,x,y,z
1,0.71819,4.15093,1,0.32028,-0.40234,0.35673
2,0.6093,4.15093,1,0.32111,-0.40729,0.35581
3,0.56872,4.15093,1,0.32142,-0.40913,0.35547
4,0.7327,4.15093,1,0.32017,-0.40168,0.35686
5,0.66496,4.15093,1,0.32069,-0.40476,0.35628
6,0.83739,4.15093,1,0.31937,-0.39691,0.35774
7,0.39358,4.15093,1,0.32274,-0.41709,0.35398
8,0.80182,4.15093,1,0.31964,-0.39853,0.35744
9,0.71004,4.15093,1,0.32034,-0.40271,0.35667
10,0.15555,4.15093,1,0.32451,-0.42789,0.35195
11,0.83633,4.15093,1,0.31938,-0.39696,0.35773
12,0.83268,4.15093,1,0.31941,-0.39713,0.3577
13,0.99675,4.15093,1,0.31814,-0.38966,0.35908
14,0.101,4.15093,1,0.32491,-0.43036,0.35148
15,0.10305,4.15093,1,0.3249,-0.43027,0.3515
16,0.82631,4.15093,1,0.31945,-0.39742,0.35765
17,0.00203,4.15093,1,0.32564,-0.43485,0.35063
18,0.11877,4.15093,1,0.32478,-0.42956,0.35163
19,0.79401,4.15093,1,0.3197,-0.39889,0.35737
20,0.19046,4.15093,1,0.32425,-0.42631,0.35225
