particle,elasticity,weight,frame,x,y,z
1,0.19463,8.11734,1,-0.22533,0.1355,0.66442
1,0.19463,8.11734,2,-0.43289,-0.13423,0.47656
2,0.1801,8.11734,1,-0.22533,0.1355,0.66442
2,0.1801,8.11734,2,-0.43333,-0.13431,0.47649
3,0.64353,8.11734,1,-0.22533,0.1355,0.66442
3,0.64353,8.11734,2,-0.41933,-0.13148,0.47856
4,0.28944,8.11734,1,-0.22533,0.1355,0.66442
4,0.28944,8.11734,2,-0.43003,-0.13365,0.47698
5,0.74739,8.11734,1,-0.22533,0.1355,0.66442
5,0.74739,8.11734,2,-0.41619,-0.13084,0.47901
6,0.35222,8.11734,1,-0.22533,0.1355,0.66442
6,0.35222,8.11734,2,-0.42813,-0.13327,0.47726
7,0.41506,8.11734,1,-0.22533,0.1355,0.66442
7,0.41506,8.11734,2,-0.42623,-0.13288,0.47754
8,0.72038,8.11734,1,-0.22533,0.1355,0.66442
8,0.72038,8.11734,2,-0.417,-0.13101,0.47889
9,0.24282,8.11734,1,-0.22533,0.1355,0.66442
9,0.24282,8.11734,2,-0.43144,-0.13393,0.47677
10,0.13142,8.11734,1,-0.22533,0.1355,0.66442
10,0.13142,8.11734,2,-0.4348,-0.13461,0.47627
11,0.06336,8.11734,1,-0.22533,0.1355,0.66442
11,0.06336,8.11734,2,-0.43686,-0.13502,0.47596
12,0.98539,8.11734,1,-0.22533,0.1355,0.66442
12,0.98539,8.11734,2,-0.40898,-0.12936,0.48005
13,0.36413,8.11734,1,-0.22533,0.1355,0.66442
13,0.36413,8.11734,2,-0.42777,-0.13319,0.47732
14,0.91764,8.11734,1,-0.22533,0.1355,0.66442
14,0.91764,8.11734,2,-0.41103,-0.12979,0.47976
15,0.52452,8.11734,1,-0.22533,0.1355,0.66442
15,0.52452,8.11734,2,-0.42293,-0.13221,0.47803
16,0.49207,8.11734,1,-0.22533,0.1355,0.66442
16,0.49207,8.11734,2,-0.42391,-0.13241,0.47789
17,0.69839,8.11734,1,-0.22533,0.1355,0.66442
17,0.69839,8.11734,2,-0.41767,-0.13114,0.4788
18,0.63207,8.11734,1,-0.22533,0.1355,0.66442
18,0.63207,8.11734,2,-0.41967,-0.13155,0.47851
19,0.36658,8.11734,1,-0.22533,0.1355,0.66442
19,0.36658,8.11734,2,-0.4277,-0.13318,0.47733
20,0.35874,8.11734,1,-0.22533,0.1355,0.66442
20,0.35874,8.11734,2,-0.42794,-0.13323,0.47729
