particle,elasticity,weight,frame,x,y,z
1,0.4837,8.19757,1,0.0568,-0.16665,0.70594
1,0.4837,8.19757,2,0.38909,0.0143,0.52322
2,0.83522,8.19757,1,0.0568,-0.16665,0.70594
2,0.83522,8.19757,2,0.38909,0.0143,0.52322
3,0.9299,8.19757,1,0.0568,-0.16665,0.70594
3,0.9299,8.19757,2,0.38909,0.0143,0.52322
4,0.2687,8.19757,1,0.0568,-0.16665,0.70594
4,0.2687,8.19757,2,0.38909,0.0143,0.52322
5,0.66031,8.19757,1,0.0568,-0.16665,0.70594
5,0.66031,8.19757,2,0.38909,0.0143,0.52322
6,0.80947,8.19757,1,0.0568,-0.16665,0.70594
6,0.80947,8.19757,2,0.38909,0.0143,0.52322
7,0.50808,8.19757,1,0.0568,-0.16665,0.70594
7,0.50808,8.19757,2,0.38909,0.0143,0.52322
8,0.27961,8.19757,1,0.0568,-0.16665,0.70594
8,0.27961,8.19757,2,0.38909,0.0143,0.52322
9,0.99757,8.19757,1,0.0568,-0.16665,0.70594
9,0.99757,8.19757,2,0.38909,0.0143,0.52322
10,0.85489,8.19757,1,0.0568,-0.16665,0.70594
10,0.85489,8.19757,2,0.38909,0.0143,0.52322
11,0.06607,8.19757,1,0.0568,-0.16665,0.70594
11,0.06607,8.19757,2,0.38909,0.0143,0.52322
12,0.30124,8.19757,1,0.0568,-0.16665,0.70594
12,0.30124,8.19757,2,0.38909,0.0143,0.52322
13,0.41122,8.19757,1,0.0568,-0.16665,0.70594
13,0.41122,8.19757,2,0.38909,0.0143,0.52322
14,0.88828,8.19757,1,0.0568,-0.16665,0.70594
14,0.88828,8.19757,2,0.38909,0.0143,0.52322
15,0.27648,8.19757,1,0.0568,-0.16665,0.70594
15,0.27648,8.19757,2,0.38909,0.0143,0.52322
16,0.8727,8.19757,1,0.0568,-0.16665,0.70594
16,0.8727,8.19757,2,0.38909,0.0143,0.52322
17,0.4057,8.19757,1,0.0568,-0.16665,0.70594
17,0.4057,8.19757,2,0.38909,0.0143,0.52322
18,0.33376,8.19757,1,0.0568,-0.16665,0.70594
18,0.33376,8.19757,2,0.38909,0.0143,0.52322
19,0.69821,8.19757,1,0.0568,-0.16665,0.70594
19,0.69821,8.19757,2,0.38909,0.0143,0.52322
20,0.58569,8.19757,1,0.0568,-0.16665,0.70594
20,0.58569,8.19757,2,0.38909,0.0143,0.52322
