particle,elasticity,weight,frame,x,y,z
1,0.12274,4.15093,1,-0.0388,0.11157,0.41969
2,0.6475,4.15093,1,-0.0388,0.11157,0.41969
3,0.26867,4.15093,1,-0.0388,0.11157,0.41969
4,0.50851,4.15093,1,-0.0388,0.11157,0.41969
5,0.1487,4.15093,1,-0.0388,0.11157,0.41969
6,0.98606,4.15093,1,-0.0388,0.11157,0.41969
7,0.00653,4.15093,1,-0.0388,0.11157,0.41969
8,0.16977,4.15093,1,-0.0388,0.11157,0.41969
9,0.38204,4.15093,1,-0.0388,0.11157,0.41969
10,0.34607,4.15093,1,-0.0388,0.11157,0.41969
11,0.19655,4.15093,1,-0.0388,0.11157,0.41969
12,0.61649,4.15093,1,-0.0388,0.11157,0.41969
13,0.74703,4.15093,1,-0.0388,0.11157,0.41969
14,0.92991,4.15093,1,-0.0388,0.11157,0.41969
15,0.45928,4.15093,1,-0.0388,0.11157,0.41969
16,0.39952,4.15093,1,-0.0388,0.11157,0.41969
17,0.11058,4.15093,1,-0.0388,0.11157,0.41969
18,0.73138,4.15093,1,-0.0388,0.11157,0.41969
19,0.09728,4.15093,1,-0.0388,0.11157,0.41969
20,0.9157,4.15093,1,-0.0388,0.11157,0.41969
