particle,elasticity,weight,frame,x,y,z
1,0.76549,7.87439,1,-0.12968,-0.12847,0.89318
1,0.76549,7.87439,2,-0.35706,0.00276,0.75638
2,0.43769,8.00439,1,-0.13479,-0.12513,0.91863
2,0.43769,8.00439,2,-0.37134,0.01207,0.82715
3,0.83472,7.83819,1,-0.12859,-0.12917,0.88781
3,0.83472,7.83819,2,-0.35403,0.0008,0.74145
4,0.97944,7.75268,1,-0.12633,-0.13063,0.87658
4,0.97944,7.75268,2,-0.34768,-0.00329,0.71024
5,0.5099,7.98162,1,-0.13367,-0.12587,0.91302
5,0.5099,7.98162,2,-0.3682,0.01002,0.81155
6,0.43744,8.00446,1,-0.1348,-0.12513,0.91865
6,0.43744,8.00446,2,-0.37135,0.01208,0.8272
7,0.38587,8.01868,1,-0.1356,-0.1246,0.92265
7,0.38587,8.01868,2,-0.37359,0.01354,0.83834
8,0.20656,8.05494,1,-0.13838,-0.12277,0.93658
8,0.20656,8.05494,2,-0.38134,0.01863,0.87707
9,0.07261,8.06867,1,-0.14046,-0.1214,0.94698
9,0.07261,8.06867,2,-0.3871,0.02244,0.906
10,0.73177,7.89092,1,-0.1302,-0.12812,0.8958
10,0.73177,7.89092,2,-0.35853,0.00372,0.76366
11,0.35955,8.02528,1,-0.13601,-0.12433,0.9247
11,0.35955,8.02528,2,-0.37473,0.01429,0.84402
12,0.7674,7.87343,1,-0.12965,-0.12848,0.89304
12,0.7674,7.87343,2,-0.35698,0.00271,0.75597
13,0.05848,8.06946,1,-0.14068,-0.12126,0.94807
13,0.05848,8.06946,2,-0.38771,0.02284,0.90905
14,0.92263,7.78784,1,-0.12722,-0.13006,0.88099
14,0.92263,7.78784,2,-0.35018,-0.00168,0.72249
15,0.37519,8.02141,1,-0.13576,-0.12449,0.92348
15,0.37519,8.02141,2,-0.37405,0.01384,0.84064
16,0.78282,7.86562,1,-0.12941,-0.12864,0.89184
16,0.78282,7.86562,2,-0.3563,0.00227,0.75265
17,0.30692,8.03717,1,-0.13683,-0.1238,0.92878
17,0.30692,8.03717,2,-0.377,0.01578,0.85539
18,0.46108,7.99738,1,-0.13443,-0.12537,0.91681
18,0.46108,7.99738,2,-0.37032,0.0114,0.82209
19,0.91393,7.79304,1,-0.12735,-0.12997,0.88166
19,0.91393,7.79304,2,-0.35056,-0.00144,0.72437
20,0.3147,8.03552,1,-0.13671,-0.12388,0.92818
20,0.3147,8.03552,2,-0.37667,0.01556,0.85371
