particle,elasticity,weight,frame,x,y,z
1,0.31871,20.95579,1,0.01361,-0.16134,0.37284
1,0.31871,20.95579,2,0.15226,-0.05951,0.43266
2,0.37955,19.80338,1,-0.00752,-0.24079,0.34381
2,0.37955,19.80338,2,0.10886,-0.05012,0.41836
3,0.04331,19.72882,1,0.04029,-0.16904,0.38425
3,0.04331,19.72882,2,0.18214,-0.10477,0.44846
4,0.31871,20.95579,1,0.01361,-0.16134,0.37284
4,0.31871,20.95579,2,0.15226,-0.05951,0.43266
5,0.49289,18.94422,1,-0.0436,-0.18296,0.45185
5,0.49289,18.94422,2,0.20418,-0.03717,0.46563
6,0.04731,19.62751,1,0.01361,-0.16134,0.37284
6,0.04731,19.62751,2,0.22804,-0.03226,0.35259
7,0.37955,19.80338,1,-0.00752,-0.24079,0.34381
7,0.37955,19.80338,2,0.10886,-0.05012,0.41836
8,0.04331,19.72882,1,0.04029,-0.16904,0.38425
8,0.04331,19.72882,2,0.18214,-0.10477,0.44846
9,0.31871,20.95579,1,0.01361,-0.16134,0.37284
9,0.31871,20.95579,2,0.15226,-0.05951,0.43266
10,0.04731,19.62751,1,0.01361,-0.16134,0.37284
10,0.04731,19.62751,2,0.22804,-0.03226,0.35259
11,0.03002,17.29152,1,0.01361,-0.16134,0.37284
11,0.03002,17.29152,2,0.10112,-0.06005,0.29231
12,0.39328,16.8095,1,-0.0436,-0.18296,0.45185
12,0.39328,16.8095,2,0.20423,-0.01485,0.32811
13,0.49289,18.94422,1,-0.0436,-0.18296,0.45185
13,0.49289,18.94422,2,0.20418,-0.03717,0.46563
14,0.91646,11.41843,1,-0.11011,-0.24467,0.35868
14,0.91646,11.41843,2,0.21385,0.01942,0.33203
15,0.31871,20.95579,1,0.01361,-0.16134,0.37284
15,0.31871,20.95579,2,0.15226,-0.05951,0.43266
16,0.09593,20.02848,1,0.01361,-0.16134,0.37284
16,0.09593,20.02848,2,0.18249,-0.09508,0.34357
17,0.31871,20.95579,1,0.01361,-0.16134,0.37284
17,0.31871,20.95579,2,0.15226,-0.05951,0.43266
18,0.04266,19.84987,1,0.01361,-0.16134,0.37284
18,0.04266,19.84987,2,0.19729,0.01194,0.41399
19,0.31871,20.95579,1,0.01361,-0.16134,0.37284
19,0.31871,20.95579,2,0.15226,-0.05951,0.43266
20,0.04266,19.84987,1,0.01361,-0.16134,0.37284
20,0.04266,19.84987,2,0.19729,0.01194,0.41399
