particle,elasticity,weight,frame,x,y,z
1,0.00297,8.07963,1,0.36435,0.29122,0.19346
2,0.3835,10.47143,1,0.38137,0.36279,0.23066
3,0.55882,10.89268,1,0.38,0.35977,0.16866
4,0.3835,10.47143,1,0.38137,0.36279,0.23066
5,0.55882,10.89268,1,0.38,0.35977,0.16866
6,0.55882,10.89268,1,0.38,0.35977,0.16866
7,0.55882,10.89268,1,0.38,0.35977,0.16866
8,0.55882,10.89268,1,0.38,0.35977,0.16866
9,0.55882,10.89268,1,0.38,0.35977,0.16866
10,0.79585,7.05436,1,0.34157,0.33944,0.12362
11,0.3835,10.47143,1,0.38137,0.36279,0.23066
12,0.3835,10.47143,1,0.38137,0.36279,0.23066
13,0.55882,10.89268,1,0.38,0.35977,0.16866
14,0.18792,7.83893,1,0.38793,0.36409,0.28203
15,0.3835,10.47143,1,0.38137,0.36279,0.23066
16,0.96998,7.42329,1,0.35647,0.34964,0.29956
17,0.55882,10.89268,1,0.38,0.35977,0.16866
18,0.1123,9.16667,1,0.39154,0.30768,0.23744
19,0.18792,7.83893,1,0.38793,0.36409,0.28203
20,0.27722,8.37134,1,0.37095,0.40244,0.12469
