particle,elasticity,weight,frame,x,y,z
1,0.03894,10.63549,1,0.11352,0.09815,0.22591
2,0.99037,10.12878,1,0.17293,0.13679,0.21397
3,0.03894,10.63549,1,0.11352,0.09815,0.22591
4,0.03894,10.63549,1,0.11352,0.09815,0.22591
5,0.74658,3.03051,1,0.21132,0.02147,0.27347
6,0.99037,10.12878,1,0.17293,0.13679,0.21397
7,0.03894,10.63549,1,0.11352,0.09815,0.22591
8,0.35919,8.8551,1,0.10786,0.075,0.27158
9,0.43408,8.3941,1,0.14706,0.23326,0.20967
10,0.03894,10.63549,1,0.11352,0.09815,0.22591
11,0.20484,8.60729,1,0.18304,0.14817,0.27121
12,0.35919,8.8551,1,0.10786,0.075,0.27158
13,0.03894,10.63549,1,0.11352,0.09815,0.22591
14,0.79853,8.65512,1,0.05089,0.20158,0.16846
15,0.03894,10.63549,1,0.11352,0.09815,0.22591
16,0.03894,10.63549,1,0.11352,0.09815,0.22591
17,0.20484,8.60729,1,0.18304,0.14817,0.27121
18,0.99037,10.12878,1,0.17293,0.13679,0.21397
19,0.64071,6.6905,1,0.19502,0.07136,0.27138
20,0.90389,9.38558,1,0.1866,0.16135,0.19114
