particle,elasticity,weight,frame,x,y,z
1,0.60627,19.08287,1,-0.38798,-0.04066,0.43537
1,0.60627,19.08287,2,-0.39611,0.24435,0.65697
2,0.05165,17.96974,1,-0.39408,0.03854,0.45818
2,0.05165,17.96974,2,-0.35982,0.18814,0.58982
3,0.8366,19.84637,1,-0.37221,-0.00145,0.37333
3,0.8366,19.84637,2,-0.3244,0.1415,0.55669
4,0.74884,18.55031,1,-0.38655,-0.04092,0.43513
4,0.74884,18.55031,2,-0.36357,0.28177,0.59258
5,0.84352,19.86611,1,-0.372,-0.00149,0.37329
5,0.84352,19.86611,2,-0.32462,0.20046,0.51202
6,0.05165,17.96974,1,-0.39408,0.03854,0.45818
6,0.05165,17.96974,2,-0.35982,0.18814,0.58982
7,0.84295,21.37709,1,-0.37201,-0.00149,0.3733
7,0.84295,21.37709,2,-0.35491,0.23726,0.58961
8,0.84295,21.37709,1,-0.37201,-0.00149,0.3733
8,0.84295,21.37709,2,-0.35491,0.23726,0.58961
9,0.84295,21.37709,1,-0.37201,-0.00149,0.3733
9,0.84295,21.37709,2,-0.35491,0.23726,0.58961
10,0.05165,17.96974,1,-0.39408,0.03854,0.45818
10,0.05165,17.96974,2,-0.35982,0.18814,0.58982
11,0.05165,17.96974,1,-0.39408,0.03854,0.45818
11,0.05165,17.96974,2,-0.35982,0.18814,0.58982
12,0.84352,19.86611,1,-0.372,-0.00149,0.37329
12,0.84352,19.86611,2,-0.32462,0.20046,0.51202
13,0.84352,19.86611,1,-0.372,-0.00149,0.37329
13,0.84352,19.86611,2,-0.32462,0.20046,0.51202
14,0.05165,17.96974,1,-0.39408,0.03854,0.45818
14,0.05165,17.96974,2,-0.35982,0.18814,0.58982
15,0.81836,18.00803,1,-0.36436,-0.04603,0.40642
15,0.81836,18.00803,2,-0.33554,0.21783,0.64532
16,0.60627,19.08287,1,-0.38798,-0.04066,0.43537
16,0.60627,19.08287,2,-0.39611,0.24435,0.65697
17,0.84352,19.86611,1,-0.372,-0.00149,0.37329
17,0.84352,19.86611,2,-0.32462,0.20046,0.51202
18,0.22571,18.95094,1,-0.38989,-0.0233,0.37541
18,0.22571,18.95094,2,-0.36242,0.26966,0.60528
19,0.05165,17.96974,1,-0.39408,0.03854,0.45818
19,0.05165,17.96974,2,-0.35982,0.18814,0.58982
20,0.05165,17.96974,1,-0.39408,0.03854,0.45818
20,0.05165,17.96974,2,-0.35982,0.18814,0.58982
