particle,elasticity,weight,frame,x,y,z
1,0.34586,20.13183,1,-0.2336,0.11416,0.26086
1,0.34586,20.13183,2,-0.37241,-0.00821,0.11552
2,0.77894,17.33824,1,-0.24786,0.01809,0.37573
2,0.77894,17.33824,2,-0.33891,-0.02196,0.1985
3,0.34228,16.3733,1,-0.12259,0.15101,0.24832
3,0.34228,16.3733,2,-0.39279,-0.00621,0.09798
4,0.77894,17.33824,1,-0.24786,0.01809,0.37573
4,0.77894,17.33824,2,-0.33891,-0.02196,0.1985
5,0.81235,20.02994,1,-0.25862,0.08418,0.2876
5,0.81235,20.02994,2,-0.35778,-0.0756,0.12627
6,0.77894,17.33824,1,-0.24786,0.01809,0.37573
6,0.77894,17.33824,2,-0.33891,-0.02196,0.1985
7,0.37733,17.44034,1,-0.21845,0.17153,0.29418
7,0.37733,17.44034,2,-0.38977,-0.05133,0.24849
8,0.81111,19.92155,1,-0.25862,0.08418,0.2876
8,0.81111,19.92155,2,-0.34966,-0.0294,0.20831
9,0.81111,19.92155,1,-0.25862,0.08418,0.2876
9,0.81111,19.92155,2,-0.34966,-0.0294,0.20831
10,0.34586,20.13183,1,-0.2336,0.11416,0.26086
10,0.34586,20.13183,2,-0.37241,-0.00821,0.11552
11,0.81235,20.02994,1,-0.25862,0.08418,0.2876
11,0.81235,20.02994,2,-0.35778,-0.0756,0.12627
12,0.81111,19.92155,1,-0.25862,0.08418,0.2876
12,0.81111,19.92155,2,-0.34966,-0.0294,0.20831
13,0.81235,20.02994,1,-0.25862,0.08418,0.2876
13,0.81235,20.02994,2,-0.35778,-0.0756,0.12627
14,0.81235,20.02994,1,-0.25862,0.08418,0.2876
14,0.81235,20.02994,2,-0.35778,-0.0756,0.12627
15,0.34586,20.13183,1,-0.2336,0.11416,0.26086
15,0.34586,20.13183,2,-0.37241,-0.00821,0.11552
16,0.81235,20.02994,1,-0.25862,0.08418,0.2876
16,0.81235,20.02994,2,-0.35778,-0.0756,0.12627
17,0.81235,20.02994,1,-0.25862,0.08418,0.2876
17,0.81235,20.02994,2,-0.35778,-0.0756,0.12627
18,0.77894,17.33824,1,-0.24786,0.01809,0.37573
18,0.77894,17.33824,2,-0.33891,-0.02196,0.1985
19,0.77894,17.33824,1,-0.24786,0.01809,0.37573
19,0.77894,17.33824,2,-0.33891,-0.02196,0.1985
20,0.81235,20.02994,1,-0.25862,0.08418,0.2876
20,0.81235,20.02994,2,-0.35778,-0.0756,0.12627
