particle,elasticity,weight,frame,x,y,z
1,0.47111,11.02682,1,0.24114,-0.24572,0.61958
2,0.00781,8.75624,1,0.21479,-0.2281,0.69422
3,0.47111,11.02682,1,0.24114,-0.24572,0.61958
4,0.19116,10.06986,1,0.27093,-0.26527,0.64674
5,0.19116,10.06986,1,0.27093,-0.26527,0.64674
6,0.47111,11.02682,1,0.24114,-0.24572,0.61958
7,0.16406,10.54041,1,0.26627,-0.22427,0.65221
8,0.19116,10.06986,1,0.27093,-0.26527,0.64674
9,0.19116,10.06986,1,0.27093,-0.26527,0.64674
10,0.16406,10.54041,1,0.26627,-0.22427,0.65221
11,0.47111,11.02682,1,0.24114,-0.24572,0.61958
12,0.16406,10.54041,1,0.26627,-0.22427,0.65221
13,0.26154,8.95419,1,0.21132,-0.1903,0.68273
14,0.26154,8.95419,1,0.21132,-0.1903,0.68273
15,0.26154,8.95419,1,0.21132,-0.1903,0.68273
16,0.19116,10.06986,1,0.27093,-0.26527,0.64674
17,0.47111,11.02682,1,0.24114,-0.24572,0.61958
18,0.29262,9.83272,1,0.28698,-0.21542,0.66361
19,0.16406,10.54041,1,0.26627,-0.22427,0.65221
20,0.56433,7.49187,1,0.15305,-0.24764,0.54689
