particle,elasticity,weight,frame,x,y,z
1,0.95787,20.19548,1,0.34004,0.21834,0.76019
1,0.95787,20.19548,2,0.35952,0.21598,0.6422
2,0.52083,20.146,1,0.40303,0.26921,0.81179
2,0.52083,20.146,2,0.37709,0.20758,0.7162
3,0.05962,17.18734,1,0.34993,0.20958,0.8053
3,0.05962,17.18734,2,0.39216,0.33886,0.68739
4,0.04737,19.59433,1,0.34993,0.20958,0.8053
4,0.04737,19.59433,2,0.39656,0.21693,0.65101
5,0.95787,20.19548,1,0.34004,0.21834,0.76019
5,0.95787,20.19548,2,0.35952,0.21598,0.6422
6,0.79656,20.6497,1,0.34004,0.21834,0.76019
6,0.79656,20.6497,2,0.3705,0.23165,0.74782
7,0.08473,19.54982,1,0.34993,0.20958,0.8053
7,0.08473,19.54982,2,0.38791,0.2942,0.75003
8,0.08473,19.54982,1,0.34993,0.20958,0.8053
8,0.08473,19.54982,2,0.38791,0.2942,0.75003
9,0.52083,20.146,1,0.40303,0.26921,0.81179
9,0.52083,20.146,2,0.37709,0.20758,0.7162
10,0.64254,18.01135,1,0.37957,0.30468,0.72508
10,0.64254,18.01135,2,0.35208,0.31874,0.67599
11,0.08473,19.54982,1,0.34993,0.20958,0.8053
11,0.08473,19.54982,2,0.38791,0.2942,0.75003
12,0.52083,20.146,1,0.40303,0.26921,0.81179
12,0.52083,20.146,2,0.37709,0.20758,0.7162
13,0.95787,20.19548,1,0.34004,0.21834,0.76019
13,0.95787,20.19548,2,0.35952,0.21598,0.6422
14,0.64254,18.01135,1,0.37957,0.30468,0.72508
14,0.64254,18.01135,2,0.35208,0.31874,0.67599
15,0.08473,19.54982,1,0.34993,0.20958,0.8053
15,0.08473,19.54982,2,0.38791,0.2942,0.75003
16,0.08473,19.54982,1,0.34993,0.20958,0.8053
16,0.08473,19.54982,2,0.38791,0.2942,0.75003
17,0.52083,20.146,1,0.40303,0.26921,0.81179
17,0.52083,20.146,2,0.37709,0.20758,0.7162
18,0.52083,20.146,1,0.40303,0.26921,0.81179
18,0.52083,20.146,2,0.37709,0.20758,0.7162
19,0.52083,20.146,1,0.40303,0.26921,0.81179
19,0.52083,20.146,2,0.37709,0.20758,0.7162
20,0.08473,19.54982,1,0.34993,0.20958,0.8053
20,0.08473,19.54982,2,0.38791,0.2942,0.75003
