particle,elasticity,weight,frame,x,y,z
1,0.76345,7.00535,1,0.01496,0.0957,0.14368
2,0.23167,10.96708,1,0.09251,0.20683,0.1689
3,0.17404,10.68824,1,0.02555,0.19243,0.18328
4,0.82764,10.72466,1,0.10384,0.2063,0.20789
5,0.98615,7.11781,1,0.0444,0.27283,0.09829
6,0.96642,8.15515,1,0.03057,0.29001,0.17006
7,0.51778,9.7339,1,0.10796,0.23199,0.13698
8,0.23167,10.96708,1,0.09251,0.20683,0.1689
9,0.82764,10.72466,1,0.10384,0.2063,0.20789
10,0.82764,10.72466,1,0.10384,0.2063,0.20789
11,0.23167,10.96708,1,0.09251,0.20683,0.1689
12,0.23676,9.55584,1,0.06841,0.21143,0.11114
13,0.17404,10.68824,1,0.02555,0.19243,0.18328
14,0.82764,10.72466,1,0.10384,0.2063,0.20789
15,0.23167,10.96708,1,0.09251,0.20683,0.1689
16,0.82764,10.72466,1,0.10384,0.2063,0.20789
17,0.17404,10.68824,1,0.02555,0.19243,0.18328
18,0.23167,10.96708,1,0.09251,0.20683,0.1689
19,0.23167,10.96708,1,0.09251,0.20683,0.1689
20,0.82764,10.72466,1,0.10384,0.2063,0.20789
