particle,elasticity,weight,frame,x,y,z
1,0.77368,17.72689,1,-0.00907,0.15644,0.78023
1,0.77368,17.72689,2,0.00837,-0.17202,0.85609
2,0.77368,17.72689,1,-0.00907,0.15644,0.78023
2,0.77368,17.72689,2,0.00837,-0.17202,0.85609
3,0.45987,16.81883,1,0.05508,0.0428,0.89473
3,0.45987,16.81883,2,-0.08197,-0.1989,0.7582
4,0.49218,16.13714,1,-0.02842,0.02354,0.76341
4,0.49218,16.13714,2,-0.01375,-0.21445,0.87258
5,0.10794,18.82977,1,0.06836,0.09126,0.76951
5,0.10794,18.82977,2,-0.02988,-0.13471,0.84383
6,0.10794,18.82977,1,0.06836,0.09126,0.76951
6,0.10794,18.82977,2,-0.02988,-0.13471,0.84383
7,0.45987,16.81883,1,0.05508,0.0428,0.89473
7,0.45987,16.81883,2,-0.08197,-0.1989,0.7582
8,0.49218,16.13714,1,-0.02842,0.02354,0.76341
8,0.49218,16.13714,2,-0.01375,-0.21445,0.87258
9,0.26458,19.75448,1,2.0e-5,0.02995,0.81268
9,0.26458,19.75448,2,-0.07474,-0.24165,0.88608
10,0.26458,19.75448,1,2.0e-5,0.02995,0.81268
10,0.26458,19.75448,2,-0.07474,-0.24165,0.88608
11,0.24923,15.87067,1,2.0e-5,0.02995,0.81268
11,0.24923,15.87067,2,-0.07591,-0.3244,0.89904
12,0.77368,17.72689,1,-0.00907,0.15644,0.78023
12,0.77368,17.72689,2,0.00837,-0.17202,0.85609
13,0.26458,19.75448,1,2.0e-5,0.02995,0.81268
13,0.26458,19.75448,2,-0.07474,-0.24165,0.88608
14,0.45987,16.81883,1,0.05508,0.0428,0.89473
14,0.45987,16.81883,2,-0.08197,-0.1989,0.7582
15,0.26458,19.75448,1,2.0e-5,0.02995,0.81268
15,0.26458,19.75448,2,-0.07474,-0.24165,0.88608
16,0.45987,16.81883,1,0.05508,0.0428,0.89473
16,0.45987,16.81883,2,-0.08197,-0.1989,0.7582
17,0.77368,17.72689,1,-0.00907,0.15644,0.78023
17,0.77368,17.72689,2,0.00837,-0.17202,0.85609
18,0.49218,16.13714,1,-0.02842,0.02354,0.76341
18,0.49218,16.13714,2,-0.01375,-0.21445,0.87258
19,0.10794,18.82977,1,0.06836,0.09126,0.76951
19,0.10794,18.82977,2,-0.02988,-0.13471,0.84383
20,0.77368,17.72689,1,-0.00907,0.15644,0.78023
20,0.77368,17.72689,2,0.00837,-0.17202,0.85609
