particle,elasticity,weight,frame,x,y,z
1,0.77432,18.05836,1,-0.07656,0.39549,0.11165
1,0.77432,18.05836,2,-0.31651,0.40169,0.11515
2,0.77432,18.05836,1,-0.07656,0.39549,0.11165
2,0.77432,18.05836,2,-0.31651,0.40169,0.11515
3,0.77583,18.50969,1,-0.07656,0.39548,0.11165
3,0.77583,18.50969,2,-0.38741,0.33408,0.11384
4,0.62048,21.70023,1,-0.1307,0.39562,0.10246
4,0.62048,21.70023,2,-0.38915,0.38941,0.08208
5,0.80455,20.3827,1,-0.13034,0.39491,0.1032
5,0.80455,20.3827,2,-0.37851,0.35871,0.14437
6,0.7918,20.24487,1,-0.07654,0.39542,0.11165
6,0.7918,20.24487,2,-0.37644,0.35099,0.1105
7,0.80455,20.3827,1,-0.13034,0.39491,0.1032
7,0.80455,20.3827,2,-0.37851,0.35871,0.14437
8,0.80269,21.61475,1,-0.13035,0.39492,0.10319
8,0.80269,21.61475,2,-0.39857,0.36714,0.09852
9,0.80455,20.3827,1,-0.13034,0.39491,0.1032
9,0.80455,20.3827,2,-0.37851,0.35871,0.14437
10,0.80455,20.3827,1,-0.13034,0.39491,0.1032
10,0.80455,20.3827,2,-0.37851,0.35871,0.14437
11,0.43712,18.16942,1,-0.01703,0.39534,0.09553
11,0.43712,18.16942,2,-0.39046,0.38393,0.07779
12,0.80455,20.3827,1,-0.13034,0.39491,0.1032
12,0.80455,20.3827,2,-0.37851,0.35871,0.14437
13,0.80269,21.61475,1,-0.13035,0.39492,0.10319
13,0.80269,21.61475,2,-0.39857,0.36714,0.09852
14,0.62048,21.70023,1,-0.1307,0.39562,0.10246
14,0.62048,21.70023,2,-0.38915,0.38941,0.08208
15,0.43712,18.16942,1,-0.01703,0.39534,0.09553
15,0.43712,18.16942,2,-0.39046,0.38393,0.07779
16,0.86275,19.27293,1,-0.13023,0.39469,0.10343
16,0.86275,19.27293,2,-0.36627,0.32679,0.07463
17,0.62048,21.70023,1,-0.1307,0.39562,0.10246
17,0.62048,21.70023,2,-0.38915,0.38941,0.08208
18,0.80269,21.61475,1,-0.13035,0.39492,0.10319
18,0.80269,21.61475,2,-0.39857,0.36714,0.09852
19,0.80269,21.61475,1,-0.13035,0.39492,0.10319
19,0.80269,21.61475,2,-0.39857,0.36714,0.09852
20,0.86275,19.27293,1,-0.13023,0.39469,0.10343
20,0.86275,19.27293,2,-0.36627,0.32679,0.07463
