particle,elasticity,weight,frame,x,y,z
1,0.3359,19.70296,1,-0.14468,0.03241,0.08882
1,0.3359,19.70296,2,-0.33257,0.17645,0.14799
2,0.90947,17.20152,1,-0.13748,-0.01406,0.09727
2,0.90947,17.20152,2,-0.15906,0.10895,0.23625
3,0.58315,15.67711,1,-0.19856,-0.0697,0.11028
3,0.58315,15.67711,2,-0.27682,0.05075,0.17081
4,0.73778,18.01129,1,-0.12159,0.10054,0.11229
4,0.73778,18.01129,2,-0.28143,0.1633,0.23703
5,0.73778,18.01129,1,-0.12159,0.10054,0.11229
5,0.73778,18.01129,2,-0.28143,0.1633,0.23703
6,0.73778,18.01129,1,-0.12159,0.10054,0.11229
6,0.73778,18.01129,2,-0.28143,0.1633,0.23703
7,0.73778,18.01129,1,-0.12159,0.10054,0.11229
7,0.73778,18.01129,2,-0.28143,0.1633,0.23703
8,0.73778,18.01129,1,-0.12159,0.10054,0.11229
8,0.73778,18.01129,2,-0.28143,0.1633,0.23703
9,0.20418,19.39918,1,-0.14468,0.03241,0.08882
9,0.20418,19.39918,2,-0.19891,0.20916,0.12817
10,0.58315,15.67711,1,-0.19856,-0.0697,0.11028
10,0.58315,15.67711,2,-0.27682,0.05075,0.17081
11,0.58315,15.67711,1,-0.19856,-0.0697,0.11028
11,0.58315,15.67711,2,-0.27682,0.05075,0.17081
12,0.73778,18.01129,1,-0.12159,0.10054,0.11229
12,0.73778,18.01129,2,-0.28143,0.1633,0.23703
13,0.3359,19.70296,1,-0.14468,0.03241,0.08882
13,0.3359,19.70296,2,-0.33257,0.17645,0.14799
14,0.66124,18.58194,1,-0.1282,-0.00612,0.06468
14,0.66124,18.58194,2,-0.20892,0.22428,0.20581
15,0.73778,18.01129,1,-0.12159,0.10054,0.11229
15,0.73778,18.01129,2,-0.28143,0.1633,0.23703
16,0.58315,15.67711,1,-0.19856,-0.0697,0.11028
16,0.58315,15.67711,2,-0.27682,0.05075,0.17081
17,0.58315,15.67711,1,-0.19856,-0.0697,0.11028
17,0.58315,15.67711,2,-0.27682,0.05075,0.17081
18,0.73778,18.01129,1,-0.12159,0.10054,0.11229
18,0.73778,18.01129,2,-0.28143,0.1633,0.23703
19,0.73778,18.01129,1,-0.12159,0.10054,0.11229
19,0.73778,18.01129,2,-0.28143,0.1633,0.23703
20,0.66124,18.58194,1,-0.1282,-0.00612,0.06468
20,0.66124,18.58194,2,-0.20892,0.22428,0.20581
