particle,elasticity,weight,frame,x,y,z
1,0.17727,13.19115,1,0.12353,-0.02483,0.19758
1,0.17727,13.19115,2,0.3377,0.29282,0.26983
2,0.21764,18.78326,1,0.12058,0.13849,0.20651
2,0.21764,18.78326,2,0.4128,0.38326,0.10257
3,0.38041,14.65746,1,0.10102,-0.01646,0.23487
3,0.38041,14.65746,2,0.40422,0.27758,0.10118
4,0.33643,16.88695,1,0.10982,-0.0186,0.2143
4,0.33643,16.88695,2,0.28845,0.28784,0.19353
5,0.69784,18.92843,1,0.14211,0.13334,0.17002
5,0.69784,18.92843,2,0.39094,0.3076,0.10288
6,0.38041,14.65746,1,0.10102,-0.01646,0.23487
6,0.38041,14.65746,2,0.40422,0.27758,0.10118
7,0.17727,13.19115,1,0.12353,-0.02483,0.19758
7,0.17727,13.19115,2,0.3377,0.29282,0.26983
8,0.38041,14.65746,1,0.10102,-0.01646,0.23487
8,0.38041,14.65746,2,0.40422,0.27758,0.10118
9,0.69784,18.92843,1,0.14211,0.13334,0.17002
9,0.69784,18.92843,2,0.39094,0.3076,0.10288
10,0.33643,16.88695,1,0.10982,-0.0186,0.2143
10,0.33643,16.88695,2,0.28845,0.28784,0.19353
11,0.38041,14.65746,1,0.10102,-0.01646,0.23487
11,0.38041,14.65746,2,0.40422,0.27758,0.10118
12,0.09269,18.49472,1,0.12058,0.13849,0.20651
12,0.09269,18.49472,2,0.3725,0.38878,0.13132
13,0.09269,18.49472,1,0.12058,0.13849,0.20651
13,0.09269,18.49472,2,0.3725,0.38878,0.13132
14,0.69784,18.92843,1,0.14211,0.13334,0.17002
14,0.69784,18.92843,2,0.39094,0.3076,0.10288
15,0.69784,18.92843,1,0.14211,0.13334,0.17002
15,0.69784,18.92843,2,0.39094,0.3076,0.10288
16,0.33643,16.88695,1,0.10982,-0.0186,0.2143
16,0.33643,16.88695,2,0.28845,0.28784,0.19353
17,0.69784,18.92843,1,0.14211,0.13334,0.17002
17,0.69784,18.92843,2,0.39094,0.3076,0.10288
18,0.33643,16.88695,1,0.10982,-0.0186,0.2143
18,0.33643,16.88695,2,0.28845,0.28784,0.19353
19,0.38041,14.65746,1,0.10102,-0.01646,0.23487
19,0.38041,14.65746,2,0.40422,0.27758,0.10118
20,0.38041,14.65746,1,0.10102,-0.01646,0.23487
20,0.38041,14.65746,2,0.40422,0.27758,0.10118
