particle,elasticity,weight,frame,x,y,z
1,0.66235,17.8137,1,-0.09192,-0.01053,0.18417
1,0.66235,17.8137,2,-0.00389,-0.03179,0.16801
2,0.37384,15.8977,1,0.0056,-0.01281,0.13397
2,0.37384,15.8977,2,0.08801,-0.11399,0.28026
3,0.54544,15.84322,1,0.00558,-0.0128,0.1581
3,0.54544,15.84322,2,0.08434,-0.15161,0.28906
4,0.29288,18.72552,1,0.00561,-0.01282,0.12257
4,0.29288,18.72552,2,-0.00228,-0.0004,0.08138
5,0.66235,17.8137,1,-0.09192,-0.01053,0.18417
5,0.66235,17.8137,2,-0.00389,-0.03179,0.16801
6,0.66235,17.8137,1,-0.09192,-0.01053,0.18417
6,0.66235,17.8137,2,-0.00389,-0.03179,0.16801
7,0.66235,17.8137,1,-0.09192,-0.01053,0.18417
7,0.66235,17.8137,2,-0.00389,-0.03179,0.16801
8,0.64628,16.63499,1,0.00912,-0.06031,0.15969
8,0.64628,16.63499,2,0.147,-0.02093,0.22262
9,0.46641,14.72703,1,0.01124,-0.03464,0.13863
9,0.46641,14.72703,2,0.14247,-0.16706,0.12497
10,0.66235,17.8137,1,-0.09192,-0.01053,0.18417
10,0.66235,17.8137,2,-0.00389,-0.03179,0.16801
11,0.4321,14.98854,1,-0.00122,-0.13806,0.1475
11,0.4321,14.98854,2,0.05352,-0.19505,0.19491
12,0.45459,18.13377,1,0.01124,-0.03464,0.13697
12,0.45459,18.13377,2,-0.01957,-0.10931,0.12669
13,0.66235,17.8137,1,-0.09192,-0.01053,0.18417
13,0.66235,17.8137,2,-0.00389,-0.03179,0.16801
14,0.45459,18.13377,1,0.01124,-0.03464,0.13697
14,0.45459,18.13377,2,-0.01957,-0.10931,0.12669
15,0.29288,18.72552,1,0.00561,-0.01282,0.12257
15,0.29288,18.72552,2,-0.00228,-0.0004,0.08138
16,0.29288,18.72552,1,0.00561,-0.01282,0.12257
16,0.29288,18.72552,2,-0.00228,-0.0004,0.08138
17,0.66235,17.8137,1,-0.09192,-0.01053,0.18417
17,0.66235,17.8137,2,-0.00389,-0.03179,0.16801
18,0.66235,17.8137,1,-0.09192,-0.01053,0.18417
18,0.66235,17.8137,2,-0.00389,-0.03179,0.16801
19,0.46641,14.72703,1,0.01124,-0.03464,0.13863
19,0.46641,14.72703,2,0.14247,-0.16706,0.12497
20,0.29288,18.72552,1,0.00561,-0.01282,0.12257
20,0.29288,18.72552,2,-0.00228,-0.0004,0.08138
