particle,elasticity,weight,frame,x,y,z
1,0.81513,10.88341,1,0.24637,0.1752,0.38705
2,0.36088,6.9122,1,0.33941,0.25435,0.47127
3,0.74208,10.03952,1,0.30191,0.18563,0.43937
4,0.74208,10.03952,1,0.30191,0.18563,0.43937
5,0.81513,10.88341,1,0.24637,0.1752,0.38705
6,0.15862,10.75572,1,0.37429,0.10834,0.42813
7,0.74208,10.03952,1,0.30191,0.18563,0.43937
8,0.81513,10.88341,1,0.24637,0.1752,0.38705
9,0.34294,4.70135,1,0.35692,0.11057,0.51602
10,0.81513,10.88341,1,0.24637,0.1752,0.38705
11,0.66162,9.35535,1,0.28347,0.2035,0.37107
12,0.81513,10.88341,1,0.24637,0.1752,0.38705
13,0.93373,10.02947,1,0.23129,0.20385,0.41097
14,0.81513,10.88341,1,0.24637,0.1752,0.38705
15,0.88986,10.732,1,0.25078,0.16852,0.43419
16,0.93373,10.02947,1,0.23129,0.20385,0.41097
17,0.15862,10.75572,1,0.37429,0.10834,0.42813
18,0.74208,10.03952,1,0.30191,0.18563,0.43937
19,0.74208,10.03952,1,0.30191,0.18563,0.43937
20,0.15862,10.75572,1,0.37429,0.10834,0.42813
