particle,elasticity,weight,frame,x,y,z
1,0.59959,20.13317,1,0.35218,-0.14758,0.28309
1,0.59959,20.13317,2,0.30219,-0.02647,0.36126
2,0.64977,21.22732,1,0.3205,-0.05792,0.28618
2,0.64977,21.22732,2,0.25224,0.02271,0.3596
3,0.55554,19.33919,1,0.30358,-0.06537,0.2628
3,0.55554,19.33919,2,0.33223,-0.05076,0.28581
4,0.52302,17.91294,1,0.30358,-0.06537,0.2628
4,0.52302,17.91294,2,0.21973,0.00413,0.40906
5,0.64977,21.22732,1,0.3205,-0.05792,0.28618
5,0.64977,21.22732,2,0.25224,0.02271,0.3596
6,0.99274,18.17662,1,0.24884,-0.06304,0.30406
6,0.99274,18.17662,2,0.21736,-0.05177,0.31316
7,0.64977,21.22732,1,0.3205,-0.05792,0.28618
7,0.64977,21.22732,2,0.25224,0.02271,0.3596
8,0.64977,21.22732,1,0.3205,-0.05792,0.28618
8,0.64977,21.22732,2,0.25224,0.02271,0.3596
9,0.59959,20.13317,1,0.35218,-0.14758,0.28309
9,0.59959,20.13317,2,0.30219,-0.02647,0.36126
10,0.99274,18.17662,1,0.24884,-0.06304,0.30406
10,0.99274,18.17662,2,0.21736,-0.05177,0.31316
11,0.55554,19.33919,1,0.30358,-0.06537,0.2628
11,0.55554,19.33919,2,0.33223,-0.05076,0.28581
12,0.64977,21.22732,1,0.3205,-0.05792,0.28618
12,0.64977,21.22732,2,0.25224,0.02271,0.3596
13,0.84069,13.91579,1,0.24884,-0.06304,0.30406
13,0.84069,13.91579,2,0.35688,0.07785,0.42917
14,0.64977,21.22732,1,0.3205,-0.05792,0.28618
14,0.64977,21.22732,2,0.25224,0.02271,0.3596
15,0.59959,20.13317,1,0.35218,-0.14758,0.28309
15,0.59959,20.13317,2,0.30219,-0.02647,0.36126
16,0.59959,20.13317,1,0.35218,-0.14758,0.28309
16,0.59959,20.13317,2,0.30219,-0.02647,0.36126
17,0.55554,19.33919,1,0.30358,-0.06537,0.2628
17,0.55554,19.33919,2,0.33223,-0.05076,0.28581
18,0.4161,15.47882,1,0.38503,-0.09143,0.26672
18,0.4161,15.47882,2,0.32335,0.13044,0.37846
19,0.71955,17.41062,1,0.3205,-0.05792,0.28618
19,0.71955,17.41062,2,0.20864,-0.03222,0.23498
20,0.59959,20.13317,1,0.35218,-0.14758,0.28309
20,0.59959,20.13317,2,0.30219,-0.02647,0.36126
