particle,elasticity,weight,frame,x,y,z
1,0.37948,18.25604,1,0.03946,-0.08909,0.11229
1,0.37948,18.25604,2,0.29902,-0.01494,0.10114
2,0.37948,18.25604,1,0.03946,-0.08909,0.11229
2,0.37948,18.25604,2,0.29902,-0.01494,0.10114
3,0.12862,18.42151,1,0.08338,0.02047,0.09128
3,0.12862,18.42151,2,0.3588,-0.03195,0.06656
4,0.54905,19.80852,1,0.15341,-0.05321,0.13819
4,0.54905,19.80852,2,0.30783,-0.06489,0.1852
5,0.54905,19.80852,1,0.15341,-0.05321,0.13819
5,0.54905,19.80852,2,0.30783,-0.06489,0.1852
6,0.12862,18.42151,1,0.08338,0.02047,0.09128
6,0.12862,18.42151,2,0.3588,-0.03195,0.06656
7,0.35569,19.70689,1,0.13709,-0.10587,0.12174
7,0.35569,19.70689,2,0.33543,-0.04521,0.07227
8,0.35569,19.70689,1,0.13709,-0.10587,0.12174
8,0.35569,19.70689,2,0.33543,-0.04521,0.07227
9,0.37948,18.25604,1,0.03946,-0.08909,0.11229
9,0.37948,18.25604,2,0.29902,-0.01494,0.10114
10,0.17782,19.35824,1,0.15737,-0.07651,0.09638
10,0.17782,19.35824,2,0.40702,-0.06845,0.08607
11,0.37948,18.25604,1,0.03946,-0.08909,0.11229
11,0.37948,18.25604,2,0.29902,-0.01494,0.10114
12,0.12862,18.42151,1,0.08338,0.02047,0.09128
12,0.12862,18.42151,2,0.3588,-0.03195,0.06656
13,0.35569,19.70689,1,0.13709,-0.10587,0.12174
13,0.35569,19.70689,2,0.33543,-0.04521,0.07227
14,0.54905,19.80852,1,0.15341,-0.05321,0.13819
14,0.54905,19.80852,2,0.30783,-0.06489,0.1852
15,0.37948,18.25604,1,0.03946,-0.08909,0.11229
15,0.37948,18.25604,2,0.29902,-0.01494,0.10114
16,0.37948,18.25604,1,0.03946,-0.08909,0.11229
16,0.37948,18.25604,2,0.29902,-0.01494,0.10114
17,0.18026,16.68256,1,0.08206,0.02039,0.09657
17,0.18026,16.68256,2,0.24392,-0.00626,0.11935
18,0.12862,18.42151,1,0.08338,0.02047,0.09128
18,0.12862,18.42151,2,0.3588,-0.03195,0.06656
19,0.37948,18.25604,1,0.03946,-0.08909,0.11229
19,0.37948,18.25604,2,0.29902,-0.01494,0.10114
20,0.35569,19.70689,1,0.13709,-0.10587,0.12174
20,0.35569,19.70689,2,0.33543,-0.04521,0.07227
