particle,elasticity,weight,frame,x,y,z
1,0.54749,20.53564,1,0.01385,0.26458,0.66342
1,0.54749,20.53564,2,-0.19228,0.22196,0.58395
2,0.54749,20.53564,1,0.01385,0.26458,0.66342
2,0.54749,20.53564,2,-0.19228,0.22196,0.58395
3,0.54749,20.53564,1,0.01385,0.26458,0.66342
3,0.54749,20.53564,2,-0.19228,0.22196,0.58395
4,0.29809,18.32651,1,0.07798,0.14915,0.71825
4,0.29809,18.32651,2,-0.15381,0.12296,0.65837
5,0.21129,17.59324,1,0.1,0.20473,0.66994
5,0.21129,17.59324,2,-0.28948,0.18518,0.58091
6,0.21129,17.59324,1,0.1,0.20473,0.66994
6,0.21129,17.59324,2,-0.28948,0.18518,0.58091
7,0.54749,20.53564,1,0.01385,0.26458,0.66342
7,0.54749,20.53564,2,-0.19228,0.22196,0.58395
8,0.51304,20.70396,1,0.02403,0.21564,0.63475
8,0.51304,20.70396,2,-0.24206,0.20229,0.55925
9,0.51304,20.70396,1,0.02403,0.21564,0.63475
9,0.51304,20.70396,2,-0.24206,0.20229,0.55925
10,0.51304,20.70396,1,0.02403,0.21564,0.63475
10,0.51304,20.70396,2,-0.24206,0.20229,0.55925
11,0.51304,20.70396,1,0.02403,0.21564,0.63475
11,0.51304,20.70396,2,-0.24206,0.20229,0.55925
12,0.29809,18.32651,1,0.07798,0.14915,0.71825
12,0.29809,18.32651,2,-0.15381,0.12296,0.65837
13,0.54749,20.53564,1,0.01385,0.26458,0.66342
13,0.54749,20.53564,2,-0.19228,0.22196,0.58395
14,0.51304,20.70396,1,0.02403,0.21564,0.63475
14,0.51304,20.70396,2,-0.24206,0.20229,0.55925
15,0.54749,20.53564,1,0.01385,0.26458,0.66342
15,0.54749,20.53564,2,-0.19228,0.22196,0.58395
16,0.54749,20.53564,1,0.01385,0.26458,0.66342
16,0.54749,20.53564,2,-0.19228,0.22196,0.58395
17,0.51304,20.70396,1,0.02403,0.21564,0.63475
17,0.51304,20.70396,2,-0.24206,0.20229,0.55925
18,0.51304,20.70396,1,0.02403,0.21564,0.63475
18,0.51304,20.70396,2,-0.24206,0.20229,0.55925
19,0.59012,17.46038,1,0.06998,0.28035,0.69314
19,0.59012,17.46038,2,-0.09332,0.24569,0.59954
20,0.51304,20.70396,1,0.02403,0.21564,0.63475
20,0.51304,20.70396,2,-0.24206,0.20229,0.55925
