particle,elasticity,weight,frame,x,y,z
1,0.47246,21.18131,1,0.17918,-0.3179,0.50879
1,0.47246,21.18131,2,0.32581,-0.38149,0.22126
2,0.66409,19.52393,1,0.20903,-0.23922,0.47664
2,0.66409,19.52393,2,0.37891,-0.39567,0.19881
3,0.51893,21.40069,1,0.17918,-0.3179,0.50879
3,0.51893,21.40069,2,0.38109,-0.37691,0.19387
4,0.74325,18.11314,1,0.27203,-0.2983,0.50788
4,0.74325,18.11314,2,0.39456,-0.39474,0.14805
5,0.68575,20.13054,1,0.17918,-0.3179,0.50879
5,0.68575,20.13054,2,0.38042,-0.35418,0.21254
6,0.66409,19.52393,1,0.20903,-0.23922,0.47664
6,0.66409,19.52393,2,0.37891,-0.39567,0.19881
7,0.68575,20.13054,1,0.17918,-0.3179,0.50879
7,0.68575,20.13054,2,0.38042,-0.35418,0.21254
8,0.70469,18.36044,1,0.27203,-0.2983,0.50788
8,0.70469,18.36044,2,0.3838,-0.35767,0.22164
9,0.63217,19.3242,1,0.20903,-0.23922,0.47664
9,0.63217,19.3242,2,0.37643,-0.38387,0.10463
10,0.66409,19.52393,1,0.20903,-0.23922,0.47664
10,0.66409,19.52393,2,0.37891,-0.39567,0.19881
11,0.47246,21.18131,1,0.17918,-0.3179,0.50879
11,0.47246,21.18131,2,0.32581,-0.38149,0.22126
12,0.51893,21.40069,1,0.17918,-0.3179,0.50879
12,0.51893,21.40069,2,0.38109,-0.37691,0.19387
13,0.49481,18.31827,1,0.17918,-0.3179,0.50879
13,0.49481,18.31827,2,0.37997,-0.38375,0.07061
14,0.66409,19.52393,1,0.20903,-0.23922,0.47664
14,0.66409,19.52393,2,0.37891,-0.39567,0.19881
15,0.69685,18.98671,1,0.17918,-0.3179,0.50879
15,0.69685,18.98671,2,0.37942,-0.34669,0.19153
16,0.66409,19.52393,1,0.20903,-0.23922,0.47664
16,0.66409,19.52393,2,0.37891,-0.39567,0.19881
17,0.66409,19.52393,1,0.20903,-0.23922,0.47664
17,0.66409,19.52393,2,0.37891,-0.39567,0.19881
18,0.47246,21.18131,1,0.17918,-0.3179,0.50879
18,0.47246,21.18131,2,0.32581,-0.38149,0.22126
19,0.51893,21.40069,1,0.17918,-0.3179,0.50879
19,0.51893,21.40069,2,0.38109,-0.37691,0.19387
20,0.74325,18.11314,1,0.27203,-0.2983,0.50788
20,0.74325,18.11314,2,0.39456,-0.39474,0.14805
