particle,elasticity,weight,frame,x,y,z
1,0.7823,18.8426,1,-0.1175,0.09824,0.12599
1,0.7823,18.8426,2,-0.20853,-0.10722,0.08215
2,0.7823,18.8426,1,-0.1175,0.09824,0.12599
2,0.7823,18.8426,2,-0.20853,-0.10722,0.08215
3,0.7823,18.8426,1,-0.1175,0.09824,0.12599
3,0.7823,18.8426,2,-0.20853,-0.10722,0.08215
4,0.7823,18.8426,1,-0.1175,0.09824,0.12599
4,0.7823,18.8426,2,-0.20853,-0.10722,0.08215
5,0.7823,18.8426,1,-0.1175,0.09824,0.12599
5,0.7823,18.8426,2,-0.20853,-0.10722,0.08215
6,0.90757,20.26275,1,-0.05233,0.11816,0.14899
6,0.90757,20.26275,2,-0.17336,-0.11575,0.18173
7,0.7823,18.8426,1,-0.1175,0.09824,0.12599
7,0.7823,18.8426,2,-0.20853,-0.10722,0.08215
8,0.7823,18.8426,1,-0.1175,0.09824,0.12599
8,0.7823,18.8426,2,-0.20853,-0.10722,0.08215
9,0.47199,18.52737,1,-0.03547,0.12416,0.12471
9,0.47199,18.52737,2,-0.11484,-0.06442,0.10424
10,0.76847,19.1605,1,-0.05361,0.11653,0.1407
10,0.76847,19.1605,2,-0.23569,-0.18375,0.14429
11,0.47199,18.52737,1,-0.03547,0.12416,0.12471
11,0.47199,18.52737,2,-0.11484,-0.06442,0.10424
12,0.7823,18.8426,1,-0.1175,0.09824,0.12599
12,0.7823,18.8426,2,-0.20853,-0.10722,0.08215
13,0.7823,18.8426,1,-0.1175,0.09824,0.12599
13,0.7823,18.8426,2,-0.20853,-0.10722,0.08215
14,0.7823,18.8426,1,-0.1175,0.09824,0.12599
14,0.7823,18.8426,2,-0.20853,-0.10722,0.08215
15,0.83663,20.62778,1,-0.05298,0.11733,0.14476
15,0.83663,20.62778,2,-0.22646,-0.07842,0.16251
16,0.7823,18.8426,1,-0.1175,0.09824,0.12599
16,0.7823,18.8426,2,-0.20853,-0.10722,0.08215
17,0.90757,20.26275,1,-0.05233,0.11816,0.14899
17,0.90757,20.26275,2,-0.17336,-0.11575,0.18173
18,0.39324,18.9511,1,-0.03638,0.123,0.11878
18,0.39324,18.9511,2,-0.16662,-0.17971,0.12122
19,0.83663,20.62778,1,-0.05298,0.11733,0.14476
19,0.83663,20.62778,2,-0.22646,-0.07842,0.16251
20,0.76847,19.1605,1,-0.05361,0.11653,0.1407
20,0.76847,19.1605,2,-0.23569,-0.18375,0.14429
