particle,elasticity,weight,frame,x,y,z
1,0.25454,19.7214,1,-0.00755,0.40732,0.10547
1,0.25454,19.7214,2,-0.21187,0.41871,0.0886
2,0.03808,17.78221,1,0.01025,0.39194,0.10352
2,0.03808,17.78221,2,-0.28932,0.3991,0.12507
3,0.37181,20.56955,1,-0.07175,0.39596,0.10785
3,0.37181,20.56955,2,-0.22015,0.34958,0.10729
4,0.25454,19.7214,1,-0.00755,0.40732,0.10547
4,0.25454,19.7214,2,-0.21187,0.41871,0.0886
5,0.25454,19.7214,1,-0.00755,0.40732,0.10547
5,0.25454,19.7214,2,-0.21187,0.41871,0.0886
6,0.25454,19.7214,1,-0.00755,0.40732,0.10547
6,0.25454,19.7214,2,-0.21187,0.41871,0.0886
7,0.25454,19.7214,1,-0.00755,0.40732,0.10547
7,0.25454,19.7214,2,-0.21187,0.41871,0.0886
8,0.69455,17.02597,1,0.00647,0.3585,0.13
8,0.69455,17.02597,2,-0.23836,0.36649,0.09999
9,0.5365,18.70703,1,-0.07082,0.38947,0.11393
9,0.5365,18.70703,2,-0.18819,0.27503,0.11361
10,0.37181,20.56955,1,-0.07175,0.39596,0.10785
10,0.37181,20.56955,2,-0.22015,0.34958,0.10729
11,0.03982,17.70323,1,-0.00722,0.40825,0.09999
11,0.03982,17.70323,2,-0.18329,0.40117,0.06708
12,0.69455,17.02597,1,0.00647,0.3585,0.13
12,0.69455,17.02597,2,-0.23836,0.36649,0.09999
13,0.65236,17.10702,1,-0.04124,0.34362,0.11065
13,0.65236,17.10702,2,-0.10018,0.62415,0.07605
14,0.25454,19.7214,1,-0.00755,0.40732,0.10547
14,0.25454,19.7214,2,-0.21187,0.41871,0.0886
15,0.37181,20.56955,1,-0.07175,0.39596,0.10785
15,0.37181,20.56955,2,-0.22015,0.34958,0.10729
16,0.69455,17.02597,1,0.00647,0.3585,0.13
16,0.69455,17.02597,2,-0.23836,0.36649,0.09999
17,0.25454,19.7214,1,-0.00755,0.40732,0.10547
17,0.25454,19.7214,2,-0.21187,0.41871,0.0886
18,0.25454,19.7214,1,-0.00755,0.40732,0.10547
18,0.25454,19.7214,2,-0.21187,0.41871,0.0886
19,0.5365,18.70703,1,-0.07082,0.38947,0.11393
19,0.5365,18.70703,2,-0.18819,0.27503,0.11361
20,0.65236,17.10702,1,-0.04124,0.34362,0.11065
20,0.65236,17.10702,2,-0.10018,0.62415,0.07605
