particle,elasticity,weight,frame,x,y,z
1,0.14566,10.12633,1,0.10018,0.37728,0.49939
2,0.4309,10.48919,1,0.12538,0.31494,0.52054
3,0.18576,9.45257,1,0.07403,0.37773,0.60042
4,0.08099,9.9937,1,0.12296,0.37854,0.55383
5,0.26821,8.66729,1,0.12094,0.25432,0.50163
6,0.4309,10.48919,1,0.12538,0.31494,0.52054
7,0.17497,9.55425,1,0.02838,0.29441,0.49433
8,0.26821,8.66729,1,0.12094,0.25432,0.50163
9,0.14026,10.0251,1,0.02626,0.3553,0.50858
10,0.17497,9.55425,1,0.02838,0.29441,0.49433
11,0.14566,10.12633,1,0.10018,0.37728,0.49939
12,0.05042,10.34158,1,0.04606,0.33383,0.49226
13,0.17497,9.55425,1,0.02838,0.29441,0.49433
14,0.17497,9.55425,1,0.02838,0.29441,0.49433
15,0.46645,9.34532,1,0.0828,0.28663,0.60396
16,0.4309,10.48919,1,0.12538,0.31494,0.52054
17,0.18576,9.45257,1,0.07403,0.37773,0.60042
18,0.46645,9.34532,1,0.0828,0.28663,0.60396
19,0.17497,9.55425,1,0.02838,0.29441,0.49433
20,0.17497,9.55425,1,0.02838,0.29441,0.49433
