particle,elasticity,weight,frame,x,y,z
1,0.02541,18.70062,1,0.15761,0.39442,0.21853
1,0.02541,18.70062,2,0.14585,0.40384,0.14245
2,0.02541,18.80463,1,0.15761,0.39442,0.21853
2,0.02541,18.80463,2,0.16407,0.58482,0.2407
3,0.02541,18.80463,1,0.15761,0.39442,0.21853
3,0.02541,18.80463,2,0.16407,0.58482,0.2407
4,0.02541,18.80463,1,0.15761,0.39442,0.21853
4,0.02541,18.80463,2,0.16407,0.58482,0.2407
5,0.02945,19.09507,1,0.15761,0.39393,0.21853
5,0.02945,19.09507,2,0.27662,0.3789,0.25252
6,0.11095,19.94811,1,0.15761,0.38396,0.21853
6,0.11095,19.94811,2,0.26535,0.34843,0.16409
7,0.02541,20.175,1,0.15761,0.39442,0.21853
7,0.02541,20.175,2,0.25126,0.38303,0.23473
8,0.11095,19.94811,1,0.15761,0.38396,0.21853
8,0.11095,19.94811,2,0.26535,0.34843,0.16409
9,0.70737,14.98597,1,0.13834,0.29841,0.27061
9,0.70737,14.98597,2,0.32104,0.24505,0.19779
10,0.02541,18.80463,1,0.15761,0.39442,0.21853
10,0.02541,18.80463,2,0.16407,0.58482,0.2407
11,0.03758,17.75078,1,0.15761,0.39294,0.21853
11,0.03758,17.75078,2,0.15322,0.38337,0.24691
12,0.02541,20.175,1,0.15761,0.39442,0.21853
12,0.02541,20.175,2,0.25126,0.38303,0.23473
13,0.11095,19.94811,1,0.15761,0.38396,0.21853
13,0.11095,19.94811,2,0.26535,0.34843,0.16409
14,0.02541,20.175,1,0.15761,0.39442,0.21853
14,0.02541,20.175,2,0.25126,0.38303,0.23473
15,0.02945,19.09507,1,0.15761,0.39393,0.21853
15,0.02945,19.09507,2,0.27662,0.3789,0.25252
16,0.02541,18.70062,1,0.15761,0.39442,0.21853
16,0.02541,18.70062,2,0.14585,0.40384,0.14245
17,0.02541,18.80463,1,0.15761,0.39442,0.21853
17,0.02541,18.80463,2,0.16407,0.58482,0.2407
18,0.71284,17.9577,1,0.15859,0.33889,0.17474
18,0.71284,17.9577,2,0.29321,0.24979,0.1726
19,0.11151,15.12577,1,0.15761,0.3839,0.21853
19,0.11151,15.12577,2,0.09649,0.4078,0.2374
20,0.02541,18.70062,1,0.15761,0.39442,0.21853
20,0.02541,18.70062,2,0.14585,0.40384,0.14245
