particle,elasticity,weight,frame,x,y,z
1,0.87365,18.98479,1,-0.05325,0.18645,0.38445
1,0.87365,18.98479,2,0.31303,-0.11859,0.32371
2,0.97686,16.79645,1,-0.05325,0.18645,0.38445
2,0.97686,16.79645,2,0.33591,-0.12659,0.17011
3,0.54884,18.31218,1,-0.08143,0.17019,0.38989
3,0.54884,18.31218,2,0.17361,-0.03818,0.2419
4,0.87365,18.98479,1,-0.05325,0.18645,0.38445
4,0.87365,18.98479,2,0.31303,-0.11859,0.32371
5,0.87365,18.98479,1,-0.05325,0.18645,0.38445
5,0.87365,18.98479,2,0.31303,-0.11859,0.32371
6,0.21533,18.49805,1,-0.11811,0.16367,0.36525
6,0.21533,18.49805,2,0.16127,-0.09807,0.22769
7,0.87365,18.98479,1,-0.05325,0.18645,0.38445
7,0.87365,18.98479,2,0.31303,-0.11859,0.32371
8,0.45449,19.90028,1,-0.08143,0.17019,0.38989
8,0.45449,19.90028,2,0.31259,-0.07714,0.30617
9,0.82216,19.80402,1,-0.02415,0.14652,0.36503
9,0.82216,19.80402,2,0.31451,-0.07638,0.30696
10,0.91618,19.55831,1,-0.05325,0.18645,0.38445
10,0.91618,19.55831,2,0.22807,-0.04398,0.2351
11,0.91618,19.55831,1,-0.05325,0.18645,0.38445
11,0.91618,19.55831,2,0.22807,-0.04398,0.2351
12,0.81825,19.43862,1,-0.02415,0.14652,0.36503
12,0.81825,19.43862,2,0.3174,-0.11965,0.18727
13,0.82216,19.80402,1,-0.02415,0.14652,0.36503
13,0.82216,19.80402,2,0.31451,-0.07638,0.30696
14,0.45449,19.90028,1,-0.08143,0.17019,0.38989
14,0.45449,19.90028,2,0.31259,-0.07714,0.30617
15,0.82216,19.80402,1,-0.02415,0.14652,0.36503
15,0.82216,19.80402,2,0.31451,-0.07638,0.30696
16,0.84691,14.22556,1,-0.05325,0.18645,0.38445
16,0.84691,14.22556,2,0.23279,-0.13827,0.40441
17,0.57062,19.20041,1,-0.08143,0.17019,0.38989
17,0.57062,19.20041,2,0.26791,-0.0189,0.22913
18,0.57062,19.20041,1,-0.08143,0.17019,0.38989
18,0.57062,19.20041,2,0.26791,-0.0189,0.22913
19,0.91618,19.55831,1,-0.05325,0.18645,0.38445
19,0.91618,19.55831,2,0.22807,-0.04398,0.2351
20,0.91618,19.55831,1,-0.05325,0.18645,0.38445
20,0.91618,19.55831,2,0.22807,-0.04398,0.2351
