particle,elasticity,weight,frame,x,y,z
1,0.44396,19.33819,1,0.19753,-0.18339,0.39786
1,0.44396,19.33819,2,0.16876,-0.12641,0.23486
2,0.51697,21.2586,1,0.19753,-0.18339,0.39786
2,0.51697,21.2586,2,0.17825,-0.25885,0.26276
3,0.14171,18.32293,1,0.15856,-0.22553,0.46914
3,0.14171,18.32293,2,0.22245,-0.27775,0.24762
4,0.90473,16.33826,1,0.20108,-0.23412,0.37639
4,0.90473,16.33826,2,0.16328,-0.14626,0.14864
5,0.51697,21.2586,1,0.19753,-0.18339,0.39786
5,0.51697,21.2586,2,0.17825,-0.25885,0.26276
6,0.38875,18.89882,1,0.16272,-0.19973,0.47421
6,0.38875,18.89882,2,0.09085,-0.23503,0.34148
7,0.51697,21.2586,1,0.19753,-0.18339,0.39786
7,0.51697,21.2586,2,0.17825,-0.25885,0.26276
8,0.77826,18.86456,1,0.1843,-0.14039,0.46136
8,0.77826,18.86456,2,0.14359,-0.20642,0.16884
9,0.35216,19.22601,1,0.15856,-0.22553,0.46914
9,0.35216,19.22601,2,0.13605,-0.30152,0.21847
10,0.35216,19.22601,1,0.15856,-0.22553,0.46914
10,0.35216,19.22601,2,0.13605,-0.30152,0.21847
11,0.35216,19.22601,1,0.15856,-0.22553,0.46914
11,0.35216,19.22601,2,0.13605,-0.30152,0.21847
12,0.38875,18.89882,1,0.16272,-0.19973,0.47421
12,0.38875,18.89882,2,0.09085,-0.23503,0.34148
13,0.6212,18.04808,1,0.19753,-0.18339,0.39786
13,0.6212,18.04808,2,0.2028,-0.11761,0.25288
14,0.44396,19.33819,1,0.19753,-0.18339,0.39786
14,0.44396,19.33819,2,0.16876,-0.12641,0.23486
15,0.51697,21.2586,1,0.19753,-0.18339,0.39786
15,0.51697,21.2586,2,0.17825,-0.25885,0.26276
16,0.77826,18.86456,1,0.1843,-0.14039,0.46136
16,0.77826,18.86456,2,0.14359,-0.20642,0.16884
17,0.44396,19.33819,1,0.19753,-0.18339,0.39786
17,0.44396,19.33819,2,0.16876,-0.12641,0.23486
18,0.20359,16.4128,1,0.15856,-0.22553,0.46914
18,0.20359,16.4128,2,0.26108,-0.24183,0.28239
19,0.24445,18.18897,1,0.15856,-0.22553,0.46914
19,0.24445,18.18897,2,0.20113,-0.30976,0.26741
20,0.90473,16.33826,1,0.20108,-0.23412,0.37639
20,0.90473,16.33826,2,0.16328,-0.14626,0.14864
