particle,elasticity,weight,frame,x,y,z
1,0.98875,6.83508,1,-0.07799,0.37927,0.07958
2,0.6692,8.61082,1,-0.09966,0.37805,0.08869
3,0.88425,6.29127,1,-0.13457,0.32783,0.08819
4,0.95838,10.86603,1,-0.10652,0.37101,0.21314
5,0.95838,10.86603,1,-0.10652,0.37101,0.21314
6,0.95393,9.78366,1,-0.09629,0.35174,0.22012
7,0.95393,9.78366,1,-0.09629,0.35174,0.22012
8,0.95838,10.86603,1,-0.10652,0.37101,0.21314
9,0.01846,9.01268,1,-0.0811,0.39248,0.24825
10,0.03313,10.54736,1,-0.06985,0.39864,0.23043
11,0.95838,10.86603,1,-0.10652,0.37101,0.21314
12,0.95838,10.86603,1,-0.10652,0.37101,0.21314
13,0.95393,9.78366,1,-0.09629,0.35174,0.22012
14,0.23235,6.79604,1,-0.03674,0.32594,0.22738
15,0.06607,8.97375,1,-0.05756,0.35046,0.17927
16,0.95838,10.86603,1,-0.10652,0.37101,0.21314
17,0.03313,10.54736,1,-0.06985,0.39864,0.23043
18,0.83357,9.80791,1,-0.14538,0.36773,0.13372
19,0.95838,10.86603,1,-0.10652,0.37101,0.21314
20,0.18339,8.29762,1,-0.175,0.40019,0.13693
