particle,elasticity,weight,frame,x,y,z
1,0.89171,19.40975,1,-0.38005,0.25405,0.281
1,0.89171,19.40975,2,-0.29956,0.05515,0.14482
2,0.40464,17.75306,1,-0.38532,0.20018,0.21677
2,0.40464,17.75306,2,-0.37546,0.0283,0.10287
3,0.35275,20.44991,1,-0.34817,0.21688,0.24262
3,0.35275,20.44991,2,-0.37102,0.00454,0.16901
4,0.35275,20.44991,1,-0.34817,0.21688,0.24262
4,0.35275,20.44991,2,-0.37102,0.00454,0.16901
5,0.30194,20.9429,1,-0.38646,0.1401,0.21356
5,0.30194,20.9429,2,-0.37033,0.04282,0.16395
6,0.30194,20.9429,1,-0.38646,0.1401,0.21356
6,0.30194,20.9429,2,-0.37033,0.04282,0.16395
7,0.35275,20.44991,1,-0.34817,0.21688,0.24262
7,0.35275,20.44991,2,-0.37102,0.00454,0.16901
8,0.98955,16.51798,1,-0.28514,0.22507,0.27453
8,0.98955,16.51798,2,-0.3099,-0.00575,0.13684
9,0.40464,17.75306,1,-0.38532,0.20018,0.21677
9,0.40464,17.75306,2,-0.37546,0.0283,0.10287
10,0.35275,20.44991,1,-0.34817,0.21688,0.24262
10,0.35275,20.44991,2,-0.37102,0.00454,0.16901
11,0.08644,16.55915,1,-0.36564,0.23301,0.21615
11,0.08644,16.55915,2,-0.39683,0.01628,0.22167
12,0.89171,19.40975,1,-0.38005,0.25405,0.281
12,0.89171,19.40975,2,-0.29956,0.05515,0.14482
13,0.30194,20.9429,1,-0.38646,0.1401,0.21356
13,0.30194,20.9429,2,-0.37033,0.04282,0.16395
14,0.30194,20.9429,1,-0.38646,0.1401,0.21356
14,0.30194,20.9429,2,-0.37033,0.04282,0.16395
15,0.30194,20.9429,1,-0.38646,0.1401,0.21356
15,0.30194,20.9429,2,-0.37033,0.04282,0.16395
16,0.35275,20.44991,1,-0.34817,0.21688,0.24262
16,0.35275,20.44991,2,-0.37102,0.00454,0.16901
17,0.89171,19.40975,1,-0.38005,0.25405,0.281
17,0.89171,19.40975,2,-0.29956,0.05515,0.14482
18,0.30194,20.9429,1,-0.38646,0.1401,0.21356
18,0.30194,20.9429,2,-0.37033,0.04282,0.16395
19,0.35275,20.44991,1,-0.34817,0.21688,0.24262
19,0.35275,20.44991,2,-0.37102,0.00454,0.16901
20,0.89171,19.40975,1,-0.38005,0.25405,0.281
20,0.89171,19.40975,2,-0.29956,0.05515,0.14482
