particle,elasticity,weight,frame,x,y,z
1,0.28155,10.2675,1,0.11201,0.3674,0.66449
2,0.8189,9.64868,1,0.0938,0.35389,0.55763
3,0.43416,8.75535,1,0.03318,0.36225,0.5599
4,0.33288,10.8816,1,0.11155,0.371,0.58443
5,0.8189,9.64868,1,0.0938,0.35389,0.55763
6,0.28155,10.2675,1,0.11201,0.3674,0.66449
7,0.33288,10.8816,1,0.11155,0.371,0.58443
8,0.04275,9.46022,1,0.04814,0.38768,0.55854
9,0.33288,10.8816,1,0.11155,0.371,0.58443
10,0.67857,8.58698,1,0.03471,0.52514,1.1917
11,0.0011,8.5845,1,0.05669,0.39243,0.58335
12,0.28155,10.2675,1,0.11201,0.3674,0.66449
13,0.36716,9.45509,1,0.13847,0.34555,0.6599
14,0.33288,10.8816,1,0.11155,0.371,0.58443
15,0.38121,10.5983,1,0.13619,0.36428,0.60025
16,0.8189,9.64868,1,0.0938,0.35389,0.55763
17,0.67857,8.58698,1,0.03471,0.52514,1.1917
18,0.28155,10.2675,1,0.11201,0.3674,0.66449
19,0.72423,8.5499,1,0.14453,0.33056,0.53958
20,0.8189,9.64868,1,0.0938,0.35389,0.55763
