particle,elasticity,weight,frame,x,y,z
1,0.82336,4.15093,1,0.379,-0.06592,0.77658
2,0.31509,4.15093,1,0.41043,-0.05837,0.77881
3,0.4641,4.15093,1,0.40121,-0.06058,0.77815
4,0.0645,4.15093,1,0.42592,-0.05466,0.77991
5,0.49939,4.15093,1,0.39903,-0.0611,0.778
6,0.10956,4.15093,1,0.42314,-0.05532,0.77971
7,0.09332,4.15093,1,0.42414,-0.05508,0.77978
8,0.94565,4.15093,1,0.37144,-0.06773,0.77605
9,0.08785,4.15093,1,0.42448,-0.055,0.77981
10,0.12783,4.15093,1,0.42201,-0.05559,0.77963
11,0.87262,4.15093,1,0.37596,-0.06665,0.77636
12,0.11353,4.15093,1,0.42289,-0.05538,0.77969
13,0.32121,4.15093,1,0.41005,-0.05846,0.77878
14,0.90086,4.15093,1,0.37421,-0.06707,0.77624
15,0.14086,4.15093,1,0.4212,-0.05579,0.77957
16,0.18735,4.15093,1,0.41832,-0.05648,0.77937
17,0.2427,4.15093,1,0.4149,-0.0573,0.77912
18,0.78658,4.15093,1,0.38128,-0.06537,0.77674
19,0.40556,4.15093,1,0.40483,-0.05971,0.77841
20,0.65177,4.15093,1,0.38961,-0.06337,0.77733
