particle,elasticity,weight,frame,x,y,z
1,0.51204,4.15093,1,-0.00174,0.40967,0.32407
2,0.95782,4.15093,1,0.00209,0.38466,0.32942
3,0.88138,4.15093,1,0.00141,0.38896,0.32851
4,0.10892,4.15093,1,-0.00517,0.43048,0.31938
5,0.51511,4.15093,1,-0.00171,0.4095,0.3241
6,0.54671,4.15093,1,-0.00145,0.40773,0.32449
7,0.5589,4.15093,1,-0.00135,0.40705,0.32464
8,0.42188,4.15093,1,-0.00247,0.41471,0.32296
9,0.16988,4.15093,1,-0.00444,0.42874,0.31983
10,0.57196,4.15093,1,-0.00124,0.40632,0.3248
11,0.3907,4.15093,1,-0.00272,0.41645,0.32258
12,0.20792,4.15093,1,-0.00416,0.42663,0.32031
13,0.26924,4.15093,1,-0.00368,0.42322,0.32107
14,0.99352,4.15093,1,0.00241,0.38265,0.32984
15,0.63981,4.15093,1,-0.00067,0.40252,0.32562
16,0.94392,4.15093,1,0.00196,0.38545,0.32925
17,0.50512,4.15093,1,-0.0018,0.41006,0.32398
18,0.00472,4.15093,1,-0.0061,0.43475,0.3184
19,0.50051,4.15093,1,-0.00183,0.41032,0.32393
20,0.70968,4.15093,1,-8.0e-5,0.3986,0.32646
