particle,elasticity,weight,frame,x,y,z
1,0.82924,8.28771,1,-0.27275,-0.3672,0.7139
1,0.82924,8.28771,2,-0.36588,-0.42446,0.63592
2,0.02698,8.28771,1,-0.27275,-0.3672,0.7139
2,0.02698,8.28771,2,-0.3656,-0.43088,0.63424
3,0.06173,8.28771,1,-0.27275,-0.3672,0.7139
3,0.06173,8.28771,2,-0.36561,-0.43061,0.63432
4,0.20472,8.28771,1,-0.27275,-0.3672,0.7139
4,0.20472,8.28771,2,-0.36564,-0.42947,0.63461
5,0.54699,8.28771,1,-0.27275,-0.3672,0.7139
5,0.54699,8.28771,2,-0.36575,-0.42674,0.63533
6,0.06721,8.28771,1,-0.27275,-0.3672,0.7139
6,0.06721,8.28771,2,-0.36561,-0.43056,0.63433
7,0.73813,8.28771,1,-0.27275,-0.3672,0.7139
7,0.73813,8.28771,2,-0.36583,-0.42519,0.63573
8,0.06191,8.28771,1,-0.27275,-0.3672,0.7139
8,0.06191,8.28771,2,-0.36561,-0.4306,0.63432
9,0.02278,8.28771,1,-0.27275,-0.3672,0.7139
9,0.02278,8.28771,2,-0.3656,-0.43091,0.63424
10,0.41531,8.28771,1,-0.27275,-0.3672,0.7139
10,0.41531,8.28771,2,-0.3657,-0.42779,0.63505
11,0.04686,8.28771,1,-0.27275,-0.3672,0.7139
11,0.04686,8.28771,2,-0.3656,-0.43072,0.63429
12,0.68099,8.28771,1,-0.27275,-0.3672,0.7139
12,0.68099,8.28771,2,-0.36581,-0.42566,0.63561
13,0.52016,8.28771,1,-0.27275,-0.3672,0.7139
13,0.52016,8.28771,2,-0.36574,-0.42695,0.63527
14,0.87706,8.28771,1,-0.27275,-0.3672,0.7139
14,0.87706,8.28771,2,-0.36591,-0.42407,0.63602
15,0.01237,8.28771,1,-0.27275,-0.3672,0.7139
15,0.01237,8.28771,2,-0.3656,-0.431,0.63421
16,0.90171,8.28771,1,-0.27275,-0.3672,0.7139
16,0.90171,8.28771,2,-0.36592,-0.42387,0.63607
17,0.64238,8.28771,1,-0.27275,-0.3672,0.7139
17,0.64238,8.28771,2,-0.36579,-0.42597,0.63553
18,0.6675,8.28771,1,-0.27275,-0.3672,0.7139
18,0.6675,8.28771,2,-0.3658,-0.42577,0.63558
19,0.58567,8.28771,1,-0.27275,-0.3672,0.7139
19,0.58567,8.28771,2,-0.36576,-0.42642,0.63541
20,0.62155,8.28771,1,-0.27275,-0.3672,0.7139
20,0.62155,8.28771,2,-0.36578,-0.42614,0.63549
