particle,elasticity,weight,frame,x,y,z
1,0.7547,8.29398,1,0.02985,0.25875,0.26908
1,0.7547,8.29398,2,-0.06943,0.25303,0.31746
2,0.15927,8.29398,1,0.02985,0.25875,0.26908
2,0.15927,8.29398,2,-0.06943,0.25303,0.31746
3,0.94565,8.29398,1,0.02985,0.25875,0.26908
3,0.94565,8.29398,2,-0.06943,0.25303,0.31746
4,0.64207,8.29398,1,0.02985,0.25875,0.26908
4,0.64207,8.29398,2,-0.06943,0.25303,0.31746
5,0.03327,8.29398,1,0.02985,0.25875,0.26908
5,0.03327,8.29398,2,-0.06943,0.25303,0.31746
6,0.16359,8.29398,1,0.02985,0.25875,0.26908
6,0.16359,8.29398,2,-0.06943,0.25303,0.31746
7,0.40573,8.29398,1,0.02985,0.25875,0.26908
7,0.40573,8.29398,2,-0.06943,0.25303,0.31746
8,0.79776,8.29398,1,0.02985,0.25875,0.26908
8,0.79776,8.29398,2,-0.06943,0.25303,0.31746
9,0.95089,8.29398,1,0.02985,0.25875,0.26908
9,0.95089,8.29398,2,-0.06943,0.25303,0.31746
10,0.2156,8.29398,1,0.02985,0.25875,0.26908
10,0.2156,8.29398,2,-0.06943,0.25303,0.31746
11,0.52836,8.29398,1,0.02985,0.25875,0.26908
11,0.52836,8.29398,2,-0.06943,0.25303,0.31746
12,0.96361,8.29398,1,0.02985,0.25875,0.26908
12,0.96361,8.29398,2,-0.06943,0.25303,0.31746
13,0.66105,8.29398,1,0.02985,0.25875,0.26908
13,0.66105,8.29398,2,-0.06943,0.25303,0.31746
14,0.95069,8.29398,1,0.02985,0.25875,0.26908
14,0.95069,8.29398,2,-0.06943,0.25303,0.31746
15,0.62334,8.29398,1,0.02985,0.25875,0.26908
15,0.62334,8.29398,2,-0.06943,0.25303,0.31746
16,0.32008,8.29398,1,0.02985,0.25875,0.26908
16,0.32008,8.29398,2,-0.06943,0.25303,0.31746
17,0.21073,8.29398,1,0.02985,0.25875,0.26908
17,0.21073,8.29398,2,-0.06943,0.25303,0.31746
18,0.07897,8.29398,1,0.02985,0.25875,0.26908
18,0.07897,8.29398,2,-0.06943,0.25303,0.31746
19,0.57292,8.29398,1,0.02985,0.25875,0.26908
19,0.57292,8.29398,2,-0.06943,0.25303,0.31746
20,0.01987,8.29398,1,0.02985,0.25875,0.26908
20,0.01987,8.29398,2,-0.06943,0.25303,0.31746
