particle,elasticity,weight,frame,x,y,z
1,0.51541,4.15093,1,0.05819,0.09324,0.87374
2,0.48096,4.15093,1,0.05819,0.09324,0.87374
3,0.74164,4.15093,1,0.05819,0.09324,0.87374
4,0.31052,4.15093,1,0.05819,0.09324,0.87374
5,0.79867,4.15093,1,0.05819,0.09324,0.87374
6,0.94547,4.15093,1,0.05819,0.09324,0.87374
7,0.33566,4.15093,1,0.05819,0.09324,0.87374
8,0.94481,4.15093,1,0.05819,0.09324,0.87374
9,0.96553,4.15093,1,0.05819,0.09324,0.87374
10,0.24022,4.15093,1,0.05819,0.09324,0.87374
11,0.16873,4.15093,1,0.05819,0.09324,0.87374
12,0.36928,4.15093,1,0.05819,0.09324,0.87374
13,0.66383,4.15093,1,0.05819,0.09324,0.87374
14,0.7485,4.15093,1,0.05819,0.09324,0.87374
15,0.67885,4.15093,1,0.05819,0.09324,0.87374
16,0.52639,4.15093,1,0.05819,0.09324,0.87374
17,0.68475,4.15093,1,0.05819,0.09324,0.87374
18,0.40362,4.15093,1,0.05819,0.09324,0.87374
19,0.60061,4.15093,1,0.05819,0.09324,0.87374
20,0.04516,4.15093,1,0.05819,0.09324,0.87374
