particle,elasticity,weight,frame,x,y,z
1,0.40965,8.26893,1,-0.35136,0.08581,0.39918
1,0.40965,8.26893,2,-0.41789,-0.00729,0.26767
2,0.79457,8.26893,1,-0.35136,0.08581,0.39918
2,0.79457,8.26893,2,-0.40605,-0.00523,0.26982
3,0.04405,8.26893,1,-0.35136,0.08581,0.39918
3,0.04405,8.26893,2,-0.4291,-0.00919,0.26559
4,0.71331,8.26893,1,-0.35136,0.08581,0.39918
4,0.71331,8.26893,2,-0.40855,-0.00567,0.26937
5,0.22424,8.26893,1,-0.35136,0.08581,0.39918
5,0.22424,8.26893,2,-0.42358,-0.00826,0.26662
6,0.96025,8.26893,1,-0.35136,0.08581,0.39918
6,0.96025,8.26893,2,-0.40095,-0.00433,0.27074
7,0.47592,8.26893,1,-0.35136,0.08581,0.39918
7,0.47592,8.26893,2,-0.41585,-0.00694,0.26804
8,0.5002,8.26893,1,-0.35136,0.08581,0.39918
8,0.5002,8.26893,2,-0.41511,-0.00681,0.26818
9,0.9418,8.26893,1,-0.35136,0.08581,0.39918
9,0.9418,8.26893,2,-0.40152,-0.00443,0.27064
10,0.61634,8.26893,1,-0.35136,0.08581,0.39918
10,0.61634,8.26893,2,-0.41154,-0.00619,0.26883
11,0.48321,8.26893,1,-0.35136,0.08581,0.39918
11,0.48321,8.26893,2,-0.41563,-0.0069,0.26808
12,0.46237,8.26893,1,-0.35136,0.08581,0.39918
12,0.46237,8.26893,2,-0.41627,-0.00701,0.26797
13,0.2314,8.26893,1,-0.35136,0.08581,0.39918
13,0.2314,8.26893,2,-0.42336,-0.00822,0.26666
14,0.86356,8.26893,1,-0.35136,0.08581,0.39918
14,0.86356,8.26893,2,-0.40393,-0.00486,0.2702
15,0.92295,8.26893,1,-0.35136,0.08581,0.39918
15,0.92295,8.26893,2,-0.4021,-0.00453,0.27053
16,0.41801,8.26893,1,-0.35136,0.08581,0.39918
16,0.41801,8.26893,2,-0.41763,-0.00725,0.26772
17,0.40035,8.26893,1,-0.35136,0.08581,0.39918
17,0.40035,8.26893,2,-0.41818,-0.00734,0.26762
18,0.00823,8.26893,1,-0.35136,0.08581,0.39918
18,0.00823,8.26893,2,-0.4302,-0.00937,0.26538
19,0.48863,8.26893,1,-0.35136,0.08581,0.39918
19,0.48863,8.26893,2,-0.41546,-0.00687,0.26811
20,0.85901,8.26893,1,-0.35136,0.08581,0.39918
20,0.85901,8.26893,2,-0.40407,-0.00488,0.27018
