particle,elasticity,weight,frame,x,y,z
1,0.83723,4.15093,1,0.40439,0.06,0.55687
2,0.96522,4.15093,1,0.40439,0.06,0.55687
3,0.70083,4.15093,1,0.40439,0.06,0.55687
4,0.64672,4.15093,1,0.40439,0.06,0.55687
5,0.09353,4.15093,1,0.40439,0.06,0.55687
6,0.76373,4.15093,1,0.40439,0.06,0.55687
7,0.00709,4.15093,1,0.40439,0.06,0.55687
8,0.9876,4.15093,1,0.40439,0.06,0.55687
9,0.31572,4.15093,1,0.40439,0.06,0.55687
10,0.48425,4.15093,1,0.40439,0.06,0.55687
11,0.04045,4.15093,1,0.40439,0.06,0.55687
12,0.57255,4.15093,1,0.40439,0.06,0.55687
13,0.28895,4.15093,1,0.40439,0.06,0.55687
14,0.81753,4.15093,1,0.40439,0.06,0.55687
15,0.34301,4.15093,1,0.40439,0.06,0.55687
16,0.97417,4.15093,1,0.40439,0.06,0.55687
17,0.02819,4.15093,1,0.40439,0.06,0.55687
18,0.22616,4.15093,1,0.40439,0.06,0.55687
19,0.76294,4.15093,1,0.40439,0.06,0.55687
20,0.14205,4.15093,1,0.40439,0.06,0.55687
