particle,elasticity,weight,frame,x,y,z
1,0.28025,7.81391,1,0.39248,-0.29624,0.163
1,0.28025,7.81391,2,0.31525,-0.40822,0.08736
2,0.94792,6.95483,1,0.31639,-0.31834,0.17982
2,0.94792,6.95483,2,0.16286,-0.40737,0.08442
3,0.6528,7.5116,1,0.36333,-0.31073,0.17024
3,0.6528,7.5116,2,0.25534,-0.42505,0.05794
4,0.91647,7.02558,1,0.3214,-0.31752,0.17881
4,0.91647,7.02558,2,0.17346,-0.40684,0.08186
5,0.6619,7.49801,1,0.36188,-0.31096,0.17054
5,0.6619,7.49801,2,0.25226,-0.42541,0.05861
6,0.51556,7.63626,1,0.37497,-0.30626,0.16803
6,0.51556,7.63626,2,0.27776,-0.4238,0.0544
7,0.72449,7.39838,1,0.35194,-0.31255,0.17259
7,0.72449,7.39838,2,0.23372,-0.41597,0.06547
8,0.44662,7.69548,1,0.38137,-0.30408,0.16673
8,0.44662,7.69548,2,0.28378,-0.42697,0.06574
9,0.27203,7.82002,1,0.39332,-0.29595,0.16279
9,0.27203,7.82002,2,0.31706,-0.40793,0.08672
10,0.79389,7.27531,1,0.3409,-0.31433,0.17485
10,0.79389,7.27531,2,0.21047,-0.41766,0.07082
11,0.7319,7.38587,1,0.35076,-0.31274,0.17283
11,0.7319,7.38587,2,0.23124,-0.41614,0.06605
12,0.38904,7.73619,1,0.38547,-0.30202,0.16588
12,0.38904,7.73619,2,0.29019,-0.41582,0.06563
13,0.75191,7.35134,1,0.34758,-0.31325,0.17348
13,0.75191,7.35134,2,0.22454,-0.41661,0.06759
14,0.41176,7.71948,1,0.3837,-0.30285,0.16627
14,0.41176,7.71948,2,0.2872,-0.42035,0.06583
15,0.39172,7.73423,1,0.38526,-0.30212,0.16593
15,0.39172,7.73423,2,0.28981,-0.41635,0.06566
16,0.11222,7.91807,1,0.41241,-0.29278,0.15976
16,0.11222,7.91807,2,0.34657,-0.40565,0.05225
17,0.82185,7.22199,1,0.33646,-0.31505,0.17576
17,0.82185,7.22199,2,0.20107,-0.4184,0.07297
18,0.04793,7.94931,1,0.4205,-0.29097,0.15792
18,0.04793,7.94931,2,0.36386,-0.40122,0.04763
19,0.4753,7.6734,1,0.37907,-0.30502,0.16719
19,0.4753,7.6734,2,0.27998,-0.43188,0.06572
20,0.30328,7.79849,1,0.39259,-0.2988,0.16422
20,0.30328,7.79849,2,0.30417,-0.41539,0.06816
