particle,elasticity,weight,frame,x,y,z
1,0.66404,4.15093,1,0.06839,0.42408,0.60394
2,0.18067,4.15093,1,0.06839,0.42408,0.60394
3,0.25537,4.15093,1,0.06839,0.42408,0.60394
4,0.84097,4.15093,1,0.06839,0.42408,0.60394
5,0.33344,4.15093,1,0.06839,0.42408,0.60394
6,0.55936,4.15093,1,0.06839,0.42408,0.60394
7,0.87423,4.15093,1,0.06839,0.42408,0.60394
8,0.64596,4.15093,1,0.06839,0.42408,0.60394
9,0.77171,4.15093,1,0.06839,0.42408,0.60394
10,0.33491,4.15093,1,0.06839,0.42408,0.60394
11,0.91212,4.15093,1,0.06839,0.42408,0.60394
12,0.02144,4.15093,1,0.06839,0.42408,0.60394
13,0.87435,4.15093,1,0.06839,0.42408,0.60394
14,0.08419,4.15093,1,0.06839,0.42408,0.60394
15,0.0751,4.15093,1,0.06839,0.42408,0.60394
16,0.91495,4.15093,1,0.06839,0.42408,0.60394
17,0.26874,4.15093,1,0.06839,0.42408,0.60394
18,0.79085,4.15093,1,0.06839,0.42408,0.60394
19,0.02588,4.15093,1,0.06839,0.42408,0.60394
20,0.9625,4.15093,1,0.06839,0.42408,0.60394
