particle,elasticity,weight,frame,x,y,z
1,0.78464,8.26564,1,-0.15636,-0.25844,0.10949
1,0.78464,8.26564,2,-0.08896,-0.25642,0.15738
2,0.12416,8.28759,1,-0.15636,-0.25844,0.09917
2,0.12416,8.28759,2,-0.08893,-0.25642,0.10073
3,0.92425,8.25964,1,-0.15636,-0.25844,0.11168
3,0.92425,8.25964,2,-0.08898,-0.25642,0.16934
4,0.42239,8.279,1,-0.15636,-0.25844,0.10383
4,0.42239,8.279,2,-0.08894,-0.25642,0.12631
5,0.97574,8.25731,1,-0.15636,-0.25844,0.11248
5,0.97574,8.25731,2,-0.08898,-0.25642,0.17375
6,0.8754,8.2618,1,-0.15636,-0.25844,0.11091
6,0.8754,8.2618,2,-0.08897,-0.25642,0.16515
7,0.94087,8.25889,1,-0.15636,-0.25844,0.11194
7,0.94087,8.25889,2,-0.08898,-0.25642,0.17076
8,0.36693,8.28076,1,-0.15636,-0.25844,0.10296
8,0.36693,8.28076,2,-0.08894,-0.25642,0.12156
9,0.17733,8.28622,1,-0.15636,-0.25844,0.1
9,0.17733,8.28622,2,-0.08893,-0.25642,0.10529
10,0.66984,8.27022,1,-0.15636,-0.25844,0.1077
10,0.66984,8.27022,2,-0.08896,-0.25642,0.14753
11,0.80438,8.26482,1,-0.15636,-0.25844,0.1098
11,0.80438,8.26482,2,-0.08897,-0.25642,0.15907
12,0.46548,8.27758,1,-0.15636,-0.25844,0.10451
12,0.46548,8.27758,2,-0.08894,-0.25642,0.13001
13,0.39111,8.28001,1,-0.15636,-0.25844,0.10334
13,0.39111,8.28001,2,-0.08894,-0.25642,0.12363
14,0.99253,8.25653,1,-0.15636,-0.25844,0.11274
14,0.99253,8.25653,2,-0.08898,-0.25642,0.17519
15,0.15949,8.28669,1,-0.15636,-0.25844,0.09972
15,0.15949,8.28669,2,-0.08893,-0.25642,0.10376
16,0.97796,8.2572,1,-0.15636,-0.25844,0.11252
16,0.97796,8.2572,2,-0.08898,-0.25642,0.17394
17,0.99552,8.25639,1,-0.15636,-0.25844,0.11279
17,0.99552,8.25639,2,-0.08898,-0.25642,0.17544
18,0.0958,8.2883,1,-0.15636,-0.25844,0.09873
18,0.0958,8.2883,2,-0.08908,-0.25642,0.09999
19,0.84621,8.26305,1,-0.15636,-0.25844,0.11046
19,0.84621,8.26305,2,-0.08897,-0.25642,0.16265
20,0.29292,8.283,1,-0.15636,-0.25844,0.10181
20,0.29292,8.283,2,-0.08894,-0.25642,0.11521
