particle,elasticity,weight,frame,x,y,z
1,0.60274,7.39347,1,0.33733,-0.02949,0.90078
1,0.60274,7.39347,2,0.23907,0.12047,0.80949
2,0.91832,6.98899,1,0.30769,-0.03406,0.89495
2,0.91832,6.98899,2,0.17788,0.11165,0.77083
3,0.6681,7.31735,1,0.33119,-0.03043,0.89958
3,0.6681,7.31735,2,0.22638,0.11864,0.80129
4,0.90437,7.00884,1,0.309,-0.03386,0.89521
4,0.90437,7.00884,2,0.18058,0.11204,0.77249
5,0.1667,7.79891,1,0.37829,-0.02317,0.90882
5,0.1667,7.79891,2,0.32379,0.13258,0.86684
6,0.51215,7.49235,1,0.34584,-0.02817,0.90246
6,0.51215,7.49235,2,0.25665,0.12299,0.82103
7,0.77663,7.18213,1,0.321,-0.03201,0.89757
7,0.77663,7.18213,2,0.20534,0.11561,0.78789
8,0.15306,7.80872,1,0.37957,-0.02298,0.90907
8,0.15306,7.80872,2,0.32645,0.13296,0.8687
9,0.43127,7.57414,1,0.35344,-0.027,0.90395
9,0.43127,7.57414,2,0.27236,0.12524,0.8315
10,0.01965,7.89549,1,0.3921,-0.02105,0.91153
10,0.01965,7.89549,2,0.35241,0.13664,0.88719
11,0.20616,7.76955,1,0.37458,-0.02375,0.9081
11,0.20616,7.76955,2,0.31612,0.13149,0.86146
12,0.56879,7.43143,1,0.34052,-0.02899,0.90141
12,0.56879,7.43143,2,0.24565,0.12142,0.81379
13,0.86674,7.06148,1,0.31254,-0.03332,0.89591
13,0.86674,7.06148,2,0.18787,0.11309,0.77698
14,0.71153,7.26456,1,0.32711,-0.03106,0.89877
14,0.71153,7.26456,2,0.21796,0.11743,0.79589
15,0.57123,7.42874,1,0.34029,-0.02903,0.90137
15,0.57123,7.42874,2,0.24518,0.12135,0.81348
16,0.7513,7.21467,1,0.32338,-0.03164,0.89804
16,0.7513,7.21467,2,0.21025,0.11632,0.79099
17,0.28986,7.70243,1,0.36672,-0.02496,0.90655
17,0.28986,7.70243,2,0.29984,0.12917,0.85018
18,0.65742,7.33006,1,0.3322,-0.03028,0.89977
18,0.65742,7.33006,2,0.22845,0.11894,0.80262
19,0.47443,7.53126,1,0.34938,-0.02763,0.90315
19,0.47443,7.53126,2,0.26398,0.12404,0.8259
20,0.14325,7.81567,1,0.38049,-0.02284,0.90925
20,0.14325,7.81567,2,0.32835,0.13323,0.87005
