particle,elasticity,weight,frame,x,y,z
1,0.33051,4.15093,1,-0.18322,-0.36346,0.27865
2,0.71563,4.15093,1,-0.1847,-0.33154,0.28649
3,0.66228,4.15093,1,-0.18449,-0.33596,0.2854
4,0.26428,4.15093,1,-0.18296,-0.36895,0.27731
5,0.79955,4.15093,1,-0.18502,-0.32458,0.2882
6,0.5151,4.15093,1,-0.18393,-0.34816,0.28241
7,0.63246,4.15093,1,-0.18438,-0.33843,0.28479
8,0.2152,4.15093,1,-0.18277,-0.37302,0.27631
9,0.71353,4.15093,1,-0.18469,-0.33171,0.28645
10,0.27901,4.15093,1,-0.18302,-0.36773,0.27761
11,0.02718,4.15093,1,-0.18205,-0.38861,0.2725
12,0.31718,4.15093,1,-0.18316,-0.36457,0.27838
13,0.98187,4.15093,1,-0.18572,-0.30947,0.29191
14,0.99187,4.15093,1,-0.18576,-0.30864,0.29212
15,0.85536,4.15093,1,-0.18524,-0.31995,0.28933
16,0.24611,4.15093,1,-0.18289,-0.37046,0.27694
17,0.12909,4.15093,1,-0.18244,-0.38016,0.27457
18,0.89967,4.15093,1,-0.18541,-0.31628,0.29024
19,0.50009,4.15093,1,-0.18387,-0.3494,0.2821
20,0.5159,4.15093,1,-0.18393,-0.34809,0.28242
