particle,elasticity,weight,frame,x,y,z
1,0.19537,4.15093,1,-0.09658,0.08223,0.55035
2,0.38548,4.15093,1,-0.09658,0.08223,0.55035
3,0.93187,4.15093,1,-0.09658,0.08223,0.55035
4,0.1419,4.15093,1,-0.09658,0.08223,0.55035
5,0.86049,4.15093,1,-0.09658,0.08223,0.55035
6,0.01522,4.15093,1,-0.09658,0.08223,0.55035
7,0.99054,4.15093,1,-0.09658,0.08223,0.55035
8,0.76294,4.15093,1,-0.09658,0.08223,0.55035
9,0.12426,4.15093,1,-0.09658,0.08223,0.55035
10,0.49764,4.15093,1,-0.09658,0.08223,0.55035
11,0.1311,4.15093,1,-0.09658,0.08223,0.55035
12,0.05665,4.15093,1,-0.09658,0.08223,0.55035
13,0.70516,4.15093,1,-0.09658,0.08223,0.55035
14,0.84438,4.15093,1,-0.09658,0.08223,0.55035
15,0.24982,4.15093,1,-0.09658,0.08223,0.55035
16,0.30361,4.15093,1,-0.09658,0.08223,0.55035
17,0.77988,4.15093,1,-0.09658,0.08223,0.55035
18,0.37949,4.15093,1,-0.09658,0.08223,0.55035
19,0.2696,4.15093,1,-0.09658,0.08223,0.55035
20,0.68112,4.15093,1,-0.09658,0.08223,0.55035
