particle,elasticity,weight,frame,x,y,z
1,0.27684,8.24757,1,-0.42624,0.22836,0.81035
1,0.27684,8.24757,2,-0.41049,0.3531,0.87691
2,0.19468,8.24757,1,-0.42624,0.22836,0.81035
2,0.19468,8.24757,2,-0.40213,0.34793,0.87698
3,0.81699,8.24757,1,-0.42624,0.22836,0.81035
3,0.81699,8.24757,2,-0.35547,0.36252,0.86451
4,0.85846,8.24757,1,-0.42624,0.22836,0.81035
4,0.85846,8.24757,2,-0.35065,0.36324,0.86345
5,0.41526,8.24757,1,-0.42624,0.22836,0.81035
5,0.41526,8.24757,2,-0.402,0.35594,0.87496
6,0.48616,8.24757,1,-0.42624,0.22836,0.81035
6,0.48616,8.24757,2,-0.39381,0.35705,0.87309
7,0.91323,8.24757,1,-0.42624,0.22836,0.81035
7,0.91323,8.24757,2,-0.34428,0.36419,0.86206
8,0.15229,8.24757,1,-0.42624,0.22836,0.81035
8,0.15229,8.24757,2,-0.40469,0.34673,0.87804
9,0.1351,8.24757,1,-0.42624,0.22836,0.81035
9,0.1351,8.24757,2,-0.40578,0.34626,0.87847
10,0.86783,8.24757,1,-0.42624,0.22836,0.81035
10,0.86783,8.24757,2,-0.34956,0.3634,0.86321
11,0.8936,8.24757,1,-0.42624,0.22836,0.81035
11,0.8936,8.24757,2,-0.34656,0.36385,0.86256
12,0.31715,8.24757,1,-0.42624,0.22836,0.81035
12,0.31715,8.24757,2,-0.40706,0.35397,0.87607
13,0.31661,8.24757,1,-0.42624,0.22836,0.81035
13,0.31661,8.24757,2,-0.40711,0.35396,0.87608
14,0.99215,8.24757,1,-0.42624,0.22836,0.81035
14,0.99215,8.24757,2,-0.33509,0.36558,0.86006
15,0.16584,8.24757,1,-0.42624,0.22836,0.81035
15,0.16584,8.24757,2,-0.40385,0.34711,0.8777
16,0.59317,8.24757,1,-0.42624,0.22836,0.81035
16,0.59317,8.24757,2,-0.38144,0.35878,0.87029
17,0.64568,8.24757,1,-0.42624,0.22836,0.81035
17,0.64568,8.24757,2,-0.37535,0.35964,0.86893
18,0.5519,8.24757,1,-0.42624,0.22836,0.81035
18,0.5519,8.24757,2,-0.38621,0.35811,0.87137
19,0.79111,8.24757,1,-0.42624,0.22836,0.81035
19,0.79111,8.24757,2,-0.35848,0.36208,0.86517
20,0.96329,8.24757,1,-0.42624,0.22836,0.81035
20,0.96329,8.24757,2,-0.33845,0.36507,0.86079
