particle,elasticity,weight,frame,x,y,z
1,0.41877,8.25852,1,0.16078,-0.12109,0.90202
1,0.41877,8.25852,2,-0.07482,-0.00343,0.87239
2,0.95775,8.25852,1,0.16078,-0.12109,0.90202
2,0.95775,8.25852,2,-0.07482,-0.00343,0.87239
3,0.09165,8.25852,1,0.16078,-0.12109,0.90202
3,0.09165,8.25852,2,-0.07482,-0.00343,0.87239
4,0.67926,8.25852,1,0.16078,-0.12109,0.90202
4,0.67926,8.25852,2,-0.07482,-0.00343,0.87239
5,0.71891,8.25852,1,0.16078,-0.12109,0.90202
5,0.71891,8.25852,2,-0.07482,-0.00343,0.87239
6,0.38283,8.25852,1,0.16078,-0.12109,0.90202
6,0.38283,8.25852,2,-0.07482,-0.00343,0.87239
7,0.53846,8.25852,1,0.16078,-0.12109,0.90202
7,0.53846,8.25852,2,-0.07482,-0.00343,0.87239
8,0.97063,8.25852,1,0.16078,-0.12109,0.90202
8,0.97063,8.25852,2,-0.07482,-0.00343,0.87239
9,0.1599,8.25852,1,0.16078,-0.12109,0.90202
9,0.1599,8.25852,2,-0.07482,-0.00343,0.87239
10,0.16898,8.25852,1,0.16078,-0.12109,0.90202
10,0.16898,8.25852,2,-0.07482,-0.00343,0.87239
11,0.0126,8.25852,1,0.16078,-0.12109,0.90202
11,0.0126,8.25852,2,-0.07482,-0.00343,0.87239
12,0.75712,8.25852,1,0.16078,-0.12109,0.90202
12,0.75712,8.25852,2,-0.07482,-0.00343,0.87239
13,0.00648,8.25852,1,0.16078,-0.12109,0.90202
13,0.00648,8.25852,2,-0.07482,-0.00343,0.87239
14,0.04026,8.25852,1,0.16078,-0.12109,0.90202
14,0.04026,8.25852,2,-0.07482,-0.00343,0.87239
15,0.87997,8.25852,1,0.16078,-0.12109,0.90202
15,0.87997,8.25852,2,-0.07482,-0.00343,0.87239
16,0.96519,8.25852,1,0.16078,-0.12109,0.90202
16,0.96519,8.25852,2,-0.07482,-0.00343,0.87239
17,0.43457,8.25852,1,0.16078,-0.12109,0.90202
17,0.43457,8.25852,2,-0.07482,-0.00343,0.87239
18,0.39756,8.25852,1,0.16078,-0.12109,0.90202
18,0.39756,8.25852,2,-0.07482,-0.00343,0.87239
19,0.26922,8.25852,1,0.16078,-0.12109,0.90202
19,0.26922,8.25852,2,-0.07482,-0.00343,0.87239
20,0.28105,8.25852,1,0.16078,-0.12109,0.90202
20,0.28105,8.25852,2,-0.07482,-0.00343,0.87239
