particle,elasticity,weight,frame,x,y,z
1,0.30922,4.15093,1,0.41535,0.38937,0.0273
2,0.23908,4.15093,1,0.4173,0.38959,0.02549
3,0.01569,4.15093,1,0.42352,0.39023,0.01981
4,0.83,4.15093,1,0.40085,0.38753,0.04102
5,0.99668,4.15093,1,0.39621,0.38689,0.04551
6,0.56025,4.15093,1,0.40836,0.38852,0.03385
7,0.4834,4.15093,1,0.4105,0.38879,0.03183
8,0.19005,4.15093,1,0.41867,0.38974,0.02424
9,0.94795,4.15093,1,0.39757,0.38708,0.04419
10,0.6787,4.15093,1,0.40506,0.3881,0.03698
11,0.78997,4.15093,1,0.40197,0.38769,0.03995
12,0.28515,4.15093,1,0.41602,0.38944,0.02668
13,0.02307,4.15093,1,0.42332,0.39021,0.02
14,0.96079,4.15093,1,0.39721,0.38703,0.04454
15,0.07739,4.15093,1,0.4218,0.39006,0.02137
16,0.8096,4.15093,1,0.40142,0.38761,0.04047
17,0.47067,4.15093,1,0.41085,0.38883,0.0315
18,0.68302,4.15093,1,0.40494,0.38808,0.0371
19,0.06229,4.15093,1,0.42222,0.3901,0.02099
20,0.33858,4.15093,1,0.41453,0.38927,0.02806
