particle,elasticity,weight,frame,x,y,z
1,0.66876,4.15093,1,-0.40813,-0.20763,0.03637
2,0.84627,4.15093,1,-0.40201,-0.2058,0.03974
3,0.34046,4.15093,1,-0.41956,-0.21102,0.03019
4,0.71089,4.15093,1,-0.40667,-0.20719,0.03717
5,0.77352,4.15093,1,-0.40451,-0.20655,0.03836
6,0.13008,4.15093,1,-0.4261,-0.21306,0.02636
7,0.462,4.15093,1,-0.41531,-0.20976,0.03247
8,0.41155,4.15093,1,-0.41708,-0.21029,0.03152
9,0.41686,4.15093,1,-0.41689,-0.21023,0.03162
10,0.41988,4.15093,1,-0.41679,-0.2102,0.03168
11,0.76513,4.15093,1,-0.4048,-0.20663,0.0382
12,0.84438,4.15093,1,-0.40207,-0.20582,0.0397
13,0.22008,4.15093,1,-0.42373,-0.21225,0.02796
14,0.31542,4.15093,1,-0.42044,-0.21128,0.02973
15,0.67633,4.15093,1,-0.40787,-0.20755,0.03651
16,0.76057,4.15093,1,-0.40496,-0.20668,0.03811
17,0.56026,4.15093,1,-0.41189,-0.20875,0.03432
18,0.53847,4.15093,1,-0.41265,-0.20897,0.03391
19,0.6514,4.15093,1,-0.40873,-0.20781,0.03604
20,0.51128,4.15093,1,-0.4136,-0.20925,0.0334
