particle,elasticity,weight,frame,x,y,z
1,0.73955,4.15093,1,0.43829,0.1491,0.03761
2,0.45616,4.15093,1,0.43862,0.14963,0.035
3,0.12984,4.15093,1,0.43895,0.15024,0.03212
4,0.17739,4.15093,1,0.43891,0.15015,0.03253
5,0.72801,4.15093,1,0.4383,0.14912,0.0375
6,0.00766,4.15093,1,0.43907,0.15046,0.03108
7,0.83474,4.15093,1,0.43817,0.14893,0.03851
8,0.11022,4.15093,1,0.43897,0.15027,0.03195
9,0.44045,4.15093,1,0.43864,0.14966,0.03486
10,0.32318,4.15093,1,0.43876,0.14988,0.03381
11,0.48594,4.15093,1,0.43858,0.14957,0.03527
12,0.13088,4.15093,1,0.43895,0.15023,0.03213
13,0.97014,4.15093,1,0.43798,0.14868,0.03981
14,0.29507,4.15093,1,0.43879,0.14993,0.03356
15,0.83957,4.15093,1,0.43816,0.14892,0.03855
16,0.49767,4.15093,1,0.43857,0.14955,0.03537
17,0.69998,4.15093,1,0.43834,0.14918,0.03724
18,0.14886,4.15093,1,0.43893,0.1502,0.03229
19,0.79319,4.15093,1,0.43822,0.149,0.03811
20,0.20266,4.15093,1,0.43888,0.1501,0.03275
