particle,elasticity,weight,frame,x,y,z
1,0.00827,4.15093,1,-0.3933,-0.25196,0.33938
2,0.63042,4.15093,1,-0.3836,-0.25196,0.33938
3,0.3378,4.15093,1,-0.38816,-0.25196,0.33938
4,0.12605,4.15093,1,-0.39146,-0.25196,0.33938
5,0.28954,4.15093,1,-0.38891,-0.25196,0.33938
6,0.69519,4.15093,1,-0.38259,-0.25196,0.33938
7,0.75908,4.15093,1,-0.3816,-0.25196,0.33938
8,0.84466,4.15093,1,-0.38026,-0.25196,0.33938
9,0.51755,4.15093,1,-0.38536,-0.25196,0.33938
10,0.84209,4.15093,1,-0.3803,-0.25196,0.33938
11,0.70902,4.15093,1,-0.38238,-0.25196,0.33938
12,0.11453,4.15093,1,-0.39164,-0.25196,0.33938
13,0.55855,4.15093,1,-0.38472,-0.25196,0.33938
14,0.9723,4.15093,1,-0.37827,-0.25196,0.33938
15,0.27793,4.15093,1,-0.38909,-0.25196,0.33938
16,0.50722,4.15093,1,-0.38552,-0.25196,0.33938
17,0.88356,4.15093,1,-0.37966,-0.25196,0.33938
18,0.64217,4.15093,1,-0.38342,-0.25196,0.33938
19,0.15705,4.15093,1,-0.39098,-0.25196,0.33938
20,0.45774,4.15093,1,-0.38629,-0.25196,0.33938
