particle,elasticity,weight,frame,x,y,z
1,0.65651,8.19613,1,-0.41648,0.30793,0.32025
1,0.65651,8.19613,2,-0.39246,0.39251,0.17568
2,0.40847,8.22323,1,-0.42331,0.30747,0.31855
2,0.40847,8.22323,2,-0.40729,0.39109,0.17198
3,0.21806,8.24053,1,-0.42853,0.30717,0.31724
3,0.21806,8.24053,2,-0.40952,0.38914,0.17122
4,0.08447,8.25086,1,-0.43218,0.30698,0.31632
4,0.08447,8.25086,2,-0.41504,0.38803,0.16969
5,0.007,8.25618,1,-0.43429,0.30688,0.31579
5,0.007,8.25618,2,-0.41832,0.38716,0.16866
6,0.57603,8.20549,1,-0.4187,0.30777,0.3197
6,0.57603,8.20549,2,-0.39865,0.39208,0.17414
7,0.85109,8.1712,1,-0.41109,0.30833,0.32158
7,0.85109,8.1712,2,-0.37744,0.39364,0.17939
8,0.5599,8.2073,1,-0.41915,0.30774,0.31959
8,0.5599,8.2073,2,-0.39989,0.39199,0.17383
9,0.83375,8.17355,1,-0.41158,0.30829,0.32146
9,0.83375,8.17355,2,-0.37878,0.39353,0.17906
10,0.82027,8.17536,1,-0.41195,0.30826,0.32137
10,0.82027,8.17536,2,-0.37982,0.39345,0.1788
11,0.52648,8.21099,1,-0.42007,0.30768,0.31936
11,0.52648,8.21099,2,-0.40246,0.39182,0.17319
12,0.1654,8.24478,1,-0.42997,0.30709,0.31688
12,0.1654,8.24478,2,-0.41194,0.38873,0.17057
13,0.65847,8.19589,1,-0.41643,0.30793,0.32026
13,0.65847,8.19589,2,-0.39231,0.39252,0.17571
14,0.73112,8.18695,1,-0.41442,0.30808,0.32076
14,0.73112,8.18695,2,-0.38671,0.39293,0.1771
15,0.92222,8.16127,1,-0.40912,0.30849,0.32207
15,0.92222,8.16127,2,-0.37194,0.39407,0.18075
16,0.87411,8.16803,1,-0.41046,0.30838,0.32174
16,0.87411,8.16803,2,-0.37566,0.39378,0.17983
17,0.11532,8.24861,1,-0.43134,0.30702,0.31653
17,0.11532,8.24861,2,-0.41338,0.38826,0.17014
18,0.9617,8.15558,1,-0.40802,0.30858,0.32234
18,0.9617,8.15558,2,-0.36888,0.39432,0.1815
19,0.7237,8.18788,1,-0.41462,0.30806,0.32071
19,0.7237,8.18788,2,-0.38728,0.39289,0.17696
20,0.65397,8.19643,1,-0.41655,0.30792,0.32023
20,0.65397,8.19643,2,-0.39266,0.3925,0.17563
