particle,elasticity,weight,frame,x,y,z
1,0.30816,7.8881,1,0.37334,0.32648,0.67646
1,0.30816,7.8881,2,0.33768,0.2799,0.80314
2,0.77414,7.53623,1,0.34064,0.32764,0.67287
2,0.77414,7.53623,2,0.26325,0.28257,0.79491
3,0.66383,7.62894,1,0.34838,0.32764,0.67288
3,0.66383,7.62894,2,0.28086,0.28255,0.79495
4,0.86285,7.45735,1,0.33442,0.32764,0.67286
4,0.86285,7.45735,2,0.24909,0.28258,0.79488
5,0.25906,7.91888,1,0.37679,0.32621,0.67728
5,0.25906,7.91888,2,0.34553,0.2793,0.805
6,0.28303,7.90401,1,0.37511,0.32634,0.67688
6,0.28303,7.90401,2,0.3417,0.27959,0.80409
7,0.87612,7.44522,1,0.33349,0.32764,0.67286
7,0.87612,7.44522,2,0.24698,0.28258,0.79488
8,0.15563,7.97958,1,0.38405,0.32565,0.679
8,0.15563,7.97958,2,0.36207,0.27802,0.80893
9,0.09212,8.01408,1,0.38851,0.32531,0.68006
9,0.09212,8.01408,2,0.37222,0.27724,0.81134
10,0.72523,7.57808,1,0.34407,0.32764,0.67287
10,0.72523,7.57808,2,0.27105,0.28256,0.79493
11,0.36116,7.85346,1,0.36962,0.32677,0.67557
11,0.36116,7.85346,2,0.32921,0.28055,0.80112
12,0.84545,7.47313,1,0.33564,0.32764,0.67286
12,0.84545,7.47313,2,0.25187,0.28257,0.79489
13,0.70597,7.59423,1,0.34543,0.32764,0.67287
13,0.70597,7.59423,2,0.27413,0.28256,0.79494
14,0.11007,8.00454,1,0.38725,0.32541,0.67976
14,0.11007,8.00454,2,0.36935,0.27746,0.81066
15,0.88479,7.43725,1,0.33288,0.32764,0.67286
15,0.88479,7.43725,2,0.24559,0.28258,0.79488
16,0.33386,7.87149,1,0.37154,0.32662,0.67603
16,0.33386,7.87149,2,0.33358,0.28022,0.80216
17,0.77877,7.53221,1,0.34032,0.32764,0.67287
17,0.77877,7.53221,2,0.26251,0.28257,0.79491
18,0.03368,8.04396,1,0.39261,0.325,0.68104
18,0.03368,8.04396,2,0.38156,0.27653,0.81355
19,0.70002,7.59918,1,0.34584,0.32764,0.67287
19,0.70002,7.59918,2,0.27508,0.28256,0.79494
20,0.25428,7.9218,1,0.37712,0.32619,0.67736
20,0.25428,7.9218,2,0.3463,0.27924,0.80518
