particle,elasticity,weight,frame,x,y,z
1,0.64962,4.15093,1,-0.26419,0.24141,0.32065
2,0.93618,4.15093,1,-0.26419,0.24141,0.32065
3,0.76242,4.15093,1,-0.26419,0.24141,0.32065
4,0.5517,4.15093,1,-0.26419,0.24141,0.32065
5,0.18702,4.15093,1,-0.26419,0.24141,0.32065
6,0.99749,4.15093,1,-0.26419,0.24141,0.32065
7,0.69251,4.15093,1,-0.26419,0.24141,0.32065
8,0.89103,4.15093,1,-0.26419,0.24141,0.32065
9,0.38242,4.15093,1,-0.26419,0.24141,0.32065
10,0.13745,4.15093,1,-0.26419,0.24141,0.32065
11,0.56682,4.15093,1,-0.26419,0.24141,0.32065
12,0.31317,4.15093,1,-0.26419,0.24141,0.32065
13,0.47477,4.15093,1,-0.26419,0.24141,0.32065
14,0.80489,4.15093,1,-0.26419,0.24141,0.32065
15,0.36544,4.15093,1,-0.26419,0.24141,0.32065
16,0.23042,4.15093,1,-0.26419,0.24141,0.32065
17,0.54292,4.15093,1,-0.26419,0.24141,0.32065
18,0.99129,4.15093,1,-0.26419,0.24141,0.32065
19,0.12938,4.15093,1,-0.26419,0.24141,0.32065
20,0.60398,4.15093,1,-0.26419,0.24141,0.32065
