particle,elasticity,weight,frame,x,y,z
1,0.04468,4.15093,1,-0.04853,-0.29356,0.89126
2,0.16141,4.15093,1,-0.04884,-0.29363,0.88998
3,0.38227,4.15093,1,-0.04943,-0.29375,0.88757
4,0.88936,4.15093,1,-0.05078,-0.29403,0.88204
5,0.98803,4.15093,1,-0.05105,-0.29409,0.88096
6,0.52891,4.15093,1,-0.04982,-0.29383,0.88597
7,0.27809,4.15093,1,-0.04915,-0.29369,0.88871
8,0.33019,4.15093,1,-0.04929,-0.29372,0.88814
9,0.03246,4.15093,1,-0.0485,-0.29355,0.89139
10,0.69131,4.15093,1,-0.05026,-0.29392,0.8842
11,0.39888,4.15093,1,-0.04948,-0.29376,0.88739
12,0.18028,4.15093,1,-0.04889,-0.29364,0.88978
13,0.99718,4.15093,1,-0.05107,-0.2941,0.88086
14,0.49468,4.15093,1,-0.04973,-0.29381,0.88635
15,0.69524,4.15093,1,-0.05027,-0.29393,0.88416
16,0.13768,4.15093,1,-0.04878,-0.29361,0.89024
17,0.66231,4.15093,1,-0.05018,-0.29391,0.88452
18,0.46553,4.15093,1,-0.04965,-0.2938,0.88667
19,0.83756,4.15093,1,-0.05065,-0.29401,0.88261
20,0.03328,4.15093,1,-0.0485,-0.29355,0.89138
