particle,elasticity,weight,frame,x,y,z
1,0.3952,8.27394,1,0.15696,0.42527,0.7035
1,0.3952,8.27394,2,0.30902,0.42034,0.70413
2,0.50484,8.27199,1,0.1567,0.42421,0.70343
2,0.50484,8.27199,2,0.30905,0.42039,0.70387
3,0.90349,8.26389,1,0.15577,0.42035,0.70315
3,0.90349,8.26389,2,0.30738,0.41338,0.70306
4,0.4229,8.27345,1,0.15689,0.425,0.70348
4,0.4229,8.27345,2,0.30888,0.41978,0.70408
5,0.28385,8.27579,1,0.15722,0.42634,0.70357
5,0.28385,8.27579,2,0.30958,0.42269,0.7043
6,0.06688,8.27904,1,0.15772,0.42844,0.7037
6,0.06688,8.27904,2,0.31055,0.42682,0.70445
7,0.48935,8.27227,1,0.15674,0.42436,0.70344
7,0.48935,8.27227,2,0.3088,0.41939,0.70396
8,0.74539,8.26729,1,0.15614,0.42188,0.70327
8,0.74539,8.26729,2,0.30829,0.41719,0.70333
9,0.07493,8.27893,1,0.1577,0.42836,0.70369
9,0.07493,8.27893,2,0.3105,0.42661,0.70443
10,0.46218,8.27276,1,0.1568,0.42462,0.70346
10,0.46218,8.27276,2,0.3087,0.41901,0.70402
11,0.51708,8.27176,1,0.15667,0.42409,0.70342
11,0.51708,8.27176,2,0.30899,0.42016,0.70385
12,0.23497,8.27656,1,0.15733,0.42682,0.7036
12,0.23497,8.27656,2,0.30954,0.42266,0.70422
13,0.27472,8.27594,1,0.15724,0.42643,0.70357
13,0.27472,8.27594,2,0.30932,0.42172,0.70416
14,0.31981,8.2752,1,0.15713,0.42599,0.70355
14,0.31981,8.2752,2,0.30939,0.42191,0.70424
15,0.33073,8.27502,1,0.15711,0.42589,0.70354
15,0.33073,8.27502,2,0.30934,0.42168,0.70423
16,0.82105,8.2657,1,0.15596,0.42115,0.70321
16,0.82105,8.2657,2,0.30785,0.41536,0.7032
17,0.45924,8.27281,1,0.15681,0.42465,0.70346
17,0.45924,8.27281,2,0.30871,0.41907,0.70402
18,0.65072,8.26921,1,0.15636,0.42279,0.70333
18,0.65072,8.26921,2,0.30847,0.41799,0.70357
19,0.56337,8.2709,1,0.15656,0.42364,0.70339
19,0.56337,8.2709,2,0.3089,0.41978,0.70374
20,0.93917,8.26309,1,0.15569,0.42,0.70313
20,0.93917,8.26309,2,0.30717,0.41252,0.70299
