particle,elasticity,weight,frame,x,y,z
1,0.52773,4.15093,1,0.06506,0.00439,0.85007
2,0.51479,4.15093,1,0.06506,0.00439,0.85007
3,0.57582,4.15093,1,0.06506,0.00439,0.85007
4,0.51426,4.15093,1,0.06506,0.00439,0.85007
5,0.43791,4.15093,1,0.06506,0.00439,0.85007
6,0.44501,4.15093,1,0.06506,0.00439,0.85007
7,0.54904,4.15093,1,0.06506,0.00439,0.85007
8,0.85473,4.15093,1,0.06506,0.00439,0.85007
9,0.50153,4.15093,1,0.06506,0.00439,0.85007
10,0.43605,4.15093,1,0.06506,0.00439,0.85007
11,0.55176,4.15093,1,0.06506,0.00439,0.85007
12,0.86519,4.15093,1,0.06506,0.00439,0.85007
13,0.43229,4.15093,1,0.06506,0.00439,0.85007
14,0.59695,4.15093,1,0.06506,0.00439,0.85007
15,0.52251,4.15093,1,0.06506,0.00439,0.85007
16,0.37947,4.15093,1,0.06506,0.00439,0.85007
17,0.04959,4.15093,1,0.06506,0.00439,0.85007
18,0.17746,4.15093,1,0.06506,0.00439,0.85007
19,0.15578,4.15093,1,0.06506,0.00439,0.85007
20,0.87846,4.15093,1,0.06506,0.00439,0.85007
