particle,elasticity,weight,frame,x,y,z
1,0.23849,8.19183,1,-0.4374,0.28473,0.41609
1,0.23849,8.19183,2,-0.35567,0.44275,0.40975
2,0.24494,8.19147,1,-0.4372,0.28477,0.41609
2,0.24494,8.19147,2,-0.35515,0.44271,0.40972
3,0.42814,8.17947,1,-0.43143,0.2857,0.41609
3,0.42814,8.17947,2,-0.34367,0.43497,0.40902
4,0.45277,8.17759,1,-0.43066,0.28582,0.41609
4,0.45277,8.17759,2,-0.34209,0.43497,0.40902
5,0.63425,8.16189,1,-0.42494,0.28675,0.41609
5,0.63425,8.16189,2,-0.38117,0.387,0.41167
6,0.59543,8.16553,1,-0.42617,0.28655,0.41609
6,0.59543,8.16553,2,-0.38682,0.38953,0.41167
7,0.92914,8.12923,1,-0.41566,0.28824,0.41609
7,0.92914,8.12923,2,-0.33826,0.36729,0.41167
8,0.61182,8.16401,1,-0.42565,0.28663,0.41609
8,0.61182,8.16401,2,-0.38444,0.38847,0.41167
9,0.82711,8.14153,1,-0.41887,0.28772,0.41609
9,0.82711,8.14153,2,-0.35309,0.3742,0.41167
10,0.53258,8.1711,1,-0.42815,0.28623,0.41609
10,0.53258,8.1711,2,-0.38695,0.39319,0.41192
11,0.45591,8.17735,1,-0.43056,0.28584,0.41609
11,0.45591,8.17735,2,-0.34195,0.43474,0.40903
12,0.06211,8.20004,1,-0.44296,0.28384,0.41609
12,0.06211,8.20004,2,-0.36868,0.45811,0.40939
13,0.51292,8.17276,1,-0.42876,0.28613,0.41609
13,0.51292,8.17276,2,-0.38605,0.39429,0.41206
14,0.58095,8.16685,1,-0.42662,0.28647,0.41609
14,0.58095,8.16685,2,-0.38894,0.39047,0.41167
15,0.90845,8.13181,1,-0.41631,0.28814,0.41609
15,0.90845,8.13181,2,-0.34127,0.3687,0.41167
16,0.68188,8.15721,1,-0.42345,0.28699,0.41609
16,0.68188,8.15721,2,-0.37423,0.38387,0.41167
17,0.17753,8.19502,1,-0.43932,0.28442,0.41609
17,0.17753,8.19502,2,-0.36087,0.44301,0.41008
18,0.3282,8.18643,1,-0.43458,0.28519,0.41609
18,0.3282,8.18643,2,-0.34962,0.43931,0.40897
19,0.1302,8.19724,1,-0.44081,0.28418,0.41609
19,0.1302,8.19724,2,-0.36513,0.44505,0.40928
20,0.30896,8.18766,1,-0.43518,0.28509,0.41609
20,0.30896,8.18766,2,-0.35091,0.44005,0.40898
