particle,elasticity,weight,frame,x,y,z
1,0.34694,8.24558,1,0.41961,-0.41911,0.56476
1,0.34694,8.24558,2,0.42486,-0.42539,0.47059
2,0.84503,8.24091,1,0.41878,-0.41412,0.56569
2,0.84503,8.24091,2,0.40503,-0.41905,0.47538
3,0.33403,8.24567,1,0.41963,-0.41924,0.56473
3,0.33403,8.24567,2,0.42538,-0.42556,0.47046
4,0.53121,8.24416,1,0.4193,-0.41727,0.5651
4,0.53121,8.24416,2,0.41745,-0.42301,0.47243
5,0.97146,8.23931,1,0.41857,-0.41286,0.56592
5,0.97146,8.23931,2,0.4001,-0.41749,0.4765
6,0.17955,8.24655,1,0.41989,-0.42079,0.56444
6,0.17955,8.24655,2,0.43166,-0.4276,0.46885
7,0.755,8.24195,1,0.41893,-0.41503,0.56552
7,0.755,8.24195,2,0.40857,-0.42018,0.47455
8,0.58025,8.24372,1,0.41922,-0.41678,0.56519
8,0.58025,8.24372,2,0.41549,-0.42238,0.4729
9,0.24164,8.24623,1,0.41978,-0.42017,0.56456
9,0.24164,8.24623,2,0.42913,-0.42677,0.4695
10,0.95644,8.23951,1,0.4186,-0.41301,0.56589
10,0.95644,8.23951,2,0.40068,-0.41767,0.47637
11,0.75046,8.242,1,0.41894,-0.41507,0.56551
11,0.75046,8.242,2,0.40875,-0.42023,0.47451
12,0.52629,8.2442,1,0.41931,-0.41732,0.56509
12,0.52629,8.2442,2,0.41765,-0.42307,0.47238
13,0.99119,8.23904,1,0.41854,-0.41266,0.56596
13,0.99119,8.23904,2,0.39933,-0.41724,0.47667
14,0.65179,8.24304,1,0.4191,-0.41606,0.56533
14,0.65179,8.24304,2,0.41265,-0.42148,0.47359
15,0.7877,8.24159,1,0.41888,-0.4147,0.56558
15,0.7877,8.24159,2,0.40728,-0.41977,0.47485
16,0.94336,8.23968,1,0.41862,-0.41314,0.56587
16,0.94336,8.23968,2,0.40119,-0.41783,0.47625
17,0.18278,8.24654,1,0.41988,-0.42076,0.56445
17,0.18278,8.24654,2,0.43153,-0.42755,0.46888
18,0.39661,8.24523,1,0.41953,-0.41862,0.56485
18,0.39661,8.24523,2,0.42286,-0.42474,0.47109
19,0.53347,8.24414,1,0.4193,-0.41725,0.56511
19,0.53347,8.24414,2,0.41736,-0.42298,0.47245
20,0.53917,8.24409,1,0.41929,-0.41719,0.56512
20,0.53917,8.24409,2,0.41713,-0.42291,0.47251
