particle,elasticity,weight,frame,x,y,z
1,0.65942,4.15093,1,0.33674,0.39734,0.15251
2,0.28898,4.15093,1,0.33304,0.41867,0.14834
3,0.52674,4.15093,1,0.33539,0.40499,0.15103
4,0.8597,4.15093,1,0.33881,0.38577,0.1547
5,0.39135,4.15093,1,0.33404,0.41279,0.14951
6,0.82333,4.15093,1,0.33843,0.38787,0.15431
7,0.39639,4.15093,1,0.33409,0.4125,0.14956
8,0.21152,4.15093,1,0.3323,0.42312,0.14745
9,0.57026,4.15093,1,0.33583,0.40248,0.15152
10,0.57907,4.15093,1,0.33592,0.40198,0.15162
11,0.33592,4.15093,1,0.3335,0.41597,0.14888
12,0.13802,4.15093,1,0.3316,0.42733,0.14659
13,0.71315,4.15093,1,0.33729,0.39424,0.1531
14,0.13045,4.15093,1,0.33152,0.42777,0.1465
15,0.31372,4.15093,1,0.33328,0.41725,0.14862
16,0.98883,4.15093,1,0.34017,0.3783,0.15609
17,0.58506,4.15093,1,0.33598,0.40163,0.15168
18,0.84321,4.15093,1,0.33864,0.38673,0.15452
19,0.73192,4.15093,1,0.33748,0.39316,0.15331
20,0.88635,4.15093,1,0.33909,0.38423,0.15499
