particle,elasticity,weight,frame,x,y,z
1,0.53714,4.15093,1,-0.40036,-0.25657,0.74645
2,0.85926,4.15093,1,-0.40036,-0.25657,0.74645
3,0.98802,4.15093,1,-0.40036,-0.25657,0.74645
4,0.14596,4.15093,1,-0.40036,-0.25657,0.74645
5,0.04817,4.15093,1,-0.40036,-0.25657,0.74645
6,0.52772,4.15093,1,-0.40036,-0.25657,0.74645
7,0.96912,4.15093,1,-0.40036,-0.25657,0.74645
8,0.73583,4.15093,1,-0.40036,-0.25657,0.74645
9,0.46491,4.15093,1,-0.40036,-0.25657,0.74645
10,0.50832,4.15093,1,-0.40036,-0.25657,0.74645
11,0.58391,4.15093,1,-0.40036,-0.25657,0.74645
12,0.32221,4.15093,1,-0.40036,-0.25657,0.74645
13,0.40664,4.15093,1,-0.40036,-0.25657,0.74645
14,0.69077,4.15093,1,-0.40036,-0.25657,0.74645
15,0.73692,4.15093,1,-0.40036,-0.25657,0.74645
16,0.3689,4.15093,1,-0.40036,-0.25657,0.74645
17,0.20434,4.15093,1,-0.40036,-0.25657,0.74645
18,0.89242,4.15093,1,-0.40036,-0.25657,0.74645
19,0.51399,4.15093,1,-0.40036,-0.25657,0.74645
20,0.50797,4.15093,1,-0.40036,-0.25657,0.74645
