particle,elasticity,weight,frame,x,y,z
1,0.48234,8.27341,1,-0.20317,0.3436,0.24798
1,0.48234,8.27341,2,-0.40205,0.33818,0.17056
2,0.17659,8.27341,1,-0.20317,0.3436,0.24798
2,0.17659,8.27341,2,-0.40205,0.33818,0.17056
3,0.88246,8.27341,1,-0.20317,0.3436,0.24798
3,0.88246,8.27341,2,-0.40205,0.33818,0.17056
4,0.68145,8.27341,1,-0.20317,0.3436,0.24798
4,0.68145,8.27341,2,-0.40205,0.33818,0.17056
5,0.02933,8.27341,1,-0.20317,0.3436,0.24798
5,0.02933,8.27341,2,-0.40205,0.33818,0.17056
6,0.76907,8.27341,1,-0.20317,0.3436,0.24798
6,0.76907,8.27341,2,-0.40205,0.33818,0.17056
7,0.57903,8.27341,1,-0.20317,0.3436,0.24798
7,0.57903,8.27341,2,-0.40205,0.33818,0.17056
8,0.09446,8.27341,1,-0.20317,0.3436,0.24798
8,0.09446,8.27341,2,-0.40205,0.33818,0.17056
9,0.4303,8.27341,1,-0.20317,0.3436,0.24798
9,0.4303,8.27341,2,-0.40205,0.33818,0.17056
10,0.31152,8.27341,1,-0.20317,0.3436,0.24798
10,0.31152,8.27341,2,-0.40205,0.33818,0.17056
11,0.15003,8.27341,1,-0.20317,0.3436,0.24798
11,0.15003,8.27341,2,-0.40205,0.33818,0.17056
12,0.41867,8.27341,1,-0.20317,0.3436,0.24798
12,0.41867,8.27341,2,-0.40205,0.33818,0.17056
13,0.85228,8.27341,1,-0.20317,0.3436,0.24798
13,0.85228,8.27341,2,-0.40205,0.33818,0.17056
14,0.13269,8.27341,1,-0.20317,0.3436,0.24798
14,0.13269,8.27341,2,-0.40205,0.33818,0.17056
15,0.65781,8.27341,1,-0.20317,0.3436,0.24798
15,0.65781,8.27341,2,-0.40205,0.33818,0.17056
16,0.91889,8.27341,1,-0.20317,0.3436,0.24798
16,0.91889,8.27341,2,-0.40205,0.33818,0.17056
17,0.70636,8.27341,1,-0.20317,0.3436,0.24798
17,0.70636,8.27341,2,-0.40205,0.33818,0.17056
18,0.76504,8.27341,1,-0.20317,0.3436,0.24798
18,0.76504,8.27341,2,-0.40205,0.33818,0.17056
19,0.74942,8.27341,1,-0.20317,0.3436,0.24798
19,0.74942,8.27341,2,-0.40205,0.33818,0.17056
20,0.63423,8.27341,1,-0.20317,0.3436,0.24798
20,0.63423,8.27341,2,-0.40205,0.33818,0.17056
