particle,elasticity,weight,frame,x,y,z
1,0.97929,4.15093,1,-0.17836,-0.08746,0.444
2,0.79609,4.15093,1,-0.17836,-0.08746,0.444
3,0.52634,4.15093,1,-0.17836,-0.08746,0.444
4,0.83868,4.15093,1,-0.17836,-0.08746,0.444
5,0.79235,4.15093,1,-0.17836,-0.08746,0.444
6,0.8269,4.15093,1,-0.17836,-0.08746,0.444
7,0.51071,4.15093,1,-0.17836,-0.08746,0.444
8,0.04217,4.15093,1,-0.17836,-0.08746,0.444
9,0.01047,4.15093,1,-0.17836,-0.08746,0.444
10,0.37249,4.15093,1,-0.17836,-0.08746,0.444
11,0.49718,4.15093,1,-0.17836,-0.08746,0.444
12,0.87651,4.15093,1,-0.17836,-0.08746,0.444
13,0.37733,4.15093,1,-0.17836,-0.08746,0.444
14,0.84578,4.15093,1,-0.17836,-0.08746,0.444
15,0.76737,4.15093,1,-0.17836,-0.08746,0.444
16,0.23324,4.15093,1,-0.17836,-0.08746,0.444
17,0.143,4.15093,1,-0.17836,-0.08746,0.444
18,0.68148,4.15093,1,-0.17836,-0.08746,0.444
19,0.64753,4.15093,1,-0.17836,-0.08746,0.444
20,0.68091,4.15093,1,-0.17836,-0.08746,0.444
