particle,elasticity,weight,frame,x,y,z
1,0.55143,7.94284,1,-0.39594,-0.0089,0.59504
1,0.55143,7.94284,2,-0.36623,0.13748,0.32198
2,0.91671,7.74717,1,-0.36219,-0.00612,0.60329
2,0.91671,7.74717,2,-0.29502,0.14336,0.33939
3,0.61622,7.91727,1,-0.38997,-0.00844,0.5965
3,0.61622,7.91727,2,-0.35364,0.13846,0.32507
4,0.18,7.99674,1,-0.40876,-0.01259,0.59173
4,0.18,7.99674,2,-0.36367,0.12795,0.32215
5,0.14323,8.00261,1,-0.41086,-0.01295,0.59118
5,0.14323,8.00261,2,-0.36608,0.12695,0.32145
6,0.80807,7.81849,1,-0.37225,-0.00699,0.60084
6,0.80807,7.81849,2,-0.31625,0.14152,0.33422
7,0.85795,7.78713,1,-0.36764,-0.0066,0.60197
7,0.85795,7.78713,2,-0.3065,0.14235,0.33659
8,0.46737,7.9702,1,-0.40367,-0.00948,0.59313
8,0.46737,7.9702,2,-0.38254,0.13627,0.31797
9,0.40589,7.98607,1,-0.40931,-0.00988,0.59174
9,0.40589,7.98607,2,-0.39445,0.13541,0.31504
10,0.01491,8.02006,1,-0.41962,-0.01399,0.58891
10,0.01491,8.02006,2,-0.38785,0.12465,0.31579
11,0.67331,7.89148,1,-0.3847,-0.00802,0.5978
11,0.67331,7.89148,2,-0.34253,0.13934,0.32779
12,0.72273,7.8667,1,-0.38014,-0.00765,0.59891
12,0.72273,7.8667,2,-0.3329,0.14013,0.33015
13,0.97338,7.70553,1,-0.35694,-0.00565,0.60457
13,0.97338,7.70553,2,-0.28393,0.14435,0.34209
14,0.9326,7.7358,1,-0.36072,-0.00599,0.60365
14,0.9326,7.7358,2,-0.29191,0.14363,0.34015
15,0.17037,7.9983,1,-0.4093,-0.01268,0.59159
15,0.17037,7.9983,2,-0.36427,0.12769,0.32198
16,0.22288,7.99769,1,-0.41039,-0.01199,0.59137
16,0.22288,7.99769,2,-0.3726,0.12966,0.32009
17,0.35591,7.98608,1,-0.40832,-0.01034,0.59199
17,0.35591,7.98608,2,-0.38198,0.13421,0.31814
18,0.16687,7.99887,1,-0.4095,-0.01272,0.59154
18,0.16687,7.99887,2,-0.36449,0.12759,0.32192
19,0.49388,7.96228,1,-0.40123,-0.0093,0.59373
19,0.49388,7.96228,2,-0.3774,0.13664,0.31923
20,0.83411,7.80241,1,-0.36984,-0.00679,0.60143
20,0.83411,7.80241,2,-0.31116,0.14195,0.33546
