particle,elasticity,weight,frame,x,y,z
1,0.40444,4.15093,1,0.08995,0.20301,0.58888
2,0.76294,4.15093,1,0.08995,0.20301,0.58888
3,0.24055,4.15093,1,0.08995,0.20301,0.58888
4,0.43293,4.15093,1,0.08995,0.20301,0.58888
5,0.02151,4.15093,1,0.08995,0.20301,0.58888
6,0.54042,4.15093,1,0.08995,0.20301,0.58888
7,0.12557,4.15093,1,0.08995,0.20301,0.58888
8,0.6382,4.15093,1,0.08995,0.20301,0.58888
9,0.72551,4.15093,1,0.08995,0.20301,0.58888
10,0.11953,4.15093,1,0.08995,0.20301,0.58888
11,0.23348,4.15093,1,0.08995,0.20301,0.58888
12,0.89661,4.15093,1,0.08995,0.20301,0.58888
13,0.97396,4.15093,1,0.08995,0.20301,0.58888
14,0.01673,4.15093,1,0.08995,0.20301,0.58888
15,0.8049,4.15093,1,0.08995,0.20301,0.58888
16,0.71388,4.15093,1,0.08995,0.20301,0.58888
17,0.95638,4.15093,1,0.08995,0.20301,0.58888
18,0.16484,4.15093,1,0.08995,0.20301,0.58888
19,0.1535,4.15093,1,0.08995,0.20301,0.58888
20,0.07242,4.15093,1,0.08995,0.20301,0.58888
