particle,elasticity,weight,frame,x,y,z
1,0.74284,8.25585,1,-0.34114,-0.24283,0.05109
1,0.74284,8.25585,2,-0.3093,-0.17462,0.16538
2,0.60545,8.26893,1,-0.34118,-0.24257,0.04515
2,0.60545,8.26893,2,-0.30942,-0.17382,0.13554
3,0.63567,8.26631,1,-0.34118,-0.24261,0.04647
3,0.63567,8.26631,2,-0.30942,-0.17388,0.14217
4,0.76103,8.25389,1,-0.34113,-0.24288,0.05188
4,0.76103,8.25389,2,-0.30926,-0.1748,0.16929
5,0.8536,8.2444,1,-0.34108,-0.24251,0.05507
5,0.8536,8.2444,2,-0.30904,-0.1723,0.18494
6,0.27146,8.28919,1,-0.3405,-0.24432,0.02903
6,0.27146,8.28919,2,-0.30826,-0.18626,0.06828
7,0.55989,8.27337,1,-0.34108,-0.24282,0.04289
7,0.55989,8.27337,2,-0.30883,-0.17542,0.12402
8,0.38518,8.28539,1,-0.34072,-0.24375,0.03439
8,0.38518,8.28539,2,-0.30671,-0.18132,0.08087
9,0.31545,8.28808,1,-0.34058,-0.2441,0.03108
9,0.31545,8.28808,2,-0.30759,-0.18354,0.07087
10,0.71435,8.25882,1,-0.34115,-0.24276,0.04987
10,0.71435,8.25882,2,-0.30934,-0.17437,0.15923
11,0.5136,8.27732,1,-0.34098,-0.24308,0.0406
11,0.5136,8.27732,2,-0.30825,-0.17702,0.11243
12,0.64353,8.26561,1,-0.34118,-0.24262,0.04681
12,0.64353,8.26561,2,-0.30942,-0.17392,0.14388
13,0.29031,8.28877,1,-0.34054,-0.24423,0.02991
13,0.29031,8.28877,2,-0.30806,-0.18538,0.07021
14,0.8846,8.24114,1,-0.34106,-0.24234,0.05607
14,0.8846,8.24114,2,-0.30894,-0.17124,0.18981
15,0.47235,8.28037,1,-0.34089,-0.2433,0.03859
15,0.47235,8.28037,2,-0.30774,-0.17842,0.10219
16,0.10052,8.28951,1,-0.3402,-0.24511,0.02126
16,0.10052,8.28951,2,-0.31082,-0.19394,0.05213
17,0.04606,8.28837,1,-0.34011,-0.24535,0.01885
17,0.04606,8.28837,2,-0.31133,-0.19601,0.04532
18,0.76728,8.2532,1,-0.34113,-0.2429,0.05214
18,0.76728,8.2532,2,-0.30925,-0.17487,0.17064
19,0.14965,8.29005,1,-0.34028,-0.24489,0.02346
19,0.14965,8.29005,2,-0.31041,-0.19182,0.05763
20,0.15952,8.29009,1,-0.3403,-0.24485,0.0239
20,0.15952,8.29009,2,-0.3103,-0.19142,0.05879
