particle,elasticity,weight,frame,x,y,z
1,0.96902,7.28426,1,-0.32776,-0.38441,0.66231
1,0.96902,7.28426,2,-0.22448,-0.28954,0.6975
2,0.29553,8.15058,1,-0.40615,-0.42429,0.66684
2,0.29553,8.15058,2,-0.39718,-0.39063,0.7047
3,0.98373,7.25672,1,-0.32598,-0.38367,0.66223
3,0.98373,7.25672,2,-0.22051,-0.2877,0.6974
4,0.62968,7.81683,1,-0.36811,-0.40303,0.66424
4,0.62968,7.81683,2,-0.31378,-0.33629,0.70017
5,0.91606,7.38033,1,-0.33417,-0.38712,0.6626
5,0.91606,7.38033,2,-0.23872,-0.29628,0.69788
6,0.3689,8.09343,1,-0.39793,-0.41938,0.66617
6,0.3689,8.09343,2,-0.37923,-0.37801,0.70341
7,0.37624,8.08721,1,-0.39711,-0.4189,0.6661
7,0.37624,8.08721,2,-0.37743,-0.37677,0.70329
8,0.86487,7.46864,1,-0.34033,-0.38981,0.66288
8,0.86487,7.46864,2,-0.25238,-0.30298,0.69826
9,0.8388,7.51188,1,-0.34345,-0.3912,0.66302
9,0.8388,7.51188,2,-0.25929,-0.30648,0.69845
10,0.87901,7.44469,1,-0.33863,-0.38906,0.6628
10,0.87901,7.44469,2,-0.24861,-0.30111,0.69815
11,0.74627,7.656,1,-0.35444,-0.39629,0.66354
11,0.74627,7.656,2,-0.28362,-0.31927,0.69916
12,0.90793,7.39466,1,-0.33515,-0.38754,0.66264
12,0.90793,7.39466,2,-0.24089,-0.29733,0.69794
13,0.13729,8.24281,1,-0.42365,-0.43532,0.66858
13,0.13729,8.24281,2,-0.42111,-0.41468,0.70354
14,0.15075,8.23663,1,-0.42217,-0.43436,0.66842
14,0.15075,8.23663,2,-0.42084,-0.413,0.7043
15,0.83112,7.52439,1,-0.34437,-0.39162,0.66307
15,0.83112,7.52439,2,-0.26133,-0.30751,0.69851
16,0.3497,8.10926,1,-0.40009,-0.42065,0.66634
16,0.3497,8.10926,2,-0.38395,-0.38128,0.70373
17,0.04758,8.27462,1,-0.43271,-0.4417,0.66962
17,0.04758,8.27462,2,-0.43207,-0.42293,0.7024
18,0.4392,8.03016,1,-0.38999,-0.4148,0.66558
18,0.4392,8.03016,2,-0.36185,-0.36628,0.70236
19,0.90427,7.40108,1,-0.33559,-0.38773,0.66266
19,0.90427,7.40108,2,-0.24187,-0.2978,0.69797
20,0.80722,7.56271,1,-0.34721,-0.39291,0.6632
20,0.80722,7.56271,2,-0.26764,-0.31077,0.69868
