particle,elasticity,weight,frame,x,y,z
1,0.43212,8.26311,1,0.0469,0.11312,0.2761
1,0.43212,8.26311,2,0.16897,-0.1002,0.22903
2,0.17583,8.26311,1,0.0469,0.11312,0.2761
2,0.17583,8.26311,2,0.16897,-0.1002,0.22903
3,0.66019,8.26311,1,0.0469,0.11312,0.2761
3,0.66019,8.26311,2,0.16897,-0.1002,0.22903
4,0.69426,8.26311,1,0.0469,0.11312,0.2761
4,0.69426,8.26311,2,0.16897,-0.1002,0.22903
5,0.6032,8.26311,1,0.0469,0.11312,0.2761
5,0.6032,8.26311,2,0.16897,-0.1002,0.22903
6,0.22017,8.26311,1,0.0469,0.11312,0.2761
6,0.22017,8.26311,2,0.16897,-0.1002,0.22903
7,0.52084,8.26311,1,0.0469,0.11312,0.2761
7,0.52084,8.26311,2,0.16897,-0.1002,0.22903
8,0.69404,8.26311,1,0.0469,0.11312,0.2761
8,0.69404,8.26311,2,0.16897,-0.1002,0.22903
9,0.73278,8.26311,1,0.0469,0.11312,0.2761
9,0.73278,8.26311,2,0.16897,-0.1002,0.22903
10,0.47844,8.26311,1,0.0469,0.11312,0.2761
10,0.47844,8.26311,2,0.16897,-0.1002,0.22903
11,0.64639,8.26311,1,0.0469,0.11312,0.2761
11,0.64639,8.26311,2,0.16897,-0.1002,0.22903
12,0.96809,8.26311,1,0.0469,0.11312,0.2761
12,0.96809,8.26311,2,0.16897,-0.1002,0.22903
13,0.907,8.26311,1,0.0469,0.11312,0.2761
13,0.907,8.26311,2,0.16897,-0.1002,0.22903
14,0.4103,8.26311,1,0.0469,0.11312,0.2761
14,0.4103,8.26311,2,0.16897,-0.1002,0.22903
15,0.44298,8.26311,1,0.0469,0.11312,0.2761
15,0.44298,8.26311,2,0.16897,-0.1002,0.22903
16,0.98751,8.26311,1,0.0469,0.11312,0.2761
16,0.98751,8.26311,2,0.16897,-0.1002,0.22903
17,0.07284,8.26311,1,0.0469,0.11312,0.2761
17,0.07284,8.26311,2,0.16897,-0.1002,0.22903
18,0.4238,8.26311,1,0.0469,0.11312,0.2761
18,0.4238,8.26311,2,0.16897,-0.1002,0.22903
19,0.9544,8.26311,1,0.0469,0.11312,0.2761
19,0.9544,8.26311,2,0.16897,-0.1002,0.22903
20,0.03731,8.26311,1,0.0469,0.11312,0.2761
20,0.03731,8.26311,2,0.16897,-0.1002,0.22903
