particle,elasticity,weight,frame,x,y,z
1,0.12533,4.15093,1,0.2916,0.00383,0.97376
2,0.13557,4.15093,1,0.2916,0.00383,0.97376
3,0.68935,4.15093,1,0.2916,0.00383,0.97376
4,0.55261,4.15093,1,0.2916,0.00383,0.97376
5,0.16464,4.15093,1,0.2916,0.00383,0.97376
6,0.84078,4.15093,1,0.2916,0.00383,0.97376
7,0.5334,4.15093,1,0.2916,0.00383,0.97376
8,0.65538,4.15093,1,0.2916,0.00383,0.97376
9,0.28542,4.15093,1,0.2916,0.00383,0.97376
10,0.07174,4.15093,1,0.2916,0.00383,0.97376
11,0.9427,4.15093,1,0.2916,0.00383,0.97376
12,0.10677,4.15093,1,0.2916,0.00383,0.97376
13,0.06943,4.15093,1,0.2916,0.00383,0.97376
14,0.54208,4.15093,1,0.2916,0.00383,0.97376
15,0.32538,4.15093,1,0.2916,0.00383,0.97376
16,0.30173,4.15093,1,0.2916,0.00383,0.97376
17,0.00593,4.15093,1,0.2916,0.00383,0.97376
18,0.27543,4.15093,1,0.2916,0.00383,0.97376
19,0.64147,4.15093,1,0.2916,0.00383,0.97376
20,0.51128,4.15093,1,0.2916,0.00383,0.97376
