particle,elasticity,weight,frame,x,y,z
1,0.2412,4.15093,1,0.03101,0.08799,0.82207
2,0.48694,4.15093,1,0.03101,0.08799,0.82207
3,0.05127,4.15093,1,0.03101,0.08799,0.82207
4,0.97588,4.15093,1,0.03101,0.08799,0.82207
5,0.80404,4.15093,1,0.03101,0.08799,0.82207
6,0.13642,4.15093,1,0.03101,0.08799,0.82207
7,0.99652,4.15093,1,0.03101,0.08799,0.82207
8,0.48938,4.15093,1,0.03101,0.08799,0.82207
9,0.58613,4.15093,1,0.03101,0.08799,0.82207
10,0.41659,4.15093,1,0.03101,0.08799,0.82207
11,0.5309,4.15093,1,0.03101,0.08799,0.82207
12,0.45426,4.15093,1,0.03101,0.08799,0.82207
13,0.5988,4.15093,1,0.03101,0.08799,0.82207
14,0.55116,4.15093,1,0.03101,0.08799,0.82207
15,0.85406,4.15093,1,0.03101,0.08799,0.82207
16,0.26194,4.15093,1,0.03101,0.08799,0.82207
17,0.22922,4.15093,1,0.03101,0.08799,0.82207
18,0.83808,4.15093,1,0.03101,0.08799,0.82207
19,0.56345,4.15093,1,0.03101,0.08799,0.82207
20,0.24515,4.15093,1,0.03101,0.08799,0.82207
