particle,elasticity,weight,frame,x,y,z
1,0.88793,8.17185,1,0.2273,0.03517,0.85184
1,0.88793,8.17185,2,0.15126,-0.24807,0.85547
2,0.73261,8.17185,1,0.2273,0.03517,0.85184
2,0.73261,8.17185,2,0.15026,-0.25181,0.87114
3,0.47044,8.17185,1,0.2273,0.03517,0.85184
3,0.47044,8.17185,2,0.14857,-0.25811,0.8976
4,0.07093,8.17185,1,0.2273,0.03517,0.85184
4,0.07093,8.17185,2,0.14602,-0.26769,0.93793
5,0.76751,8.17185,1,0.2273,0.03517,0.85184
5,0.76751,8.17185,2,0.15048,-0.25097,0.86762
6,0.37197,8.17185,1,0.2273,0.03517,0.85184
6,0.37197,8.17185,2,0.14794,-0.26047,0.90754
7,0.84191,8.17185,1,0.2273,0.03517,0.85184
7,0.84191,8.17185,2,0.15096,-0.24918,0.86011
8,0.80756,8.17185,1,0.2273,0.03517,0.85184
8,0.80756,8.17185,2,0.15074,-0.25,0.86358
9,0.0724,8.17185,1,0.2273,0.03517,0.85184
9,0.0724,8.17185,2,0.14603,-0.26766,0.93778
10,0.51268,8.17185,1,0.2273,0.03517,0.85184
10,0.51268,8.17185,2,0.14885,-0.25709,0.89334
11,0.94578,8.17185,1,0.2273,0.03517,0.85184
11,0.94578,8.17185,2,0.15163,-0.24667,0.84963
12,0.45428,8.17185,1,0.2273,0.03517,0.85184
12,0.45428,8.17185,2,0.14847,-0.2585,0.89923
13,0.43662,8.17185,1,0.2273,0.03517,0.85184
13,0.43662,8.17185,2,0.14836,-0.25892,0.90101
14,0.37588,8.17185,1,0.2273,0.03517,0.85184
14,0.37588,8.17185,2,0.14797,-0.26038,0.90714
15,0.32374,8.17185,1,0.2273,0.03517,0.85184
15,0.32374,8.17185,2,0.14764,-0.26163,0.91241
16,0.39594,8.17185,1,0.2273,0.03517,0.85184
16,0.39594,8.17185,2,0.1481,-0.2599,0.90512
17,0.44505,8.17185,1,0.2273,0.03517,0.85184
17,0.44505,8.17185,2,0.14841,-0.25872,0.90016
18,0.32253,8.17185,1,0.2273,0.03517,0.85184
18,0.32253,8.17185,2,0.14763,-0.26166,0.91253
19,0.22262,8.17185,1,0.2273,0.03517,0.85184
19,0.22262,8.17185,2,0.14699,-0.26406,0.92262
20,0.3882,8.17185,1,0.2273,0.03517,0.85184
20,0.3882,8.17185,2,0.14805,-0.26008,0.9059
