particle,elasticity,weight,frame,x,y,z
1,0.99574,8.21277,1,0.17766,0.41238,0.9423
1,0.99574,8.21277,2,0.10955,0.38565,0.77034
2,0.56572,8.22069,1,0.17723,0.41694,0.94335
2,0.56572,8.22069,2,0.13318,0.41551,0.84246
3,0.82463,8.21619,1,0.17749,0.4142,0.94272
3,0.82463,8.21619,2,0.14364,0.41238,0.8005
4,0.55902,8.2208,1,0.17722,0.41701,0.94337
4,0.55902,8.2208,2,0.1329,0.4156,0.84356
5,0.35801,8.22372,1,0.17702,0.41914,0.94386
5,0.35801,8.22372,2,0.12464,0.41837,0.87635
6,0.60404,8.22008,1,0.17727,0.41654,0.94326
6,0.60404,8.22008,2,0.13474,0.41502,0.83624
7,0.78591,8.21691,1,0.17745,0.41461,0.94281
7,0.78591,8.21691,2,0.14209,0.41282,0.80676
8,0.56952,8.22063,1,0.17723,0.4169,0.94334
8,0.56952,8.22063,2,0.13333,0.41546,0.84185
9,0.78539,8.21692,1,0.17745,0.41462,0.94281
9,0.78539,8.21692,2,0.14207,0.41283,0.80684
10,0.41983,8.22288,1,0.17709,0.41849,0.94371
10,0.41983,8.22288,2,0.12719,0.41749,0.86625
11,0.46204,8.22227,1,0.17713,0.41804,0.9436
11,0.46204,8.22227,2,0.12893,0.4169,0.85936
12,0.71208,8.21825,1,0.17737,0.41539,0.94299
12,0.71208,8.21825,2,0.13912,0.41369,0.8187
13,0.23123,8.22532,1,0.1769,0.42048,0.94417
13,0.23123,8.22532,2,0.11937,0.42027,0.89713
14,0.94243,8.21388,1,0.17761,0.41295,0.94243
14,0.94243,8.21388,2,0.10915,0.38624,0.77894
15,0.78094,8.21701,1,0.17744,0.41466,0.94282
15,0.78094,8.21701,2,0.14189,0.41288,0.80756
16,0.64411,8.21941,1,0.17731,0.41611,0.94316
16,0.64411,8.21941,2,0.13637,0.41451,0.82973
17,0.42406,8.22282,1,0.17709,0.41844,0.9437
17,0.42406,8.22282,2,0.12737,0.41743,0.86556
18,0.21352,8.22553,1,0.17688,0.42067,0.94421
18,0.21352,8.22553,2,0.11863,0.42055,0.90004
19,0.77097,8.21719,1,0.17743,0.41477,0.94285
19,0.77097,8.21719,2,0.14149,0.41299,0.80917
20,0.79537,8.21674,1,0.17746,0.41451,0.94279
20,0.79537,8.21674,2,0.14247,0.41271,0.80523
