particle,elasticity,weight,frame,x,y,z
1,0.95978,8.16335,1,0.00093,0.1782,0.71374
1,0.95978,8.16335,2,-0.35228,-0.01354,0.93704
2,0.91552,8.16335,1,0.00093,0.1782,0.71374
2,0.91552,8.16335,2,-0.35241,-0.01362,0.93767
3,0.46522,8.16335,1,0.00093,0.1782,0.71374
3,0.46522,8.16335,2,-0.35372,-0.01446,0.94413
4,0.10683,8.16335,1,0.00093,0.1782,0.71374
4,0.10683,8.16335,2,-0.35476,-0.01513,0.94926
5,0.91014,8.16335,1,0.00093,0.1782,0.71374
5,0.91014,8.16335,2,-0.35242,-0.01363,0.93775
6,0.83863,8.16335,1,0.00093,0.1782,0.71374
6,0.83863,8.16335,2,-0.35263,-0.01377,0.93877
7,0.79817,8.16335,1,0.00093,0.1782,0.71374
7,0.79817,8.16335,2,-0.35275,-0.01384,0.93935
8,0.60355,8.16335,1,0.00093,0.1782,0.71374
8,0.60355,8.16335,2,-0.35332,-0.0142,0.94214
9,0.62686,8.16335,1,0.00093,0.1782,0.71374
9,0.62686,8.16335,2,-0.35325,-0.01416,0.94181
10,0.16616,8.16335,1,0.00093,0.1782,0.71374
10,0.16616,8.16335,2,-0.35459,-0.01501,0.94841
11,0.48989,8.16335,1,0.00093,0.1782,0.71374
11,0.48989,8.16335,2,-0.35365,-0.01441,0.94377
12,0.61879,8.16335,1,0.00093,0.1782,0.71374
12,0.61879,8.16335,2,-0.35327,-0.01417,0.94192
13,0.29726,8.16335,1,0.00093,0.1782,0.71374
13,0.29726,8.16335,2,-0.35421,-0.01477,0.94653
14,0.15924,8.16335,1,0.00093,0.1782,0.71374
14,0.15924,8.16335,2,-0.35461,-0.01503,0.94851
15,0.33732,8.16335,1,0.00093,0.1782,0.71374
15,0.33732,8.16335,2,-0.35409,-0.0147,0.94596
16,0.67002,8.16335,1,0.00093,0.1782,0.71374
16,0.67002,8.16335,2,-0.35312,-0.01408,0.94119
17,0.20278,8.16335,1,0.00093,0.1782,0.71374
17,0.20278,8.16335,2,-0.35449,-0.01495,0.94789
18,0.2453,8.16335,1,0.00093,0.1782,0.71374
18,0.2453,8.16335,2,-0.35436,-0.01487,0.94728
19,0.23992,8.16335,1,0.00093,0.1782,0.71374
19,0.23992,8.16335,2,-0.35438,-0.01488,0.94736
20,0.48894,8.16335,1,0.00093,0.1782,0.71374
20,0.48894,8.16335,2,-0.35365,-0.01441,0.94379
