particle,elasticity,weight,frame,x,y,z
1,0.99619,8.22086,1,-0.27456,-0.39532,0.19238
1,0.99619,8.22086,2,-0.40823,-0.40095,0.04719
2,0.87048,8.22086,1,-0.27456,-0.39532,0.19238
2,0.87048,8.22086,2,-0.4124,-0.40346,0.04603
3,0.12705,8.22086,1,-0.27456,-0.39532,0.19238
3,0.12705,8.22086,2,-0.43805,-0.41826,0.04434
4,0.15742,8.22086,1,-0.27456,-0.39532,0.19238
4,0.15742,8.22086,2,-0.43704,-0.41755,0.04459
5,0.17512,8.22086,1,-0.27456,-0.39532,0.19238
5,0.17512,8.22086,2,-0.43646,-0.41713,0.04473
6,0.79565,8.22086,1,-0.27456,-0.39532,0.19238
6,0.79565,8.22086,2,-0.41491,-0.40497,0.04535
7,0.46135,8.22086,1,-0.27456,-0.39532,0.19238
7,0.46135,8.22086,2,-0.42655,-0.41077,0.04738
8,0.54668,8.22086,1,-0.27456,-0.39532,0.19238
8,0.54668,8.22086,2,-0.42387,-0.40931,0.04782
9,0.97683,8.22086,1,-0.27456,-0.39532,0.19238
9,0.97683,8.22086,2,-0.40887,-0.40134,0.04701
10,0.80031,8.22086,1,-0.27456,-0.39532,0.19238
10,0.80031,8.22086,2,-0.41475,-0.40487,0.04539
11,0.50844,8.22086,1,-0.27456,-0.39532,0.19238
11,0.50844,8.22086,2,-0.42505,-0.40994,0.04766
12,0.0927,8.22086,1,-0.27456,-0.39532,0.19238
12,0.0927,8.22086,2,-0.43949,-0.41916,0.04399
13,0.13693,8.22086,1,-0.27456,-0.39532,0.19238
13,0.13693,8.22086,2,-0.43772,-0.41802,0.04442
14,0.56141,8.22086,1,-0.27456,-0.39532,0.19238
14,0.56141,8.22086,2,-0.42342,-0.40908,0.04788
15,0.78719,8.22086,1,-0.27456,-0.39532,0.19238
15,0.78719,8.22086,2,-0.41519,-0.40514,0.04528
16,0.76797,8.22086,1,-0.27456,-0.39532,0.19238
16,0.76797,8.22086,2,-0.41584,-0.40553,0.0451
17,0.92172,8.22086,1,-0.27456,-0.39532,0.19238
17,0.92172,8.22086,2,-0.4107,-0.40243,0.0465
18,0.08699,8.22086,1,-0.27456,-0.39532,0.19238
18,0.08699,8.22086,2,-0.43975,-0.41933,0.04392
19,0.82731,8.22086,1,-0.27456,-0.39532,0.19238
19,0.82731,8.22086,2,-0.41384,-0.40433,0.04564
20,0.76638,8.22086,1,-0.27456,-0.39532,0.19238
20,0.76638,8.22086,2,-0.4159,-0.40556,0.04509
