particle,elasticity,weight,frame,x,y,z
1,0.20315,8.22615,1,-0.26844,-0.04802,0.89384
1,0.20315,8.22615,2,-0.3978,-0.20433,0.86025
2,0.7782,8.22615,1,-0.26844,-0.04802,0.89384
2,0.7782,8.22615,2,-0.38075,-0.19475,0.80407
3,0.68794,8.22615,1,-0.26844,-0.04802,0.89384
3,0.68794,8.22615,2,-0.38334,-0.19624,0.81288
4,0.85407,8.22615,1,-0.26844,-0.04802,0.89384
4,0.85407,8.22615,2,-0.3786,-0.19351,0.79666
5,0.37335,8.22615,1,-0.26844,-0.04802,0.89384
5,0.37335,8.22615,2,-0.39261,-0.20141,0.84358
6,0.72085,8.22615,1,-0.26844,-0.04802,0.89384
6,0.72085,8.22615,2,-0.38239,-0.1957,0.80966
7,0.72461,8.22615,1,-0.26844,-0.04802,0.89384
7,0.72461,8.22615,2,-0.38228,-0.19564,0.8093
8,0.7068,8.22615,1,-0.26844,-0.04802,0.89384
8,0.7068,8.22615,2,-0.38279,-0.19593,0.81103
9,0.86447,8.22615,1,-0.26844,-0.04802,0.89384
9,0.86447,8.22615,2,-0.37831,-0.19333,0.79565
10,0.85002,8.22615,1,-0.26844,-0.04802,0.89384
10,0.85002,8.22615,2,-0.37871,-0.19357,0.79706
11,0.46508,8.22615,1,-0.26844,-0.04802,0.89384
11,0.46508,8.22615,2,-0.38987,-0.1999,0.83463
12,0.49244,8.22615,1,-0.26844,-0.04802,0.89384
12,0.49244,8.22615,2,-0.38905,-0.19945,0.83196
13,0.90253,8.22615,1,-0.26844,-0.04802,0.89384
13,0.90253,8.22615,2,-0.37724,-0.19271,0.79194
14,0.254,8.22615,1,-0.26844,-0.04802,0.89384
14,0.254,8.22615,2,-0.39624,-0.20337,0.85524
15,0.15266,8.22615,1,-0.26844,-0.04802,0.89384
15,0.15266,8.22615,2,-0.39936,-0.20541,0.86529
16,0.67091,8.22615,1,-0.26844,-0.04802,0.89384
16,0.67091,8.22615,2,-0.38383,-0.19652,0.81454
17,0.80323,8.22615,1,-0.26844,-0.04802,0.89384
17,0.80323,8.22615,2,-0.38004,-0.19434,0.80162
18,0.34657,8.22615,1,-0.26844,-0.04802,0.89384
18,0.34657,8.22615,2,-0.39342,-0.20185,0.8462
19,0.74818,8.22615,1,-0.26844,-0.04802,0.89384
19,0.74818,8.22615,2,-0.38161,-0.19525,0.807
20,0.2021,8.22615,1,-0.26844,-0.04802,0.89384
20,0.2021,8.22615,2,-0.39783,-0.20435,0.86036
