particle,elasticity,weight,frame,x,y,z
1,0.30099,4.15093,1,-0.04027,0.09425,0.10063
2,0.89478,4.15093,1,-0.03744,0.09987,0.12587
3,0.53725,4.15093,1,-0.03915,0.09648,0.11067
4,0.47698,4.15093,1,-0.03943,0.09591,0.10811
5,0.29591,4.15093,1,-0.04029,0.0942,0.10041
6,0.63683,4.15093,1,-0.03867,0.09742,0.1149
7,0.45123,4.15093,1,-0.03955,0.09567,0.10701
8,0.90471,4.15093,1,-0.0374,0.09996,0.12629
9,0.15883,4.15093,1,-0.04094,0.0929,0.09458
10,0.61396,4.15093,1,-0.03878,0.09721,0.11393
11,0.63563,4.15093,1,-0.03868,0.09741,0.11485
12,0.15317,4.15093,1,-0.04097,0.09285,0.09434
13,0.12779,4.15093,1,-0.04109,0.09261,0.09326
14,0.53906,4.15093,1,-0.03914,0.0965,0.11075
15,0.69178,4.15093,1,-0.03841,0.09794,0.11724
16,0.63622,4.15093,1,-0.03867,0.09742,0.11488
17,0.99788,4.15093,1,-0.03695,0.10084,0.13025
18,0.07852,4.15093,1,-0.04131,0.09217,0.09131
19,0.66476,4.15093,1,-0.03854,0.09769,0.11609
20,0.95297,4.15093,1,-0.03717,0.10042,0.12834
