particle,elasticity,weight,frame,x,y,z
1,0.72447,5.60696,1,0.27569,-0.39665,0.74642
2,0.58241,9.80891,1,0.40735,-0.37502,0.72297
3,0.68798,9.80602,1,0.33445,-0.38867,0.68125
4,0.75489,10.10267,1,0.39147,-0.38865,0.7167
5,0.68798,9.80602,1,0.33445,-0.38867,0.68125
6,0.58241,9.80891,1,0.40735,-0.37502,0.72297
7,0.05564,11.07411,1,0.36893,-0.38977,0.67895
8,0.75489,10.10267,1,0.39147,-0.38865,0.7167
9,0.58241,9.80891,1,0.40735,-0.37502,0.72297
10,0.05564,11.07411,1,0.36893,-0.38977,0.67895
11,0.78327,8.03962,1,0.38853,-0.3507,0.6645
12,0.33095,9.21214,1,0.33471,-0.38271,0.63919
13,0.83061,8.44989,1,0.29462,-0.39569,0.64447
14,0.96305,3.72795,1,0.26678,-0.37063,0.76096
15,0.68798,9.80602,1,0.33445,-0.38867,0.68125
16,0.05564,11.07411,1,0.36893,-0.38977,0.67895
17,0.68798,9.80602,1,0.33445,-0.38867,0.68125
18,0.75489,10.10267,1,0.39147,-0.38865,0.7167
19,0.75489,10.10267,1,0.39147,-0.38865,0.7167
20,0.05564,11.07411,1,0.36893,-0.38977,0.67895
