particle,elasticity,weight,frame,x,y,z
1,0.71319,14.90108,1,-0.17184,0.25557,0.141
1,0.71319,14.90108,2,-0.1121,0.30406,0.06792
2,0.01851,19.67771,1,-0.07132,0.2227,0.08297
2,0.01851,19.67771,2,0.04733,0.31809,0.07031
3,0.16106,16.20663,1,-0.08484,0.2682,0.1071
3,0.16106,16.20663,2,-0.13299,0.23893,0.07967
4,0.01851,19.67771,1,-0.07132,0.2227,0.08297
4,0.01851,19.67771,2,0.04733,0.31809,0.07031
5,0.01851,19.67771,1,-0.07132,0.2227,0.08297
5,0.01851,19.67771,2,0.04733,0.31809,0.07031
6,0.71319,14.90108,1,-0.17184,0.25557,0.141
6,0.71319,14.90108,2,-0.1121,0.30406,0.06792
7,0.16106,16.20663,1,-0.08484,0.2682,0.1071
7,0.16106,16.20663,2,-0.13299,0.23893,0.07967
8,0.43143,19.52765,1,-0.10456,0.18316,0.13055
8,0.43143,19.52765,2,-0.06345,0.31094,0.14744
9,0.01851,19.67771,1,-0.07132,0.2227,0.08297
9,0.01851,19.67771,2,0.04733,0.31809,0.07031
10,0.43143,19.52765,1,-0.10456,0.18316,0.13055
10,0.43143,19.52765,2,-0.06345,0.31094,0.14744
11,0.71319,14.90108,1,-0.17184,0.25557,0.141
11,0.71319,14.90108,2,-0.1121,0.30406,0.06792
12,0.71319,14.90108,1,-0.17184,0.25557,0.141
12,0.71319,14.90108,2,-0.1121,0.30406,0.06792
13,0.71319,14.90108,1,-0.17184,0.25557,0.141
13,0.71319,14.90108,2,-0.1121,0.30406,0.06792
14,0.43143,19.52765,1,-0.10456,0.18316,0.13055
14,0.43143,19.52765,2,-0.06345,0.31094,0.14744
15,0.01851,19.67771,1,-0.07132,0.2227,0.08297
15,0.01851,19.67771,2,0.04733,0.31809,0.07031
16,0.01851,19.67771,1,-0.07132,0.2227,0.08297
16,0.01851,19.67771,2,0.04733,0.31809,0.07031
17,0.43143,19.52765,1,-0.10456,0.18316,0.13055
17,0.43143,19.52765,2,-0.06345,0.31094,0.14744
18,0.43143,19.52765,1,-0.10456,0.18316,0.13055
18,0.43143,19.52765,2,-0.06345,0.31094,0.14744
19,0.33119,17.54675,1,-0.10456,0.18316,0.12202
19,0.33119,17.54675,2,-0.09687,0.29701,0.17792
20,0.71319,14.90108,1,-0.17184,0.25557,0.141
20,0.71319,14.90108,2,-0.1121,0.30406,0.06792
