particle,elasticity,weight,frame,x,y,z
1,0.83066,10.28273,1,0.3352,-0.30223,0.56317
2,0.72291,9.65271,1,0.38626,-0.32952,0.58634
3,0.72291,9.65271,1,0.38626,-0.32952,0.58634
4,0.37324,9.16751,1,0.40289,-0.31054,0.55811
5,0.87508,10.1478,1,0.39391,-0.36549,0.52762
6,0.83066,10.28273,1,0.3352,-0.30223,0.56317
7,0.72291,9.65271,1,0.38626,-0.32952,0.58634
8,0.87508,10.1478,1,0.39391,-0.36549,0.52762
9,0.72291,9.65271,1,0.38626,-0.32952,0.58634
10,0.72291,9.65271,1,0.38626,-0.32952,0.58634
11,0.70296,9.69195,1,0.29809,-0.3963,0.58809
12,0.59267,8.44787,1,0.34983,-0.28627,0.47092
13,0.37324,9.16751,1,0.40289,-0.31054,0.55811
14,0.64124,8.71591,1,0.29405,-0.39586,0.6135
15,0.87508,10.1478,1,0.39391,-0.36549,0.52762
16,0.59267,8.44787,1,0.34983,-0.28627,0.47092
17,0.59267,8.44787,1,0.34983,-0.28627,0.47092
18,0.70296,9.69195,1,0.29809,-0.3963,0.58809
19,0.37324,9.16751,1,0.40289,-0.31054,0.55811
20,0.59267,8.44787,1,0.34983,-0.28627,0.47092
