particle,elasticity,weight,frame,x,y,z
1,0.92409,7.54927,1,0.19015,-0.3304,0.68814
1,0.92409,7.54927,2,0.3656,-0.23431,0.79969
2,0.36237,7.89552,1,0.19947,-0.37285,0.69322
2,0.36237,7.89552,2,0.39194,-0.31721,0.80947
3,0.83642,7.6159,1,0.19161,-0.33703,0.68894
3,0.83642,7.6159,2,0.36716,-0.24725,0.80122
4,0.39152,7.88225,1,0.19899,-0.37065,0.69296
4,0.39152,7.88225,2,0.39039,-0.31291,0.80897
5,0.19571,7.96146,1,0.20223,-0.38544,0.69473
5,0.19571,7.96146,2,0.40083,-0.34182,0.81236
6,0.50334,7.8266,1,0.19713,-0.3622,0.69195
6,0.50334,7.8266,2,0.38449,-0.2964,0.80702
7,0.05411,8.00426,1,0.20457,-0.39615,0.69601
7,0.05411,8.00426,2,0.40845,-0.36273,0.81481
8,0.02641,8.01121,1,0.20503,-0.39824,0.69626
8,0.02641,8.01121,2,0.40995,-0.36682,0.81529
9,0.74023,7.68365,1,0.19321,-0.34429,0.68981
9,0.74023,7.68365,2,0.37212,-0.26144,0.8029
10,0.94417,7.53335,1,0.18982,-0.32888,0.68796
10,0.94417,7.53335,2,0.36566,-0.23135,0.79934
11,0.03443,8.00925,1,0.20489,-0.39763,0.69618
11,0.03443,8.00925,2,0.40952,-0.36564,0.81516
12,0.60624,7.76868,1,0.19543,-0.35442,0.69102
12,0.60624,7.76868,2,0.37909,-0.28121,0.80523
13,0.2224,7.95203,1,0.20179,-0.38343,0.69449
13,0.2224,7.95203,2,0.3994,-0.33788,0.8119
14,0.26771,7.93504,1,0.20104,-0.38,0.69408
14,0.26771,7.93504,2,0.39698,-0.33119,0.81111
15,0.71283,7.70193,1,0.19366,-0.34636,0.69006
15,0.71283,7.70193,2,0.37354,-0.26548,0.80338
16,0.5171,7.81923,1,0.19691,-0.36116,0.69183
16,0.5171,7.81923,2,0.38376,-0.29437,0.80678
17,0.08565,7.99578,1,0.20405,-0.39376,0.69572
17,0.08565,7.99578,2,0.40675,-0.35808,0.81427
18,0.27118,7.93368,1,0.20098,-0.37974,0.69405
18,0.27118,7.93368,2,0.39679,-0.33068,0.81105
19,0.93882,7.53762,1,0.18991,-0.32929,0.68801
19,0.93882,7.53762,2,0.36564,-0.23214,0.79943
20,0.71725,7.69901,1,0.19359,-0.34603,0.69002
20,0.71725,7.69901,2,0.37331,-0.26483,0.8033
