particle,elasticity,weight,frame,x,y,z
1,0.77746,4.15093,1,0.29575,0.0776,0.69059
2,0.73252,4.15093,1,0.30139,0.0776,0.6906
3,0.47737,4.15093,1,0.33339,0.07757,0.69062
4,0.19468,4.15093,1,0.36886,0.07755,0.69064
5,0.54247,4.15093,1,0.32522,0.07757,0.69062
6,0.70931,4.15093,1,0.3043,0.07759,0.6906
7,0.33107,4.15093,1,0.35174,0.07755,0.69064
8,0.84197,4.15093,1,0.28767,0.07761,0.69058
9,0.12416,4.15093,1,0.37771,0.07754,0.69065
10,0.7331,4.15093,1,0.30131,0.0776,0.6906
11,0.59392,4.15093,1,0.31877,0.07758,0.69061
12,0.3654,4.15093,1,0.34744,0.07756,0.69063
13,0.71085,4.15093,1,0.3041,0.07759,0.6906
14,0.17909,4.15093,1,0.37082,0.07755,0.69064
15,0.24596,4.15093,1,0.36242,0.07755,0.69064
16,0.94522,4.15093,1,0.27473,0.07763,0.69057
17,0.87672,4.15093,1,0.28331,0.07762,0.69058
18,0.30933,4.15093,1,0.35447,0.07755,0.69064
19,0.69754,4.15093,1,0.30577,0.07759,0.6906
20,0.11236,4.15093,1,0.37919,0.07754,0.69065
