particle,elasticity,weight,frame,x,y,z
1,0.26715,4.15093,1,-0.14986,0.09908,0.87531
2,0.06039,4.15093,1,-0.15149,0.0994,0.88198
3,0.67249,4.15093,1,-0.14667,0.09843,0.86223
4,0.88848,4.15093,1,-0.14497,0.09809,0.85526
5,0.74913,4.15093,1,-0.14606,0.09831,0.85975
6,0.19579,4.15093,1,-0.15042,0.09919,0.87761
7,0.49924,4.15093,1,-0.14803,0.09871,0.86782
8,0.77501,4.15093,1,-0.14586,0.09827,0.85892
9,0.44131,4.15093,1,-0.14849,0.0988,0.86969
10,0.0929,4.15093,1,-0.15123,0.09935,0.88093
11,0.70738,4.15093,1,-0.14639,0.09838,0.8611
12,0.5426,4.15093,1,-0.14769,0.09864,0.86642
13,0.08506,4.15093,1,-0.1513,0.09936,0.88118
14,0.58417,4.15093,1,-0.14737,0.09857,0.86508
15,0.15719,4.15093,1,-0.15073,0.09925,0.87885
16,0.02023,4.15093,1,-0.15181,0.09947,0.88327
17,0.04356,4.15093,1,-0.15162,0.09943,0.88252
18,0.51439,4.15093,1,-0.14791,0.09868,0.86733
19,0.96914,4.15093,1,-0.14433,0.09796,0.85265
20,0.33357,4.15093,1,-0.14934,0.09897,0.87316
