particle,elasticity,weight,frame,x,y,z
1,0.80861,8.27512,1,-0.16126,0.31518,0.64777
1,0.80861,8.27512,2,-0.18157,0.35324,0.58026
2,0.57474,8.27512,1,-0.16126,0.31518,0.64777
2,0.57474,8.27512,2,-0.18157,0.36548,0.58025
3,0.6578,8.27512,1,-0.16126,0.31518,0.64777
3,0.6578,8.27512,2,-0.18157,0.36113,0.58025
4,0.21593,8.27512,1,-0.16126,0.31518,0.64777
4,0.21593,8.27512,2,-0.18157,0.38426,0.58025
5,0.05474,8.27512,1,-0.16126,0.31518,0.64777
5,0.05474,8.27512,2,-0.18157,0.3927,0.58025
6,0.66212,8.27512,1,-0.16126,0.31518,0.64777
6,0.66212,8.27512,2,-0.18157,0.3609,0.58026
7,0.33696,8.27512,1,-0.16126,0.31518,0.64777
7,0.33696,8.27512,2,-0.18157,0.37792,0.58025
8,0.77956,8.27512,1,-0.16126,0.31518,0.64777
8,0.77956,8.27512,2,-0.18157,0.35476,0.58026
9,0.50167,8.27512,1,-0.16126,0.31518,0.64777
9,0.50167,8.27512,2,-0.18157,0.3693,0.58025
10,0.19074,8.27512,1,-0.16126,0.31518,0.64777
10,0.19074,8.27512,2,-0.18157,0.38558,0.58025
11,0.35511,8.27512,1,-0.16126,0.31518,0.64777
11,0.35511,8.27512,2,-0.18157,0.37697,0.58025
12,0.9383,8.27512,1,-0.16126,0.31518,0.64777
12,0.9383,8.27512,2,-0.18157,0.34646,0.58026
13,0.05659,8.27512,1,-0.16126,0.31518,0.64777
13,0.05659,8.27512,2,-0.18157,0.3926,0.58025
14,0.76237,8.27512,1,-0.16126,0.31518,0.64777
14,0.76237,8.27512,2,-0.18157,0.35566,0.58026
15,0.63772,8.27512,1,-0.16126,0.31518,0.64777
15,0.63772,8.27512,2,-0.18157,0.36218,0.58025
16,0.70758,8.27512,1,-0.16126,0.31518,0.64777
16,0.70758,8.27512,2,-0.18157,0.35853,0.58026
17,0.38014,8.27512,1,-0.16126,0.31518,0.64777
17,0.38014,8.27512,2,-0.18157,0.37566,0.58025
18,0.38959,8.27512,1,-0.16126,0.31518,0.64777
18,0.38959,8.27512,2,-0.18157,0.37517,0.58025
19,0.61506,8.27512,1,-0.16126,0.31518,0.64777
19,0.61506,8.27512,2,-0.18157,0.36337,0.58025
20,0.06654,8.27512,1,-0.16126,0.31518,0.64777
20,0.06654,8.27512,2,-0.18157,0.39208,0.58025
