particle,elasticity,weight,frame,x,y,z
1,0.89904,4.15093,1,0.1289,-0.06165,0.43316
2,0.87988,4.15093,1,0.1289,-0.06165,0.43316
3,0.04495,4.15093,1,0.1289,-0.06165,0.43316
4,0.10883,4.15093,1,0.1289,-0.06165,0.43316
5,0.0148,4.15093,1,0.1289,-0.06165,0.43316
6,0.70579,4.15093,1,0.1289,-0.06165,0.43316
7,0.00351,4.15093,1,0.1289,-0.06165,0.43316
8,0.37683,4.15093,1,0.1289,-0.06165,0.43316
9,0.84863,4.15093,1,0.1289,-0.06165,0.43316
10,0.30351,4.15093,1,0.1289,-0.06165,0.43316
11,0.79983,4.15093,1,0.1289,-0.06165,0.43316
12,0.80371,4.15093,1,0.1289,-0.06165,0.43316
13,0.88573,4.15093,1,0.1289,-0.06165,0.43316
14,0.46167,4.15093,1,0.1289,-0.06165,0.43316
15,0.72145,4.15093,1,0.1289,-0.06165,0.43316
16,0.98671,4.15093,1,0.1289,-0.06165,0.43316
17,0.8796,4.15093,1,0.1289,-0.06165,0.43316
18,0.3252,4.15093,1,0.1289,-0.06165,0.43316
19,0.16834,4.15093,1,0.1289,-0.06165,0.43316
20,0.77776,4.15093,1,0.1289,-0.06165,0.43316
