particle,elasticity,weight,frame,x,y,z
1,0.13598,4.15093,1,-0.12083,-0.38537,0.78525
2,0.85763,4.15093,1,-0.119,-0.30959,0.76638
3,0.71492,4.15093,1,-0.11936,-0.32457,0.77012
4,0.67621,4.15093,1,-0.11946,-0.32863,0.77113
5,0.63021,4.15093,1,-0.11958,-0.33347,0.77234
6,0.47522,4.15093,1,-0.11997,-0.34974,0.77639
7,0.15103,4.15093,1,-0.1208,-0.38379,0.78485
8,0.10808,4.15093,1,-0.12091,-0.3883,0.78597
9,0.39473,4.15093,1,-0.12018,-0.35819,0.77849
10,0.05816,4.15093,1,-0.12103,-0.39354,0.78727
11,0.51593,4.15093,1,-0.11987,-0.34547,0.77533
12,0.00989,4.15093,1,-0.12115,-0.39861,0.78853
13,0.39934,4.15093,1,-0.12016,-0.35771,0.77837
14,0.13722,4.15093,1,-0.12083,-0.38524,0.78521
15,0.9775,4.15093,1,-0.11869,-0.297,0.76324
16,0.59059,4.15093,1,-0.11968,-0.33763,0.77338
17,0.81424,4.15093,1,-0.11911,-0.31414,0.76752
18,0.63069,4.15093,1,-0.11958,-0.33341,0.77233
19,0.1108,4.15093,1,-0.1209,-0.38801,0.7859
20,0.326,4.15093,1,-0.12035,-0.36541,0.78029
