particle,elasticity,weight,frame,x,y,z
1,0.88363,7.92184,1,0.16653,0.06591,0.85757
1,0.88363,7.92184,2,0.09358,0.02616,0.73552
2,0.70144,7.98362,1,0.16653,0.06591,0.86498
2,0.70144,7.98362,2,0.09354,0.02614,0.76501
3,0.91789,7.90961,1,0.16653,0.06591,0.85618
3,0.91789,7.90961,2,0.09359,0.02616,0.72998
4,0.66375,7.99571,1,0.16653,0.06591,0.86651
4,0.66375,7.99571,2,0.09353,0.02613,0.77112
5,0.67425,7.99237,1,0.16653,0.06591,0.86609
5,0.67425,7.99237,2,0.09353,0.02613,0.76942
6,0.38344,8.07831,1,0.16653,0.06591,0.87792
6,0.38344,8.07831,2,0.09348,0.0261,0.81656
7,0.11545,8.14513,1,0.16653,0.06591,0.88882
7,0.11545,8.14513,2,0.09345,0.02609,0.86005
8,0.95258,7.89703,1,0.16654,0.06591,0.85477
8,0.95258,7.89703,2,0.0936,0.02617,0.72437
9,0.83245,7.93975,1,0.16653,0.06591,0.85965
9,0.83245,7.93975,2,0.09357,0.02615,0.7438
10,0.10208,8.14815,1,0.16653,0.06591,0.88937
10,0.10208,8.14815,2,0.09344,0.02608,0.86222
11,0.31602,8.09624,1,0.16653,0.06591,0.88066
11,0.31602,8.09624,2,0.09347,0.0261,0.82749
12,0.1066,8.14713,1,0.16653,0.06591,0.88918
12,0.1066,8.14713,2,0.09344,0.02608,0.86148
13,0.38191,8.07873,1,0.16653,0.06591,0.87798
13,0.38191,8.07873,2,0.09348,0.0261,0.8168
14,0.15189,8.13674,1,0.16653,0.06591,0.88734
14,0.15189,8.13674,2,0.09345,0.02609,0.85413
15,0.15956,8.13495,1,0.16653,0.06591,0.88703
15,0.15956,8.13495,2,0.09345,0.02609,0.85289
16,0.11789,8.14458,1,0.16653,0.06591,0.88873
16,0.11789,8.14458,2,0.09345,0.02609,0.85965
17,0.26988,8.10808,1,0.16653,0.06591,0.88254
17,0.26988,8.10808,2,0.09346,0.02609,0.83498
18,0.72217,7.97687,1,0.16653,0.06591,0.86414
18,0.72217,7.97687,2,0.09354,0.02614,0.76166
19,0.80747,7.94833,1,0.16653,0.06591,0.86067
19,0.80747,7.94833,2,0.09356,0.02615,0.74785
20,0.08668,8.1516,1,0.16653,0.06591,0.89
20,0.08668,8.1516,2,0.09344,0.02608,0.86472
