particle,elasticity,weight,frame,x,y,z
1,0.48892,8.24684,1,0.10439,0.05555,0.89277
1,0.48892,8.24684,2,0.27998,0.29679,0.81677
2,0.9639,8.24341,1,0.10342,0.05421,0.88615
2,0.9639,8.24341,2,0.2703,0.28349,0.75112
3,0.21991,8.24673,1,0.10494,0.0563,0.89651
3,0.21991,8.24673,2,0.28544,0.3043,0.85396
4,0.6887,8.24597,1,0.10398,0.05498,0.88998
4,0.6887,8.24597,2,0.27591,0.2912,0.78915
5,0.25496,8.24683,1,0.10487,0.0562,0.89602
5,0.25496,8.24683,2,0.28473,0.30332,0.84911
6,0.22513,8.24674,1,0.10493,0.05629,0.89644
6,0.22513,8.24674,2,0.28534,0.30415,0.85324
7,0.56927,8.24659,1,0.10422,0.05532,0.89165
7,0.56927,8.24659,2,0.27834,0.29454,0.80566
8,0.87698,8.24439,1,0.10359,0.05445,0.88736
8,0.87698,8.24439,2,0.27207,0.28593,0.76313
9,0.81385,8.245,1,0.10372,0.05463,0.88824
9,0.81385,8.245,2,0.27336,0.2877,0.77185
10,0.62854,8.24632,1,0.1041,0.05515,0.89082
10,0.62854,8.24632,2,0.27714,0.29289,0.79747
11,0.95724,8.24349,1,0.10343,0.05423,0.88625
11,0.95724,8.24349,2,0.27043,0.28368,0.75204
12,0.79784,8.24514,1,0.10376,0.05468,0.88846
12,0.79784,8.24514,2,0.27369,0.28815,0.77407
13,0.49489,8.24683,1,0.10438,0.05553,0.89268
13,0.49489,8.24683,2,0.27986,0.29662,0.81594
14,0.06507,8.24598,1,0.10526,0.05674,0.89867
14,0.06507,8.24598,2,0.28858,0.30861,0.87537
15,0.67693,8.24604,1,0.104,0.05502,0.89015
15,0.67693,8.24604,2,0.27615,0.29153,0.79078
16,0.3339,8.24696,1,0.10471,0.05598,0.89492
16,0.3339,8.24696,2,0.28313,0.30112,0.8382
17,0.61092,8.2464,1,0.10414,0.0552,0.89107
17,0.61092,8.2464,2,0.2775,0.29338,0.7999
18,0.34827,8.24697,1,0.10468,0.05594,0.89472
18,0.34827,8.24697,2,0.28284,0.30072,0.83621
19,0.02679,8.24572,1,0.10534,0.05685,0.8992
19,0.02679,8.24572,2,0.28935,0.30967,0.88066
20,0.75562,8.24549,1,0.10384,0.0548,0.88905
20,0.75562,8.24549,2,0.27455,0.28933,0.7799
