particle,elasticity,weight,frame,x,y,z
1,0.33893,4.15093,1,0.12507,-0.05234,0.10411
2,0.21212,4.15093,1,0.12473,-0.05178,0.10147
3,0.83807,4.15093,1,0.12642,-0.05456,0.1145
4,0.77215,4.15093,1,0.12624,-0.05427,0.11313
5,0.71853,4.15093,1,0.1261,-0.05403,0.11201
6,0.83588,4.15093,1,0.12642,-0.05455,0.11446
7,0.0197,4.15093,1,0.1242,-0.05093,0.09746
8,0.13985,4.15093,1,0.12453,-0.05146,0.09996
9,0.58994,4.15093,1,0.12575,-0.05346,0.10933
10,0.51812,4.15093,1,0.12556,-0.05314,0.10784
11,0.47513,4.15093,1,0.12544,-0.05295,0.10694
12,0.89595,4.15093,1,0.12658,-0.05482,0.11571
13,0.70691,4.15093,1,0.12607,-0.05398,0.11177
14,0.18846,4.15093,1,0.12466,-0.05168,0.10098
15,0.57911,4.15093,1,0.12572,-0.05341,0.10911
16,0.29414,4.15093,1,0.12495,-0.05215,0.10318
17,0.7073,4.15093,1,0.12607,-0.05398,0.11178
18,0.24719,4.15093,1,0.12482,-0.05194,0.1022
19,0.45517,4.15093,1,0.12538,-0.05286,0.10653
20,0.52219,4.15093,1,0.12557,-0.05316,0.10792
