particle,elasticity,weight,frame,x,y,z
1,0.72645,8.25769,1,0.0995,-0.09956,0.13417
1,0.72645,8.25769,2,0.14959,-0.15714,0.15684
2,0.29769,8.25769,1,0.0995,-0.09956,0.13417
2,0.29769,8.25769,2,0.1496,-0.15716,0.11593
3,0.34213,8.25769,1,0.0995,-0.09956,0.13417
3,0.34213,8.25769,2,0.1496,-0.15716,0.12017
4,0.41974,8.25769,1,0.0995,-0.09956,0.13417
4,0.41974,8.25769,2,0.1496,-0.15715,0.12758
5,0.28669,8.25769,1,0.0995,-0.09956,0.13417
5,0.28669,8.25769,2,0.1496,-0.15716,0.11488
6,0.45918,8.25769,1,0.0995,-0.09956,0.13417
6,0.45918,8.25769,2,0.1496,-0.15715,0.13134
7,0.73264,8.25769,1,0.0995,-0.09956,0.13417
7,0.73264,8.25769,2,0.14959,-0.15714,0.15743
8,0.02222,8.25769,1,0.0995,-0.09956,0.13417
8,0.02222,8.25769,2,0.1496,-0.15716,0.08965
9,0.42224,8.25769,1,0.0995,-0.09956,0.13417
9,0.42224,8.25769,2,0.1496,-0.15715,0.12782
10,0.9746,8.25769,1,0.0995,-0.09956,0.13417
10,0.9746,8.25769,2,0.14957,-0.15712,0.1805
11,0.18259,8.25769,1,0.0995,-0.09956,0.13417
11,0.18259,8.25769,2,0.14961,-0.15716,0.10493
12,0.42698,8.25769,1,0.0995,-0.09956,0.13417
12,0.42698,8.25769,2,0.1496,-0.15715,0.12827
13,0.68218,8.25769,1,0.0995,-0.09956,0.13417
13,0.68218,8.25769,2,0.14959,-0.15714,0.15262
14,0.27257,8.25769,1,0.0995,-0.09956,0.13417
14,0.27257,8.25769,2,0.1496,-0.15716,0.11353
15,0.73643,8.25769,1,0.0995,-0.09956,0.13417
15,0.73643,8.25769,2,0.14959,-0.15714,0.15779
16,0.84795,8.25769,1,0.0995,-0.09956,0.13417
16,0.84795,8.25769,2,0.14958,-0.15713,0.16843
17,0.18922,8.25769,1,0.0995,-0.09956,0.13417
17,0.18922,8.25769,2,0.14961,-0.15716,0.10557
18,0.37446,8.25769,1,0.0995,-0.09956,0.13417
18,0.37446,8.25769,2,0.1496,-0.15715,0.12326
19,0.64997,8.25769,1,0.0995,-0.09956,0.13417
19,0.64997,8.25769,2,0.14959,-0.15714,0.14955
20,0.26774,8.25769,1,0.0995,-0.09956,0.13417
20,0.26774,8.25769,2,0.1496,-0.15716,0.11307
