particle,elasticity,weight,frame,x,y,z
1,0.28133,4.15093,1,0.35342,0.16338,0.5134
2,0.3544,4.15093,1,0.34349,0.1645,0.51119
3,0.58475,4.15093,1,0.31219,0.16683,0.50659
4,0.09818,4.15093,1,0.37831,0.16057,0.51894
5,0.40365,4.15093,1,0.3368,0.16525,0.50969
6,0.16647,4.15093,1,0.36903,0.16161,0.51688
7,0.27352,4.15093,1,0.35448,0.16326,0.51364
8,0.33218,4.15093,1,0.34651,0.16416,0.51186
9,0.45048,4.15093,1,0.33043,0.16597,0.50827
10,0.72502,4.15093,1,0.29314,0.16684,0.50656
11,0.98721,4.15093,1,0.25755,0.16687,0.50651
12,0.38878,4.15093,1,0.33882,0.16502,0.51014
13,0.88997,4.15093,1,0.27075,0.16686,0.50653
14,0.87171,4.15093,1,0.27322,0.16685,0.50653
15,0.3798,4.15093,1,0.34004,0.16489,0.51042
16,0.74384,4.15093,1,0.29058,0.16684,0.50656
17,0.78563,4.15093,1,0.28491,0.16684,0.50655
18,0.16777,4.15093,1,0.36886,0.16163,0.51684
19,0.19322,4.15093,1,0.3654,0.16202,0.51607
20,0.87435,4.15093,1,0.27287,0.16685,0.50653
