particle,elasticity,weight,frame,x,y,z
1,0.92809,4.15093,1,0.27572,0.08967,0.71041
2,0.08268,4.15093,1,0.39001,0.0773,0.709
3,0.19174,4.15093,1,0.37915,0.08,0.70923
4,0.00499,4.15093,1,0.39001,0.07731,0.70901
5,0.41315,4.15093,1,0.34803,0.08771,0.71017
6,0.77316,4.15093,1,0.29746,0.08964,0.7104
7,0.1614,4.15093,1,0.38341,0.07895,0.7091
8,0.39674,4.15093,1,0.35034,0.08714,0.7101
9,0.09985,4.15093,1,0.39001,0.07731,0.70897
10,0.27326,4.15093,1,0.36769,0.08284,0.70958
11,0.64186,4.15093,1,0.3159,0.08961,0.7104
12,0.03919,4.15093,1,0.39001,0.0773,0.70901
13,0.57528,4.15093,1,0.32525,0.0896,0.7104
14,0.4133,4.15093,1,0.34801,0.08771,0.71017
15,0.95717,4.15093,1,0.27164,0.08968,0.71041
16,0.1216,4.15093,1,0.389,0.07757,0.70894
17,0.15581,4.15093,1,0.38419,0.07875,0.70908
18,0.39291,4.15093,1,0.35088,0.087,0.71008
19,0.3592,4.15093,1,0.35561,0.08583,0.70994
20,0.43845,4.15093,1,0.34448,0.08859,0.71027
