particle,elasticity,weight,frame,x,y,z
1,0.05562,8.18961,1,-0.27099,-0.05041,0.65319
1,0.05562,8.18961,2,-0.40228,-0.35927,0.5502
2,0.67429,8.18961,1,-0.27099,-0.05041,0.65319
2,0.67429,8.18961,2,-0.36752,-0.35104,0.55298
3,0.06188,8.18961,1,-0.27099,-0.05041,0.65319
3,0.06188,8.18961,2,-0.40193,-0.35918,0.55022
4,0.02019,8.18961,1,-0.27099,-0.05041,0.65319
4,0.02019,8.18961,2,-0.40427,-0.35974,0.55004
5,0.66862,8.18961,1,-0.27099,-0.05041,0.65319
5,0.66862,8.18961,2,-0.36784,-0.35111,0.55296
6,0.52308,8.18961,1,-0.27099,-0.05041,0.65319
6,0.52308,8.18961,2,-0.37602,-0.35305,0.5523
7,0.08498,8.18961,1,-0.27099,-0.05041,0.65319
7,0.08498,8.18961,2,-0.40063,-0.35888,0.55033
8,0.45354,8.18961,1,-0.27099,-0.05041,0.65319
8,0.45354,8.18961,2,-0.37992,-0.35398,0.55199
9,0.7411,8.18961,1,-0.27099,-0.05041,0.65319
9,0.7411,8.18961,2,-0.36377,-0.35015,0.55328
10,0.13817,8.18961,1,-0.27099,-0.05041,0.65319
10,0.13817,8.18961,2,-0.39764,-0.35817,0.55057
11,0.03657,8.18961,1,-0.27099,-0.05041,0.65319
11,0.03657,8.18961,2,-0.40335,-0.35952,0.55011
12,0.40569,8.18961,1,-0.27099,-0.05041,0.65319
12,0.40569,8.18961,2,-0.38261,-0.35461,0.55177
13,0.74048,8.18961,1,-0.27099,-0.05041,0.65319
13,0.74048,8.18961,2,-0.36381,-0.35016,0.55328
14,0.28968,8.18961,1,-0.27099,-0.05041,0.65319
14,0.28968,8.18961,2,-0.38913,-0.35616,0.55125
15,0.41162,8.18961,1,-0.27099,-0.05041,0.65319
15,0.41162,8.18961,2,-0.38228,-0.35453,0.5518
16,0.23041,8.18961,1,-0.27099,-0.05041,0.65319
16,0.23041,8.18961,2,-0.39246,-0.35694,0.55098
17,0.55106,8.18961,1,-0.27099,-0.05041,0.65319
17,0.55106,8.18961,2,-0.37445,-0.35268,0.55243
18,0.78778,8.18961,1,-0.27099,-0.05041,0.65319
18,0.78778,8.18961,2,-0.36115,-0.34953,0.55349
19,0.15165,8.18961,1,-0.27099,-0.05041,0.65319
19,0.15165,8.18961,2,-0.39688,-0.35799,0.55063
20,0.18432,8.18961,1,-0.27099,-0.05041,0.65319
20,0.18432,8.18961,2,-0.39505,-0.35756,0.55078
