particle,elasticity,weight,frame,x,y,z
1,0.26454,8.27343,1,-0.3242,0.21697,0.39099
1,0.26454,8.27343,2,-0.38985,0.06816,0.28321
2,0.38362,8.27343,1,-0.3242,0.21697,0.39099
2,0.38362,8.27343,2,-0.38947,0.06824,0.28326
3,0.32149,8.27343,1,-0.3242,0.21697,0.39099
3,0.32149,8.27343,2,-0.38983,0.06817,0.2832
4,0.92122,8.27343,1,-0.3242,0.21697,0.39099
4,0.92122,8.27343,2,-0.38104,0.06993,0.28452
5,0.66106,8.27343,1,-0.3242,0.21697,0.39099
5,0.66106,8.27343,2,-0.38512,0.06911,0.28391
6,0.63537,8.27343,1,-0.3242,0.21697,0.39099
6,0.63537,8.27343,2,-0.38552,0.06903,0.28385
7,0.58798,8.27343,1,-0.3242,0.21697,0.39099
7,0.58798,8.27343,2,-0.38627,0.06888,0.28373
8,0.64655,8.27343,1,-0.3242,0.21697,0.39099
8,0.64655,8.27343,2,-0.38535,0.06907,0.28387
9,0.94478,8.27343,1,-0.3242,0.21697,0.39099
9,0.94478,8.27343,2,-0.38067,0.07,0.28457
10,0.21506,8.27343,1,-0.3242,0.21697,0.39099
10,0.21506,8.27343,2,-0.3899,0.06815,0.2832
11,0.36249,8.27343,1,-0.3242,0.21697,0.39099
11,0.36249,8.27343,2,-0.3898,0.06817,0.28321
12,0.58192,8.27343,1,-0.3242,0.21697,0.39099
12,0.58192,8.27343,2,-0.38636,0.06886,0.28372
13,0.20421,8.27343,1,-0.3242,0.21697,0.39099
13,0.20421,8.27343,2,-0.38991,0.06815,0.2832
14,0.96569,8.27343,1,-0.3242,0.21697,0.39099
14,0.96569,8.27343,2,-0.38034,0.07007,0.28462
15,0.72902,8.27343,1,-0.3242,0.21697,0.39099
15,0.72902,8.27343,2,-0.38405,0.06933,0.28406
16,0.48492,8.27343,1,-0.3242,0.21697,0.39099
16,0.48492,8.27343,2,-0.38788,0.06856,0.28349
17,0.75885,8.27343,1,-0.3242,0.21697,0.39099
17,0.75885,8.27343,2,-0.38358,0.06942,0.28413
18,0.44983,8.27343,1,-0.3242,0.21697,0.39099
18,0.44983,8.27343,2,-0.38843,0.06845,0.28341
19,0.27359,8.27343,1,-0.3242,0.21697,0.39099
19,0.27359,8.27343,2,-0.38983,0.06816,0.28321
20,0.35619,8.27343,1,-0.3242,0.21697,0.39099
20,0.35619,8.27343,2,-0.38985,0.06817,0.2832
