particle,elasticity,weight,frame,x,y,z
1,0.13933,4.15093,1,-0.23618,-0.03586,0.10075
2,0.12318,4.15093,1,-0.23618,-0.03586,0.09874
3,0.83465,4.15093,1,-0.23609,-0.03591,0.18703
4,0.5584,4.15093,1,-0.23613,-0.03588,0.15277
5,0.06648,4.15093,1,-0.23618,-0.03586,0.0917
6,0.01139,4.15093,1,-0.23711,-0.03541,0.08486
7,0.883,4.15093,1,-0.23608,-0.03591,0.19303
8,0.77351,4.15093,1,-0.2361,-0.0359,0.17945
9,0.73814,4.15093,1,-0.2361,-0.0359,0.17507
10,0.63416,4.15093,1,-0.23612,-0.03589,0.16217
11,0.49527,4.15093,1,-0.23614,-0.03588,0.14494
12,0.81755,4.15093,1,-0.23609,-0.0359,0.18491
13,0.37513,4.15093,1,-0.23616,-0.03587,0.13003
14,0.98214,4.15093,1,-0.23606,-0.03592,0.20531
15,0.29392,4.15093,1,-0.23616,-0.03587,0.11995
16,0.22495,4.15093,1,-0.23617,-0.03587,0.11138
17,0.40852,4.15093,1,-0.23615,-0.03587,0.13417
18,0.77428,4.15093,1,-0.2361,-0.0359,0.17955
19,0.46972,4.15093,1,-0.23614,-0.03588,0.14177
20,0.31758,4.15093,1,-0.23616,-0.03587,0.12288
