particle,elasticity,weight,frame,x,y,z
1,0.47935,4.15093,1,-0.31376,-0.36344,0.29597
2,0.71971,4.15093,1,-0.28849,-0.34951,0.29759
3,0.86086,4.15093,1,-0.27441,-0.34135,0.29761
4,0.13975,4.15093,1,-0.35319,-0.38448,0.28917
5,0.06318,4.15093,1,-0.36289,-0.3895,0.28676
6,0.28575,4.15093,1,-0.33546,-0.37518,0.29302
7,0.39765,4.15093,1,-0.32292,-0.36831,0.29472
8,0.97888,4.15093,1,-0.26265,-0.33452,0.29762
9,0.58606,4.15093,1,-0.30183,-0.35725,0.29758
10,0.4145,4.15093,1,-0.32103,-0.3673,0.29498
11,0.27062,4.15093,1,-0.33715,-0.37612,0.29279
12,0.21653,4.15093,1,-0.34353,-0.37954,0.29158
13,0.52655,4.15093,1,-0.30848,-0.36068,0.29669
14,0.1355,4.15093,1,-0.35372,-0.38475,0.28903
15,0.2516,4.15093,1,-0.33928,-0.37732,0.2925
16,0.7274,4.15093,1,-0.28772,-0.34907,0.29759
17,0.672,4.15093,1,-0.29325,-0.35228,0.29758
18,0.25081,4.15093,1,-0.33937,-0.37737,0.29249
19,0.24836,4.15093,1,-0.33965,-0.37752,0.29245
20,0.67919,4.15093,1,-0.29253,-0.35186,0.29759
