particle,elasticity,weight,frame,x,y,z
1,0.88867,6.68477,1,0.28233,0.16792,0.56665
1,0.88867,6.68477,2,0.16674,0.24997,0.35168
2,0.66529,7.13754,1,0.31004,0.16839,0.56552
2,0.66529,7.13754,2,0.2218,0.25095,0.34935
3,0.89143,6.67866,1,0.28199,0.16792,0.56665
3,0.89143,6.67866,2,0.16606,0.24997,0.35168
4,0.25934,7.73057,1,0.36044,0.17328,0.5539
4,0.25934,7.73057,2,0.32203,0.26069,0.32624
5,0.25487,7.73561,1,0.36099,0.17334,0.55378
5,0.25487,7.73561,2,0.32313,0.26079,0.32598
6,0.77858,6.91884,1,0.29598,0.16792,0.56663
6,0.77858,6.91884,2,0.19386,0.25001,0.35159
7,0.10272,7.8873,1,0.37988,0.17517,0.54943
7,0.10272,7.8873,2,0.3607,0.26442,0.31737
8,0.31093,7.67016,1,0.35403,0.17266,0.55538
8,0.31093,7.67016,2,0.30929,0.25945,0.32916
9,0.65517,7.15558,1,0.3113,0.16851,0.56523
9,0.65517,7.15558,2,0.2243,0.25119,0.34877
10,0.46432,7.46482,1,0.33499,0.17081,0.55977
10,0.46432,7.46482,2,0.27141,0.25578,0.33789
11,0.43634,7.50515,1,0.33846,0.17115,0.55896
11,0.43634,7.50515,2,0.27832,0.25645,0.33629
12,0.16013,7.83452,1,0.37275,0.17448,0.55107
12,0.16013,7.83452,2,0.34653,0.26306,0.32061
13,0.4424,7.49652,1,0.33771,0.17108,0.55914
13,0.4424,7.49652,2,0.27682,0.25631,0.33664
14,0.05236,7.92917,1,0.38613,0.17577,0.548
14,0.05236,7.92917,2,0.37314,0.26562,0.31452
15,0.53868,7.35141,1,0.32576,0.16992,0.56189
15,0.53868,7.35141,2,0.25305,0.254,0.34212
16,0.52374,7.37492,1,0.32761,0.1701,0.56147
16,0.52374,7.37492,2,0.25674,0.25435,0.34127
17,0.1795,7.81549,1,0.37035,0.17424,0.55162
17,0.1795,7.81549,2,0.34174,0.26259,0.32171
18,0.54245,7.34542,1,0.32529,0.16987,0.562
18,0.54245,7.34542,2,0.25212,0.2539,0.34234
19,0.35865,7.6104,1,0.3481,0.17209,0.55674
19,0.35865,7.6104,2,0.2975,0.25831,0.33187
20,0.81161,6.85057,1,0.29189,0.16792,0.56663
20,0.81161,6.85057,2,0.18572,0.25,0.35161
