particle,elasticity,weight,frame,x,y,z
1,0.10276,4.15093,1,-0.39248,-0.02401,0.47904
2,0.98238,4.15093,1,-0.39248,-0.02401,0.47904
3,0.65412,4.15093,1,-0.39248,-0.02401,0.47904
4,0.70821,4.15093,1,-0.39248,-0.02401,0.47904
5,0.65277,4.15093,1,-0.39248,-0.02401,0.47904
6,0.22659,4.15093,1,-0.39248,-0.02401,0.47904
7,0.56696,4.15093,1,-0.39248,-0.02401,0.47904
8,0.72892,4.15093,1,-0.39248,-0.02401,0.47904
9,0.16089,4.15093,1,-0.39248,-0.02401,0.47904
10,0.14765,4.15093,1,-0.39248,-0.02401,0.47904
11,0.70018,4.15093,1,-0.39248,-0.02401,0.47904
12,0.29411,4.15093,1,-0.39248,-0.02401,0.47904
13,0.07938,4.15093,1,-0.39248,-0.02401,0.47904
14,0.18044,4.15093,1,-0.39248,-0.02401,0.47904
15,0.3255,4.15093,1,-0.39248,-0.02401,0.47904
16,0.83853,4.15093,1,-0.39248,-0.02401,0.47904
17,0.27925,4.15093,1,-0.39248,-0.02401,0.47904
18,0.81052,4.15093,1,-0.39248,-0.02401,0.47904
19,0.816,4.15093,1,-0.39248,-0.02401,0.47904
20,0.87441,4.15093,1,-0.39248,-0.02401,0.47904
