particle,elasticity,weight,frame,x,y,z
1,0.15796,4.15093,1,-0.26861,-0.21053,0.62101
2,0.47875,4.15093,1,-0.26861,-0.21053,0.62101
3,0.93372,4.15093,1,-0.26861,-0.21053,0.62101
4,0.67661,4.15093,1,-0.26861,-0.21053,0.62101
5,0.6003,4.15093,1,-0.26861,-0.21053,0.62101
6,0.09874,4.15093,1,-0.26861,-0.21053,0.62101
7,0.61725,4.15093,1,-0.26861,-0.21053,0.62101
8,0.87663,4.15093,1,-0.26861,-0.21053,0.62101
9,0.77164,4.15093,1,-0.26861,-0.21053,0.62101
10,0.02914,4.15093,1,-0.26861,-0.21053,0.62101
11,0.78677,4.15093,1,-0.26861,-0.21053,0.62101
12,0.52768,4.15093,1,-0.26861,-0.21053,0.62101
13,0.22674,4.15093,1,-0.26861,-0.21053,0.62101
14,0.23284,4.15093,1,-0.26861,-0.21053,0.62101
15,0.89657,4.15093,1,-0.26861,-0.21053,0.62101
16,0.36968,4.15093,1,-0.26861,-0.21053,0.62101
17,0.15524,4.15093,1,-0.26861,-0.21053,0.62101
18,0.74598,4.15093,1,-0.26861,-0.21053,0.62101
19,0.77731,4.15093,1,-0.26861,-0.21053,0.62101
20,0.57026,4.15093,1,-0.26861,-0.21053,0.62101
