particle,elasticity,weight,frame,x,y,z
1,0.85483,7.86157,1,0.35869,0.29699,0.27184
1,0.85483,7.86157,2,0.30584,0.27101,0.1093
2,0.33657,8.02818,1,0.37869,0.29623,0.2669
2,0.33657,8.02818,2,0.35519,0.26916,0.09589
3,0.88004,7.85238,1,0.35771,0.29703,0.27208
3,0.88004,7.85238,2,0.30344,0.2711,0.10956
4,0.89526,7.84678,1,0.35713,0.29705,0.27222
4,0.89526,7.84678,2,0.30341,0.27031,0.08203
5,0.12382,8.08428,1,0.3869,0.29592,0.26487
5,0.12382,8.08428,2,0.37546,0.26841,0.08919
6,0.092,8.09205,1,0.38812,0.29588,0.26457
6,0.092,8.09205,2,0.37849,0.26829,0.08818
7,0.3357,8.02843,1,0.37872,0.29623,0.26689
7,0.3357,8.02843,2,0.35528,0.26916,0.09587
8,0.82302,7.87302,1,0.35991,0.29694,0.27154
8,0.82302,7.87302,2,0.30887,0.27089,0.10898
9,0.499,7.98054,1,0.37242,0.29647,0.26845
9,0.499,7.98054,2,0.33972,0.26974,0.10097
10,0.81309,7.87656,1,0.3603,0.29693,0.27144
10,0.81309,7.87656,2,0.30981,0.27086,0.10887
11,0.91494,7.83949,1,0.35637,0.29708,0.27241
11,0.91494,7.83949,2,0.30152,0.27038,0.0825
12,0.57347,7.9573,1,0.36954,0.29658,0.26916
12,0.57347,7.9573,2,0.33263,0.27,0.10328
13,0.35786,8.02218,1,0.37786,0.29626,0.2671
13,0.35786,8.02218,2,0.35316,0.26924,0.09656
14,0.50972,7.97724,1,0.372,0.29648,0.26855
14,0.50972,7.97724,2,0.3387,0.26978,0.1013
15,0.37699,8.01672,1,0.37713,0.29629,0.26728
15,0.37699,8.01672,2,0.35134,0.26931,0.09716
16,0.79925,7.88147,1,0.36083,0.29691,0.27131
16,0.79925,7.88147,2,0.31113,0.27081,0.10873
17,0.17291,8.07197,1,0.385,0.29599,0.26534
17,0.17291,8.07197,2,0.37078,0.26858,0.09074
18,0.00329,8.11288,1,0.39155,0.29575,0.26373
18,0.00329,8.11288,2,0.38694,0.26798,0.08536
19,0.1912,8.06729,1,0.3843,0.29602,0.26551
19,0.1912,8.06729,2,0.36904,0.26865,0.09132
20,0.83469,7.86884,1,0.35946,0.29696,0.27165
20,0.83469,7.86884,2,0.30775,0.27094,0.1091
