particle,elasticity,weight,frame,x,y,z
1,0.01773,4.15093,1,0.33917,-0.11558,0.84229
2,0.89443,4.15093,1,0.33917,-0.11558,0.84229
3,0.48482,4.15093,1,0.33917,-0.11558,0.84229
4,0.35758,4.15093,1,0.33917,-0.11558,0.84229
5,0.89619,4.15093,1,0.33917,-0.11558,0.84229
6,0.82245,4.15093,1,0.33917,-0.11558,0.84229
7,0.4537,4.15093,1,0.33917,-0.11558,0.84229
8,0.85719,4.15093,1,0.33917,-0.11558,0.84229
9,0.85657,4.15093,1,0.33917,-0.11558,0.84229
10,0.96424,4.15093,1,0.33917,-0.11558,0.84229
11,0.74196,4.15093,1,0.33917,-0.11558,0.84229
12,0.24926,4.15093,1,0.33917,-0.11558,0.84229
13,0.47431,4.15093,1,0.33917,-0.11558,0.84229
14,0.61422,4.15093,1,0.33917,-0.11558,0.84229
15,0.45925,4.15093,1,0.33917,-0.11558,0.84229
16,0.91051,4.15093,1,0.33917,-0.11558,0.84229
17,0.7981,4.15093,1,0.33917,-0.11558,0.84229
18,0.39367,4.15093,1,0.33917,-0.11558,0.84229
19,0.62626,4.15093,1,0.33917,-0.11558,0.84229
20,0.11361,4.15093,1,0.33917,-0.11558,0.84229
