particle,elasticity,weight,frame,x,y,z
1,0.40719,8.24557,1,0.32367,-0.134,0.49746
1,0.40719,8.24557,2,0.39163,0.14938,0.56345
2,0.96812,8.24557,1,0.32367,-0.134,0.49746
2,0.96812,8.24557,2,0.38919,0.14878,0.56332
3,0.52049,8.24557,1,0.32367,-0.134,0.49746
3,0.52049,8.24557,2,0.39114,0.14926,0.56342
4,0.14197,8.24557,1,0.32367,-0.134,0.49746
4,0.14197,8.24557,2,0.39279,0.14966,0.5635
5,0.14858,8.24557,1,0.32367,-0.134,0.49746
5,0.14858,8.24557,2,0.39276,0.14965,0.5635
6,0.26214,8.24557,1,0.32367,-0.134,0.49746
6,0.26214,8.24557,2,0.39226,0.14953,0.56348
7,0.54735,8.24557,1,0.32367,-0.134,0.49746
7,0.54735,8.24557,2,0.39102,0.14923,0.56341
8,0.27219,8.24557,1,0.32367,-0.134,0.49746
8,0.27219,8.24557,2,0.39222,0.14952,0.56348
9,0.3914,8.24557,1,0.32367,-0.134,0.49746
9,0.3914,8.24557,2,0.3917,0.14939,0.56345
10,0.40548,8.24557,1,0.32367,-0.134,0.49746
10,0.40548,8.24557,2,0.39164,0.14938,0.56345
11,0.98924,8.24557,1,0.32367,-0.134,0.49746
11,0.98924,8.24557,2,0.3891,0.14876,0.56331
12,0.8949,8.24557,1,0.32367,-0.134,0.49746
12,0.8949,8.24557,2,0.38951,0.14886,0.56334
13,0.96541,8.24557,1,0.32367,-0.134,0.49746
13,0.96541,8.24557,2,0.38921,0.14878,0.56332
14,0.19549,8.24557,1,0.32367,-0.134,0.49746
14,0.19549,8.24557,2,0.39255,0.1496,0.56349
15,0.73717,8.24557,1,0.32367,-0.134,0.49746
15,0.73717,8.24557,2,0.3902,0.14903,0.56337
16,0.94527,8.24557,1,0.32367,-0.134,0.49746
16,0.94527,8.24557,2,0.38929,0.1488,0.56332
17,0.05807,8.24557,1,0.32367,-0.134,0.49746
17,0.05807,8.24557,2,0.39315,0.14975,0.56352
18,0.61023,8.24557,1,0.32367,-0.134,0.49746
18,0.61023,8.24557,2,0.39075,0.14916,0.5634
19,0.10835,8.24557,1,0.32367,-0.134,0.49746
19,0.10835,8.24557,2,0.39293,0.14969,0.56351
20,0.12496,8.24557,1,0.32367,-0.134,0.49746
20,0.12496,8.24557,2,0.39286,0.14968,0.56351
