particle,elasticity,weight,frame,x,y,z
1,0.14241,4.15093,1,0.20455,0.40032,0.12634
2,0.88617,4.15093,1,0.20454,0.35202,0.12635
3,0.43623,4.15093,1,0.20455,0.38123,0.12634
4,0.71326,4.15093,1,0.20454,0.36324,0.12635
5,0.58474,4.15093,1,0.20454,0.37159,0.12635
6,0.18978,4.15093,1,0.20455,0.39724,0.12634
7,0.46492,4.15093,1,0.20455,0.37937,0.12634
8,0.9124,4.15093,1,0.20454,0.35032,0.12635
9,0.19023,4.15093,1,0.20455,0.39721,0.12634
10,0.98421,4.15093,1,0.20453,0.34566,0.12635
11,0.67058,4.15093,1,0.20454,0.36602,0.12635
12,0.9584,4.15093,1,0.20453,0.34734,0.12635
13,0.69665,4.15093,1,0.20454,0.36432,0.12635
14,0.36247,4.15093,1,0.20455,0.38602,0.12634
15,0.38615,4.15093,1,0.20455,0.38448,0.12634
16,0.64243,4.15093,1,0.20454,0.36784,0.12635
17,0.98363,4.15093,1,0.20453,0.3457,0.12635
18,0.54265,4.15093,1,0.20455,0.37432,0.12634
19,0.59947,4.15093,1,0.20454,0.37063,0.12635
20,0.19551,4.15093,1,0.20455,0.39687,0.12634
