particle,elasticity,weight,frame,x,y,z
1,0.90892,4.15093,1,-0.36082,-0.34096,0.4116
2,0.24911,4.15093,1,-0.36082,-0.34096,0.4116
3,0.76564,4.15093,1,-0.36082,-0.34096,0.4116
4,0.3747,4.15093,1,-0.36082,-0.34096,0.4116
5,0.82888,4.15093,1,-0.36082,-0.34096,0.4116
6,0.72193,4.15093,1,-0.36082,-0.34096,0.4116
7,0.79054,4.15093,1,-0.36082,-0.34096,0.4116
8,0.19388,4.15093,1,-0.36082,-0.34096,0.4116
9,0.34017,4.15093,1,-0.36082,-0.34096,0.4116
10,0.84597,4.15093,1,-0.36082,-0.34096,0.4116
11,0.23536,4.15093,1,-0.36082,-0.34096,0.4116
12,0.74868,4.15093,1,-0.36082,-0.34096,0.4116
13,0.40397,4.15093,1,-0.36082,-0.34096,0.4116
14,0.13643,4.15093,1,-0.36082,-0.34096,0.4116
15,0.9566,4.15093,1,-0.36082,-0.34096,0.4116
16,0.2902,4.15093,1,-0.36082,-0.34096,0.4116
17,0.81225,4.15093,1,-0.36082,-0.34096,0.4116
18,0.42572,4.15093,1,-0.36082,-0.34096,0.4116
19,0.48696,4.15093,1,-0.36082,-0.34096,0.4116
20,0.12627,4.15093,1,-0.36082,-0.34096,0.4116
