particle,elasticity,weight,frame,x,y,z
1,0.78562,4.15093,1,-0.26999,-0.33943,0.23868
2,0.14007,4.15093,1,-0.26852,-0.38634,0.22705
3,0.66891,4.15093,1,-0.26972,-0.34791,0.23657
4,0.11562,4.15093,1,-0.26847,-0.38811,0.22661
5,0.3103,4.15093,1,-0.26891,-0.37397,0.23011
6,0.10499,4.15093,1,-0.26844,-0.38889,0.22642
7,0.69877,4.15093,1,-0.26979,-0.34574,0.23711
8,0.93717,4.15093,1,-0.27034,-0.32842,0.24142
9,0.68411,4.15093,1,-0.26976,-0.3468,0.23685
10,0.77488,4.15093,1,-0.26997,-0.34021,0.23848
11,0.59297,4.15093,1,-0.26955,-0.35343,0.2352
12,0.19,4.15093,1,-0.26864,-0.38271,0.22794
13,0.97261,4.15093,1,-0.27042,-0.32584,0.24206
14,0.68771,4.15093,1,-0.26977,-0.34654,0.23691
15,0.42268,4.15093,1,-0.26916,-0.3658,0.23213
16,0.82435,4.15093,1,-0.27008,-0.33661,0.23938
17,0.06864,4.15093,1,-0.26836,-0.39153,0.22576
18,0.43854,4.15093,1,-0.2692,-0.36465,0.23242
19,0.42973,4.15093,1,-0.26918,-0.36529,0.23226
20,0.23978,4.15093,1,-0.26875,-0.37909,0.22884
