particle,elasticity,weight,frame,x,y,z
1,0.96898,4.15093,1,-0.12965,-0.37648,0.17689
2,0.73918,4.15093,1,-0.1303,-0.37974,0.17641
3,0.86836,4.15093,1,-0.12994,-0.37791,0.17668
4,0.40639,4.15093,1,-0.13124,-0.38446,0.1757
5,0.34289,4.15093,1,-0.13142,-0.38536,0.17557
6,0.56284,4.15093,1,-0.1308,-0.38224,0.17603
7,0.83031,4.15093,1,-0.13004,-0.37845,0.1766
8,0.901,4.15093,1,-0.12984,-0.37745,0.17675
9,0.5829,4.15093,1,-0.13074,-0.38196,0.17608
10,0.56355,4.15093,1,-0.1308,-0.38223,0.17604
11,0.06791,4.15093,1,-0.1322,-0.38926,0.17499
12,0.00512,4.15093,1,-0.13238,-0.39015,0.17485
13,0.76147,4.15093,1,-0.13024,-0.37943,0.17645
14,0.16916,4.15093,1,-0.13192,-0.38782,0.1752
15,0.17074,4.15093,1,-0.13191,-0.3878,0.1752
16,0.02277,4.15093,1,-0.13233,-0.3899,0.17489
17,0.20848,4.15093,1,-0.13181,-0.38727,0.17528
18,0.14034,4.15093,1,-0.132,-0.38823,0.17514
19,0.96721,4.15093,1,-0.12966,-0.37651,0.17689
20,0.57545,4.15093,1,-0.13077,-0.38206,0.17606
