particle,elasticity,weight,frame,x,y,z
1,0.76598,7.96479,1,-0.37352,0.04602,0.60652
1,0.76598,7.96479,2,-0.33403,-0.21608,0.85346
2,0.46886,8.0272,1,-0.38254,0.04445,0.60812
2,0.46886,8.0272,2,-0.35191,-0.21918,0.85662
3,0.66418,7.98714,1,-0.37661,0.04548,0.60706
3,0.66418,7.98714,2,-0.34016,-0.21714,0.85454
4,0.73216,7.97233,1,-0.37455,0.04584,0.6067
4,0.73216,7.97233,2,-0.33606,-0.21643,0.85382
5,0.26673,8.06473,1,-0.38867,0.04338,0.60921
5,0.26673,8.06473,2,-0.36407,-0.22129,0.85877
6,0.2546,8.06685,1,-0.38904,0.04331,0.60927
6,0.2546,8.06685,2,-0.3648,-0.22142,0.8589
7,0.79254,7.95879,1,-0.37272,0.04616,0.60637
7,0.79254,7.95879,2,-0.33243,-0.2158,0.85318
8,0.27649,8.06301,1,-0.38837,0.04343,0.60915
8,0.27649,8.06301,2,-0.36349,-0.22119,0.85867
9,0.20136,8.07601,1,-0.39065,0.04303,0.60956
9,0.20136,8.07601,2,-0.36801,-0.22197,0.85946
10,0.39384,8.04159,1,-0.38481,0.04405,0.60852
10,0.39384,8.04159,2,-0.35642,-0.21997,0.85742
11,0.91677,7.92981,1,-0.36895,0.04682,0.6057
11,0.91677,7.92981,2,-0.32495,-0.2145,0.85185
12,0.58831,8.00314,1,-0.37891,0.04508,0.60747
12,0.58831,8.00314,2,-0.34472,-0.21794,0.85535
13,0.86487,7.9421,1,-0.37052,0.04654,0.60598
13,0.86487,7.9421,2,-0.32808,-0.21505,0.85241
14,0.36514,8.04696,1,-0.38568,0.0439,0.60868
14,0.36514,8.04696,2,-0.35815,-0.22026,0.85772
15,0.06503,8.0982,1,-0.39479,0.04231,0.61029
15,0.06503,8.0982,2,-0.37621,-0.22339,0.86091
16,0.26315,8.06536,1,-0.38878,0.04336,0.60922
16,0.26315,8.06536,2,-0.36429,-0.22133,0.85881
17,0.8316,7.94984,1,-0.37153,0.04637,0.60616
17,0.8316,7.94984,2,-0.33008,-0.21539,0.85276
18,0.95253,7.92119,1,-0.36786,0.04701,0.60551
18,0.95253,7.92119,2,-0.3228,-0.21413,0.85147
19,0.66674,7.98659,1,-0.37653,0.04549,0.60705
19,0.66674,7.98659,2,-0.34,-0.21712,0.85452
20,0.13949,8.08631,1,-0.39253,0.04271,0.60989
20,0.13949,8.08631,2,-0.37173,-0.22262,0.86012
