particle,elasticity,weight,frame,x,y,z
1,0.57803,8.24023,1,0.07534,-0.10691,0.61138
1,0.57803,8.24023,2,0.00411,0.162,0.7916
2,0.0076,8.24023,1,0.07534,-0.10691,0.61138
2,0.0076,8.24023,2,0.00411,0.162,0.7916
3,0.11643,8.24023,1,0.07534,-0.10691,0.61138
3,0.11643,8.24023,2,0.00411,0.162,0.7916
4,0.48894,8.24023,1,0.07534,-0.10691,0.61138
4,0.48894,8.24023,2,0.00411,0.162,0.7916
5,0.2136,8.24023,1,0.07534,-0.10691,0.61138
5,0.2136,8.24023,2,0.00411,0.162,0.7916
6,0.33227,8.24023,1,0.07534,-0.10691,0.61138
6,0.33227,8.24023,2,0.00411,0.162,0.7916
7,0.78346,8.24023,1,0.07534,-0.10691,0.61138
7,0.78346,8.24023,2,0.00411,0.162,0.7916
8,0.16604,8.24023,1,0.07534,-0.10691,0.61138
8,0.16604,8.24023,2,0.00411,0.162,0.7916
9,0.26229,8.24023,1,0.07534,-0.10691,0.61138
9,0.26229,8.24023,2,0.00411,0.162,0.7916
10,0.71199,8.24023,1,0.07534,-0.10691,0.61138
10,0.71199,8.24023,2,0.00411,0.162,0.7916
11,0.71295,8.24023,1,0.07534,-0.10691,0.61138
11,0.71295,8.24023,2,0.00411,0.162,0.7916
12,0.72199,8.24023,1,0.07534,-0.10691,0.61138
12,0.72199,8.24023,2,0.00411,0.162,0.7916
13,0.05466,8.24023,1,0.07534,-0.10691,0.61138
13,0.05466,8.24023,2,0.00411,0.162,0.7916
14,0.58645,8.24023,1,0.07534,-0.10691,0.61138
14,0.58645,8.24023,2,0.00411,0.162,0.7916
15,0.58648,8.24023,1,0.07534,-0.10691,0.61138
15,0.58648,8.24023,2,0.00411,0.162,0.7916
16,0.01732,8.24023,1,0.07534,-0.10691,0.61138
16,0.01732,8.24023,2,0.00411,0.162,0.7916
17,0.18281,8.24023,1,0.07534,-0.10691,0.61138
17,0.18281,8.24023,2,0.00411,0.162,0.7916
18,0.1874,8.24023,1,0.07534,-0.10691,0.61138
18,0.1874,8.24023,2,0.00411,0.162,0.7916
19,0.40672,8.24023,1,0.07534,-0.10691,0.61138
19,0.40672,8.24023,2,0.00411,0.162,0.7916
20,0.36378,8.24023,1,0.07534,-0.10691,0.61138
20,0.36378,8.24023,2,0.00411,0.162,0.7916
