particle,elasticity,weight,frame,x,y,z
1,0.65785,4.15093,1,-0.0388,0.11157,0.41969
2,0.7693,4.15093,1,-0.0388,0.11157,0.41969
3,0.72522,4.15093,1,-0.0388,0.11157,0.41969
4,0.52366,4.15093,1,-0.0388,0.11157,0.41969
5,0.16841,4.15093,1,-0.0388,0.11157,0.41969
6,0.74515,4.15093,1,-0.0388,0.11157,0.41969
7,0.17527,4.15093,1,-0.0388,0.11157,0.41969
8,0.26407,4.15093,1,-0.0388,0.11157,0.41969
9,0.1574,4.15093,1,-0.0388,0.11157,0.41969
10,0.25135,4.15093,1,-0.0388,0.11157,0.41969
11,0.52242,4.15093,1,-0.0388,0.11157,0.41969
12,0.44644,4.15093,1,-0.0388,0.11157,0.41969
13,0.47183,4.15093,1,-0.0388,0.11157,0.41969
14,0.35818,4.15093,1,-0.0388,0.11157,0.41969
15,0.86705,4.15093,1,-0.0388,0.11157,0.41969
16,0.41312,4.15093,1,-0.0388,0.11157,0.41969
17,0.0737,4.15093,1,-0.0388,0.11157,0.41969
18,0.69432,4.15093,1,-0.0388,0.11157,0.41969
19,0.46405,4.15093,1,-0.0388,0.11157,0.41969
20,0.58847,4.15093,1,-0.0388,0.11157,0.41969
