particle,elasticity,weight,frame,x,y,z
1,0.64364,4.15093,1,-0.3897,0.22461,0.80596
2,0.11248,4.15093,1,-0.39689,0.22461,0.80596
3,0.54638,4.15093,1,-0.39101,0.22461,0.80596
4,0.43313,4.15093,1,-0.39255,0.22461,0.80596
5,0.96075,4.15093,1,-0.3854,0.22461,0.80596
6,0.62018,4.15093,1,-0.39001,0.22461,0.80596
7,0.75794,4.15093,1,-0.38815,0.22461,0.80596
8,0.79785,4.15093,1,-0.38761,0.22461,0.80596
9,0.22632,4.15093,1,-0.39535,0.22461,0.80596
10,0.05724,4.15093,1,-0.39764,0.22461,0.80596
11,0.25601,4.15093,1,-0.39495,0.22461,0.80596
12,0.56329,4.15093,1,-0.39079,0.22461,0.80596
13,0.26052,4.15093,1,-0.39489,0.22461,0.80596
14,0.72039,4.15093,1,-0.38866,0.22461,0.80596
15,0.80309,4.15093,1,-0.38754,0.22461,0.80596
16,0.91944,4.15093,1,-0.38596,0.22461,0.80596
17,0.96804,4.15093,1,-0.3853,0.22461,0.80596
18,0.92293,4.15093,1,-0.38591,0.22461,0.80596
19,0.95692,4.15093,1,-0.38545,0.22461,0.80596
20,0.21204,4.15093,1,-0.39554,0.22461,0.80596
