particle,elasticity,weight,frame,x,y,z
1,0.08477,8.2035,1,0.2573,0.39829,0.40735
1,0.08477,8.2035,2,0.25552,0.37986,0.28374
2,0.33674,8.16517,1,0.2573,0.39026,0.40735
2,0.33674,8.16517,2,0.25552,0.34785,0.28376
3,0.33054,8.16619,1,0.2573,0.39046,0.40735
3,0.33054,8.16619,2,0.25552,0.34864,0.28376
4,0.59768,8.11868,1,0.2573,0.38195,0.40736
4,0.59768,8.11868,2,0.25552,0.31472,0.2838
5,0.41357,8.1522,1,0.2573,0.38781,0.40735
5,0.41357,8.1522,2,0.25552,0.33809,0.28377
6,0.06537,8.20619,1,0.2573,0.39891,0.40735
6,0.06537,8.20619,2,0.25552,0.38233,0.28374
7,0.52169,8.13293,1,0.2573,0.38437,0.40736
7,0.52169,8.13293,2,0.25552,0.32437,0.28379
8,0.2064,8.1858,1,0.2573,0.39442,0.40735
8,0.2064,8.1858,2,0.25552,0.36441,0.28375
9,0.68185,8.10221,1,0.2573,0.37926,0.40736
9,0.68185,8.10221,2,0.25552,0.30404,0.28382
10,0.44993,8.14585,1,0.2573,0.38665,0.40736
10,0.44993,8.14585,2,0.25552,0.33348,0.28378
11,0.62157,8.11408,1,0.2573,0.38119,0.40736
11,0.62157,8.11408,2,0.25552,0.31169,0.28381
12,0.40301,8.15402,1,0.2573,0.38815,0.40735
12,0.40301,8.15402,2,0.25552,0.33944,0.28377
13,0.1261,8.19766,1,0.2573,0.39697,0.40735
13,0.1261,8.19766,2,0.25552,0.37461,0.28374
14,0.9025,8.05563,1,0.2573,0.37224,0.40736
14,0.9025,8.05563,2,0.25552,0.27605,0.28386
15,0.43092,8.14919,1,0.2573,0.38726,0.40735
15,0.43092,8.14919,2,0.25552,0.33589,0.28377
16,0.47032,8.14223,1,0.2573,0.38601,0.40736
16,0.47032,8.14223,2,0.25552,0.33089,0.28378
17,0.30868,8.16976,1,0.2573,0.39116,0.40735
17,0.30868,8.16976,2,0.25552,0.35142,0.28376
18,0.76382,8.08548,1,0.2573,0.37665,0.40736
18,0.76382,8.08548,2,0.25552,0.29364,0.28383
19,0.49779,8.13729,1,0.2573,0.38513,0.40736
19,0.49779,8.13729,2,0.25552,0.3274,0.28378
20,0.82309,8.07296,1,0.2573,0.37477,0.40736
20,0.82309,8.07296,2,0.25552,0.28612,0.28385
