particle,elasticity,weight,frame,x,y,z
1,0.03195,8.01776,1,-0.39501,-0.27735,0.53954
1,0.03195,8.01776,2,-0.37332,-0.31411,0.67964
2,0.4088,7.59972,1,-0.34977,-0.27734,0.53951
2,0.4088,7.59972,2,-0.27759,-0.31407,0.67949
3,0.65622,7.21431,1,-0.32009,-0.27733,0.53947
3,0.65622,7.21431,2,-0.21484,-0.31403,0.67932
4,0.6513,7.22283,1,-0.32068,-0.27733,0.53947
4,0.6513,7.22283,2,-0.21609,-0.31403,0.67933
5,0.68542,7.16305,1,-0.31659,-0.27733,0.53947
5,0.68542,7.16305,2,-0.20745,-0.31402,0.6793
6,0.34225,7.6884,1,-0.35776,-0.27734,0.53952
6,0.34225,7.6884,2,-0.29448,-0.31408,0.67953
7,0.43696,7.56028,1,-0.34639,-0.27734,0.5395
7,0.43696,7.56028,2,-0.27044,-0.31407,0.67947
8,0.3893,7.62637,1,-0.35211,-0.27734,0.53951
8,0.3893,7.62637,2,-0.28254,-0.31407,0.6795
9,0.4361,7.56151,1,-0.3465,-0.27734,0.5395
9,0.4361,7.56151,2,-0.27066,-0.31407,0.67947
10,0.22388,7.83038,1,-0.37197,-0.27735,0.53953
10,0.22388,7.83038,2,-0.32454,-0.31409,0.67958
11,0.02383,8.02452,1,-0.39599,-0.27735,0.53954
11,0.02383,8.02452,2,-0.37538,-0.31411,0.67964
12,0.32997,7.70406,1,-0.35923,-0.27734,0.53952
12,0.32997,7.70406,2,-0.2976,-0.31408,0.67953
13,0.2482,7.80285,1,-0.36905,-0.27734,0.53952
13,0.2482,7.80285,2,-0.31837,-0.31409,0.67957
14,0.3618,7.66301,1,-0.35541,-0.27734,0.53951
14,0.3618,7.66301,2,-0.28952,-0.31408,0.67952
15,0.13268,7.92603,1,-0.38292,-0.27735,0.53953
15,0.13268,7.92603,2,-0.34772,-0.3141,0.67961
16,0.46185,7.52448,1,-0.34341,-0.27734,0.5395
16,0.46185,7.52448,2,-0.26413,-0.31406,0.67946
17,0.08951,7.96714,1,-0.3881,-0.27735,0.53954
17,0.08951,7.96714,2,-0.35869,-0.3141,0.67962
18,0.63825,7.24526,1,-0.32225,-0.27733,0.53948
18,0.63825,7.24526,2,-0.2194,-0.31403,0.67934
19,0.55524,7.38222,1,-0.33221,-0.27734,0.53949
19,0.55524,7.38222,2,-0.24044,-0.31405,0.6794
20,0.67102,7.18848,1,-0.31832,-0.27733,0.53947
20,0.67102,7.18848,2,-0.2111,-0.31403,0.67931
