particle,elasticity,weight,frame,x,y,z
1,0.40399,8.23234,1,0.24696,-0.19762,0.40491
1,0.40399,8.23234,2,0.26912,-0.39768,0.16731
2,0.98793,8.23234,1,0.24696,-0.19762,0.40491
2,0.98793,8.23234,2,0.26912,-0.39021,0.16731
3,0.37391,8.23234,1,0.24696,-0.19762,0.40491
3,0.37391,8.23234,2,0.26913,-0.39807,0.16721
4,0.8214,8.23234,1,0.24696,-0.19762,0.40491
4,0.8214,8.23234,2,0.26912,-0.39234,0.16731
5,0.08879,8.23234,1,0.24696,-0.19762,0.40491
5,0.08879,8.23234,2,0.26922,-0.40172,0.1663
6,0.64729,8.23234,1,0.24696,-0.19762,0.40491
6,0.64729,8.23234,2,0.26912,-0.39457,0.16731
7,0.33928,8.23234,1,0.24696,-0.19762,0.40491
7,0.33928,8.23234,2,0.26914,-0.39851,0.1671
8,0.93445,8.23234,1,0.24696,-0.19762,0.40491
8,0.93445,8.23234,2,0.26912,-0.39089,0.16731
9,0.42912,8.23234,1,0.24696,-0.19762,0.40491
9,0.42912,8.23234,2,0.26912,-0.39736,0.16731
10,0.39826,8.23234,1,0.24696,-0.19762,0.40491
10,0.39826,8.23234,2,0.26913,-0.39776,0.16729
11,0.23393,8.23234,1,0.24696,-0.19762,0.40491
11,0.23393,8.23234,2,0.26917,-0.39986,0.16676
12,0.43856,8.23234,1,0.24696,-0.19762,0.40491
12,0.43856,8.23234,2,0.26912,-0.39724,0.16731
13,0.20207,8.23234,1,0.24696,-0.19762,0.40491
13,0.20207,8.23234,2,0.26918,-0.40027,0.16666
14,0.40224,8.23234,1,0.24696,-0.19762,0.40491
14,0.40224,8.23234,2,0.26912,-0.39771,0.1673
15,0.92352,8.23234,1,0.24696,-0.19762,0.40491
15,0.92352,8.23234,2,0.26912,-0.39103,0.16731
16,0.16239,8.23234,1,0.24696,-0.19762,0.40491
16,0.16239,8.23234,2,0.26919,-0.40078,0.16654
17,0.33252,8.23234,1,0.24696,-0.19762,0.40491
17,0.33252,8.23234,2,0.26914,-0.3986,0.16708
18,0.91294,8.23234,1,0.24696,-0.19762,0.40491
18,0.91294,8.23234,2,0.26912,-0.39117,0.16731
19,0.33548,8.23234,1,0.24696,-0.19762,0.40491
19,0.33548,8.23234,2,0.26914,-0.39856,0.16709
20,0.88987,8.23234,1,0.24696,-0.19762,0.40491
20,0.88987,8.23234,2,0.26912,-0.39146,0.16731
