particle,elasticity,weight,frame,x,y,z
1,0.73758,7.89616,1,0.13773,0.36618,0.38596
1,0.73758,7.89616,2,-0.05471,0.31314,0.65918
2,0.91265,7.82881,1,0.13878,0.35849,0.38436
2,0.91265,7.82881,2,-0.05263,0.29788,0.656
3,0.63781,7.93173,1,0.13713,0.37056,0.38687
3,0.63781,7.93173,2,-0.0559,0.32183,0.66098
4,0.54559,7.9628,1,0.13658,0.37461,0.38772
4,0.54559,7.9628,2,-0.05699,0.32987,0.66265
5,0.46513,7.98849,1,0.13609,0.37815,0.38845
5,0.46513,7.98849,2,-0.05795,0.33689,0.66411
6,0.01407,8.10794,1,0.13339,0.39795,0.39258
6,0.01407,8.10794,2,-0.06329,0.3762,0.67226
7,0.74536,7.8933,1,0.13778,0.36584,0.38589
7,0.74536,7.8933,2,-0.05462,0.31246,0.65903
8,0.67407,7.91904,1,0.13735,0.36897,0.38654
8,0.67407,7.91904,2,-0.05547,0.31867,0.66033
9,0.72851,7.89948,1,0.13767,0.36658,0.38604
9,0.72851,7.89948,2,-0.05482,0.31393,0.65934
10,0.84087,7.85718,1,0.13835,0.36165,0.38502
10,0.84087,7.85718,2,-0.05348,0.30413,0.6573
11,0.58031,7.95131,1,0.13678,0.37309,0.3874
11,0.58031,7.95131,2,-0.05658,0.32685,0.66203
12,0.29111,8.03951,1,0.13505,0.38579,0.39005
12,0.29111,8.03951,2,-0.06001,0.35205,0.66726
13,0.19295,8.06555,1,0.13446,0.3901,0.39094
13,0.19295,8.06555,2,-0.06118,0.36061,0.66903
14,0.42999,7.99929,1,0.13588,0.37969,0.38878
14,0.42999,7.99929,2,-0.05837,0.33995,0.66475
15,0.52836,7.96842,1,0.13647,0.37537,0.38788
15,0.52836,7.96842,2,-0.0572,0.33137,0.66297
16,0.08909,8.09096,1,0.13384,0.39466,0.39189
16,0.08909,8.09096,2,-0.06241,0.36966,0.6709
17,0.36429,8.01881,1,0.13549,0.38257,0.38938
17,0.36429,8.01881,2,-0.05915,0.34568,0.66593
18,0.63224,7.93366,1,0.1371,0.37081,0.38693
18,0.63224,7.93366,2,-0.05597,0.32232,0.66108
19,0.96383,7.80793,1,0.13909,0.35625,0.38389
19,0.96383,7.80793,2,-0.05202,0.29342,0.65507
20,0.55894,7.95841,1,0.13666,0.37403,0.3876
20,0.55894,7.95841,2,-0.05684,0.32871,0.66241
