particle,elasticity,weight,frame,x,y,z
1,0.23629,8.21569,1,0.28201,-0.10705,0.20165
1,0.23629,8.21569,2,0.3911,0.05773,0.10311
2,0.89762,8.21569,1,0.28201,-0.10705,0.20165
2,0.89762,8.21569,2,0.3873,0.0567,0.1536
3,0.11615,8.21569,1,0.28201,-0.10705,0.20165
3,0.11615,8.21569,2,0.39179,0.05802,0.09373
4,0.59903,8.21569,1,0.28201,-0.10705,0.20165
4,0.59903,8.21569,2,0.38902,0.05699,0.13098
5,0.68295,8.21569,1,0.28201,-0.10705,0.20165
5,0.68295,8.21569,2,0.38854,0.05687,0.13735
6,0.36897,8.21569,1,0.28201,-0.10705,0.20165
6,0.36897,8.21569,2,0.39034,0.05743,0.11338
7,0.66366,8.21569,1,0.28201,-0.10705,0.20165
7,0.66366,8.21569,2,0.38865,0.05689,0.13589
8,0.69796,8.21569,1,0.28201,-0.10705,0.20165
8,0.69796,8.21569,2,0.38845,0.05685,0.13849
9,0.40435,8.21569,1,0.28201,-0.10705,0.20165
9,0.40435,8.21569,2,0.39014,0.05735,0.1161
10,0.96112,8.21569,1,0.28201,-0.10705,0.20165
10,0.96112,8.21569,2,0.38694,0.05669,0.15841
11,0.43551,8.21569,1,0.28201,-0.10705,0.20165
11,0.43551,8.21569,2,0.38996,0.05728,0.11849
12,0.75826,8.21569,1,0.28201,-0.10705,0.20165
12,0.75826,8.21569,2,0.3881,0.05679,0.14306
13,0.94712,8.21569,1,0.28201,-0.10705,0.20165
13,0.94712,8.21569,2,0.38702,0.05669,0.15735
14,0.36455,8.21569,1,0.28201,-0.10705,0.20165
14,0.36455,8.21569,2,0.39037,0.05744,0.11304
15,0.43725,8.21569,1,0.28201,-0.10705,0.20165
15,0.43725,8.21569,2,0.38995,0.05728,0.11863
16,0.63757,8.21569,1,0.28201,-0.10705,0.20165
16,0.63757,8.21569,2,0.3888,0.05693,0.13391
17,0.60302,8.21569,1,0.28201,-0.10705,0.20165
17,0.60302,8.21569,2,0.389,0.05698,0.13128
18,0.60819,8.21569,1,0.28201,-0.10705,0.20165
18,0.60819,8.21569,2,0.38897,0.05697,0.13168
19,0.31392,8.21569,1,0.28201,-0.10705,0.20165
19,0.31392,8.21569,2,0.39066,0.05755,0.10913
20,0.21512,8.21569,1,0.28201,-0.10705,0.20165
20,0.21512,8.21569,2,0.39122,0.05779,0.10146
