particle,elasticity,weight,frame,x,y,z
1,0.46805,4.15093,1,0.38848,-0.21791,0.464
2,0.77249,4.15093,1,0.38231,-0.21791,0.464
3,0.75112,4.15093,1,0.38274,-0.21791,0.464
4,0.31892,4.15093,1,0.3915,-0.21791,0.464
5,0.87888,4.15093,1,0.38015,-0.21791,0.464
6,0.62979,4.15093,1,0.3852,-0.21791,0.464
7,0.67633,4.15093,1,0.38426,-0.21791,0.464
8,0.29814,4.15093,1,0.39192,-0.21791,0.464
9,0.3008,4.15093,1,0.39186,-0.21791,0.464
10,0.93218,4.15093,1,0.37907,-0.21791,0.464
11,0.25401,4.15093,1,0.39281,-0.21791,0.464
12,0.49229,4.15093,1,0.38798,-0.21791,0.464
13,0.66291,4.15093,1,0.38453,-0.21791,0.464
14,0.56809,4.15093,1,0.38645,-0.21791,0.464
15,0.63861,4.15093,1,0.38502,-0.21791,0.464
16,0.90141,4.15093,1,0.3797,-0.21791,0.464
17,0.07678,4.15093,1,0.3964,-0.21791,0.464
18,0.11236,4.15093,1,0.39568,-0.21791,0.464
19,0.73732,4.15093,1,0.38302,-0.21791,0.464
20,0.09857,4.15093,1,0.39596,-0.21791,0.464
