particle,elasticity,weight,frame,x,y,z
1,0.70071,4.15093,1,0.27848,-0.38326,0.15488
2,0.79646,4.15093,1,0.27848,-0.38146,0.15488
3,0.98789,4.15093,1,0.27848,-0.37786,0.15488
4,0.94438,4.15093,1,0.27848,-0.37868,0.15488
5,0.08063,4.15093,1,0.27848,-0.39492,0.15488
6,0.24833,4.15093,1,0.27848,-0.39176,0.15488
7,0.84947,4.15093,1,0.27848,-0.38046,0.15488
8,0.72261,4.15093,1,0.27848,-0.38285,0.15488
9,0.10984,4.15093,1,0.27848,-0.39437,0.15488
10,0.60066,4.15093,1,0.27848,-0.38514,0.15488
11,0.37988,4.15093,1,0.27848,-0.38929,0.15488
12,0.50561,4.15093,1,0.27848,-0.38693,0.15488
13,0.55425,4.15093,1,0.27848,-0.38601,0.15488
14,0.14993,4.15093,1,0.27848,-0.39361,0.15488
15,0.38605,4.15093,1,0.27848,-0.38918,0.15488
16,0.17323,4.15093,1,0.27848,-0.39318,0.15488
17,0.27177,4.15093,1,0.27848,-0.39132,0.15488
18,0.50459,4.15093,1,0.27848,-0.38695,0.15488
19,0.84839,4.15093,1,0.27848,-0.38048,0.15488
20,0.14908,4.15093,1,0.27848,-0.39363,0.15488
