particle,elasticity,weight,frame,x,y,z
1,0.33037,7.67066,1,-0.37161,-0.18309,0.10548
1,0.33037,7.67066,2,-0.33172,-0.39444,0.13048
2,0.31784,7.67956,1,-0.37227,-0.18335,0.10496
2,0.31784,7.67956,2,-0.33332,-0.39517,0.12886
3,0.6232,7.44425,1,-0.35641,-0.17711,0.11749
3,0.6232,7.44425,2,-0.29483,-0.37766,0.1676
4,0.63656,7.43312,1,-0.35573,-0.17685,0.11803
4,0.63656,7.43312,2,-0.29318,-0.3769,0.16926
5,0.53424,7.51664,1,-0.36099,-0.17891,0.11389
5,0.53424,7.51664,2,-0.30591,-0.38271,0.15648
6,0.87282,7.22537,1,-0.34375,-0.17215,0.12738
6,0.87282,7.22537,2,-0.26437,-0.36376,0.19809
7,0.56669,7.4906,1,-0.35932,-0.17826,0.11521
7,0.56669,7.4906,2,-0.30185,-0.38086,0.16055
8,0.22262,7.74504,1,-0.3773,-0.18533,0.10095
8,0.22262,7.74504,2,-0.3456,-0.40073,0.11646
9,0.84775,7.24836,1,-0.34501,-0.17265,0.1264
9,0.84775,7.24836,2,-0.26739,-0.36514,0.19507
10,0.88516,7.21398,1,-0.34314,-0.17191,0.12786
10,0.88516,7.21398,2,-0.26289,-0.36309,0.19957
11,0.02615,7.86739,1,-0.38781,-0.18944,0.09255
11,0.02615,7.86739,2,-0.37108,-0.41081,0.09647
12,0.82002,7.27354,1,-0.34641,-0.17319,0.12531
12,0.82002,7.27354,2,-0.27074,-0.36666,0.19173
13,0.68852,7.38918,1,-0.35307,-0.1758,0.12011
13,0.68852,7.38918,2,-0.28677,-0.37398,0.17568
14,0.41808,7.60648,1,-0.36702,-0.18129,0.10913
14,0.41808,7.60648,2,-0.32054,-0.38937,0.14175
15,0.42678,7.59994,1,-0.36657,-0.18111,0.10949
15,0.42678,7.59994,2,-0.31944,-0.38887,0.14286
16,0.24754,7.72828,1,-0.37598,-0.18481,0.10201
16,0.24754,7.72828,2,-0.34238,-0.39927,0.11972
17,0.38272,7.63274,1,-0.36887,-0.18201,0.10766
17,0.38272,7.63274,2,-0.32503,-0.39141,0.13722
18,0.48053,7.55885,1,-0.36377,-0.18001,0.1117
18,0.48053,7.55885,2,-0.31265,-0.38578,0.1497
19,0.93855,7.16406,1,-0.34047,-0.17087,0.12993
19,0.93855,7.16406,2,-0.2565,-0.36018,0.20594
20,0.12994,7.80497,1,-0.38224,-0.18727,0.09701
20,0.12994,7.80497,2,-0.35768,-0.40617,0.10424
