particle,elasticity,weight,frame,x,y,z
1,0.23188,8.26835,1,-0.27539,-0.39033,0.44328
1,0.23188,8.26835,2,-0.33222,-0.36013,0.67426
2,0.7883,8.2671,1,-0.27496,-0.38293,0.44148
2,0.7883,8.2671,2,-0.32796,-0.28663,0.65638
3,0.88998,8.26624,1,-0.27488,-0.38158,0.44115
3,0.88998,8.26624,2,-0.32718,-0.2732,0.6531
4,0.52117,8.26842,1,-0.27517,-0.38648,0.44234
4,0.52117,8.26842,2,-0.33001,-0.32191,0.66498
5,0.57493,8.26826,1,-0.27512,-0.38577,0.44217
5,0.57493,8.26826,2,-0.3296,-0.31481,0.66325
6,0.92905,8.26586,1,-0.27485,-0.38106,0.44102
6,0.92905,8.26586,2,-0.32688,-0.26804,0.65184
7,0.30798,8.26852,1,-0.27533,-0.38932,0.44303
7,0.30798,8.26852,2,-0.33164,-0.35007,0.67182
8,0.0228,8.26732,1,-0.27555,-0.3931,0.44395
8,0.0228,8.26732,2,-0.33381,-0.38775,0.68096
9,0.32628,8.26854,1,-0.27532,-0.38907,0.44297
9,0.32628,8.26854,2,-0.3315,-0.34766,0.67124
10,0.73842,8.26744,1,-0.275,-0.3836,0.44164
10,0.73842,8.26744,2,-0.32835,-0.29322,0.65799
11,0.25911,8.26842,1,-0.27537,-0.38996,0.44319
11,0.25911,8.26842,2,-0.33201,-0.35653,0.67339
12,0.24483,8.26838,1,-0.27538,-0.39015,0.44323
12,0.24483,8.26838,2,-0.33212,-0.35842,0.67385
13,0.29126,8.26849,1,-0.27534,-0.38954,0.44308
13,0.29126,8.26849,2,-0.33177,-0.35228,0.67236
14,0.28039,8.26847,1,-0.27535,-0.38968,0.44312
14,0.28039,8.26847,2,-0.33185,-0.35372,0.67271
15,0.69834,8.26769,1,-0.27503,-0.38413,0.44177
15,0.69834,8.26769,2,-0.32865,-0.29851,0.65928
16,0.66203,8.26789,1,-0.27506,-0.38461,0.44189
16,0.66203,8.26789,2,-0.32893,-0.3033,0.66045
17,0.61312,8.26812,1,-0.2751,-0.38526,0.44204
17,0.61312,8.26812,2,-0.32931,-0.30976,0.66202
18,0.95576,8.26558,1,-0.27483,-0.38071,0.44094
18,0.95576,8.26558,2,-0.32668,-0.26452,0.65098
19,0.46239,8.26853,1,-0.27521,-0.38726,0.44253
19,0.46239,8.26853,2,-0.33046,-0.32968,0.66687
20,0.77031,8.26723,1,-0.27497,-0.38317,0.44154
20,0.77031,8.26723,2,-0.3281,-0.289,0.65696
