particle,elasticity,weight,frame,x,y,z
1,0.99577,7.76889,1,0.29906,0.3536,0.53416
1,0.99577,7.76889,2,0.21527,0.31126,0.78782
2,0.26846,8.01183,1,0.29702,0.38154,0.54082
2,0.26846,8.01183,2,0.21124,0.36678,0.801
3,0.76963,7.8533,1,0.29842,0.36229,0.53623
3,0.76963,7.8533,2,0.21401,0.32852,0.79192
4,0.61293,7.9071,1,0.29799,0.36831,0.53766
4,0.61293,7.9071,2,0.21314,0.34048,0.79476
5,0.98027,7.77493,1,0.29902,0.3542,0.5343
5,0.98027,7.77493,2,0.21518,0.31244,0.7881
6,0.37216,7.98226,1,0.29731,0.37756,0.53987
6,0.37216,7.98226,2,0.21181,0.35886,0.79913
7,0.38899,7.9773,1,0.29736,0.37691,0.53971
7,0.38899,7.9773,2,0.2119,0.35758,0.79882
8,0.03739,8.07166,1,0.29638,0.39041,0.54293
8,0.03739,8.07166,2,0.20996,0.38441,0.80518
9,0.83204,7.83081,1,0.2986,0.35989,0.53566
9,0.83204,7.83081,2,0.21436,0.32375,0.79079
10,0.6715,7.88744,1,0.29815,0.36606,0.53713
10,0.6715,7.88744,2,0.21347,0.33601,0.7937
11,0.27375,8.01036,1,0.29704,0.38134,0.54077
11,0.27375,8.01036,2,0.21126,0.36637,0.80091
12,0.96069,7.7825,1,0.29896,0.35495,0.53448
12,0.96069,7.7825,2,0.21508,0.31393,0.78845
13,0.02398,8.07488,1,0.29634,0.39093,0.54305
13,0.02398,8.07488,2,0.20988,0.38544,0.80542
14,0.71033,7.87411,1,0.29826,0.36457,0.53677
14,0.71033,7.87411,2,0.21368,0.33305,0.793
15,0.17577,8.03683,1,0.29676,0.3851,0.54166
15,0.17577,8.03683,2,0.21072,0.37385,0.80268
16,0.56403,7.9231,1,0.29785,0.37019,0.53811
16,0.56403,7.9231,2,0.21287,0.34421,0.79565
17,0.32026,7.99726,1,0.29717,0.37955,0.54034
17,0.32026,7.99726,2,0.21152,0.36282,0.80007
18,0.25549,8.01541,1,0.29699,0.38204,0.54093
18,0.25549,8.01541,2,0.21116,0.36777,0.80124
19,0.62753,7.90225,1,0.29803,0.36775,0.53753
19,0.62753,7.90225,2,0.21322,0.33937,0.7945
20,0.26756,8.01208,1,0.29702,0.38157,0.54082
20,0.26756,8.01208,2,0.21123,0.36684,0.80102
