particle,elasticity,weight,frame,x,y,z
1,0.30157,4.15093,1,-0.38208,-0.38994,0.86016
2,0.0407,4.15093,1,-0.39375,-0.39659,0.8786
3,0.4144,4.15093,1,-0.37716,-0.38714,0.85211
4,0.51408,4.15093,1,-0.37289,-0.3847,0.84498
5,0.52861,4.15093,1,-0.37227,-0.38435,0.84394
6,0.22438,4.15093,1,-0.38548,-0.39188,0.86565
7,0.02144,4.15093,1,-0.39463,-0.3971,0.87994
8,0.50897,4.15093,1,-0.3731,-0.38483,0.84535
9,0.44783,4.15093,1,-0.37572,-0.38632,0.84972
10,0.29893,4.15093,1,-0.38219,-0.39001,0.86035
11,0.0527,4.15093,1,-0.3932,-0.39628,0.87776
12,0.11214,4.15093,1,-0.39051,-0.39475,0.87358
13,0.88688,4.15093,1,-0.36305,-0.37591,0.81831
14,0.04122,4.15093,1,-0.39372,-0.39658,0.87856
15,0.56374,4.15093,1,-0.37078,-0.3835,0.84142
16,0.17053,4.15093,1,-0.38789,-0.39325,0.86946
17,0.75701,4.15093,1,-0.36453,-0.37892,0.82756
18,0.31911,4.15093,1,-0.38131,-0.3895,0.85891
19,0.20073,4.15093,1,-0.38654,-0.39248,0.86733
20,0.12542,4.15093,1,-0.38991,-0.39441,0.87265
