particle,elasticity,weight,frame,x,y,z
1,0.13427,8.26375,1,-0.34491,-0.11505,0.85501
1,0.13427,8.26375,2,-0.38048,-0.19014,0.79218
2,0.65849,8.26375,1,-0.34491,-0.11505,0.85501
2,0.65849,8.26375,2,-0.33474,-0.19013,0.7922
3,0.07399,8.26375,1,-0.34491,-0.11505,0.85501
3,0.07399,8.26375,2,-0.38574,-0.19015,0.79218
4,0.64658,8.26375,1,-0.34491,-0.11505,0.85501
4,0.64658,8.26375,2,-0.33578,-0.19013,0.7922
5,0.94077,8.26375,1,-0.34491,-0.11505,0.85501
5,0.94077,8.26375,2,-0.31014,-0.19011,0.79221
6,0.84789,8.26375,1,-0.34491,-0.11505,0.85501
6,0.84789,8.26375,2,-0.31823,-0.19011,0.79221
7,0.34562,8.26375,1,-0.34491,-0.11505,0.85501
7,0.34562,8.26375,2,-0.36203,-0.19014,0.79219
8,0.99883,8.26375,1,-0.34491,-0.11505,0.85501
8,0.99883,8.26375,2,-0.30508,-0.19011,0.79222
9,0.13307,8.26375,1,-0.34491,-0.11505,0.85501
9,0.13307,8.26375,2,-0.38058,-0.19014,0.79218
10,0.04158,8.26375,1,-0.34491,-0.11505,0.85501
10,0.04158,8.26375,2,-0.38856,-0.19015,0.79218
11,0.55463,8.26375,1,-0.34491,-0.11505,0.85501
11,0.55463,8.26375,2,-0.3438,-0.19013,0.7922
12,0.73108,8.26375,1,-0.34491,-0.11505,0.85501
12,0.73108,8.26375,2,-0.32842,-0.19012,0.7922
13,0.02809,8.26375,1,-0.34491,-0.11505,0.85501
13,0.02809,8.26375,2,-0.38974,-0.19015,0.79218
14,0.7111,8.26375,1,-0.34491,-0.11505,0.85501
14,0.7111,8.26375,2,-0.33016,-0.19012,0.7922
15,0.29135,8.26375,1,-0.34491,-0.11505,0.85501
15,0.29135,8.26375,2,-0.36677,-0.19014,0.79219
16,0.91857,8.26375,1,-0.34491,-0.11505,0.85501
16,0.91857,8.26375,2,-0.31208,-0.19011,0.79221
17,0.81865,8.26375,1,-0.34491,-0.11505,0.85501
17,0.81865,8.26375,2,-0.32078,-0.19012,0.79221
18,0.88986,8.26375,1,-0.34491,-0.11505,0.85501
18,0.88986,8.26375,2,-0.31458,-0.19011,0.79221
19,0.91603,8.26375,1,-0.34491,-0.11505,0.85501
19,0.91603,8.26375,2,-0.3123,-0.19011,0.79221
20,0.91795,8.26375,1,-0.34491,-0.11505,0.85501
20,0.91795,8.26375,2,-0.31213,-0.19011,0.79221
