particle,elasticity,weight,frame,x,y,z
1,0.26614,4.15093,1,-0.1354,0.0392,0.09852
2,0.3167,4.15093,1,-0.1354,0.0392,0.09996
3,0.33445,4.15093,1,-0.1354,0.0392,0.10046
4,0.20405,4.15093,1,-0.1354,0.0392,0.09677
5,0.45518,4.15093,1,-0.1354,0.0392,0.10388
6,0.99761,4.15093,1,-0.1354,0.0392,0.11924
7,0.45569,4.15093,1,-0.1354,0.0392,0.10389
8,0.83567,4.15093,1,-0.1354,0.0392,0.11465
9,0.2557,4.15093,1,-0.1354,0.0392,0.09823
10,0.12766,4.15093,1,-0.1354,0.0392,0.0946
11,0.63866,4.15093,1,-0.1354,0.0392,0.10907
12,0.83444,4.15093,1,-0.1354,0.0392,0.11462
13,0.69528,4.15093,1,-0.1354,0.0392,0.11068
14,0.99281,4.15093,1,-0.1354,0.0392,0.1191
15,0.70967,4.15093,1,-0.1354,0.0392,0.11108
16,0.2398,4.15093,1,-0.1354,0.0392,0.09778
17,0.38447,4.15093,1,-0.1354,0.0392,0.10188
18,0.25061,4.15093,1,-0.1354,0.0392,0.09808
19,0.09291,4.15093,1,-0.1354,0.0392,0.09362
20,0.56403,4.15093,1,-0.1354,0.0392,0.10696
