particle,elasticity,weight,frame,x,y,z
1,0.83805,6.45479,1,0.3246,-0.32898,0.48888
1,0.83805,6.45479,2,0.20271,-0.25921,0.55971
2,0.71285,6.69686,1,0.33552,-0.33631,0.48959
2,0.71285,6.69686,2,0.22895,-0.27342,0.56107
3,0.86698,6.39671,1,0.32209,-0.32729,0.48872
3,0.86698,6.39671,2,0.1967,-0.25593,0.55939
4,0.68017,6.75755,1,0.3384,-0.33822,0.48977
4,0.68017,6.75755,2,0.23587,-0.27713,0.56143
5,0.74148,6.64284,1,0.33301,-0.33463,0.48943
5,0.74148,6.64284,2,0.22292,-0.27017,0.56076
6,0.55205,6.98517,1,0.34977,-0.34571,0.4905
6,0.55205,6.98517,2,0.26325,-0.29169,0.56283
7,0.37721,7.2686,1,0.36556,-0.35595,0.49148
7,0.37721,7.2686,2,0.3013,-0.31158,0.56473
8,0.41781,7.20565,1,0.36187,-0.35357,0.49125
8,0.41781,7.20565,2,0.29239,-0.30696,0.56429
9,0.00548,7.76065,1,0.40013,-0.37773,0.49357
9,0.00548,7.76065,2,0.38476,-0.35397,0.56872
10,0.72113,6.68132,1,0.33479,-0.33582,0.48954
10,0.72113,6.68132,2,0.22721,-0.27248,0.56098
11,0.37903,7.26582,1,0.3654,-0.35584,0.49147
11,0.37903,7.26582,2,0.3009,-0.31138,0.56471
12,0.97958,6.16325,1,0.31243,-0.32071,0.48808
12,0.97958,6.16325,2,0.17351,-0.24316,0.55816
13,0.52974,7.0231,1,0.35177,-0.34702,0.49062
13,0.52974,7.0231,2,0.26806,-0.29423,0.56307
14,0.54497,6.99727,1,0.35041,-0.34613,0.49054
14,0.54497,6.99727,2,0.26478,-0.2925,0.56291
15,0.10764,7.64097,1,0.39049,-0.37174,0.493
15,0.10764,7.64097,2,0.36147,-0.34231,0.56764
16,0.70451,6.71245,1,0.33625,-0.33679,0.48964
16,0.70451,6.71245,2,0.23072,-0.27437,0.56116
17,0.51656,7.04528,1,0.35296,-0.34779,0.4907
17,0.51656,7.04528,2,0.27091,-0.29573,0.56322
18,0.5939,6.91264,1,0.34604,-0.34327,0.49026
18,0.5939,6.91264,2,0.25426,-0.28693,0.56237
19,0.37957,7.265,1,0.36535,-0.35581,0.49147
19,0.37957,7.265,2,0.30078,-0.31131,0.5647
20,0.9141,6.30046,1,0.31804,-0.32454,0.48845
20,0.9141,6.30046,2,0.18696,-0.25059,0.55887
