particle,elasticity,weight,frame,x,y,z
1,0.08941,8.22582,1,0.15694,-0.22908,0.35142
1,0.08941,8.22582,2,-0.04591,-0.39563,0.43932
2,0.73823,8.22582,1,0.15694,-0.22908,0.35142
2,0.73823,8.22582,2,-0.0459,-0.36771,0.43932
3,0.27319,8.22582,1,0.15694,-0.22908,0.35142
3,0.27319,8.22582,2,-0.04591,-0.38772,0.43932
4,0.53382,8.22582,1,0.15694,-0.22908,0.35142
4,0.53382,8.22582,2,-0.04591,-0.3765,0.43932
5,0.81418,8.22582,1,0.15694,-0.22908,0.35142
5,0.81418,8.22582,2,-0.0459,-0.36444,0.43932
6,0.20179,8.22582,1,0.15694,-0.22908,0.35142
6,0.20179,8.22582,2,-0.04591,-0.39079,0.43932
7,0.50184,8.22582,1,0.15694,-0.22908,0.35142
7,0.50184,8.22582,2,-0.04591,-0.37788,0.43932
8,0.89342,8.22582,1,0.15694,-0.22908,0.35142
8,0.89342,8.22582,2,-0.0459,-0.36103,0.43932
9,0.0738,8.22582,1,0.15694,-0.22908,0.35142
9,0.0738,8.22582,2,-0.04591,-0.3963,0.43932
10,0.61135,8.22582,1,0.15694,-0.22908,0.35142
10,0.61135,8.22582,2,-0.04591,-0.37317,0.43932
11,0.021,8.22582,1,0.15694,-0.22908,0.35142
11,0.021,8.22582,2,-0.0464,-0.39857,0.43952
12,0.29438,8.22582,1,0.15694,-0.22908,0.35142
12,0.29438,8.22582,2,-0.04591,-0.38681,0.43932
13,0.25821,8.22582,1,0.15694,-0.22908,0.35142
13,0.25821,8.22582,2,-0.04591,-0.38837,0.43932
14,0.48769,8.22582,1,0.15694,-0.22908,0.35142
14,0.48769,8.22582,2,-0.04591,-0.37849,0.43932
15,0.35256,8.22582,1,0.15694,-0.22908,0.35142
15,0.35256,8.22582,2,-0.04591,-0.3843,0.43932
16,0.41257,8.22582,1,0.15694,-0.22908,0.35142
16,0.41257,8.22582,2,-0.04591,-0.38172,0.43932
17,0.91165,8.22582,1,0.15694,-0.22908,0.35142
17,0.91165,8.22582,2,-0.0459,-0.36025,0.43932
18,0.93023,8.22582,1,0.15694,-0.22908,0.35142
18,0.93023,8.22582,2,-0.0459,-0.35945,0.43932
19,0.71247,8.22582,1,0.15694,-0.22908,0.35142
19,0.71247,8.22582,2,-0.04591,-0.36882,0.43932
20,0.12543,8.22582,1,0.15694,-0.22908,0.35142
20,0.12543,8.22582,2,-0.04591,-0.39408,0.43932
