particle,elasticity,weight,frame,x,y,z
1,0.12023,8.18995,1,0.35956,0.13655,0.75219
1,0.12023,8.18995,2,0.38181,0.40866,0.89642
2,0.40389,8.18995,1,0.35956,0.13655,0.75219
2,0.40389,8.18995,2,0.36352,0.40275,0.88538
3,0.87787,8.18995,1,0.35956,0.13655,0.75219
3,0.87787,8.18995,2,0.33361,0.3931,0.86773
4,0.02166,8.18995,1,0.35956,0.13655,0.75219
4,0.02166,8.18995,2,0.38823,0.41074,0.90034
5,0.29279,8.18995,1,0.35956,0.13655,0.75219
5,0.29279,8.18995,2,0.37065,0.40505,0.88967
6,0.21301,8.18995,1,0.35956,0.13655,0.75219
6,0.21301,8.18995,2,0.3758,0.40672,0.89277
7,0.53239,8.18995,1,0.35956,0.13655,0.75219
7,0.53239,8.18995,2,0.35534,0.4001,0.8805
8,0.18708,8.18995,1,0.35956,0.13655,0.75219
8,0.18708,8.18995,2,0.37747,0.40726,0.89379
9,0.49999,8.18995,1,0.35956,0.13655,0.75219
9,0.49999,8.18995,2,0.35739,0.40076,0.88172
10,0.69046,8.18995,1,0.35956,0.13655,0.75219
10,0.69046,8.18995,2,0.34534,0.39687,0.87459
11,0.26686,8.18995,1,0.35956,0.13655,0.75219
11,0.26686,8.18995,2,0.37232,0.40559,0.89067
12,0.32783,8.18995,1,0.35956,0.13655,0.75219
12,0.32783,8.18995,2,0.3684,0.40432,0.88831
13,0.16072,8.18995,1,0.35956,0.13655,0.75219
13,0.16072,8.18995,2,0.37918,0.40781,0.89482
14,0.50884,8.18995,1,0.35956,0.13655,0.75219
14,0.50884,8.18995,2,0.35683,0.40058,0.88139
15,0.17134,8.18995,1,0.35956,0.13655,0.75219
15,0.17134,8.18995,2,0.37849,0.40759,0.89441
16,0.79322,8.18995,1,0.35956,0.13655,0.75219
16,0.79322,8.18995,2,0.33889,0.39479,0.87081
17,0.06294,8.18995,1,0.35956,0.13655,0.75219
17,0.06294,8.18995,2,0.38554,0.40987,0.89869
18,0.1545,8.18995,1,0.35956,0.13655,0.75219
18,0.1545,8.18995,2,0.37958,0.40794,0.89507
19,0.24153,8.18995,1,0.35956,0.13655,0.75219
19,0.24153,8.18995,2,0.37396,0.40612,0.89166
20,0.98174,8.18995,1,0.35956,0.13655,0.75219
20,0.98174,8.18995,2,0.32716,0.39111,0.86399
