particle,elasticity,weight,frame,x,y,z
1,0.77809,4.15093,1,-0.3614,-0.14767,0.3254
2,0.3035,4.15093,1,-0.3614,-0.14767,0.3254
3,0.14738,4.15093,1,-0.3614,-0.14767,0.3254
4,0.06705,4.15093,1,-0.3614,-0.14767,0.3254
5,0.35933,4.15093,1,-0.3614,-0.14767,0.3254
6,0.28651,4.15093,1,-0.3614,-0.14767,0.3254
7,0.1538,4.15093,1,-0.3614,-0.14767,0.3254
8,0.69079,4.15093,1,-0.3614,-0.14767,0.3254
9,0.03122,4.15093,1,-0.3614,-0.14767,0.3254
10,0.76305,4.15093,1,-0.3614,-0.14767,0.3254
11,0.54459,4.15093,1,-0.3614,-0.14767,0.3254
12,0.86097,4.15093,1,-0.3614,-0.14767,0.3254
13,0.05626,4.15093,1,-0.3614,-0.14767,0.3254
14,0.85254,4.15093,1,-0.3614,-0.14767,0.3254
15,0.18913,4.15093,1,-0.3614,-0.14767,0.3254
16,0.35301,4.15093,1,-0.3614,-0.14767,0.3254
17,0.68988,4.15093,1,-0.3614,-0.14767,0.3254
18,0.43773,4.15093,1,-0.3614,-0.14767,0.3254
19,0.88931,4.15093,1,-0.3614,-0.14767,0.3254
20,0.80382,4.15093,1,-0.3614,-0.14767,0.3254
