particle,elasticity,weight,frame,x,y,z
1,0.98583,7.85516,1,0.24946,-0.36188,0.87274
1,0.98583,7.85516,2,0.30727,-0.19896,0.75869
2,0.77289,7.93493,1,0.24946,-0.36946,0.87758
2,0.77289,7.93493,2,0.30732,-0.22637,0.7851
3,0.61399,7.9892,1,0.24946,-0.37512,0.88119
3,0.61399,7.9892,2,0.30735,-0.24684,0.80483
4,0.53456,8.01529,1,0.24953,-0.37804,0.88301
4,0.53456,8.01529,2,0.3076,-0.25758,0.81452
5,0.32442,8.08367,1,0.25021,-0.38652,0.88817
5,0.32442,8.08367,2,0.31014,-0.2902,0.83954
6,0.56142,8.00616,1,0.24946,-0.37699,0.88238
6,0.56142,8.00616,2,0.30736,-0.25362,0.81136
7,0.52825,8.01747,1,0.24955,-0.37829,0.88316
7,0.52825,8.01747,2,0.30767,-0.25856,0.81525
8,0.05872,8.15669,1,0.25108,-0.39725,0.89512
8,0.05872,8.15669,2,0.31335,-0.33151,0.87359
9,0.77976,7.93248,1,0.24946,-0.36922,0.87742
9,0.77976,7.93248,2,0.30732,-0.22548,0.78425
10,0.71875,7.95392,1,0.24946,-0.37139,0.87881
10,0.71875,7.95392,2,0.30733,-0.23334,0.79182
11,0.9756,7.85918,1,0.24946,-0.36225,0.87298
11,0.9756,7.85918,2,0.30727,-0.20028,0.75996
12,0.96245,7.86432,1,0.24946,-0.36271,0.87327
12,0.96245,7.86432,2,0.30728,-0.20197,0.76159
13,0.60169,7.99321,1,0.24946,-0.37555,0.88147
13,0.60169,7.99321,2,0.30736,-0.24842,0.80636
14,0.81189,7.92093,1,0.24946,-0.36807,0.87669
14,0.81189,7.92093,2,0.30731,-0.22135,0.78026
15,0.66301,7.97294,1,0.24946,-0.37337,0.88007
15,0.66301,7.97294,2,0.30734,-0.24052,0.79874
16,0.58723,7.99789,1,0.24946,-0.37607,0.8818
16,0.58723,7.99789,2,0.30736,-0.25029,0.80816
17,0.23634,8.10959,1,0.2505,-0.39008,0.89042
17,0.23634,8.10959,2,0.3112,-0.30389,0.85053
18,0.17555,8.12649,1,0.2507,-0.39253,0.89201
18,0.17555,8.12649,2,0.31194,-0.31334,0.85829
19,0.03407,8.16267,1,0.25117,-0.39825,0.89579
19,0.03407,8.16267,2,0.31365,-0.33535,0.87688
20,0.67145,7.97009,1,0.24946,-0.37307,0.87988
20,0.67145,7.97009,2,0.30734,-0.23943,0.79769
