particle,elasticity,weight,frame,x,y,z
1,0.11895,4.15093,1,-0.20856,-0.03692,0.50182
2,0.02089,4.15093,1,-0.20856,-0.03692,0.50182
3,0.88545,4.15093,1,-0.20856,-0.03692,0.50182
4,0.9912,4.15093,1,-0.20856,-0.03692,0.50182
5,0.68973,4.15093,1,-0.20856,-0.03692,0.50182
6,0.82705,4.15093,1,-0.20856,-0.03692,0.50182
7,0.52788,4.15093,1,-0.20856,-0.03692,0.50182
8,0.44433,4.15093,1,-0.20856,-0.03692,0.50182
9,0.68542,4.15093,1,-0.20856,-0.03692,0.50182
10,0.54712,4.15093,1,-0.20856,-0.03692,0.50182
11,0.59433,4.15093,1,-0.20856,-0.03692,0.50182
12,0.70846,4.15093,1,-0.20856,-0.03692,0.50182
13,0.8412,4.15093,1,-0.20856,-0.03692,0.50182
14,0.3926,4.15093,1,-0.20856,-0.03692,0.50182
15,0.6289,4.15093,1,-0.20856,-0.03692,0.50182
16,0.4748,4.15093,1,-0.20856,-0.03692,0.50182
17,0.87848,4.15093,1,-0.20856,-0.03692,0.50182
18,0.28988,4.15093,1,-0.20856,-0.03692,0.50182
19,0.25392,4.15093,1,-0.20856,-0.03692,0.50182
20,0.45037,4.15093,1,-0.20856,-0.03692,0.50182
