particle,elasticity,weight,frame,x,y,z
1,0.09748,8.2612,1,0.07864,-0.1679,0.09309
1,0.09748,8.2612,2,0.2612,-0.23718,0.09805
2,0.70485,8.2612,1,0.07864,-0.1679,0.09309
2,0.70485,8.2612,2,0.25328,-0.23418,0.13199
3,0.182,8.2612,1,0.07864,-0.1679,0.09309
3,0.182,8.2612,2,0.26024,-0.23682,0.10217
4,0.79896,8.2612,1,0.07864,-0.1679,0.09309
4,0.79896,8.2612,2,0.25203,-0.2337,0.13735
5,0.21837,8.2612,1,0.07864,-0.1679,0.09309
5,0.21837,8.2612,2,0.25976,-0.23664,0.10425
6,0.49573,8.2612,1,0.07864,-0.1679,0.09309
6,0.49573,8.2612,2,0.25607,-0.23524,0.12006
7,0.24328,8.2612,1,0.07864,-0.1679,0.09309
7,0.24328,8.2612,2,0.25943,-0.23651,0.10567
8,0.06347,8.2612,1,0.07864,-0.1679,0.09309
8,0.06347,8.2612,2,0.26138,-0.23725,0.09727
9,0.72164,8.2612,1,0.07864,-0.1679,0.09309
9,0.72164,8.2612,2,0.25306,-0.23409,0.13294
10,0.76622,8.2612,1,0.07864,-0.1679,0.09309
10,0.76622,8.2612,2,0.25247,-0.23387,0.13548
11,0.71511,8.2612,1,0.07864,-0.1679,0.09309
11,0.71511,8.2612,2,0.25315,-0.23413,0.13257
12,0.52823,8.2612,1,0.07864,-0.1679,0.09309
12,0.52823,8.2612,2,0.25564,-0.23507,0.12192
13,0.21537,8.2612,1,0.07864,-0.1679,0.09309
13,0.21537,8.2612,2,0.2598,-0.23665,0.10408
14,0.41211,8.2612,1,0.07864,-0.1679,0.09309
14,0.41211,8.2612,2,0.25718,-0.23566,0.11529
15,0.96178,8.2612,1,0.07864,-0.1679,0.09309
15,0.96178,8.2612,2,0.24986,-0.23288,0.14663
16,0.08792,8.2612,1,0.07864,-0.1679,0.09309
16,0.08792,8.2612,2,0.26127,-0.23721,0.09777
17,0.27778,8.2612,1,0.07864,-0.1679,0.09309
17,0.27778,8.2612,2,0.25897,-0.23634,0.10764
18,0.11508,8.2612,1,0.07864,-0.1679,0.09309
18,0.11508,8.2612,2,0.26106,-0.23713,0.09865
19,0.77004,8.2612,1,0.07864,-0.1679,0.09309
19,0.77004,8.2612,2,0.25241,-0.23385,0.1357
20,0.59856,8.2612,1,0.07864,-0.1679,0.09309
20,0.59856,8.2612,2,0.2547,-0.23472,0.12593
