particle,elasticity,weight,frame,x,y,z
1,0.68952,7.16841,1,0.33177,0.38066,0.7505
1,0.68952,7.16841,2,0.21612,0.31364,0.82513
2,0.19475,7.70299,1,0.37142,0.39213,0.75263
2,0.19475,7.70299,2,0.3167,0.36849,0.83157
3,0.62553,7.24432,1,0.33674,0.38197,0.75051
3,0.62553,7.24432,2,0.22821,0.32077,0.82515
4,0.35421,7.53716,1,0.35779,0.38752,0.75053
4,0.35421,7.53716,2,0.2796,0.35106,0.82529
5,0.01102,7.8128,1,0.38128,0.39708,0.75456
5,0.01102,7.8128,2,0.34212,0.38978,0.83814
6,0.38503,7.50614,1,0.35539,0.38688,0.75051
6,0.38503,7.50614,2,0.27371,0.34762,0.82523
7,0.66815,7.19406,1,0.33343,0.3811,0.7505
7,0.66815,7.19406,2,0.22016,0.31602,0.82514
8,0.57895,7.29793,1,0.34035,0.38292,0.75051
8,0.57895,7.29793,2,0.23702,0.32597,0.82517
9,0.47813,7.4092,1,0.34817,0.38498,0.75051
9,0.47813,7.4092,2,0.25609,0.33722,0.8252
10,0.76764,7.07217,1,0.32572,0.37907,0.7505
10,0.76764,7.07217,2,0.20136,0.30493,0.8251
11,0.53654,7.34553,1,0.34364,0.38378,0.75051
11,0.53654,7.34553,2,0.24504,0.3307,0.82518
12,0.01096,7.8128,1,0.38128,0.39708,0.75456
12,0.01096,7.8128,2,0.34212,0.38979,0.83814
13,0.56597,7.31262,1,0.34136,0.38318,0.75051
13,0.56597,7.31262,2,0.23948,0.32742,0.82517
14,0.76471,7.07585,1,0.32594,0.37913,0.7505
14,0.76471,7.07585,2,0.20191,0.30526,0.8251
15,0.117,7.77872,1,0.37832,0.39444,0.75383
15,0.117,7.77872,2,0.33617,0.37736,0.83561
16,0.09605,7.79825,1,0.38018,0.39507,0.75415
16,0.09605,7.79825,2,0.34143,0.3798,0.8367
17,0.48523,7.40157,1,0.34762,0.38483,0.75051
17,0.48523,7.40157,2,0.25475,0.33643,0.8252
18,0.92553,6.86572,1,0.31348,0.37585,0.7505
18,0.92553,6.86572,2,0.17155,0.28736,0.82504
19,0.93184,6.85715,1,0.31299,0.37572,0.7505
19,0.93184,6.85715,2,0.17036,0.28665,0.82504
20,0.5769,7.30026,1,0.34051,0.38296,0.75051
20,0.5769,7.30026,2,0.23741,0.3262,0.82517
