particle,elasticity,weight,frame,x,y,z
1,0.55282,8.04609,1,-0.11585,0.37941,0.54447
1,0.55282,8.04609,2,-0.30967,0.29884,0.47293
2,0.14002,8.14108,1,-0.1196,0.39666,0.5433
2,0.14002,8.14108,2,-0.32458,0.36748,0.46827
3,0.38877,8.08808,1,-0.11712,0.38627,0.54408
3,0.38877,8.08808,2,-0.31472,0.32611,0.47135
4,0.02064,8.16244,1,-0.12079,0.40165,0.54293
4,0.02064,8.16244,2,-0.3293,0.38733,0.46679
5,0.89143,7.93894,1,-0.11585,0.36527,0.54447
5,0.89143,7.93894,2,-0.30955,0.24261,0.47297
6,0.58928,8.03551,1,-0.11585,0.37789,0.54447
6,0.58928,8.03551,2,-0.30965,0.29278,0.47294
7,0.45291,8.07256,1,-0.11648,0.38359,0.54428
7,0.45291,8.07256,2,-0.31217,0.31545,0.47215
8,0.54763,8.04757,1,-0.11585,0.37963,0.54447
8,0.54763,8.04757,2,-0.30967,0.2997,0.47293
9,0.48923,8.06343,1,-0.11611,0.38207,0.54439
9,0.48923,8.06343,2,-0.31072,0.30941,0.4726
10,0.35413,8.09615,1,-0.11746,0.38772,0.54397
10,0.35413,8.09615,2,-0.31609,0.33187,0.47092
11,0.65184,8.01682,1,-0.11585,0.37528,0.54447
11,0.65184,8.01682,2,-0.30963,0.28239,0.47294
12,0.16248,8.13677,1,-0.11937,0.39572,0.54337
12,0.16248,8.13677,2,-0.32369,0.36374,0.46854
13,0.60993,8.02941,1,-0.11585,0.37703,0.54447
13,0.60993,8.02941,2,-0.30965,0.28935,0.47294
14,0.48881,8.06353,1,-0.11612,0.38209,0.54439
14,0.48881,8.06353,2,-0.31074,0.30948,0.4726
15,0.83426,7.95843,1,-0.11585,0.36766,0.54447
15,0.83426,7.95843,2,-0.30957,0.2521,0.47297
16,0.27496,8.11376,1,-0.11825,0.39102,0.54372
16,0.27496,8.11376,2,-0.31923,0.34504,0.46994
17,0.38675,8.08856,1,-0.11714,0.38635,0.54407
17,0.38675,8.08856,2,-0.3148,0.32645,0.47133
18,0.28444,8.11171,1,-0.11816,0.39063,0.54375
18,0.28444,8.11171,2,-0.31886,0.34346,0.47006
19,0.83842,7.95703,1,-0.11585,0.36748,0.54447
19,0.83842,7.95703,2,-0.30957,0.25141,0.47297
20,0.66986,8.01131,1,-0.11585,0.37452,0.54447
20,0.66986,8.01131,2,-0.30963,0.27939,0.47295
