particle,elasticity,weight,frame,x,y,z
1,0.91211,4.15093,1,-0.20667,0.27724,0.60596
2,0.34715,4.15093,1,-0.20667,0.27724,0.60596
3,0.49095,4.15093,1,-0.20667,0.27724,0.60596
4,0.55884,4.15093,1,-0.20667,0.27724,0.60596
5,0.15603,4.15093,1,-0.20667,0.27724,0.60596
6,0.24749,4.15093,1,-0.20667,0.27724,0.60596
7,0.88978,4.15093,1,-0.20667,0.27724,0.60596
8,0.35238,4.15093,1,-0.20667,0.27724,0.60596
9,0.54109,4.15093,1,-0.20667,0.27724,0.60596
10,0.24146,4.15093,1,-0.20667,0.27724,0.60596
11,0.68223,4.15093,1,-0.20667,0.27724,0.60596
12,0.04921,4.15093,1,-0.20667,0.27724,0.60596
13,0.33587,4.15093,1,-0.20667,0.27724,0.60596
14,0.55606,4.15093,1,-0.20667,0.27724,0.60596
15,0.54248,4.15093,1,-0.20667,0.27724,0.60596
16,0.26846,4.15093,1,-0.20667,0.27724,0.60596
17,0.25553,4.15093,1,-0.20667,0.27724,0.60596
18,0.89831,4.15093,1,-0.20667,0.27724,0.60596
19,0.28282,4.15093,1,-0.20667,0.27724,0.60596
20,0.62573,4.15093,1,-0.20667,0.27724,0.60596
