particle,elasticity,weight,frame,x,y,z
1,0.24877,4.15093,1,-0.04052,0.09375,0.09841
2,0.0328,4.15093,1,-0.04141,0.09197,0.09037
3,0.31419,4.15093,1,-0.04021,0.09437,0.10119
4,0.82893,4.15093,1,-0.03776,0.09924,0.12307
5,0.31598,4.15093,1,-0.0402,0.09439,0.10126
6,0.6052,4.15093,1,-0.03882,0.09712,0.11356
7,0.94825,4.15093,1,-0.03719,0.10037,0.12814
8,0.84013,4.15093,1,-0.0377,0.09935,0.12354
9,0.14199,4.15093,1,-0.04102,0.09274,0.09387
10,0.07457,4.15093,1,-0.04132,0.09215,0.0912
11,0.80951,4.15093,1,-0.03785,0.09906,0.12224
12,0.17048,4.15093,1,-0.04089,0.09301,0.09508
13,0.34628,4.15093,1,-0.04005,0.09467,0.10255
14,0.40822,4.15093,1,-0.03976,0.09526,0.10518
15,0.40833,4.15093,1,-0.03976,0.09526,0.10519
16,0.047,4.15093,1,-0.04139,0.09201,0.09057
17,0.77481,4.15093,1,-0.03801,0.09873,0.12077
18,0.85174,4.15093,1,-0.03765,0.09946,0.12404
19,0.60031,4.15093,1,-0.03885,0.09708,0.11335
20,0.52123,4.15093,1,-0.03922,0.09633,0.10999
