particle,elasticity,weight,frame,x,y,z
1,0.72883,7.02802,1,0.30557,0.03047,0.1342
1,0.72883,7.02802,2,0.22099,0.22659,0.16378
2,0.99761,6.50227,1,0.27844,0.02117,0.14775
2,0.99761,6.50227,2,0.16752,0.20773,0.19195
3,0.96354,6.57345,1,0.28185,0.02231,0.14608
3,0.96354,6.57345,2,0.17422,0.21006,0.18848
4,0.35333,7.61322,1,0.34467,0.04429,0.11387
4,0.35333,7.61322,2,0.29827,0.25462,0.1214
5,0.09406,7.90135,1,0.37253,0.05418,0.09907
5,0.09406,7.90135,2,0.35303,0.27244,0.09955
6,0.43944,7.49562,1,0.33557,0.04105,0.11868
6,0.43944,7.49562,2,0.28027,0.24805,0.13142
7,0.24339,7.74802,1,0.3564,0.04847,0.1076
7,0.24339,7.74802,2,0.3215,0.2631,0.10833
8,0.7233,7.03794,1,0.30614,0.03067,0.13392
8,0.7233,7.03794,2,0.22211,0.22699,0.16318
9,0.10691,7.89015,1,0.37114,0.05372,0.09967
9,0.10691,7.89015,2,0.35033,0.27175,0.09984
10,0.93286,6.63645,1,0.28492,0.02336,0.14456
10,0.93286,6.63645,2,0.18027,0.21217,0.18533
11,0.57617,7.28817,1,0.32129,0.03599,0.12614
11,0.57617,7.28817,2,0.25203,0.23779,0.14697
12,0.30408,7.67577,1,0.34991,0.04616,0.11108
12,0.30408,7.67577,2,0.30864,0.25841,0.11558
13,0.67401,7.12479,1,0.31119,0.03244,0.13134
13,0.67401,7.12479,2,0.23208,0.23058,0.15781
14,0.5153,7.38359,1,0.32762,0.03823,0.12284
14,0.5153,7.38359,2,0.26455,0.24233,0.14011
15,0.07667,7.91533,1,0.3744,0.05475,0.09845
15,0.07667,7.91533,2,0.35667,0.27336,0.09926
16,0.73542,7.01613,1,0.3049,0.03024,0.13455
16,0.73542,7.01613,2,0.21966,0.22612,0.16449
17,0.37532,7.58417,1,0.34234,0.04346,0.1151
17,0.37532,7.58417,2,0.29366,0.25294,0.12397
18,0.59973,7.24993,1,0.31885,0.03513,0.1274
18,0.59973,7.24993,2,0.24721,0.23604,0.1496
19,0.80529,6.88698,1,0.29779,0.02777,0.13814
19,0.80529,6.88698,2,0.20563,0.22111,0.17198
20,0.67587,7.12156,1,0.311,0.03237,0.13144
20,0.67587,7.12156,2,0.2317,0.23044,0.15801
