particle,elasticity,weight,frame,x,y,z
1,0.58108,8.22987,1,-0.23119,0.00265,0.71809
1,0.58108,8.22987,2,-0.37714,-0.17506,0.89268
2,0.07659,8.22987,1,-0.23119,0.00265,0.71809
2,0.07659,8.22987,2,-0.38794,-0.1775,0.89797
3,0.89094,8.22987,1,-0.23119,0.00265,0.71809
3,0.89094,8.22987,2,-0.3708,-0.17405,0.88969
4,0.26047,8.22987,1,-0.23119,0.00265,0.71809
4,0.26047,8.22987,2,-0.38387,-0.17642,0.89599
5,0.24176,8.22987,1,-0.23119,0.00265,0.71809
5,0.24176,8.22987,2,-0.38428,-0.17653,0.89618
6,0.92202,8.22987,1,-0.23119,0.00265,0.71809
6,0.92202,8.22987,2,-0.37016,-0.17395,0.8894
7,0.23479,8.22987,1,-0.23119,0.00265,0.71809
7,0.23479,8.22987,2,-0.38444,-0.17657,0.89626
8,0.21707,8.22987,1,-0.23119,0.00265,0.71809
8,0.21707,8.22987,2,-0.38483,-0.17668,0.89645
9,0.37593,8.22987,1,-0.23119,0.00265,0.71809
9,0.37593,8.22987,2,-0.38134,-0.17575,0.89477
10,0.56122,8.22987,1,-0.23119,0.00265,0.71809
10,0.56122,8.22987,2,-0.37754,-0.17512,0.89288
11,0.41563,8.22987,1,-0.23119,0.00265,0.71809
11,0.41563,8.22987,2,-0.38052,-0.1756,0.89436
12,0.96142,8.22987,1,-0.23119,0.00265,0.71809
12,0.96142,8.22987,2,-0.36936,-0.17382,0.88904
13,0.49252,8.22987,1,-0.23119,0.00265,0.71809
13,0.49252,8.22987,2,-0.37895,-0.17535,0.89358
14,0.86774,8.22987,1,-0.23119,0.00265,0.71809
14,0.86774,8.22987,2,-0.37127,-0.17412,0.88991
15,0.97814,8.22987,1,-0.23119,0.00265,0.71809
15,0.97814,8.22987,2,-0.36902,-0.17376,0.88888
16,0.92331,8.22987,1,-0.23119,0.00265,0.71809
16,0.92331,8.22987,2,-0.37014,-0.17394,0.88939
17,0.13331,8.22987,1,-0.23119,0.00265,0.71809
17,0.13331,8.22987,2,-0.38668,-0.17717,0.89735
18,0.71484,8.22987,1,-0.23119,0.00265,0.71809
18,0.71484,8.22987,2,-0.3744,-0.17462,0.89137
19,0.12489,8.22987,1,-0.23119,0.00265,0.71809
19,0.12489,8.22987,2,-0.38687,-0.17721,0.89744
20,0.32297,8.22987,1,-0.23119,0.00265,0.71809
20,0.32297,8.22987,2,-0.3825,-0.17606,0.89533
