particle,elasticity,weight,frame,x,y,z
1,0.61324,4.15093,1,0.19803,-0.32814,0.41106
2,0.57674,4.15093,1,0.19803,-0.32814,0.41106
3,0.91931,4.15093,1,0.19803,-0.32814,0.41106
4,0.7898,4.15093,1,0.19803,-0.32814,0.41106
5,0.257,4.15093,1,0.19803,-0.32814,0.41106
6,0.05423,4.15093,1,0.19803,-0.32814,0.41106
7,0.64963,4.15093,1,0.19803,-0.32814,0.41106
8,0.08812,4.15093,1,0.19803,-0.32814,0.41106
9,0.64863,4.15093,1,0.19803,-0.32814,0.41106
10,0.30275,4.15093,1,0.19803,-0.32814,0.41106
11,0.99536,4.15093,1,0.19803,-0.32814,0.41106
12,0.93086,4.15093,1,0.19803,-0.32814,0.41106
13,0.20123,4.15093,1,0.19803,-0.32814,0.41106
14,0.87145,4.15093,1,0.19803,-0.32814,0.41106
15,0.04351,4.15093,1,0.19803,-0.32814,0.41106
16,0.57787,4.15093,1,0.19803,-0.32814,0.41106
17,0.00229,4.15093,1,0.19803,-0.32814,0.41106
18,0.95925,4.15093,1,0.19803,-0.32814,0.41106
19,0.11851,4.15093,1,0.19803,-0.32814,0.41106
20,0.40721,4.15093,1,0.19803,-0.32814,0.41106
