particle,elasticity,weight,frame,x,y,z
1,0.57527,8.21174,1,0.40634,-0.01015,0.52804
1,0.57527,8.21174,2,0.32303,0.18108,0.42546
2,0.51756,8.21174,1,0.40634,-0.01015,0.52804
2,0.51756,8.21174,2,0.33021,0.18268,0.42465
3,0.77031,8.21174,1,0.40634,-0.01015,0.52804
3,0.77031,8.21174,2,0.29877,0.17939,0.4263
4,0.88698,8.21174,1,0.40634,-0.01015,0.52804
4,0.88698,8.21174,2,0.28427,0.17937,0.42632
5,0.99577,8.21174,1,0.40634,-0.01015,0.52804
5,0.99577,8.21174,2,0.27074,0.17935,0.42633
6,0.1602,8.21174,1,0.40634,-0.01015,0.52804
6,0.1602,8.21174,2,0.37469,0.19261,0.41965
7,0.75883,8.21174,1,0.40634,-0.01015,0.52804
7,0.75883,8.21174,2,0.3002,0.1794,0.4263
8,0.53291,8.21174,1,0.40634,-0.01015,0.52804
8,0.53291,8.21174,2,0.3283,0.18225,0.42486
9,0.19296,8.21174,1,0.40634,-0.01015,0.52804
9,0.19296,8.21174,2,0.37062,0.1917,0.4201
10,0.98566,8.21174,1,0.40634,-0.01015,0.52804
10,0.98566,8.21174,2,0.272,0.17935,0.42633
11,0.90133,8.21174,1,0.40634,-0.01015,0.52804
11,0.90133,8.21174,2,0.28248,0.17937,0.42632
12,0.76691,8.21174,1,0.40634,-0.01015,0.52804
12,0.76691,8.21174,2,0.29919,0.1794,0.4263
13,0.77804,8.21174,1,0.40634,-0.01015,0.52804
13,0.77804,8.21174,2,0.29781,0.17939,0.42631
14,0.79636,8.21174,1,0.40634,-0.01015,0.52804
14,0.79636,8.21174,2,0.29553,0.17939,0.42631
15,0.01569,8.21174,1,0.40634,-0.01015,0.52804
15,0.01569,8.21174,2,0.39268,0.19662,0.41763
16,0.17073,8.21174,1,0.40634,-0.01015,0.52804
16,0.17073,8.21174,2,0.37338,0.19232,0.41979
17,0.11252,8.21174,1,0.40634,-0.01015,0.52804
17,0.11252,8.21174,2,0.38063,0.19393,0.41898
18,0.90812,8.21174,1,0.40634,-0.01015,0.52804
18,0.90812,8.21174,2,0.28164,0.17937,0.42632
19,0.82144,8.21174,1,0.40634,-0.01015,0.52804
19,0.82144,8.21174,2,0.29241,0.17938,0.42631
20,0.76846,8.21174,1,0.40634,-0.01015,0.52804
20,0.76846,8.21174,2,0.299,0.1794,0.4263
