particle,elasticity,weight,frame,x,y,z
1,0.87113,6.53496,1,0.28401,0.07761,0.69058
1,0.87113,6.53496,2,0.15577,-0.04902,0.80011
2,0.77531,6.75149,1,0.29602,0.0776,0.69059
2,0.77531,6.75149,2,0.18113,-0.04908,0.80017
3,0.52359,7.25188,1,0.32759,0.07757,0.69062
3,0.52359,7.25188,2,0.24782,-0.04923,0.80031
4,0.27982,7.64175,1,0.35818,0.07755,0.69064
4,0.27982,7.64175,2,0.31251,-0.04933,0.8004
5,0.45322,7.37402,1,0.33642,0.07756,0.69063
5,0.45322,7.37402,2,0.26649,-0.04926,0.80034
6,0.64044,7.03194,1,0.31293,0.07758,0.69061
6,0.64044,7.03194,2,0.21685,-0.04917,0.80025
7,0.45389,7.37288,1,0.33633,0.07756,0.69063
7,0.45389,7.37288,2,0.26631,-0.04926,0.80034
8,0.76376,6.77662,1,0.29747,0.0776,0.69059
8,0.76376,6.77662,2,0.18418,-0.04909,0.80018
9,0.32726,7.57319,1,0.35222,0.07755,0.69064
9,0.32726,7.57319,2,0.29991,-0.04931,0.80039
10,0.71823,6.87366,1,0.30318,0.07759,0.6906
10,0.71823,6.87366,2,0.19624,-0.04912,0.80021
11,0.60145,7.10772,1,0.31782,0.07758,0.69061
11,0.60145,7.10772,2,0.22718,-0.04919,0.80027
12,0.39787,7.4646,1,0.34336,0.07756,0.69063
12,0.39787,7.4646,2,0.28117,-0.04929,0.80036
13,0.60842,7.09434,1,0.31695,0.07758,0.69061
13,0.60842,7.09434,2,0.22533,-0.04919,0.80027
14,0.26219,7.66632,1,0.36039,0.07755,0.69064
14,0.26219,7.66632,2,0.31718,-0.04933,0.80041
15,0.34495,7.54672,1,0.35,0.07756,0.69063
15,0.34495,7.54672,2,0.29522,-0.04931,0.80038
16,0.77056,6.76185,1,0.29662,0.0776,0.69059
16,0.77056,6.76185,2,0.18238,-0.04909,0.80017
17,0.98428,6.2608,1,0.26984,0.07763,0.69056
17,0.98428,6.2608,2,0.12585,-0.04894,0.80003
18,0.38943,7.478,1,0.34442,0.07756,0.69063
18,0.38943,7.478,2,0.28341,-0.04929,0.80037
19,0.78751,6.72472,1,0.29449,0.0776,0.69059
19,0.78751,6.72472,2,0.1779,-0.04908,0.80016
20,0.17683,7.77841,1,0.3711,0.07755,0.69064
20,0.17683,7.77841,2,0.33985,-0.04935,0.80043
