particle,elasticity,weight,frame,x,y,z
1,0.4074,8.25366,1,0.03601,-0.12306,0.09998
1,0.4074,8.25366,2,-0.25314,-0.13312,0.09998
2,0.84132,8.25366,1,0.03601,-0.12306,0.09999
2,0.84132,8.25366,2,-0.25314,-0.13312,0.09999
3,0.4672,8.25366,1,0.03601,-0.12306,0.09999
3,0.4672,8.25366,2,-0.25314,-0.13312,0.09998
4,0.67386,8.25366,1,0.03601,-0.12306,0.09999
4,0.67386,8.25366,2,-0.25314,-0.13312,0.09999
5,0.96956,8.25366,1,0.03601,-0.12306,0.09999
5,0.96956,8.25366,2,-0.25314,-0.13312,0.09999
6,0.73887,8.25366,1,0.03601,-0.12306,0.09999
6,0.73887,8.25366,2,-0.25314,-0.13312,0.09998
7,0.13621,8.25366,1,0.03601,-0.12306,0.09999
7,0.13621,8.25366,2,-0.25314,-0.13312,0.09999
8,0.41804,8.25366,1,0.03601,-0.12306,0.09999
8,0.41804,8.25366,2,-0.25314,-0.13312,0.09999
9,0.54085,8.25366,1,0.03601,-0.12306,0.09999
9,0.54085,8.25366,2,-0.25314,-0.13312,0.09999
10,0.38979,8.25366,1,0.03601,-0.12306,0.09999
10,0.38979,8.25366,2,-0.25314,-0.13312,0.09998
11,0.25853,8.25366,1,0.03601,-0.12306,0.09999
11,0.25853,8.25366,2,-0.25314,-0.13312,0.09999
12,0.52383,8.25366,1,0.03601,-0.12306,0.09999
12,0.52383,8.25366,2,-0.25314,-0.13312,0.09999
13,0.79371,8.25366,1,0.03601,-0.12306,0.09999
13,0.79371,8.25366,2,-0.25314,-0.13312,0.09999
14,0.74485,8.25366,1,0.03601,-0.12306,0.09998
14,0.74485,8.25366,2,-0.25314,-0.13312,0.09998
15,0.47205,8.25366,1,0.03601,-0.12306,0.09999
15,0.47205,8.25366,2,-0.25314,-0.13312,0.09999
16,0.62258,8.25366,1,0.03601,-0.12306,0.09999
16,0.62258,8.25366,2,-0.25314,-0.13312,0.09998
17,0.87696,8.25366,1,0.03601,-0.12306,0.09999
17,0.87696,8.25366,2,-0.25314,-0.13312,0.09999
18,0.58431,8.25366,1,0.03601,-0.12306,0.09999
18,0.58431,8.25366,2,-0.25314,-0.13312,0.09999
19,0.32404,8.25366,1,0.03601,-0.12306,0.09999
19,0.32404,8.25366,2,-0.25314,-0.13312,0.09998
20,0.3513,8.25366,1,0.03601,-0.12306,0.09999
20,0.3513,8.25366,2,-0.25314,-0.13312,0.09999
