particle,elasticity,weight,frame,x,y,z
1,0.5721,8.24908,1,-0.29615,0.38344,0.42313
1,0.5721,8.24908,2,-0.2751,0.37398,0.46532
2,0.19844,8.26377,1,-0.29576,0.38827,0.42427
2,0.19844,8.26377,2,-0.27433,0.38361,0.4676
3,0.27942,8.26079,1,-0.29585,0.38722,0.42402
3,0.27942,8.26079,2,-0.2745,0.38152,0.46711
4,0.89525,8.23438,1,-0.29648,0.37927,0.42214
4,0.89525,8.23438,2,-0.27576,0.36564,0.46335
5,0.0003,8.27055,1,-0.29556,0.39083,0.42487
5,0.0003,8.27055,2,-0.27392,0.38872,0.46881
6,0.55726,8.24971,1,-0.29613,0.38363,0.42317
6,0.55726,8.24971,2,-0.27507,0.37436,0.46541
7,0.67386,8.24465,1,-0.29625,0.38213,0.42282
7,0.67386,8.24465,2,-0.27531,0.37135,0.4647
8,0.34767,8.2582,1,-0.29592,0.38634,0.42381
8,0.34767,8.2582,2,-0.27464,0.37976,0.46669
9,0.76219,8.24065,1,-0.29635,0.38099,0.42255
9,0.76219,8.24065,2,-0.27549,0.36907,0.46416
10,0.93558,8.23241,1,-0.29652,0.37875,0.42201
10,0.93558,8.23241,2,-0.27585,0.3646,0.4631
11,0.06534,8.2684,1,-0.29563,0.38999,0.42468
11,0.06534,8.2684,2,-0.27406,0.38704,0.46841
12,0.20114,8.26367,1,-0.29577,0.38823,0.42426
12,0.20114,8.26367,2,-0.27434,0.38354,0.46758
13,0.21185,8.26328,1,-0.29578,0.3881,0.42423
13,0.21185,8.26328,2,-0.27436,0.38327,0.46752
14,0.64633,8.24586,1,-0.29623,0.38248,0.4229
14,0.64633,8.24586,2,-0.27525,0.37206,0.46487
15,0.77399,8.24011,1,-0.29636,0.38083,0.42251
15,0.77399,8.24011,2,-0.27551,0.36877,0.46409
16,0.06788,8.26832,1,-0.29563,0.38995,0.42467
16,0.06788,8.26832,2,-0.27406,0.38698,0.4684
17,0.84112,8.23697,1,-0.29643,0.37997,0.4223
17,0.84112,8.23697,2,-0.27565,0.36704,0.46368
18,0.08403,8.26777,1,-0.29565,0.38975,0.42462
18,0.08403,8.26777,2,-0.2741,0.38656,0.4683
19,0.14291,8.26574,1,-0.29571,0.38899,0.42444
19,0.14291,8.26574,2,-0.27422,0.38504,0.46794
20,0.8907,8.2346,1,-0.29648,0.37933,0.42215
20,0.8907,8.2346,2,-0.27575,0.36576,0.46338
