particle,elasticity,weight,frame,x,y,z
1,0.94167,4.15093,1,0.00856,-0.07669,0.87892
2,0.85525,4.15093,1,0.00856,-0.07669,0.87892
3,0.98269,4.15093,1,0.00856,-0.07669,0.87892
4,0.96253,4.15093,1,0.00856,-0.07669,0.87892
5,0.09559,4.15093,1,0.00856,-0.07669,0.87892
6,0.83615,4.15093,1,0.00856,-0.07669,0.87892
7,0.88217,4.15093,1,0.00856,-0.07669,0.87892
8,0.49394,4.15093,1,0.00856,-0.07669,0.87892
9,0.74621,4.15093,1,0.00856,-0.07669,0.87892
10,0.3957,4.15093,1,0.00856,-0.07669,0.87892
11,0.09098,4.15093,1,0.00856,-0.07669,0.87892
12,0.29729,4.15093,1,0.00856,-0.07669,0.87892
13,0.20807,4.15093,1,0.00856,-0.07669,0.87892
14,0.72045,4.15093,1,0.00856,-0.07669,0.87892
15,0.46512,4.15093,1,0.00856,-0.07669,0.87892
16,0.67709,4.15093,1,0.00856,-0.07669,0.87892
17,0.15107,4.15093,1,0.00856,-0.07669,0.87892
18,0.30977,4.15093,1,0.00856,-0.07669,0.87892
19,0.19939,4.15093,1,0.00856,-0.07669,0.87892
20,0.77725,4.15093,1,0.00856,-0.07669,0.87892
