particle,elasticity,weight,frame,x,y,z
1,0.33331,4.15093,1,0.36269,-0.35734,0.75081
2,0.56519,4.15093,1,0.33919,-0.35734,0.7508
3,0.16261,4.15093,1,0.38,-0.35734,0.75081
4,0.72757,4.15093,1,0.32274,-0.35734,0.7508
5,0.3051,4.15093,1,0.36555,-0.35734,0.75081
6,0.32924,4.15093,1,0.3631,-0.35734,0.75081
7,0.57565,4.15093,1,0.33812,-0.35734,0.7508
8,0.25784,4.15093,1,0.37034,-0.35734,0.75081
9,0.19364,4.15093,1,0.37685,-0.35734,0.75081
10,0.64744,4.15093,1,0.33085,-0.35734,0.7508
11,0.53284,4.15093,1,0.34246,-0.35734,0.7508
12,0.85079,4.15093,1,0.31027,-0.35734,0.7508
13,0.30224,4.15093,1,0.36584,-0.35734,0.75081
14,0.33756,4.15093,1,0.36226,-0.35734,0.75081
15,0.63164,4.15093,1,0.33245,-0.35734,0.7508
16,0.55926,4.15093,1,0.33979,-0.35734,0.7508
17,0.69677,4.15093,1,0.32586,-0.35734,0.7508
18,0.75105,4.15093,1,0.32036,-0.35734,0.7508
19,0.35987,4.15093,1,0.35999,-0.35734,0.7508
20,0.08131,4.15093,1,0.38825,-0.35734,0.75081
