particle,elasticity,weight,frame,x,y,z
1,0.99973,8.25808,1,0.34119,-0.38931,0.46835
1,0.99973,8.25808,2,0.36222,-0.29105,0.42112
2,0.59952,8.25808,1,0.34119,-0.38931,0.46835
2,0.59952,8.25808,2,0.37421,-0.32572,0.4211
3,0.99265,8.25808,1,0.34119,-0.38931,0.46835
3,0.99265,8.25808,2,0.36243,-0.29166,0.42112
4,0.01304,8.25808,1,0.34119,-0.38931,0.46835
4,0.01304,8.25808,2,0.39001,-0.37683,0.41974
5,0.04116,8.25808,1,0.34119,-0.38931,0.46835
5,0.04116,8.25808,2,0.39001,-0.37694,0.41937
6,0.16115,8.25808,1,0.34119,-0.38931,0.46835
6,0.16115,8.25808,2,0.38737,-0.36552,0.42004
7,0.54923,8.25808,1,0.34119,-0.38931,0.46835
7,0.54923,8.25808,2,0.37572,-0.33008,0.4211
8,0.01237,8.25808,1,0.34119,-0.38931,0.46835
8,0.01237,8.25808,2,0.39001,-0.37683,0.41973
9,0.31483,8.25808,1,0.34119,-0.38931,0.46835
9,0.31483,8.25808,2,0.38275,-0.3504,0.4211
10,0.21955,8.25808,1,0.34119,-0.38931,0.46835
10,0.21955,8.25808,2,0.38562,-0.35936,0.42066
11,0.04162,8.25808,1,0.34119,-0.38931,0.46835
11,0.04162,8.25808,2,0.39001,-0.37702,0.41934
12,0.40399,8.25808,1,0.34119,-0.38931,0.46835
12,0.40399,8.25808,2,0.38007,-0.34267,0.4211
13,0.52763,8.25808,1,0.34119,-0.38931,0.46835
13,0.52763,8.25808,2,0.37636,-0.33195,0.4211
14,0.1711,8.25808,1,0.34119,-0.38931,0.46835
14,0.1711,8.25808,2,0.38707,-0.36446,0.42015
15,0.6349,8.25808,1,0.34119,-0.38931,0.46835
15,0.6349,8.25808,2,0.37315,-0.32265,0.42111
16,0.52708,8.25808,1,0.34119,-0.38931,0.46835
16,0.52708,8.25808,2,0.37638,-0.332,0.4211
17,0.98381,8.25808,1,0.34119,-0.38931,0.46835
17,0.98381,8.25808,2,0.3627,-0.29243,0.42112
18,0.57624,8.25808,1,0.34119,-0.38931,0.46835
18,0.57624,8.25808,2,0.37491,-0.32773,0.4211
19,0.76354,8.25808,1,0.34119,-0.38931,0.46835
19,0.76354,8.25808,2,0.36929,-0.3115,0.42111
20,0.65125,8.25808,1,0.34119,-0.38931,0.46835
20,0.65125,8.25808,2,0.37266,-0.32123,0.42111
