particle,elasticity,weight,frame,x,y,z
1,0.34099,8.1498,1,0.11848,-0.09501,0.47821
1,0.34099,8.1498,2,0.37782,0.16671,0.2384
2,0.46969,8.1498,1,0.11848,-0.09501,0.47821
2,0.46969,8.1498,2,0.37286,0.1658,0.23924
3,0.81434,8.1498,1,0.11848,-0.09501,0.47821
3,0.81434,8.1498,2,0.35957,0.1657,0.23934
4,0.39572,8.1498,1,0.11848,-0.09501,0.47821
4,0.39572,8.1498,2,0.37571,0.16632,0.23876
5,0.35561,8.1498,1,0.11848,-0.09501,0.47821
5,0.35561,8.1498,2,0.37725,0.1666,0.23849
6,0.33005,8.1498,1,0.11848,-0.09501,0.47821
6,0.33005,8.1498,2,0.37824,0.16678,0.23832
7,0.91555,8.1498,1,0.11848,-0.09501,0.47821
7,0.91555,8.1498,2,0.35567,0.1657,0.23934
8,0.3337,8.1498,1,0.11848,-0.09501,0.47821
8,0.3337,8.1498,2,0.3781,0.16676,0.23835
9,0.50535,8.1498,1,0.11848,-0.09501,0.47821
9,0.50535,8.1498,2,0.37148,0.1657,0.23934
10,0.69654,8.1498,1,0.11848,-0.09501,0.47821
10,0.69654,8.1498,2,0.36411,0.1657,0.23934
11,0.32033,8.1498,1,0.11848,-0.09501,0.47821
11,0.32033,8.1498,2,0.37861,0.16685,0.23826
12,0.59359,8.1498,1,0.11848,-0.09501,0.47821
12,0.59359,8.1498,2,0.36808,0.1657,0.23934
13,0.53767,8.1498,1,0.11848,-0.09501,0.47821
13,0.53767,8.1498,2,0.37024,0.1657,0.23934
14,0.03118,8.1498,1,0.11848,-0.09501,0.47821
14,0.03118,8.1498,2,0.38976,0.16889,0.23636
15,0.9378,8.1498,1,0.11848,-0.09501,0.47821
15,0.9378,8.1498,2,0.35482,0.1657,0.23934
16,0.21677,8.1498,1,0.11848,-0.09501,0.47821
16,0.21677,8.1498,2,0.3826,0.16758,0.23758
17,0.2665,8.1498,1,0.11848,-0.09501,0.47821
17,0.2665,8.1498,2,0.38069,0.16723,0.23791
18,0.73361,8.1498,1,0.11848,-0.09501,0.47821
18,0.73361,8.1498,2,0.36269,0.1657,0.23934
19,0.62837,8.1498,1,0.11848,-0.09501,0.47821
19,0.62837,8.1498,2,0.36674,0.1657,0.23934
20,0.04413,8.1498,1,0.11848,-0.09501,0.47821
20,0.04413,8.1498,2,0.38926,0.16879,0.23644
