particle,elasticity,weight,frame,x,y,z
1,0.81327,7.16023,1,-0.37618,0.25677,0.19711
1,0.81327,7.16023,2,-0.33588,0.31812,0.31171
2,0.98555,6.81414,1,-0.37315,0.25675,0.21845
2,0.98555,6.81414,2,-0.32384,0.31804,0.352
3,0.60428,7.51796,1,-0.37987,0.25679,0.17121
3,0.60428,7.51796,2,-0.35053,0.31822,0.26274
4,0.81213,7.16236,1,-0.3762,0.25677,0.19697
4,0.81213,7.16236,2,-0.33596,0.31812,0.31144
5,0.36684,7.84154,1,-0.38407,0.25681,0.14175
5,0.36684,7.84154,2,-0.36724,0.31831,0.20701
6,0.87218,7.04709,1,-0.37515,0.25677,0.20441
6,0.87218,7.04709,2,-0.33176,0.31809,0.32549
7,0.22339,7.99535,1,-0.38662,0.25714,0.12372
7,0.22339,7.99535,2,-0.37737,0.31963,0.17239
8,0.06978,8.12837,1,-0.38935,0.25864,0.10309
8,0.06978,8.12837,2,-0.38825,0.32562,0.13005
9,0.14944,8.06423,1,-0.38793,0.25789,0.11387
9,0.14944,8.06423,2,-0.38261,0.32263,0.15233
10,0.44906,7.73949,1,-0.38262,0.25681,0.15195
10,0.44906,7.73949,2,-0.36144,0.31828,0.22632
11,0.7931,7.19773,1,-0.37654,0.25677,0.19461
11,0.7931,7.19773,2,-0.33729,0.31813,0.30698
12,0.89527,7.00127,1,-0.37474,0.25676,0.20727
12,0.89527,7.00127,2,-0.33015,0.31808,0.33089
13,0.34829,7.86311,1,-0.3844,0.25681,0.13945
13,0.34829,7.86311,2,-0.36855,0.31831,0.20265
14,0.69143,7.37707,1,-0.37833,0.25678,0.18201
14,0.69143,7.37707,2,-0.34441,0.31818,0.28317
15,0.01861,8.16359,1,-0.39001,0.25905,0.09614
15,0.01861,8.16359,2,-0.39001,0.32709,0.11578
16,0.0215,8.16174,1,-0.39001,0.25903,0.09653
16,0.0215,8.16174,2,-0.39001,0.32703,0.11657
17,0.50905,7.65833,1,-0.38156,0.2568,0.1594
17,0.50905,7.65833,2,-0.35722,0.31825,0.2404
18,0.02204,8.1614,1,-0.39001,0.25903,0.0966
18,0.02204,8.1614,2,-0.39001,0.32702,0.11672
19,0.5503,7.59928,1,-0.38083,0.2568,0.16451
19,0.5503,7.59928,2,-0.35432,0.31824,0.25008
20,0.56302,7.58051,1,-0.3806,0.2568,0.16609
20,0.56302,7.58051,2,-0.35343,0.31823,0.25306
