particle,elasticity,weight,frame,x,y,z
1,0.54422,7.75427,1,-0.01797,-0.37368,0.52843
1,0.54422,7.75427,2,-0.24406,-0.27886,0.65216
2,0.9489,7.4898,1,-0.0147,-0.34828,0.52646
2,0.9489,7.4898,2,-0.23338,-0.19691,0.64574
3,0.37121,7.84275,1,-0.0203,-0.38454,0.52984
3,0.37121,7.84275,2,-0.25158,-0.31392,0.6567
4,0.4996,7.77828,1,-0.01857,-0.37648,0.5288
4,0.4996,7.77828,2,-0.246,-0.2879,0.65333
5,0.05388,7.97252,1,-0.02456,-0.40446,0.5324
5,0.05388,7.97252,2,-0.26533,-0.37826,0.66498
6,0.86493,7.55289,1,-0.0147,-0.35355,0.52647
6,0.86493,7.55289,2,-0.23343,-0.21389,0.64577
7,0.61735,7.7131,1,-0.01699,-0.36909,0.52784
7,0.61735,7.7131,2,-0.24087,-0.26404,0.65025
8,0.39899,7.82939,1,-0.01992,-0.38279,0.52961
8,0.39899,7.82939,2,-0.25037,-0.30829,0.65597
9,0.46534,7.79616,1,-0.01903,-0.37863,0.52907
9,0.46534,7.79616,2,-0.24749,-0.29484,0.65423
10,0.9281,7.50569,1,-0.0147,-0.34959,0.52646
10,0.9281,7.50569,2,-0.23339,-0.20112,0.64575
11,0.85737,7.55844,1,-0.0147,-0.35402,0.52647
11,0.85737,7.55844,2,-0.23343,-0.21542,0.64577
12,0.41026,7.82388,1,-0.01977,-0.38208,0.52952
12,0.41026,7.82388,2,-0.24988,-0.30601,0.65567
13,0.80634,7.59528,1,-0.0147,-0.35722,0.52647
13,0.80634,7.59528,2,-0.23346,-0.22575,0.64579
14,0.79174,7.60564,1,-0.0147,-0.35814,0.52647
14,0.79174,7.60564,2,-0.23347,-0.22871,0.64579
15,0.67447,7.67938,1,-0.01622,-0.3655,0.52738
15,0.67447,7.67938,2,-0.23838,-0.25246,0.64875
16,0.21398,7.91232,1,-0.02241,-0.39441,0.53111
16,0.21398,7.91232,2,-0.2584,-0.3458,0.6608
17,0.54119,7.75592,1,-0.01801,-0.37387,0.52846
17,0.54119,7.75592,2,-0.24419,-0.27947,0.65224
18,0.72081,7.65104,1,-0.01559,-0.36259,0.527
18,0.72081,7.65104,2,-0.23636,-0.24307,0.64753
19,0.30491,7.87335,1,-0.02119,-0.3887,0.53037
19,0.30491,7.87335,2,-0.25446,-0.32737,0.65843
20,0.47891,7.78914,1,-0.01885,-0.37778,0.52896
20,0.47891,7.78914,2,-0.2469,-0.29209,0.65388
