particle,elasticity,weight,frame,x,y,z
1,0.09587,7.88832,1,0.38541,-0.17778,0.40329
1,0.09587,7.88832,2,0.35754,-0.41209,0.57718
2,0.13145,7.86785,1,0.38133,-0.17696,0.40268
2,0.13145,7.86785,2,0.34902,-0.41009,0.57593
3,0.32074,7.72927,1,0.35962,-0.17261,0.39946
3,0.32074,7.72927,2,0.30367,-0.39946,0.56926
4,0.09818,7.88705,1,0.38515,-0.17773,0.40325
4,0.09818,7.88705,2,0.35699,-0.41196,0.5771
5,0.52833,7.51977,1,0.33581,-0.16783,0.39592
5,0.52833,7.51977,2,0.25394,-0.38788,0.56193
6,0.33016,7.72106,1,0.35854,-0.1724,0.3993
6,0.33016,7.72106,2,0.30141,-0.39893,0.56893
7,0.56123,7.48104,1,0.33204,-0.16708,0.39536
7,0.56123,7.48104,2,0.24606,-0.38606,0.56076
8,0.1566,7.85232,1,0.37845,-0.17639,0.40226
8,0.1566,7.85232,2,0.34299,-0.40867,0.57504
9,0.97909,6.8578,1,0.28412,-0.15743,0.38822
9,0.97909,6.8578,2,0.14711,-0.40211,0.55084
10,0.57529,7.46402,1,0.33043,-0.16675,0.39512
10,0.57529,7.46402,2,0.2427,-0.38528,0.56026
11,0.43627,7.6201,1,0.34637,-0.16996,0.39749
11,0.43627,7.6201,2,0.276,-0.393,0.56518
12,0.56415,7.47752,1,0.3317,-0.16701,0.39531
12,0.56415,7.47752,2,0.24536,-0.38589,0.56066
13,0.8683,7.04677,1,0.29682,-0.15999,0.39011
13,0.8683,7.04677,2,0.1739,-0.40754,0.55485
14,0.92332,6.95506,1,0.29052,-0.15872,0.38917
14,0.92332,6.95506,2,0.16059,-0.40485,0.55286
15,0.37273,7.68244,1,0.35366,-0.17142,0.39858
15,0.37273,7.68244,2,0.29121,-0.39655,0.56743
16,0.23089,7.80129,1,0.36993,-0.17468,0.40099
16,0.23089,7.80129,2,0.3252,-0.40449,0.57243
17,0.13412,7.86625,1,0.38103,-0.1769,0.40264
17,0.13412,7.86625,2,0.34838,-0.40994,0.57583
18,0.62543,7.40113,1,0.32468,-0.1656,0.39426
18,0.62543,7.40113,2,0.23069,-0.3825,0.55849
19,0.24249,7.79262,1,0.3686,-0.17441,0.40079
19,0.24249,7.79262,2,0.32242,-0.40384,0.57202
20,0.42916,7.62735,1,0.34719,-0.17012,0.39761
20,0.42916,7.62735,2,0.2777,-0.3934,0.56543
