particle,elasticity,weight,frame,x,y,z
1,0.52907,8.21127,1,-0.302,-0.38893,0.61463
1,0.52907,8.21127,2,-0.29636,-0.32868,0.40755
2,0.81823,8.21127,1,-0.302,-0.38893,0.61463
2,0.81823,8.21127,2,-0.29636,-0.29049,0.4076
3,0.45689,8.21127,1,-0.302,-0.38893,0.61463
3,0.45689,8.21127,2,-0.29631,-0.33822,0.40592
4,0.77823,8.21127,1,-0.302,-0.38893,0.61463
4,0.77823,8.21127,2,-0.29636,-0.29577,0.40759
5,0.93599,8.21127,1,-0.302,-0.38893,0.61463
5,0.93599,8.21127,2,-0.29636,-0.27495,0.40762
6,0.44064,8.21127,1,-0.302,-0.38893,0.61463
6,0.44064,8.21127,2,-0.2963,-0.34036,0.40539
7,0.7176,8.21127,1,-0.302,-0.38893,0.61463
7,0.7176,8.21127,2,-0.29636,-0.30378,0.40758
8,0.03351,8.21127,1,-0.302,-0.38893,0.61463
8,0.03351,8.21127,2,-0.29595,-0.39,0.39301
9,0.7579,8.21127,1,-0.302,-0.38893,0.61463
9,0.7579,8.21127,2,-0.29636,-0.29846,0.40759
10,0.56937,8.21127,1,-0.302,-0.38893,0.61463
10,0.56937,8.21127,2,-0.29636,-0.32336,0.40755
11,0.76791,8.21127,1,-0.302,-0.38893,0.61463
11,0.76791,8.21127,2,-0.29636,-0.29714,0.40759
12,0.94838,8.21127,1,-0.302,-0.38893,0.61463
12,0.94838,8.21127,2,-0.29636,-0.27332,0.40763
13,0.65905,8.21127,1,-0.302,-0.38893,0.61463
13,0.65905,8.21127,2,-0.29636,-0.31151,0.40757
14,0.3765,8.21127,1,-0.302,-0.38893,0.61463
14,0.3765,8.21127,2,-0.29624,-0.34884,0.40327
15,0.90893,8.21127,1,-0.302,-0.38893,0.61463
15,0.90893,8.21127,2,-0.29636,-0.27852,0.40762
16,0.67456,8.21127,1,-0.302,-0.38893,0.61463
16,0.67456,8.21127,2,-0.29636,-0.30946,0.40757
17,0.39433,8.21127,1,-0.302,-0.38893,0.61463
17,0.39433,8.21127,2,-0.29625,-0.34648,0.40386
18,0.50503,8.21127,1,-0.302,-0.38893,0.61463
18,0.50503,8.21127,2,-0.29636,-0.33186,0.40751
19,0.58769,8.21127,1,-0.302,-0.38893,0.61463
19,0.58769,8.21127,2,-0.29636,-0.32094,0.40756
20,0.46491,8.21127,1,-0.302,-0.38893,0.61463
20,0.46491,8.21127,2,-0.29632,-0.33716,0.40619
