particle,elasticity,weight,frame,x,y,z
1,0.00656,4.15093,1,-0.19442,0.06072,0.78643
2,0.39635,4.15093,1,-0.19442,0.06072,0.78643
3,0.54581,4.15093,1,-0.19442,0.06072,0.78643
4,0.4271,4.15093,1,-0.19442,0.06072,0.78643
5,0.42517,4.15093,1,-0.19442,0.06072,0.78643
6,0.65151,4.15093,1,-0.19442,0.06072,0.78643
7,0.66025,4.15093,1,-0.19442,0.06072,0.78643
8,0.49118,4.15093,1,-0.19442,0.06072,0.78643
9,0.64469,4.15093,1,-0.19442,0.06072,0.78643
10,0.80866,4.15093,1,-0.19442,0.06072,0.78643
11,0.66504,4.15093,1,-0.19442,0.06072,0.78643
12,0.31842,4.15093,1,-0.19442,0.06072,0.78643
13,0.53068,4.15093,1,-0.19442,0.06072,0.78643
14,0.14178,4.15093,1,-0.19442,0.06072,0.78643
15,0.30521,4.15093,1,-0.19442,0.06072,0.78643
16,0.50643,4.15093,1,-0.19442,0.06072,0.78643
17,0.70914,4.15093,1,-0.19442,0.06072,0.78643
18,0.24643,4.15093,1,-0.19442,0.06072,0.78643
19,0.81636,4.15093,1,-0.19442,0.06072,0.78643
20,0.75347,4.15093,1,-0.19442,0.06072,0.78643
