particle,elasticity,weight,frame,x,y,z
1,0.07991,4.15093,1,-0.41453,0.0574,0.24705
2,0.01521,4.15093,1,-0.41556,0.0574,0.24705
3,0.33293,4.15093,1,-0.41052,0.0574,0.24705
4,0.95573,4.15093,1,-0.40065,0.0574,0.24705
5,0.57266,4.15093,1,-0.40672,0.0574,0.24705
6,0.83219,4.15093,1,-0.40261,0.0574,0.24705
7,0.06413,4.15093,1,-0.41478,0.0574,0.24705
8,0.85234,4.15093,1,-0.40229,0.0574,0.24705
9,0.00729,4.15093,1,-0.41568,0.0574,0.24705
10,0.07631,4.15093,1,-0.41459,0.0574,0.24705
11,0.69598,4.15093,1,-0.40477,0.0574,0.24705
12,0.18392,4.15093,1,-0.41288,0.0574,0.24705
13,0.76338,4.15093,1,-0.4037,0.0574,0.24705
14,0.2467,4.15093,1,-0.41189,0.0574,0.24705
15,0.00504,4.15093,1,-0.41572,0.0574,0.24705
16,0.56097,4.15093,1,-0.40691,0.0574,0.24705
17,0.44108,4.15093,1,-0.40881,0.0574,0.24705
18,0.86356,4.15093,1,-0.40211,0.0574,0.24705
19,0.99505,4.15093,1,-0.40003,0.0574,0.24705
20,0.73986,4.15093,1,-0.40407,0.0574,0.24705
