particle,elasticity,weight,frame,x,y,z
1,0.79537,7.01083,1,0.02782,0.33542,0.1323
1,0.79537,7.01083,2,0.08216,0.26601,0.24199
2,0.07359,7.80343,1,0.0304,0.37589,0.0856
2,0.07359,7.80343,2,0.08727,0.3487,0.10241
3,0.55614,7.31196,1,0.02868,0.34883,0.11724
3,0.55614,7.31196,2,0.08386,0.29337,0.19714
4,0.15327,7.73346,1,0.03011,0.37142,0.09094
4,0.15327,7.73346,2,0.08671,0.33955,0.11844
5,0.73402,7.09152,1,0.02804,0.33886,0.12847
5,0.73402,7.09152,2,0.08259,0.27302,0.23062
6,0.44149,7.44313,1,0.02909,0.35525,0.10987
6,0.44149,7.44313,2,0.08467,0.30649,0.17514
7,0.13895,7.74637,1,0.03016,0.37222,0.08998
7,0.13895,7.74637,2,0.08681,0.34119,0.11557
8,0.8336,6.95937,1,0.02769,0.33328,0.13467
8,0.8336,6.95937,2,0.08189,0.26164,0.24903
9,0.06357,7.8119,1,0.03043,0.37645,0.08493
9,0.06357,7.8119,2,0.08734,0.34985,0.10038
10,0.57667,7.28756,1,0.0286,0.34768,0.11855
10,0.57667,7.28756,2,0.08371,0.29102,0.20104
11,0.95036,6.79665,1,0.02727,0.32674,0.14183
11,0.95036,6.79665,2,0.08105,0.24831,0.27031
12,0.75634,7.06244,1,0.02796,0.33761,0.12987
12,0.75634,7.06244,2,0.08243,0.27047,0.23477
13,0.29012,7.60277,1,0.02962,0.36374,0.1
13,0.29012,7.60277,2,0.08575,0.32384,0.14562
14,0.23806,7.65403,1,0.02981,0.36666,0.09657
14,0.23806,7.65403,2,0.08611,0.32982,0.13533
15,0.50216,7.3748,1,0.02887,0.35185,0.11378
15,0.50216,7.3748,2,0.08424,0.29955,0.18682
16,0.03975,7.83176,1,0.03052,0.37779,0.08332
16,0.03975,7.83176,2,0.08751,0.35258,0.09556
17,0.08535,7.79339,1,0.03035,0.37523,0.08639
17,0.08535,7.79339,2,0.08719,0.34735,0.10479
18,0.46159,7.42076,1,0.02901,0.35413,0.11117
18,0.46159,7.42076,2,0.08453,0.30419,0.17902
19,0.48342,7.39617,1,0.02894,0.3529,0.11258
19,0.48342,7.39617,2,0.08438,0.30169,0.18322
20,0.50273,7.37415,1,0.02887,0.35182,0.11382
20,0.50273,7.37415,2,0.08424,0.29948,0.18693
