particle,elasticity,weight,frame,x,y,z
1,0.12421,4.15093,1,-0.30779,0.27754,0.88528
2,0.32146,4.15093,1,-0.30779,0.27753,0.87236
3,0.52128,4.15093,1,-0.30779,0.27753,0.85927
4,0.52928,4.15093,1,-0.30779,0.27753,0.85875
5,0.76334,4.15093,1,-0.30779,0.27752,0.84343
6,0.33964,4.15093,1,-0.30779,0.27753,0.87117
7,0.00252,4.15093,1,-0.30777,0.27748,0.88906
8,0.79626,4.15093,1,-0.30778,0.27752,0.84127
9,0.60879,4.15093,1,-0.30779,0.27753,0.85354
10,0.44591,4.15093,1,-0.30779,0.27753,0.86421
11,0.17748,4.15093,1,-0.30779,0.27754,0.88179
12,0.57226,4.15093,1,-0.30779,0.27753,0.85594
13,0.79351,4.15093,1,-0.30778,0.27752,0.84145
14,0.72562,4.15093,1,-0.30779,0.27752,0.8459
15,0.3157,4.15093,1,-0.30779,0.27753,0.87274
16,0.49565,4.15093,1,-0.30779,0.27753,0.86095
17,0.15385,4.15093,1,-0.30779,0.27754,0.88334
18,0.5649,4.15093,1,-0.30779,0.27753,0.85642
19,0.32606,4.15093,1,-0.30779,0.27753,0.87206
20,0.27919,4.15093,1,-0.30779,0.27753,0.87513
