particle,elasticity,weight,frame,x,y,z
1,0.79104,8.2686,1,0.13468,-0.0545,0.4454
1,0.79104,8.2686,2,0.25431,-0.0485,0.64357
2,0.76823,8.2686,1,0.13468,-0.0545,0.4454
2,0.76823,8.2686,2,0.25431,-0.0485,0.64357
3,0.76274,8.2686,1,0.13468,-0.0545,0.4454
3,0.76274,8.2686,2,0.25431,-0.0485,0.64357
4,0.98415,8.2686,1,0.13468,-0.0545,0.4454
4,0.98415,8.2686,2,0.25431,-0.0485,0.64357
5,0.30546,8.2686,1,0.13468,-0.0545,0.4454
5,0.30546,8.2686,2,0.25431,-0.0485,0.64357
6,0.212,8.2686,1,0.13468,-0.0545,0.4454
6,0.212,8.2686,2,0.25431,-0.0485,0.64357
7,0.6879,8.2686,1,0.13468,-0.0545,0.4454
7,0.6879,8.2686,2,0.25431,-0.0485,0.64357
8,0.04626,8.2686,1,0.13468,-0.0545,0.4454
8,0.04626,8.2686,2,0.25431,-0.0485,0.64357
9,0.57542,8.2686,1,0.13468,-0.0545,0.4454
9,0.57542,8.2686,2,0.25431,-0.0485,0.64357
10,0.03994,8.2686,1,0.13468,-0.0545,0.4454
10,0.03994,8.2686,2,0.25431,-0.0485,0.64357
11,0.96168,8.2686,1,0.13468,-0.0545,0.4454
11,0.96168,8.2686,2,0.25431,-0.0485,0.64357
12,0.93406,8.2686,1,0.13468,-0.0545,0.4454
12,0.93406,8.2686,2,0.25431,-0.0485,0.64357
13,0.61489,8.2686,1,0.13468,-0.0545,0.4454
13,0.61489,8.2686,2,0.25431,-0.0485,0.64357
14,0.56887,8.2686,1,0.13468,-0.0545,0.4454
14,0.56887,8.2686,2,0.25431,-0.0485,0.64357
15,0.76986,8.2686,1,0.13468,-0.0545,0.4454
15,0.76986,8.2686,2,0.25431,-0.0485,0.64357
16,0.16535,8.2686,1,0.13468,-0.0545,0.4454
16,0.16535,8.2686,2,0.25431,-0.0485,0.64357
17,0.93301,8.2686,1,0.13468,-0.0545,0.4454
17,0.93301,8.2686,2,0.25431,-0.0485,0.64357
18,0.29886,8.2686,1,0.13468,-0.0545,0.4454
18,0.29886,8.2686,2,0.25431,-0.0485,0.64357
19,0.17879,8.2686,1,0.13468,-0.0545,0.4454
19,0.17879,8.2686,2,0.25431,-0.0485,0.64357
20,0.54014,8.2686,1,0.13468,-0.0545,0.4454
20,0.54014,8.2686,2,0.25431,-0.0485,0.64357
