particle,elasticity,weight,frame,x,y,z
1,0.81414,4.15093,1,-0.34417,-0.21754,0.12399
2,0.7525,4.15093,1,-0.34452,-0.21714,0.12189
3,0.06824,4.15093,1,-0.34839,-0.21281,0.09863
4,0.90805,4.15093,1,-0.34364,-0.21813,0.12719
5,0.31196,4.15093,1,-0.34702,-0.21434,0.10686
6,0.44646,4.15093,1,-0.34626,-0.2152,0.11145
7,0.02693,4.15093,1,-0.3485,-0.21268,0.09793
8,0.30026,4.15093,1,-0.34709,-0.21427,0.10646
9,0.33688,4.15093,1,-0.34688,-0.2145,0.10771
10,0.18327,4.15093,1,-0.34775,-0.21353,0.10247
11,0.81218,4.15093,1,-0.34418,-0.21752,0.12392
12,0.91472,4.15093,1,-0.3436,-0.21818,0.12742
13,0.26499,4.15093,1,-0.34729,-0.21405,0.10526
14,0.14941,4.15093,1,-0.34794,-0.21331,0.10132
15,0.92603,4.15093,1,-0.34354,-0.21825,0.12781
16,0.59873,4.15093,1,-0.34539,-0.21617,0.11664
17,0.25677,4.15093,1,-0.34733,-0.21399,0.10498
18,0.24402,4.15093,1,-0.34741,-0.21391,0.10454
19,0.99509,4.15093,1,-0.34315,-0.21869,0.13016
20,0.55326,4.15093,1,-0.34565,-0.21588,0.11509
