particle,elasticity,weight,frame,x,y,z
1,0.60104,8.21538,1,0.17508,0.21286,0.77656
1,0.60104,8.21538,2,0.3807,0.38895,0.66988
2,0.06764,8.21538,1,0.17508,0.21286,0.77656
2,0.06764,8.21538,2,0.396,0.3934,0.66956
3,0.38199,8.21538,1,0.17508,0.21286,0.77656
3,0.38199,8.21538,2,0.38679,0.39078,0.66988
4,0.66066,8.21538,1,0.17508,0.21286,0.77656
4,0.66066,8.21538,2,0.37904,0.38846,0.66988
5,0.92219,8.21538,1,0.17508,0.21286,0.77656
5,0.92219,8.21538,2,0.37177,0.38628,0.66988
6,0.95668,8.21538,1,0.17508,0.21286,0.77656
6,0.95668,8.21538,2,0.37081,0.38599,0.66988
7,0.21071,8.21538,1,0.17508,0.21286,0.77656
7,0.21071,8.21538,2,0.39156,0.39221,0.66988
8,0.01564,8.21538,1,0.17508,0.21286,0.77656
8,0.01564,8.21538,2,0.39772,0.39383,0.66941
9,0.71822,8.21538,1,0.17508,0.21286,0.77656
9,0.71822,8.21538,2,0.37744,0.38798,0.66988
10,0.61286,8.21538,1,0.17508,0.21286,0.77656
10,0.61286,8.21538,2,0.38037,0.38886,0.66988
11,0.24518,8.21538,1,0.17508,0.21286,0.77656
11,0.24518,8.21538,2,0.3906,0.39192,0.66988
12,0.89773,8.21538,1,0.17508,0.21286,0.77656
12,0.89773,8.21538,2,0.37245,0.38648,0.66988
13,0.19384,8.21538,1,0.17508,0.21286,0.77656
13,0.19384,8.21538,2,0.39203,0.39235,0.66988
14,0.6521,8.21538,1,0.17508,0.21286,0.77656
14,0.6521,8.21538,2,0.37928,0.38853,0.66988
15,0.26725,8.21538,1,0.17508,0.21286,0.77656
15,0.26725,8.21538,2,0.38998,0.39174,0.66988
16,0.14713,8.21538,1,0.17508,0.21286,0.77656
16,0.14713,8.21538,2,0.39341,0.39274,0.66982
17,0.42041,8.21538,1,0.17508,0.21286,0.77656
17,0.42041,8.21538,2,0.38572,0.39046,0.66988
18,0.67571,8.21538,1,0.17508,0.21286,0.77656
18,0.67571,8.21538,2,0.37862,0.38833,0.66988
19,0.43122,8.21538,1,0.17508,0.21286,0.77656
19,0.43122,8.21538,2,0.38542,0.39037,0.66988
20,0.85244,8.21538,1,0.17508,0.21286,0.77656
20,0.85244,8.21538,2,0.37371,0.38686,0.66988
