particle,elasticity,weight,frame,x,y,z
1,0.91588,4.15093,1,-0.16157,0.00113,0.13809
2,0.54993,4.15093,1,-0.16361,-0.00358,0.11753
3,0.86477,4.15093,1,-0.16186,0.00047,0.13522
4,0.10513,4.15093,1,-0.16609,-0.0093,0.09254
5,0.16311,4.15093,1,-0.16577,-0.00856,0.0958
6,0.59219,4.15093,1,-0.16338,-0.00303,0.1199
7,0.22854,4.15093,1,-0.16541,-0.00772,0.09947
8,0.99747,4.15093,1,-0.16112,0.00218,0.14267
9,0.90779,4.15093,1,-0.16162,0.00103,0.13763
10,0.06078,4.15093,1,-0.16634,-0.00988,0.09005
11,0.46758,4.15093,1,-0.16407,-0.00464,0.1129
12,0.75634,4.15093,1,-0.16246,-0.00092,0.12912
13,0.54117,4.15093,1,-0.16366,-0.00369,0.11704
14,0.4613,4.15093,1,-0.16411,-0.00472,0.11255
15,0.0398,4.15093,1,-0.16645,-0.01012,0.08898
16,0.29189,4.15093,1,-0.16505,-0.0069,0.10303
17,0.87861,4.15093,1,-0.16178,0.00065,0.13599
18,0.25201,4.15093,1,-0.16527,-0.00742,0.10079
19,0.65864,4.15093,1,-0.16301,-0.00218,0.12364
20,0.61239,4.15093,1,-0.16327,-0.00277,0.12104
