particle,elasticity,weight,frame,x,y,z
1,0.00737,8.24197,1,0.21007,0.22382,0.25501
1,0.00737,8.24197,2,0.09603,0.16246,0.09999
2,0.62106,8.24197,1,0.21007,0.22382,0.25501
2,0.62106,8.24197,2,0.09596,0.16242,0.12764
3,0.68639,8.24197,1,0.21007,0.22382,0.25501
3,0.68639,8.24197,2,0.09596,0.16242,0.13165
4,0.91946,8.24197,1,0.21007,0.22382,0.25501
4,0.91946,8.24197,2,0.09597,0.16243,0.14596
5,0.0586,8.24197,1,0.21007,0.22382,0.25501
5,0.0586,8.24197,2,0.09603,0.16246,0.09999
6,0.59737,8.24197,1,0.21007,0.22382,0.25501
6,0.59737,8.24197,2,0.09596,0.16242,0.12618
7,0.54729,8.24197,1,0.21007,0.22382,0.25501
7,0.54729,8.24197,2,0.09596,0.16242,0.12311
8,0.05195,8.24197,1,0.21007,0.22382,0.25501
8,0.05195,8.24197,2,0.09603,0.16246,0.09999
9,0.81736,8.24197,1,0.21007,0.22382,0.25501
9,0.81736,8.24197,2,0.09596,0.16242,0.13969
10,0.41434,8.24197,1,0.21007,0.22382,0.25501
10,0.41434,8.24197,2,0.09596,0.16242,0.11494
11,0.67475,8.24197,1,0.21007,0.22382,0.25501
11,0.67475,8.24197,2,0.09596,0.16242,0.13094
12,0.66381,8.24197,1,0.21007,0.22382,0.25501
12,0.66381,8.24197,2,0.09596,0.16242,0.13026
13,0.27037,8.24197,1,0.21007,0.22382,0.25501
13,0.27037,8.24197,2,0.09596,0.16242,0.10609
14,0.11326,8.24197,1,0.21007,0.22382,0.25501
14,0.11326,8.24197,2,0.09602,0.16245,0.09999
15,0.79731,8.24197,1,0.21007,0.22382,0.25501
15,0.79731,8.24197,2,0.09596,0.16242,0.13846
16,0.64314,8.24197,1,0.21007,0.22382,0.25501
16,0.64314,8.24197,2,0.09596,0.16242,0.12899
17,0.73503,8.24197,1,0.21007,0.22382,0.25501
17,0.73503,8.24197,2,0.09596,0.16242,0.13464
18,0.41079,8.24197,1,0.21007,0.22382,0.25501
18,0.41079,8.24197,2,0.09596,0.16242,0.11472
19,0.2187,8.24197,1,0.21007,0.22382,0.25501
19,0.2187,8.24197,2,0.09596,0.16242,0.10292
20,0.00435,8.24197,1,0.21007,0.22382,0.25501
20,0.00435,8.24197,2,0.09603,0.16246,0.09999
