particle,elasticity,weight,frame,x,y,z
1,0.0549,7.55231,1,-0.38698,-0.37168,0.60952
1,0.0549,7.55231,2,-0.38061,-0.32122,0.72964
2,0.75791,6.46253,1,-0.36892,-0.30065,0.60145
2,0.75791,6.46253,2,-0.28081,-0.16039,0.70427
3,0.26148,7.23113,1,-0.37751,-0.34873,0.60381
3,0.26148,7.23113,2,-0.35649,-0.2693,0.71562
4,0.85235,6.2656,1,-0.36473,-0.29154,0.60125
4,0.85235,6.2656,2,-0.26756,-0.14131,0.70381
5,0.29349,7.18038,1,-0.37648,-0.34527,0.603
5,0.29349,7.18038,2,-0.35399,-0.26151,0.71367
6,0.05326,7.55486,1,-0.38709,-0.37187,0.60957
6,0.05326,7.55486,2,-0.38088,-0.32164,0.72976
7,0.5007,6.842,1,-0.37024,-0.32414,0.59983
7,0.5007,6.842,2,-0.3389,-0.21474,0.70672
8,0.0698,7.52883,1,-0.38603,-0.36998,0.60905
8,0.0698,7.52883,2,-0.37811,-0.31733,0.72848
9,0.75578,6.46715,1,-0.36902,-0.30087,0.60149
9,0.75578,6.46715,2,-0.28109,-0.16087,0.70434
10,0.98887,5.96643,1,-0.35871,-0.27852,0.60124
10,0.98887,5.96643,2,-0.24813,-0.11423,0.70371
11,0.3901,7.0274,1,-0.37349,-0.33537,0.60145
11,0.3901,7.0274,2,-0.34672,-0.23956,0.71022
12,0.63016,6.60967,1,-0.36668,-0.311,0.59793
12,0.63016,6.60967,2,-0.33043,-0.18571,0.7026
13,0.37256,7.05567,1,-0.37402,-0.33715,0.60171
13,0.37256,7.05567,2,-0.34801,-0.2435,0.71078
14,0.76774,6.44115,1,-0.36847,-0.29963,0.6013
14,0.76774,6.44115,2,-0.27957,-0.15817,0.70395
15,0.96472,6.02085,1,-0.35977,-0.28082,0.60124
15,0.96472,6.02085,2,-0.25156,-0.11902,0.70373
16,0.98315,5.97937,1,-0.35896,-0.27907,0.60124
16,0.98315,5.97937,2,-0.24894,-0.11537,0.70372
17,0.03322,7.58584,1,-0.38838,-0.37416,0.61019
17,0.03322,7.58584,2,-0.38426,-0.32688,0.73131
18,0.9834,5.97881,1,-0.35895,-0.27904,0.60124
18,0.9834,5.97881,2,-0.24891,-0.11532,0.70372
19,0.38356,7.03797,1,-0.37368,-0.33603,0.60155
19,0.38356,7.03797,2,-0.3472,-0.24103,0.71043
20,0.68639,6.5037,1,-0.36521,-0.30529,0.59711
20,0.68639,6.5037,2,-0.32699,-0.17311,0.70082
