particle,elasticity,weight,frame,x,y,z
1,0.67233,6.96499,1,-0.39199,0.3743,0.82644
1,0.67233,6.96499,2,-0.33748,0.30932,0.67905
2,0.3771,7.37313,1,-0.396,0.38094,0.85321
2,0.3771,7.37313,2,-0.36002,0.33364,0.73961
3,0.73668,6.86808,1,-0.39137,0.3726,0.82084
3,0.73668,6.86808,2,-0.33291,0.30276,0.66704
4,0.14325,7.65156,1,-0.40167,0.38667,0.87557
4,0.14325,7.65156,2,-0.38043,0.35064,0.79508
5,0.09847,7.70033,1,-0.40282,0.3881,0.87993
5,0.09847,7.70033,2,-0.38465,0.35511,0.80595
6,0.86258,6.67199,1,-0.39027,0.36927,0.81009
6,0.86258,6.67199,2,-0.32422,0.29017,0.64419
7,0.34498,7.41253,1,-0.3967,0.38137,0.85623
7,0.34498,7.41253,2,-0.36268,0.33468,0.74704
8,0.34106,7.41728,1,-0.39679,0.38142,0.85659
8,0.34106,7.41728,2,-0.36301,0.33481,0.74795
9,0.34659,7.41058,1,-0.39667,0.38135,0.85608
9,0.34659,7.41058,2,-0.36254,0.33463,0.74667
10,0.89594,6.61861,1,-0.39001,0.36839,0.80729
10,0.89594,6.61861,2,-0.32195,0.2869,0.63827
11,0.98802,6.46812,1,-0.38936,0.36595,0.79962
11,0.98802,6.46812,2,-0.32106,0.27802,0.62217
12,0.90508,6.60388,1,-0.38994,0.36814,0.80652
12,0.90508,6.60388,2,-0.32187,0.286,0.63666
13,0.30835,7.45641,1,-0.3975,0.38186,0.85967
13,0.30835,7.45641,2,-0.36577,0.33591,0.75554
14,0.62299,7.03771,1,-0.39248,0.37561,0.83078
14,0.62299,7.03771,2,-0.34105,0.31439,0.68842
15,0.15217,7.6416,1,-0.40144,0.38638,0.87471
15,0.15217,7.6416,2,-0.3796,0.34976,0.79292
16,0.2548,7.52139,1,-0.3988,0.38317,0.86478
16,0.2548,7.52139,2,-0.37037,0.33978,0.76821
17,0.85734,6.68032,1,-0.39031,0.36941,0.81054
17,0.85734,6.68032,2,-0.32457,0.29068,0.64513
18,0.14206,7.65288,1,-0.4017,0.38671,0.87569
18,0.14206,7.65288,2,-0.38054,0.35076,0.79537
19,0.69834,6.92609,1,-0.39174,0.37361,0.82416
19,0.69834,6.92609,2,-0.33562,0.30666,0.67416
20,0.67649,6.95878,1,-0.39195,0.37419,0.82607
20,0.67649,6.95878,2,-0.33718,0.30889,0.67826
