particle,elasticity,weight,frame,x,y,z
1,0.15193,4.15093,1,0.22259,-0.06342,0.22725
2,0.91007,4.15093,1,0.22259,-0.06342,0.22725
3,0.38283,4.15093,1,0.22259,-0.06342,0.22725
4,0.75998,4.15093,1,0.22259,-0.06342,0.22725
5,0.07675,4.15093,1,0.22259,-0.06342,0.22725
6,0.7346,4.15093,1,0.22259,-0.06342,0.22725
7,0.03536,4.15093,1,0.22259,-0.06342,0.22725
8,0.5839,4.15093,1,0.22259,-0.06342,0.22725
9,0.65254,4.15093,1,0.22259,-0.06342,0.22725
10,0.97859,4.15093,1,0.22259,-0.06342,0.22725
11,0.02602,4.15093,1,0.22259,-0.06342,0.22725
12,0.56207,4.15093,1,0.22259,-0.06342,0.22725
13,0.73792,4.15093,1,0.22259,-0.06342,0.22725
14,0.86478,4.15093,1,0.22259,-0.06342,0.22725
15,0.9912,4.15093,1,0.22259,-0.06342,0.22725
16,0.63663,4.15093,1,0.22259,-0.06342,0.22725
17,0.44782,4.15093,1,0.22259,-0.06342,0.22725
18,0.06257,4.15093,1,0.22259,-0.06342,0.22725
19,0.40311,4.15093,1,0.22259,-0.06342,0.22725
20,0.55398,4.15093,1,0.22259,-0.06342,0.22725
