particle,elasticity,weight,frame,x,y,z
1,0.76745,4.15093,1,0.36668,-0.10812,0.88542
2,0.3732,4.15093,1,0.38136,-0.10812,0.88542
3,0.20169,4.15093,1,0.38775,-0.10812,0.88542
4,0.35246,4.15093,1,0.38213,-0.10812,0.88542
5,0.2758,4.15093,1,0.38499,-0.10812,0.88542
6,0.57652,4.15093,1,0.37379,-0.10812,0.88542
7,0.9012,4.15093,1,0.3617,-0.10811,0.88542
8,0.29057,4.15093,1,0.38444,-0.10812,0.88542
9,0.21774,4.15093,1,0.38715,-0.10812,0.88542
10,0.17327,4.15093,1,0.38881,-0.10812,0.88542
11,0.28698,4.15093,1,0.38457,-0.10812,0.88542
12,0.8502,4.15093,1,0.3636,-0.10812,0.88542
13,0.44195,4.15093,1,0.3788,-0.10812,0.88542
14,0.6091,4.15093,1,0.37258,-0.10812,0.88542
15,0.99484,4.15093,1,0.35821,-0.10811,0.88542
16,0.86581,4.15093,1,0.36301,-0.10812,0.88542
17,0.46344,4.15093,1,0.378,-0.10812,0.88542
18,0.13116,4.15093,1,0.39038,-0.10812,0.88542
19,0.1427,4.15093,1,0.38995,-0.10812,0.88542
20,0.37269,4.15093,1,0.38138,-0.10812,0.88542
