particle,elasticity,weight,frame,x,y,z
1,0.44686,4.15093,1,-0.37515,0.08829,0.23444
2,0.40591,4.15093,1,-0.37686,0.08837,0.23402
3,0.2137,4.15093,1,-0.38491,0.08875,0.23205
4,0.03562,4.15093,1,-0.39001,0.08899,0.2308
5,0.77569,4.15093,1,-0.36138,0.08764,0.23782
6,0.36073,4.15093,1,-0.37876,0.08846,0.23356
7,0.95945,4.15093,1,-0.35369,0.08727,0.23971
8,0.47781,4.15093,1,-0.37385,0.08823,0.23476
9,0.95414,4.15093,1,-0.35391,0.08728,0.23965
10,0.91485,4.15093,1,-0.35555,0.08736,0.23925
11,0.63521,4.15093,1,-0.36726,0.08792,0.23638
12,0.24895,4.15093,1,-0.38344,0.08868,0.23241
13,0.41597,4.15093,1,-0.37644,0.08835,0.23412
14,0.58353,4.15093,1,-0.36943,0.08802,0.23585
15,0.5001,4.15093,1,-0.37292,0.08818,0.23499
16,0.81399,4.15093,1,-0.35978,0.08756,0.23821
17,0.98115,4.15093,1,-0.35278,0.08723,0.23993
18,0.86435,4.15093,1,-0.35767,0.08746,0.23873
19,0.60559,4.15093,1,-0.3685,0.08797,0.23607
20,0.64728,4.15093,1,-0.36676,0.08789,0.2365
