particle,elasticity,weight,frame,x,y,z
1,0.39395,4.15093,1,-0.28082,-0.19295,0.12027
2,0.26305,4.15093,1,-0.2827,-0.19442,0.11071
3,0.29145,4.15093,1,-0.28229,-0.1941,0.11279
4,0.02797,4.15093,1,-0.2855,-0.19661,0.09642
5,0.44847,4.15093,1,-0.28003,-0.19234,0.12426
6,0.35664,4.15093,1,-0.28135,-0.19337,0.11755
7,0.19925,4.15093,1,-0.28361,-0.19513,0.10605
8,0.83014,4.15093,1,-0.27454,-0.18805,0.15213
9,0.64189,4.15093,1,-0.27725,-0.19017,0.13838
10,0.12242,4.15093,1,-0.28472,-0.19599,0.10044
11,0.08893,4.15093,1,-0.28515,-0.19634,0.09821
12,0.9514,4.15093,1,-0.2728,-0.18669,0.16099
13,0.08359,4.15093,1,-0.2852,-0.19638,0.09795
14,0.72638,4.15093,1,-0.27604,-0.18922,0.14455
15,0.54516,4.15093,1,-0.27864,-0.19125,0.13132
16,0.58062,4.15093,1,-0.27813,-0.19085,0.13391
17,0.96332,4.15093,1,-0.27262,-0.18655,0.16186
18,0.42931,4.15093,1,-0.28031,-0.19255,0.12286
19,0.8019,4.15093,1,-0.27495,-0.18837,0.15007
20,0.87747,4.15093,1,-0.27386,-0.18752,0.15559
