particle,elasticity,weight,frame,x,y,z
1,0.20084,4.15093,1,-0.27541,-0.39074,0.44338
2,0.74612,4.15093,1,-0.27499,-0.3835,0.44161
3,0.91153,4.15093,1,-0.27487,-0.3813,0.44108
4,0.38568,4.15093,1,-0.27527,-0.38828,0.44278
5,0.62974,4.15093,1,-0.27508,-0.38504,0.44199
6,0.84525,4.15093,1,-0.27492,-0.38218,0.44129
7,0.25002,4.15093,1,-0.27537,-0.39009,0.44322
8,0.0228,4.15093,1,-0.27555,-0.3931,0.44395
9,0.07626,4.15093,1,-0.27551,-0.39239,0.44378
10,0.7556,4.15093,1,-0.27499,-0.38337,0.44158
11,0.28352,4.15093,1,-0.27535,-0.38964,0.44311
12,0.31692,4.15093,1,-0.27532,-0.3892,0.443
13,0.17089,4.15093,1,-0.27544,-0.39114,0.44347
14,0.28205,4.15093,1,-0.27535,-0.38966,0.44311
15,0.49991,4.15093,1,-0.27518,-0.38677,0.44241
16,0.60198,4.15093,1,-0.2751,-0.38541,0.44208
17,0.82243,4.15093,1,-0.27493,-0.38248,0.44137
18,0.96258,4.15093,1,-0.27483,-0.38062,0.44091
19,0.60507,4.15093,1,-0.2751,-0.38537,0.44207
20,0.77971,4.15093,1,-0.27497,-0.38305,0.44151
