particle,elasticity,weight,frame,x,y,z
1,0.55623,6.67328,1,0.01576,0.09974,0.69923
2,0.3162,8.77933,1,0.07798,0.14915,0.71825
3,0.67117,6.58054,1,-0.01471,0.28139,0.74235
4,0.94868,7.40062,1,-0.02094,0.12937,0.69147
5,0.49295,10.698,1,0.04863,0.23098,0.69707
6,0.56591,10.07707,1,0.01385,0.26458,0.66342
7,0.94066,5.67669,1,0.1809,0.16512,0.65352
8,0.69877,9.0511,1,-0.01817,0.2623,0.63671
9,0.69089,10.13952,1,0.06834,0.17243,0.61437
10,0.71243,9.25746,1,0.12457,0.21305,0.61977
11,0.00211,10.12184,1,0.07448,0.16129,0.68261
12,0.17113,10.4553,1,0.0259,0.18004,0.6255
13,0.87399,4.18084,1,0.20016,0.25883,0.66243
14,0.31164,10.88797,1,0.02403,0.21564,0.63475
15,0.19783,5.57744,1,0.12989,0.11414,0.59792
16,0.19662,10.47698,1,0.1,0.20473,0.66994
17,0.62036,9.50135,1,0.11205,0.25233,0.63038
18,0.05505,8.93529,1,0.12344,0.23512,0.70457
19,0.61654,9.46421,1,0.06998,0.28035,0.69314
20,0.0642,6.22475,1,-0.06506,0.15098,0.668
