particle,elasticity,weight,frame,x,y,z
1,0.05522,19.47462,1,0.09669,-0.39327,0.18687
1,0.05522,19.47462,2,0.25448,-0.37724,0.09475
2,0.51919,17.87526,1,0.17211,-0.3645,0.22009
2,0.51919,17.87526,2,0.33619,-0.34122,0.11714
3,0.05522,19.47462,1,0.09669,-0.39327,0.18687
3,0.05522,19.47462,2,0.25448,-0.37724,0.09475
4,0.08019,19.8527,1,0.0961,-0.39072,0.18709
4,0.08019,19.8527,2,0.33206,-0.38127,0.13037
5,0.51919,17.87526,1,0.17211,-0.3645,0.22009
5,0.51919,17.87526,2,0.33619,-0.34122,0.11714
6,0.08019,19.8527,1,0.0961,-0.39072,0.18709
6,0.08019,19.8527,2,0.33206,-0.38127,0.13037
7,0.14694,9.24801,1,0.10432,-0.38649,0.10231
7,0.14694,9.24801,2,0.31776,-0.33491,0.23705
8,0.08019,19.8527,1,0.0961,-0.39072,0.18709
8,0.08019,19.8527,2,0.33206,-0.38127,0.13037
9,0.23058,17.14059,1,0.07071,-0.36213,0.14562
9,0.23058,17.14059,2,0.31407,-0.28983,0.09999
10,0.96295,14.37721,1,0.1503,-0.30097,0.10495
10,0.96295,14.37721,2,0.38563,-0.26611,0.10655
11,0.23058,17.14059,1,0.07071,-0.36213,0.14562
11,0.23058,17.14059,2,0.31407,-0.28983,0.09999
12,0.51919,17.87526,1,0.17211,-0.3645,0.22009
12,0.51919,17.87526,2,0.33619,-0.34122,0.11714
13,0.51919,17.87526,1,0.17211,-0.3645,0.22009
13,0.51919,17.87526,2,0.33619,-0.34122,0.11714
14,0.05522,19.47462,1,0.09669,-0.39327,0.18687
14,0.05522,19.47462,2,0.25448,-0.37724,0.09475
15,0.05522,19.47462,1,0.09669,-0.39327,0.18687
15,0.05522,19.47462,2,0.25448,-0.37724,0.09475
16,0.05522,19.47462,1,0.09669,-0.39327,0.18687
16,0.05522,19.47462,2,0.25448,-0.37724,0.09475
17,0.21382,14.87297,1,0.0706,-0.37486,0.09467
17,0.21382,14.87297,2,0.39553,-0.3485,0.10943
18,0.51919,17.87526,1,0.17211,-0.3645,0.22009
18,0.51919,17.87526,2,0.33619,-0.34122,0.11714
19,0.51919,17.87526,1,0.17211,-0.3645,0.22009
19,0.51919,17.87526,2,0.33619,-0.34122,0.11714
20,0.51919,17.87526,1,0.17211,-0.3645,0.22009
20,0.51919,17.87526,2,0.33619,-0.34122,0.11714
