particle,elasticity,weight,frame,x,y,z
1,0.15256,18.84635,1,0.17138,-0.38276,0.34672
1,0.15256,18.84635,2,0.389,-0.41109,0.34874
2,0.30877,19.18717,1,0.27022,-0.37456,0.36054
2,0.30877,19.18717,2,0.39408,-0.35009,0.26977
3,0.30877,19.18717,1,0.27022,-0.37456,0.36054
3,0.30877,19.18717,2,0.39408,-0.35009,0.26977
4,0.12144,19.63775,1,0.273,-0.3866,0.3241
4,0.12144,19.63775,2,0.38821,-0.34271,0.22735
5,0.30877,19.18717,1,0.27022,-0.37456,0.36054
5,0.30877,19.18717,2,0.39408,-0.35009,0.26977
6,0.49837,15.42766,1,0.24722,-0.37372,0.39797
6,0.49837,15.42766,2,0.37926,-0.32074,0.3287
7,0.31494,18.14015,1,0.23872,-0.37823,0.2593
7,0.31494,18.14015,2,0.41042,-0.33233,0.2734
8,0.15256,18.84635,1,0.17138,-0.38276,0.34672
8,0.15256,18.84635,2,0.389,-0.41109,0.34874
9,0.20152,15.56025,1,0.24398,-0.38981,0.36218
9,0.20152,15.56025,2,0.32649,-0.40612,0.26423
10,0.30877,19.18717,1,0.27022,-0.37456,0.36054
10,0.30877,19.18717,2,0.39408,-0.35009,0.26977
11,0.31494,18.14015,1,0.23872,-0.37823,0.2593
11,0.31494,18.14015,2,0.41042,-0.33233,0.2734
12,0.30877,19.18717,1,0.27022,-0.37456,0.36054
12,0.30877,19.18717,2,0.39408,-0.35009,0.26977
13,0.15256,18.84635,1,0.17138,-0.38276,0.34672
13,0.15256,18.84635,2,0.389,-0.41109,0.34874
14,0.30877,19.18717,1,0.27022,-0.37456,0.36054
14,0.30877,19.18717,2,0.39408,-0.35009,0.26977
15,0.49837,15.42766,1,0.24722,-0.37372,0.39797
15,0.49837,15.42766,2,0.37926,-0.32074,0.3287
16,0.31494,18.14015,1,0.23872,-0.37823,0.2593
16,0.31494,18.14015,2,0.41042,-0.33233,0.2734
17,0.12144,19.63775,1,0.273,-0.3866,0.3241
17,0.12144,19.63775,2,0.38821,-0.34271,0.22735
18,0.49837,15.42766,1,0.24722,-0.37372,0.39797
18,0.49837,15.42766,2,0.37926,-0.32074,0.3287
19,0.31494,18.14015,1,0.23872,-0.37823,0.2593
19,0.31494,18.14015,2,0.41042,-0.33233,0.2734
20,0.31494,18.14015,1,0.23872,-0.37823,0.2593
20,0.31494,18.14015,2,0.41042,-0.33233,0.2734
