particle,elasticity,weight,frame,x,y,z
1,0.17922,10.51455,1,0.40177,0.26227,0.16354
2,0.36886,9.72621,1,0.38151,0.3542,0.13628
3,0.38744,10.3888,1,0.37691,0.28323,0.19699
4,0.96115,10.39794,1,0.35591,0.33218,0.21733
5,0.82857,8.27562,1,0.33275,0.21767,0.12421
6,0.96115,10.39794,1,0.35591,0.33218,0.21733
7,0.96115,10.39794,1,0.35591,0.33218,0.21733
8,0.38744,10.3888,1,0.37691,0.28323,0.19699
9,0.17922,10.51455,1,0.40177,0.26227,0.16354
10,0.96115,10.39794,1,0.35591,0.33218,0.21733
11,0.96115,10.39794,1,0.35591,0.33218,0.21733
12,0.36886,9.72621,1,0.38151,0.3542,0.13628
13,0.17922,10.51455,1,0.40177,0.26227,0.16354
14,0.36886,9.72621,1,0.38151,0.3542,0.13628
15,0.38744,10.3888,1,0.37691,0.28323,0.19699
16,0.08027,9.27047,1,0.39742,0.29407,0.20371
17,0.36886,9.72621,1,0.38151,0.3542,0.13628
18,0.96115,10.39794,1,0.35591,0.33218,0.21733
19,0.38744,10.3888,1,0.37691,0.28323,0.19699
20,0.17922,10.51455,1,0.40177,0.26227,0.16354
