particle,elasticity,weight,frame,x,y,z
1,0.8847,5.02379,1,0.28618,0.18946,0.08155
2,0.1168,9.49819,1,0.38964,0.22681,0.19175
3,0.45903,9.87096,1,0.33354,0.21188,0.2267
4,0.93319,10.11101,1,0.2562,0.22299,0.19225
5,0.45903,9.87096,1,0.33354,0.21188,0.2267
6,0.33118,8.27681,1,0.35191,0.1753,0.31309
7,0.05627,10.8838,1,0.38966,0.18359,0.21132
8,0.93319,10.11101,1,0.2562,0.22299,0.19225
9,0.4096,9.07615,1,0.36699,0.21962,0.26882
10,0.25777,8.35071,1,0.36227,0.11057,0.14887
11,0.93319,10.11101,1,0.2562,0.22299,0.19225
12,0.05627,10.8838,1,0.38966,0.18359,0.21132
13,0.45903,9.87096,1,0.33354,0.21188,0.2267
14,0.8746,8.09047,1,0.30808,0.11851,0.13391
15,0.21838,9.80414,1,0.35655,0.16331,0.2259
16,0.25777,8.35071,1,0.36227,0.11057,0.14887
17,0.05627,10.8838,1,0.38966,0.18359,0.21132
18,0.31671,8.664,1,0.34027,0.17925,0.14626
19,0.25777,8.35071,1,0.36227,0.11057,0.14887
20,0.05627,10.8838,1,0.38966,0.18359,0.21132
