particle,elasticity,weight,frame,x,y,z
1,0.3666,5.35337,1,0.39624,0.3108,0.10146
2,0.38268,9.85204,1,0.4012,0.27509,0.09765
3,0.79743,6.05676,1,0.41475,0.24597,0.15145
4,0.76145,6.45495,1,0.3296,0.29892,0.17191
5,0.22248,10.54565,1,0.38405,0.2329,0.10435
6,0.34517,3.15934,1,0.34954,0.25511,0.11266
7,0.37884,7.72932,1,0.38037,0.62118,0.10431
8,0.04878,8.51359,1,0.39779,0.24217,0.1649
9,0.59461,10.70188,1,0.38286,0.19404,0.11459
10,0.07943,10.04907,1,0.39544,0.16749,0.09861
11,0.06518,8.55524,1,0.39575,0.17983,0.10007
12,0.48126,9.33545,1,0.37046,0.15309,0.10232
13,0.5586,-10.20304,1,0.2912,0.12864,0.08576
14,0.71267,9.88631,1,0.36637,0.27523,0.10584
15,0.43004,7.9059,1,0.38622,0.22921,0.10487
16,0.8834,3.56317,1,0.31907,0.28705,0.18979
17,0.39197,9.91989,1,0.38246,0.17486,0.13167
18,0.81719,6.37722,1,0.33655,0.21797,0.1889
19,0.35896,9.174,1,0.40158,0.15406,0.11112
20,0.17883,9.35577,1,0.39802,0.25913,0.12819
