particle,elasticity,weight,frame,x,y,z
1,0.6725,18.70549,1,0.2005,-0.01526,0.59801
1,0.6725,18.70549,2,0.38051,-0.13814,0.32968
2,0.53218,19.05398,1,0.2005,-0.01526,0.59801
2,0.53218,19.05398,2,0.39205,-0.13827,0.3916
3,0.22142,18.26767,1,0.19204,0.0578,0.51849
3,0.22142,18.26767,2,0.3897,-0.12954,0.39274
4,0.20193,15.43845,1,0.16736,0.06411,0.51768
4,0.20193,15.43845,2,0.38239,-0.06686,0.38632
5,0.58668,20.1321,1,0.09457,-0.00063,0.54066
5,0.58668,20.1321,2,0.2999,-0.17107,0.29499
6,0.6725,18.70549,1,0.2005,-0.01526,0.59801
6,0.6725,18.70549,2,0.38051,-0.13814,0.32968
7,0.58668,20.1321,1,0.09457,-0.00063,0.54066
7,0.58668,20.1321,2,0.2999,-0.17107,0.29499
8,0.58181,19.30913,1,0.09457,-0.00063,0.54066
8,0.58181,19.30913,2,0.34742,-0.2266,0.40353
9,0.89241,19.40584,1,0.11875,0.05375,0.55706
9,0.89241,19.40584,2,0.3649,-0.10355,0.43946
10,0.53218,19.05398,1,0.2005,-0.01526,0.59801
10,0.53218,19.05398,2,0.39205,-0.13827,0.3916
11,0.51306,19.20077,1,0.16181,-0.02173,0.48193
11,0.51306,19.20077,2,0.35404,-0.11429,0.27562
12,0.61096,19.9173,1,0.09457,-0.00063,0.54066
12,0.61096,19.9173,2,0.28823,-0.20225,0.32609
13,0.6725,18.70549,1,0.2005,-0.01526,0.59801
13,0.6725,18.70549,2,0.38051,-0.13814,0.32968
14,0.53218,19.05398,1,0.2005,-0.01526,0.59801
14,0.53218,19.05398,2,0.39205,-0.13827,0.3916
15,0.58668,20.1321,1,0.09457,-0.00063,0.54066
15,0.58668,20.1321,2,0.2999,-0.17107,0.29499
16,0.51306,19.20077,1,0.16181,-0.02173,0.48193
16,0.51306,19.20077,2,0.35404,-0.11429,0.27562
17,0.97538,20.53316,1,0.13275,-0.03871,0.53
17,0.97538,20.53316,2,0.34486,-0.19857,0.39606
18,0.6725,18.70549,1,0.2005,-0.01526,0.59801
18,0.6725,18.70549,2,0.38051,-0.13814,0.32968
19,0.61096,19.9173,1,0.09457,-0.00063,0.54066
19,0.61096,19.9173,2,0.28823,-0.20225,0.32609
20,0.58181,19.30913,1,0.09457,-0.00063,0.54066
20,0.58181,19.30913,2,0.34742,-0.2266,0.40353
