particle,elasticity,weight,frame,x,y,z
1,0.9111,9.44188,1,0.36421,-0.35934,0.85335
2,0.85701,10.52395,1,0.36576,-0.3364,0.86315
3,0.10705,7.37361,1,0.38867,-0.39643,0.88098
4,0.9111,9.44188,1,0.36421,-0.35934,0.85335
5,0.30181,9.08581,1,0.38589,-0.37663,0.86964
6,0.88267,8.86604,1,0.38617,-0.35034,0.87735
7,0.85701,10.52395,1,0.36576,-0.3364,0.86315
8,0.1217,10.4041,1,0.38272,-0.38706,0.88991
9,0.85701,10.52395,1,0.36576,-0.3364,0.86315
10,0.75333,7.41172,1,0.36992,-0.34416,0.86032
11,0.21481,6.03611,1,0.40784,-0.37344,0.86311
12,0.53672,8.6021,1,0.37207,-0.37427,0.86143
13,0.1217,10.4041,1,0.38272,-0.38706,0.88991
14,0.9111,9.44188,1,0.36421,-0.35934,0.85335
15,0.28522,5.72728,1,0.38294,-0.36372,0.76169
16,0.85701,10.52395,1,0.36576,-0.3364,0.86315
17,0.30181,9.08581,1,0.38589,-0.37663,0.86964
18,0.1217,10.4041,1,0.38272,-0.38706,0.88991
19,0.1217,10.4041,1,0.38272,-0.38706,0.88991
20,0.85701,10.52395,1,0.36576,-0.3364,0.86315
