particle,elasticity,weight,frame,x,y,z
1,0.93044,18.12292,1,0.28342,0.13302,0.41605
1,0.93044,18.12292,2,0.28918,0.01574,0.64562
2,0.93044,18.12292,1,0.28342,0.13302,0.41605
2,0.93044,18.12292,2,0.28918,0.01574,0.64562
3,0.93044,18.12292,1,0.28342,0.13302,0.41605
3,0.93044,18.12292,2,0.28918,0.01574,0.64562
4,0.22133,17.23848,1,0.37245,0.17717,0.39941
4,0.22133,17.23848,2,0.26173,0.11633,0.66805
5,0.93044,18.12292,1,0.28342,0.13302,0.41605
5,0.93044,18.12292,2,0.28918,0.01574,0.64562
6,0.93044,18.12292,1,0.28342,0.13302,0.41605
6,0.93044,18.12292,2,0.28918,0.01574,0.64562
7,0.93044,18.12292,1,0.28342,0.13302,0.41605
7,0.93044,18.12292,2,0.28918,0.01574,0.64562
8,0.93044,18.12292,1,0.28342,0.13302,0.41605
8,0.93044,18.12292,2,0.28918,0.01574,0.64562
9,0.93044,18.12292,1,0.28342,0.13302,0.41605
9,0.93044,18.12292,2,0.28918,0.01574,0.64562
10,0.73785,16.3225,1,0.30558,0.13045,0.42097
10,0.73785,16.3225,2,0.23078,0.04991,0.70239
11,0.93044,18.12292,1,0.28342,0.13302,0.41605
11,0.93044,18.12292,2,0.28918,0.01574,0.64562
12,0.22133,17.23848,1,0.37245,0.17717,0.39941
12,0.22133,17.23848,2,0.26173,0.11633,0.66805
13,0.2788,17.02477,1,0.36453,0.18426,0.48662
13,0.2788,17.02477,2,0.40634,0.11758,0.76669
14,0.82241,15.82033,1,0.29585,0.13158,0.41881
14,0.82241,15.82033,2,0.21715,0.06665,0.55847
15,0.93044,18.12292,1,0.28342,0.13302,0.41605
15,0.93044,18.12292,2,0.28918,0.01574,0.64562
16,0.93044,18.12292,1,0.28342,0.13302,0.41605
16,0.93044,18.12292,2,0.28918,0.01574,0.64562
17,0.05298,16.70327,1,0.3876,0.18158,0.49172
17,0.05298,16.70327,2,0.29153,0.06482,0.6375
18,0.2788,17.02477,1,0.36453,0.18426,0.48662
18,0.2788,17.02477,2,0.40634,0.11758,0.76669
19,0.22133,17.23848,1,0.37245,0.17717,0.39941
19,0.22133,17.23848,2,0.26173,0.11633,0.66805
20,0.93044,18.12292,1,0.28342,0.13302,0.41605
20,0.93044,18.12292,2,0.28918,0.01574,0.64562
