particle,elasticity,weight,frame,x,y,z
1,0.53964,9.61353,1,0.07053,-0.09653,0.79364
2,0.64705,9.18485,1,0.09435,-0.10444,0.78429
3,0.64705,9.18485,1,0.09435,-0.10444,0.78429
4,0.35362,8.05414,1,-0.00501,-0.11011,0.83587
5,0.53452,6.91289,1,0.00344,-0.06895,0.79946
6,0.10956,8.99309,1,0.09026,-0.11947,0.88699
7,0.49111,10.07591,1,0.08321,-0.21341,0.81361
8,0.49972,8.43766,1,0.16348,-0.1433,0.8003
9,0.35362,8.05414,1,-0.00501,-0.11011,0.83587
10,0.06412,8.12266,1,0.13804,-0.24632,0.87763
11,0.53964,9.61353,1,0.07053,-0.09653,0.79364
12,0.49111,10.07591,1,0.08321,-0.21341,0.81361
13,0.35362,8.05414,1,-0.00501,-0.11011,0.83587
14,0.55073,8.15712,1,0.05798,-0.27048,0.80434
15,0.64705,9.18485,1,0.09435,-0.10444,0.78429
16,0.64705,9.18485,1,0.09435,-0.10444,0.78429
17,0.49111,10.07591,1,0.08321,-0.21341,0.81361
18,0.49111,10.07591,1,0.08321,-0.21341,0.81361
19,0.53964,9.61353,1,0.07053,-0.09653,0.79364
20,0.55073,8.15712,1,0.05798,-0.27048,0.80434
