particle,elasticity,weight,frame,x,y,z
1,0.55468,7.10499,1,0.06472,-0.19582,0.28288
2,0.31101,9.85173,1,0.19594,-0.21156,0.40627
3,0.70046,10.83384,1,0.12033,-0.23442,0.3443
4,0.70046,10.83384,1,0.12033,-0.23442,0.3443
5,0.93601,7.1356,1,0.04595,-0.27254,0.34759
6,0.70046,10.83384,1,0.12033,-0.23442,0.3443
7,0.31935,10.62733,1,0.16562,-0.21913,0.30728
8,0.31101,9.85173,1,0.19594,-0.21156,0.40627
9,0.31101,9.85173,1,0.19594,-0.21156,0.40627
10,0.70046,10.83384,1,0.12033,-0.23442,0.3443
11,0.31935,10.62733,1,0.16562,-0.21913,0.30728
12,0.31935,10.62733,1,0.16562,-0.21913,0.30728
13,0.31101,9.85173,1,0.19594,-0.21156,0.40627
14,0.31101,9.85173,1,0.19594,-0.21156,0.40627
15,0.70046,10.83384,1,0.12033,-0.23442,0.3443
16,0.22623,6.99313,1,0.17197,-0.28518,0.24506
17,0.05571,8.76986,1,0.07846,-0.2477,0.30617
18,0.31935,10.62733,1,0.16562,-0.21913,0.30728
19,0.31935,10.62733,1,0.16562,-0.21913,0.30728
20,0.05571,8.76986,1,0.07846,-0.2477,0.30617
