particle,elasticity,weight,frame,x,y,z
1,0.03494,17.99703,1,0.06029,0.40537,0.47254
1,0.03494,17.99703,2,-0.06615,0.58837,0.32946
2,0.28814,14.66278,1,-0.04363,0.38568,0.44654
2,0.28814,14.66278,2,-0.04986,0.5993,0.23725
3,0.00938,20.61157,1,0.06029,0.40798,0.47254
3,0.00938,20.61157,2,0.04587,0.40493,0.23659
4,0.00938,20.61157,1,0.06029,0.40798,0.47254
4,0.00938,20.61157,2,0.04587,0.40493,0.23659
5,0.00938,20.61157,1,0.06029,0.40798,0.47254
5,0.00938,20.61157,2,0.04587,0.40493,0.23659
6,0.03494,17.99703,1,0.06029,0.40537,0.47254
6,0.03494,17.99703,2,-0.06615,0.58837,0.32946
7,0.28814,14.66278,1,-0.04363,0.38568,0.44654
7,0.28814,14.66278,2,-0.04986,0.5993,0.23725
8,0.00938,20.61157,1,0.06029,0.40798,0.47254
8,0.00938,20.61157,2,0.04587,0.40493,0.23659
9,0.00938,20.61157,1,0.06029,0.40798,0.47254
9,0.00938,20.61157,2,0.04587,0.40493,0.23659
10,0.00938,20.61157,1,0.06029,0.40798,0.47254
10,0.00938,20.61157,2,0.04587,0.40493,0.23659
11,0.00938,20.61157,1,0.06029,0.40798,0.47254
11,0.00938,20.61157,2,0.04587,0.40493,0.23659
12,0.00938,20.61157,1,0.06029,0.40798,0.47254
12,0.00938,20.61157,2,0.04587,0.40493,0.23659
13,0.00938,20.61157,1,0.06029,0.40798,0.47254
13,0.00938,20.61157,2,0.04587,0.40493,0.23659
14,0.00938,20.61157,1,0.06029,0.40798,0.47254
14,0.00938,20.61157,2,0.04587,0.40493,0.23659
15,0.00938,20.61157,1,0.06029,0.40798,0.47254
15,0.00938,20.61157,2,0.04587,0.40493,0.23659
16,0.00938,20.61157,1,0.06029,0.40798,0.47254
16,0.00938,20.61157,2,0.04587,0.40493,0.23659
17,0.03494,17.99703,1,0.06029,0.40537,0.47254
17,0.03494,17.99703,2,-0.06615,0.58837,0.32946
18,0.00938,20.61157,1,0.06029,0.40798,0.47254
18,0.00938,20.61157,2,0.04587,0.40493,0.23659
19,0.28814,14.66278,1,-0.04363,0.38568,0.44654
19,0.28814,14.66278,2,-0.04986,0.5993,0.23725
20,0.00938,20.61157,1,0.06029,0.40798,0.47254
20,0.00938,20.61157,2,0.04587,0.40493,0.23659
