particle,elasticity,weight,frame,x,y,z
1,0.86898,21.51631,1,0.07211,-0.02203,0.42751
1,0.86898,21.51631,2,0.21992,0.13736,0.31145
2,0.36928,19.53181,1,0.07193,0.01231,0.46914
2,0.36928,19.53181,2,0.24839,0.17615,0.3014
3,0.83962,20.36831,1,0.07211,-0.02203,0.42751
3,0.83962,20.36831,2,0.21877,0.10925,0.25128
4,0.76963,16.68529,1,0.1887,0.02125,0.41729
4,0.76963,16.68529,2,0.30422,0.10232,0.26603
5,0.15572,21.11292,1,0.08124,0.00493,0.4064
5,0.15572,21.11292,2,0.19334,0.10246,0.33514
6,0.15572,21.11292,1,0.08124,0.00493,0.4064
6,0.15572,21.11292,2,0.19334,0.10246,0.33514
7,0.78316,18.08222,1,0.08995,-0.02404,0.45797
7,0.78316,18.08222,2,0.10623,0.04074,0.31528
8,0.36928,19.53181,1,0.07193,0.01231,0.46914
8,0.36928,19.53181,2,0.24839,0.17615,0.3014
9,0.15572,21.11292,1,0.08124,0.00493,0.4064
9,0.15572,21.11292,2,0.19334,0.10246,0.33514
10,0.75983,20.89989,1,0.07211,-0.02203,0.42751
10,0.75983,20.89989,2,0.201,0.10763,0.38163
11,0.73146,18.29766,1,0.08995,-0.02404,0.45797
11,0.73146,18.29766,2,0.18789,0.04147,0.23437
12,0.86898,21.51631,1,0.07211,-0.02203,0.42751
12,0.86898,21.51631,2,0.21992,0.13736,0.31145
13,0.15572,21.11292,1,0.08124,0.00493,0.4064
13,0.15572,21.11292,2,0.19334,0.10246,0.33514
14,0.86898,21.51631,1,0.07211,-0.02203,0.42751
14,0.86898,21.51631,2,0.21992,0.13736,0.31145
15,0.15572,21.11292,1,0.08124,0.00493,0.4064
15,0.15572,21.11292,2,0.19334,0.10246,0.33514
16,0.26971,18.12417,1,0.08124,0.00493,0.4064
16,0.26971,18.12417,2,0.11935,0.14678,0.26395
17,0.83962,20.36831,1,0.07211,-0.02203,0.42751
17,0.83962,20.36831,2,0.21877,0.10925,0.25128
18,0.86898,21.51631,1,0.07211,-0.02203,0.42751
18,0.86898,21.51631,2,0.21992,0.13736,0.31145
19,0.86898,21.51631,1,0.07211,-0.02203,0.42751
19,0.86898,21.51631,2,0.21992,0.13736,0.31145
20,0.7681,19.42453,1,0.17423,-0.01557,0.46449
20,0.7681,19.42453,2,0.17954,0.09229,0.36646
