particle,elasticity,weight,frame,x,y,z
1,0.27274,9.62537,1,-0.13052,0.24355,0.10623
2,0.55943,7.35368,1,-0.04552,0.2652,0.14847
3,0.67354,9.4635,1,-0.06959,0.27624,0.08973
4,0.98697,9.87929,1,-0.13177,0.20091,0.16036
5,0.99747,10.43364,1,-0.08529,0.17959,0.13976
6,0.27274,9.62537,1,-0.13052,0.24355,0.10623
7,0.79782,10.57552,1,-0.09678,0.17587,0.14
8,0.04576,11.06571,1,-0.09922,0.21811,0.0877
9,0.73313,10.55791,1,-0.10864,0.23907,0.14864
10,0.99747,10.43364,1,-0.08529,0.17959,0.13976
11,0.04576,11.06571,1,-0.09922,0.21811,0.0877
12,0.73313,10.55791,1,-0.10864,0.23907,0.14864
13,0.46837,9.14344,1,-0.04833,0.22031,0.10306
14,0.73313,10.55791,1,-0.10864,0.23907,0.14864
15,0.73313,10.55791,1,-0.10864,0.23907,0.14864
16,0.79782,10.57552,1,-0.09678,0.17587,0.14
17,0.98697,9.87929,1,-0.13177,0.20091,0.16036
18,0.98697,9.87929,1,-0.13177,0.20091,0.16036
19,0.67354,9.4635,1,-0.06959,0.27624,0.08973
20,0.04576,11.06571,1,-0.09922,0.21811,0.0877
