particle,elasticity,weight,frame,x,y,z
1,0.55215,4.15093,1,-0.00594,0.10417,0.11487
2,0.21597,4.15093,1,-0.00735,0.10723,0.10135
3,0.36114,4.15093,1,-0.00674,0.10591,0.10719
4,0.99542,4.15093,1,-0.00407,0.10013,0.13268
5,0.97641,4.15093,1,-0.00415,0.1003,0.13192
6,0.41682,4.15093,1,-0.00651,0.1054,0.10943
7,0.19936,4.15093,1,-0.00742,0.10738,0.10069
8,0.4346,4.15093,1,-0.00643,0.10524,0.11014
9,0.59558,4.15093,1,-0.00576,0.10377,0.11661
10,0.53483,4.15093,1,-0.00601,0.10433,0.11417
11,0.86623,4.15093,1,-0.00461,0.10131,0.12749
12,0.15793,4.15093,1,-0.0076,0.10775,0.09902
13,0.20476,4.15093,1,-0.0074,0.10733,0.1009
14,0.09401,4.15093,1,-0.00787,0.10833,0.09645
15,0.98893,4.15093,1,-0.0041,0.10019,0.13242
16,0.44827,4.15093,1,-0.00638,0.10511,0.11069
17,0.83245,4.15093,1,-0.00476,0.10162,0.12613
18,0.65365,4.15093,1,-0.00551,0.10324,0.11895
19,0.29298,4.15093,1,-0.00703,0.10653,0.10445
20,0.44251,4.15093,1,-0.0064,0.10517,0.11046
