particle,elasticity,weight,frame,x,y,z
1,0.13702,7.91006,1,-0.18666,-0.38865,0.16119
1,0.13702,7.91006,2,-0.20575,-0.35929,0.17587
2,0.99333,7.12918,1,-0.18665,-0.324,0.16117
2,0.99333,7.12918,2,-0.20566,-0.17903,0.17576
3,0.1717,7.88653,1,-0.18666,-0.38603,0.16118
3,0.1717,7.88653,2,-0.20575,-0.35196,0.17587
4,0.30337,7.79097,1,-0.18666,-0.37608,0.16118
4,0.30337,7.79097,2,-0.20573,-0.32418,0.17585
5,0.08773,7.94232,1,-0.18666,-0.39238,0.16119
5,0.08773,7.94232,2,-0.20575,-0.3697,0.17588
6,0.18046,7.88048,1,-0.18666,-0.38537,0.16118
6,0.18046,7.88048,2,-0.20574,-0.35011,0.17587
7,0.34103,7.76183,1,-0.18666,-0.37324,0.16118
7,0.34103,7.76183,2,-0.20573,-0.31623,0.17585
8,0.51097,7.62027,1,-0.18666,-0.3604,0.16118
8,0.51097,7.62027,2,-0.20571,-0.28042,0.17583
9,0.12033,7.92114,1,-0.18666,-0.38991,0.16119
9,0.12033,7.92114,2,-0.20575,-0.36281,0.17587
10,0.21046,7.85943,1,-0.18666,-0.3831,0.16118
10,0.21046,7.85943,2,-0.20574,-0.34378,0.17586
11,0.19755,7.86855,1,-0.18666,-0.38408,0.16118
11,0.19755,7.86855,2,-0.20574,-0.34651,0.17586
12,0.82637,7.31409,1,-0.18665,-0.33659,0.16117
12,0.82637,7.31409,2,-0.20568,-0.21408,0.17579
13,0.64387,7.49814,1,-0.18665,-0.35037,0.16118
13,0.64387,7.49814,2,-0.2057,-0.25245,0.17581
14,0.3349,7.76663,1,-0.18666,-0.3737,0.16118
14,0.3349,7.76663,2,-0.20573,-0.31753,0.17585
15,0.95183,7.17662,1,-0.18665,-0.32713,0.16117
15,0.95183,7.17662,2,-0.20566,-0.18774,0.17577
16,0.57834,7.55961,1,-0.18666,-0.35531,0.16118
16,0.57834,7.55961,2,-0.2057,-0.26624,0.17582
17,0.04131,7.97143,1,-0.18666,-0.39588,0.16119
17,0.04131,7.97143,2,-0.20576,-0.37951,0.17588
18,0.73523,7.40836,1,-0.18665,-0.34347,0.16118
18,0.73523,7.40836,2,-0.20569,-0.23323,0.1758
19,0.02475,7.98152,1,-0.18666,-0.39714,0.16119
19,0.02475,7.98152,2,-0.20576,-0.38301,0.17588
20,0.89661,7.23822,1,-0.18665,-0.33129,0.16117
20,0.89661,7.23822,2,-0.20567,-0.19933,0.17578
