particle,elasticity,weight,frame,x,y,z
1,0.73491,4.15093,1,-0.08195,0.05915,0.32816
2,0.44516,4.15093,1,-0.08195,0.05915,0.32816
3,0.54176,4.15093,1,-0.08195,0.05915,0.32816
4,0.81596,4.15093,1,-0.08195,0.05915,0.32816
5,0.14621,4.15093,1,-0.08195,0.05915,0.32816
6,0.88628,4.15093,1,-0.08195,0.05915,0.32816
7,0.76119,4.15093,1,-0.08195,0.05915,0.32816
8,0.07354,4.15093,1,-0.08195,0.05915,0.32816
9,0.07622,4.15093,1,-0.08195,0.05915,0.32816
10,0.07668,4.15093,1,-0.08195,0.05915,0.32816
11,0.5811,4.15093,1,-0.08195,0.05915,0.32816
12,0.07795,4.15093,1,-0.08195,0.05915,0.32816
13,0.65339,4.15093,1,-0.08195,0.05915,0.32816
14,0.53074,4.15093,1,-0.08195,0.05915,0.32816
15,0.54277,4.15093,1,-0.08195,0.05915,0.32816
16,0.42617,4.15093,1,-0.08195,0.05915,0.32816
17,0.39595,4.15093,1,-0.08195,0.05915,0.32816
18,0.78103,4.15093,1,-0.08195,0.05915,0.32816
19,0.22122,4.15093,1,-0.08195,0.05915,0.32816
20,0.73803,4.15093,1,-0.08195,0.05915,0.32816
