particle,elasticity,weight,frame,x,y,z
1,0.69374,4.15093,1,-0.41365,0.1407,0.52514
2,0.55723,4.15093,1,-0.41365,0.1407,0.52514
3,0.48545,4.15093,1,-0.41365,0.1407,0.52514
4,0.74524,4.15093,1,-0.41365,0.1407,0.52514
5,0.13937,4.15093,1,-0.41365,0.1407,0.52514
6,0.42779,4.15093,1,-0.41365,0.1407,0.52514
7,0.07757,4.15093,1,-0.41365,0.1407,0.52514
8,0.63133,4.15093,1,-0.41365,0.1407,0.52514
9,0.39681,4.15093,1,-0.41365,0.1407,0.52514
10,0.27449,4.15093,1,-0.41365,0.1407,0.52514
11,0.11232,4.15093,1,-0.41365,0.1407,0.52514
12,0.55748,4.15093,1,-0.41365,0.1407,0.52514
13,0.51728,4.15093,1,-0.41365,0.1407,0.52514
14,0.12735,4.15093,1,-0.41365,0.1407,0.52514
15,0.21625,4.15093,1,-0.41365,0.1407,0.52514
16,0.91283,4.15093,1,-0.41365,0.1407,0.52514
17,0.31957,4.15093,1,-0.41365,0.1407,0.52514
18,0.54314,4.15093,1,-0.41365,0.1407,0.52514
19,0.12533,4.15093,1,-0.41365,0.1407,0.52514
20,0.04616,4.15093,1,-0.41365,0.1407,0.52514
