particle,elasticity,weight,frame,x,y,z
1,0.2739,4.15093,1,-0.38517,0.37979,0.64275
2,0.56614,4.15093,1,-0.36513,0.36031,0.63432
3,0.12983,4.15093,1,-0.39509,0.38326,0.64571
4,0.8546,4.15093,1,-0.34587,0.34168,0.62815
5,0.29963,4.15093,1,-0.38338,0.37806,0.642
6,0.83316,4.15093,1,-0.34728,0.34304,0.6284
7,0.43846,4.15093,1,-0.37382,0.36877,0.63799
8,0.9793,4.15093,1,-0.3377,0.3338,0.6267
9,0.23188,4.15093,1,-0.38809,0.38263,0.64397
10,0.47593,4.15093,1,-0.37126,0.36628,0.63691
11,0.01182,4.15093,1,-0.40305,0.38365,0.64767
12,0.67302,4.15093,1,-0.35794,0.35329,0.63126
13,0.82018,4.15093,1,-0.34814,0.34386,0.62855
14,0.14852,4.15093,1,-0.39383,0.38352,0.64546
15,0.22949,4.15093,1,-0.38826,0.38279,0.64404
16,0.10477,4.15093,1,-0.39679,0.38338,0.64613
17,0.263,4.15093,1,-0.38592,0.38053,0.64307
18,0.78481,4.15093,1,-0.35048,0.3461,0.62896
19,0.602,4.15093,1,-0.36271,0.35794,0.63329
20,0.08929,4.15093,1,-0.39783,0.38342,0.64639
