particle,elasticity,weight,frame,x,y,z
1,0.14379,8.28269,1,0.39464,-0.38721,0.4338
1,0.14379,8.28269,2,0.36494,-0.36941,0.31056
2,0.95023,8.24527,1,0.37917,-0.37867,0.43464
2,0.95023,8.24527,2,0.22025,-0.3253,0.31475
3,0.73538,8.25814,1,0.38321,-0.38095,0.43442
3,0.73538,8.25814,2,0.25793,-0.33704,0.31362
4,0.10732,8.28365,1,0.39536,-0.38759,0.43376
4,0.10732,8.28365,2,0.37169,-0.37141,0.31037
5,0.90019,8.24845,1,0.38011,-0.3792,0.43459
5,0.90019,8.24845,2,0.22897,-0.32803,0.31449
6,0.91774,8.24734,1,0.37978,-0.37902,0.43461
6,0.91774,8.24734,2,0.22591,-0.32708,0.31458
7,0.0026,8.28606,1,0.39743,-0.3887,0.43365
7,0.0026,8.28606,2,0.39117,-0.37715,0.30985
8,0.22571,8.28028,1,0.39303,-0.38634,0.43389
8,0.22571,8.28028,2,0.34984,-0.36492,0.31097
9,0.14175,8.28274,1,0.39468,-0.38723,0.4338
9,0.14175,8.28274,2,0.36532,-0.36953,0.31055
10,0.93331,8.24635,1,0.37949,-0.37885,0.43463
10,0.93331,8.24635,2,0.2232,-0.32623,0.31466
11,0.71868,8.25906,1,0.38353,-0.38112,0.4344
11,0.71868,8.25906,2,0.26089,-0.33795,0.31353
12,0.11798,8.28338,1,0.39515,-0.38748,0.43377
12,0.11798,8.28338,2,0.36971,-0.37083,0.31043
13,0.29437,8.27801,1,0.39169,-0.38561,0.43396
13,0.29437,8.27801,2,0.33725,-0.36116,0.31133
14,0.46827,8.27126,1,0.38831,-0.38377,0.43414
14,0.46827,8.27126,2,0.30566,-0.35164,0.31222
15,0.74897,8.25739,1,0.38295,-0.3808,0.43443
15,0.74897,8.25739,2,0.25553,-0.33629,0.31369
16,0.4574,8.27172,1,0.38852,-0.38389,0.43413
16,0.4574,8.27172,2,0.30762,-0.35224,0.31217
17,0.55161,8.26752,1,0.38671,-0.38289,0.43423
17,0.55161,8.26752,2,0.29067,-0.34708,0.31266
18,0.72034,8.25897,1,0.38349,-0.38111,0.4344
18,0.72034,8.25897,2,0.2606,-0.33786,0.31354
19,0.43482,8.27267,1,0.38896,-0.38413,0.4341
19,0.43482,8.27267,2,0.31171,-0.35347,0.31205
20,0.18536,8.28151,1,0.39382,-0.38677,0.43384
20,0.18536,8.28151,2,0.35727,-0.36713,0.31077
