particle,elasticity,weight,frame,x,y,z
1,0.90593,4.15093,1,-0.27553,0.0308,0.43456
2,0.96996,4.15093,1,-0.26683,0.03081,0.43455
3,0.63635,4.15093,1,-0.31219,0.03076,0.43461
4,0.11989,4.15093,1,-0.38252,0.03072,0.43466
5,0.30674,4.15093,1,-0.35707,0.03073,0.43465
6,0.45055,4.15093,1,-0.33748,0.03074,0.43463
7,0.84348,4.15093,1,-0.28402,0.03079,0.43457
8,0.65635,4.15093,1,-0.30947,0.03077,0.4346
9,0.89347,4.15093,1,-0.27723,0.0308,0.43456
10,0.20074,4.15093,1,-0.3715,0.03073,0.43466
11,0.57934,4.15093,1,-0.31995,0.03076,0.43462
12,0.27764,4.15093,1,-0.36103,0.03073,0.43465
13,0.522,4.15093,1,-0.32776,0.03075,0.43462
14,0.86388,4.15093,1,-0.28125,0.03079,0.43457
15,0.20032,4.15093,1,-0.37156,0.03073,0.43466
16,0.17802,4.15093,1,-0.3746,0.03073,0.43466
17,0.34301,4.15093,1,-0.35213,0.03074,0.43465
18,0.48608,4.15093,1,-0.33265,0.03075,0.43463
19,0.33766,4.15093,1,-0.35286,0.03074,0.43465
20,0.15995,4.15093,1,-0.37706,0.03072,0.43466
