particle,elasticity,weight,frame,x,y,z
1,0.64645,4.15093,1,0.05564,0.28053,0.68185
2,0.04204,4.15093,1,0.05564,0.28053,0.68185
3,0.76076,4.15093,1,0.05564,0.28053,0.68185
4,0.38465,4.15093,1,0.05564,0.28053,0.68185
5,0.32101,4.15093,1,0.05564,0.28053,0.68185
6,0.49259,4.15093,1,0.05564,0.28053,0.68185
7,0.27158,4.15093,1,0.05564,0.28053,0.68185
8,0.10631,4.15093,1,0.05564,0.28053,0.68185
9,0.22794,4.15093,1,0.05564,0.28053,0.68185
10,0.02249,4.15093,1,0.05564,0.28053,0.68185
11,0.00385,4.15093,1,0.05564,0.28053,0.68185
12,0.74544,4.15093,1,0.05564,0.28053,0.68185
13,0.91008,4.15093,1,0.05564,0.28053,0.68185
14,0.49397,4.15093,1,0.05564,0.28053,0.68185
15,0.46552,4.15093,1,0.05564,0.28053,0.68185
16,0.8758,4.15093,1,0.05564,0.28053,0.68185
17,0.49534,4.15093,1,0.05564,0.28053,0.68185
18,0.77925,4.15093,1,0.05564,0.28053,0.68185
19,0.54848,4.15093,1,0.05564,0.28053,0.68185
20,0.03481,4.15093,1,0.05564,0.28053,0.68185
