particle,elasticity,weight,frame,x,y,z
1,0.62177,4.15093,1,0.03601,-0.12306,0.09999
2,0.76353,4.15093,1,0.03601,-0.12306,0.09999
3,0.4897,4.15093,1,0.03601,-0.12306,0.09999
4,0.88291,4.15093,1,0.03601,-0.12306,0.09999
5,0.75378,4.15093,1,0.03601,-0.12306,0.09999
6,0.80182,4.15093,1,0.03601,-0.12306,0.09998
7,0.1155,4.15093,1,0.03601,-0.12306,0.09999
8,0.47935,4.15093,1,0.03601,-0.12306,0.09998
9,0.61035,4.15093,1,0.03601,-0.12306,0.09999
10,0.31312,4.15093,1,0.03601,-0.12306,0.09999
11,0.29995,4.15093,1,0.03601,-0.12306,0.09999
12,0.57511,4.15093,1,0.03601,-0.12306,0.09998
13,0.84041,4.15093,1,0.03601,-0.12306,0.09999
14,0.56024,4.15093,1,0.03601,-0.12306,0.09999
15,0.43304,4.15093,1,0.03601,-0.12306,0.09999
16,0.55641,4.15093,1,0.03601,-0.12306,0.09999
17,0.81292,4.15093,1,0.03601,-0.12306,0.09999
18,0.5417,4.15093,1,0.03601,-0.12306,0.09999
19,0.43524,4.15093,1,0.03601,-0.12306,0.09999
20,0.39525,4.15093,1,0.03601,-0.12306,0.09999
