particle,elasticity,weight,frame,x,y,z
1,0.1245,8.06621,1,-0.38954,-0.05355,0.85498
1,0.1245,8.06621,2,-0.35683,0.14429,0.88862
2,0.47322,7.91339,1,-0.36859,-0.05356,0.85497
2,0.47322,7.91339,2,-0.27732,0.14152,0.88018
3,0.45988,7.92004,1,-0.3694,-0.05356,0.85497
3,0.45988,7.92004,2,-0.28033,0.14161,0.88051
4,0.56767,7.86446,1,-0.36292,-0.05356,0.85497
4,0.56767,7.86446,2,-0.25607,0.14095,0.8779
5,0.85086,7.69853,1,-0.34592,-0.05357,0.85497
5,0.85086,7.69853,2,-0.19269,0.13987,0.87107
6,0.90569,7.66306,1,-0.34263,-0.05357,0.85497
6,0.90569,7.66306,2,-0.18044,0.13976,0.86975
7,0.13105,8.06374,1,-0.38914,-0.05355,0.85498
7,0.13105,8.06374,2,-0.35532,0.14423,0.88846
8,0.26847,8.00843,1,-0.38089,-0.05355,0.85498
8,0.26847,8.00843,2,-0.32378,0.14304,0.88513
9,0.6215,7.83514,1,-0.35969,-0.05356,0.85497
9,0.6215,7.83514,2,-0.24399,0.14068,0.8766
10,0.22437,8.02692,1,-0.38354,-0.05355,0.85498
10,0.22437,8.02692,2,-0.33387,0.14341,0.8862
11,0.75605,7.75729,1,-0.35161,-0.05356,0.85497
11,0.75605,7.75729,2,-0.21387,0.14013,0.87336
12,0.55409,7.8717,1,-0.36374,-0.05356,0.85497
12,0.55409,7.8717,2,-0.25912,0.14103,0.87823
13,0.63983,7.82492,1,-0.35859,-0.05356,0.85497
13,0.63983,7.82492,2,-0.23988,0.14059,0.87616
14,0.57425,7.86094,1,-0.36253,-0.05356,0.85497
14,0.57425,7.86094,2,-0.25459,0.14092,0.87774
15,0.4176,7.9407,1,-0.37193,-0.05355,0.85497
15,0.4176,7.9407,2,-0.28989,0.1419,0.88153
16,0.00737,8.10624,1,-0.39657,-0.05309,0.85519
16,0.00737,8.10624,2,-0.38401,0.14702,0.89175
17,0.51096,7.89423,1,-0.36633,-0.05356,0.85497
17,0.51096,7.89423,2,-0.26882,0.14128,0.87927
18,0.14537,8.0583,1,-0.38828,-0.05355,0.85498
18,0.14537,8.0583,2,-0.35202,0.1441,0.88811
19,0.78454,7.73997,1,-0.3499,-0.05356,0.85497
19,0.78454,7.73997,2,-0.2075,0.14004,0.87267
20,0.17422,8.0471,1,-0.38655,-0.05355,0.85498
20,0.17422,8.0471,2,-0.34538,0.14385,0.88741
