particle,elasticity,weight,frame,x,y,z
1,0.88272,4.15093,1,-0.00954,0.01936,0.23
2,0.91959,4.15093,1,-0.00954,0.01936,0.23
3,0.38505,4.15093,1,-0.00954,0.01936,0.23
4,0.66036,4.15093,1,-0.00954,0.01936,0.23
5,0.16365,4.15093,1,-0.00954,0.01936,0.23
6,0.26927,4.15093,1,-0.00954,0.01936,0.23
7,0.33475,4.15093,1,-0.00954,0.01936,0.23
8,0.03489,4.15093,1,-0.00954,0.01936,0.23
9,0.39385,4.15093,1,-0.00954,0.01936,0.23
10,0.75508,4.15093,1,-0.00954,0.01936,0.23
11,0.63419,4.15093,1,-0.00954,0.01936,0.23
12,0.80587,4.15093,1,-0.00954,0.01936,0.23
13,0.57005,4.15093,1,-0.00954,0.01936,0.23
14,0.33683,4.15093,1,-0.00954,0.01936,0.23
15,0.64056,4.15093,1,-0.00954,0.01936,0.23
16,0.31486,4.15093,1,-0.00954,0.01936,0.23
17,0.87556,4.15093,1,-0.00954,0.01936,0.23
18,0.95919,4.15093,1,-0.00954,0.01936,0.23
19,0.693,4.15093,1,-0.00954,0.01936,0.23
20,0.34715,4.15093,1,-0.00954,0.01936,0.23
