particle,elasticity,weight,frame,x,y,z
1,0.37304,8.24327,1,0.04209,0.30403,0.47348
1,0.37304,8.24327,2,-0.13205,0.36631,0.73846
2,0.87463,8.24327,1,0.04209,0.30403,0.47348
2,0.87463,8.24327,2,-0.13205,0.36631,0.73846
3,0.69051,8.24327,1,0.04209,0.30403,0.47348
3,0.69051,8.24327,2,-0.13205,0.36631,0.73846
4,0.51688,8.24327,1,0.04209,0.30403,0.47348
4,0.51688,8.24327,2,-0.13205,0.36631,0.73846
5,0.67206,8.24327,1,0.04209,0.30403,0.47348
5,0.67206,8.24327,2,-0.13205,0.36631,0.73846
6,0.40834,8.24327,1,0.04209,0.30403,0.47348
6,0.40834,8.24327,2,-0.13205,0.36631,0.73846
7,0.60477,8.24327,1,0.04209,0.30403,0.47348
7,0.60477,8.24327,2,-0.13205,0.36631,0.73846
8,0.94981,8.24327,1,0.04209,0.30403,0.47348
8,0.94981,8.24327,2,-0.13205,0.36631,0.73846
9,0.17328,8.24327,1,0.04209,0.30403,0.47348
9,0.17328,8.24327,2,-0.13205,0.36631,0.73846
10,0.97049,8.24327,1,0.04209,0.30403,0.47348
10,0.97049,8.24327,2,-0.13205,0.36631,0.73846
11,0.24728,8.24327,1,0.04209,0.30403,0.47348
11,0.24728,8.24327,2,-0.13205,0.36631,0.73846
12,0.05827,8.24327,1,0.04209,0.30403,0.47348
12,0.05827,8.24327,2,-0.13205,0.36631,0.73846
13,0.95446,8.24327,1,0.04209,0.30403,0.47348
13,0.95446,8.24327,2,-0.13205,0.36631,0.73846
14,0.3263,8.24327,1,0.04209,0.30403,0.47348
14,0.3263,8.24327,2,-0.13205,0.36631,0.73846
15,0.89653,8.24327,1,0.04209,0.30403,0.47348
15,0.89653,8.24327,2,-0.13205,0.36631,0.73846
16,0.57482,8.24327,1,0.04209,0.30403,0.47348
16,0.57482,8.24327,2,-0.13205,0.36631,0.73846
17,0.47578,8.24327,1,0.04209,0.30403,0.47348
17,0.47578,8.24327,2,-0.13205,0.36631,0.73846
18,0.06942,8.24327,1,0.04209,0.30403,0.47348
18,0.06942,8.24327,2,-0.13205,0.36631,0.73846
19,0.03038,8.24327,1,0.04209,0.30403,0.47348
19,0.03038,8.24327,2,-0.13205,0.36631,0.73846
20,0.52742,8.24327,1,0.04209,0.30403,0.47348
20,0.52742,8.24327,2,-0.13205,0.36631,0.73846
