particle,elasticity,weight,frame,x,y,z
1,0.75419,4.15093,1,-0.00337,-0.29285,0.57604
2,0.59988,4.15093,1,-0.00337,-0.29285,0.57604
3,0.98676,4.15093,1,-0.00337,-0.29285,0.57604
4,0.59681,4.15093,1,-0.00337,-0.29285,0.57604
5,0.12825,4.15093,1,-0.00337,-0.29285,0.57604
6,0.98564,4.15093,1,-0.00337,-0.29285,0.57604
7,0.02518,4.15093,1,-0.00337,-0.29285,0.57604
8,0.95674,4.15093,1,-0.00337,-0.29285,0.57604
9,0.16636,4.15093,1,-0.00337,-0.29285,0.57604
10,0.27179,4.15093,1,-0.00337,-0.29285,0.57604
11,0.0421,4.15093,1,-0.00337,-0.29285,0.57604
12,0.17924,4.15093,1,-0.00337,-0.29285,0.57604
13,0.71534,4.15093,1,-0.00337,-0.29285,0.57604
14,0.02229,4.15093,1,-0.00337,-0.29285,0.57604
15,0.08704,4.15093,1,-0.00337,-0.29285,0.57604
16,0.40546,4.15093,1,-0.00337,-0.29285,0.57604
17,0.14607,4.15093,1,-0.00337,-0.29285,0.57604
18,0.33769,4.15093,1,-0.00337,-0.29285,0.57604
19,0.23275,4.15093,1,-0.00337,-0.29285,0.57604
20,0.64199,4.15093,1,-0.00337,-0.29285,0.57604
