particle,elasticity,weight,frame,x,y,z
1,0.48847,4.15093,1,-0.14446,-0.40093,0.4746
2,0.53853,4.15093,1,-0.14446,-0.40093,0.4746
3,0.71344,4.15093,1,-0.14446,-0.40093,0.4746
4,0.5418,4.15093,1,-0.14446,-0.40093,0.4746
5,0.73702,4.15093,1,-0.14446,-0.40093,0.4746
6,0.56369,4.15093,1,-0.14446,-0.40093,0.4746
7,0.56423,4.15093,1,-0.14446,-0.40093,0.4746
8,0.62554,4.15093,1,-0.14446,-0.40093,0.4746
9,0.03654,4.15093,1,-0.14446,-0.40093,0.4746
10,0.70141,4.15093,1,-0.14446,-0.40093,0.4746
11,0.57961,4.15093,1,-0.14446,-0.40093,0.4746
12,0.59279,4.15093,1,-0.14446,-0.40093,0.4746
13,0.89859,4.15093,1,-0.14446,-0.40093,0.4746
14,0.68764,4.15093,1,-0.14446,-0.40093,0.4746
15,0.9496,4.15093,1,-0.14446,-0.40093,0.4746
16,0.74511,4.15093,1,-0.14446,-0.40093,0.4746
17,0.66687,4.15093,1,-0.14446,-0.40093,0.4746
18,0.85324,4.15093,1,-0.14446,-0.40093,0.4746
19,0.14474,4.15093,1,-0.14446,-0.40093,0.4746
20,0.66374,4.15093,1,-0.14446,-0.40093,0.4746
