particle,elasticity,weight,frame,x,y,z
1,0.93097,6.56064,1,0.35032,0.28368,0.62873
1,0.93097,6.56064,2,0.27543,0.10607,0.7243
2,0.27108,7.70427,1,0.3794,0.35654,0.63111
2,0.27108,7.70427,2,0.35637,0.26275,0.73118
3,0.83305,6.7664,1,0.35463,0.29429,0.62874
3,0.83305,6.7664,2,0.28741,0.12875,0.72437
4,0.06468,7.95451,1,0.3885,0.38264,0.63518
4,0.06468,7.95451,2,0.38178,0.32109,0.74257
5,0.13706,7.8742,1,0.38531,0.3733,0.63379
5,0.13706,7.8742,2,0.37286,0.3001,0.73869
6,0.22145,7.77022,1,0.38159,0.36266,0.63212
6,0.22145,7.77022,2,0.36248,0.27634,0.734
7,0.02824,7.99161,1,0.39011,0.38741,0.63586
7,0.02824,7.99161,2,0.38627,0.33185,0.74447
8,0.74128,6.94738,1,0.35867,0.30425,0.62875
8,0.74128,6.94738,2,0.29865,0.15002,0.72444
9,0.62105,7.1671,1,0.36396,0.3173,0.62877
9,0.62105,7.1671,2,0.31338,0.17791,0.72453
10,0.07208,7.94669,1,0.38818,0.38168,0.63504
10,0.07208,7.94669,2,0.38087,0.31892,0.74218
11,0.05539,7.96418,1,0.38891,0.38385,0.63535
11,0.05539,7.96418,2,0.38292,0.32382,0.74306
12,0.5345,7.31305,1,0.36778,0.32669,0.62878
12,0.5345,7.31305,2,0.324,0.19802,0.72459
13,0.21471,7.7789,1,0.38188,0.3635,0.63225
13,0.21471,7.7789,2,0.36331,0.2782,0.73437
14,0.58397,7.23089,1,0.3656,0.32132,0.62877
14,0.58397,7.23089,2,0.31793,0.18653,0.72455
15,0.03241,7.98748,1,0.38993,0.38686,0.63578
15,0.03241,7.98748,2,0.38575,0.33062,0.74425
16,0.53206,7.31701,1,0.36789,0.32696,0.62878
16,0.53206,7.31701,2,0.3243,0.19858,0.72459
17,0.8627,6.70549,1,0.35332,0.29108,0.62874
17,0.8627,6.70549,2,0.28378,0.12188,0.72435
18,0.48373,7.3939,1,0.37002,0.3322,0.62878
18,0.48373,7.3939,2,0.33023,0.20981,0.72462
19,0.8156,6.8017,1,0.3554,0.29619,0.62874
19,0.8156,6.8017,2,0.28955,0.13279,0.72439
20,0.9255,6.5725,1,0.35056,0.28427,0.62873
20,0.9255,6.5725,2,0.2761,0.10733,0.7243
