particle,elasticity,weight,frame,x,y,z
1,0.61095,4.15093,1,0.1824,0.05406,0.46185
2,0.4038,4.15093,1,0.1824,0.05406,0.46185
3,0.56314,4.15093,1,0.1824,0.05406,0.46185
4,0.31166,4.15093,1,0.1824,0.05406,0.46185
5,0.32554,4.15093,1,0.1824,0.05406,0.46185
6,0.54936,4.15093,1,0.1824,0.05406,0.46185
7,0.85316,4.15093,1,0.1824,0.05406,0.46185
8,0.39354,4.15093,1,0.1824,0.05406,0.46185
9,0.24022,4.15093,1,0.1824,0.05406,0.46185
10,0.82964,4.15093,1,0.1824,0.05406,0.46185
11,0.04176,4.15093,1,0.1824,0.05406,0.46185
12,0.41991,4.15093,1,0.1824,0.05406,0.46185
13,0.01115,4.15093,1,0.1824,0.05406,0.46185
14,0.55739,4.15093,1,0.1824,0.05406,0.46185
15,0.41964,4.15093,1,0.1824,0.05406,0.46185
16,0.2127,4.15093,1,0.1824,0.05406,0.46185
17,0.13851,4.15093,1,0.1824,0.05406,0.46185
18,0.41956,4.15093,1,0.1824,0.05406,0.46185
19,0.33551,4.15093,1,0.1824,0.05406,0.46185
20,0.76886,4.15093,1,0.1824,0.05406,0.46185
