particle,elasticity,weight,frame,x,y,z
1,0.65668,4.15093,1,-0.20568,0.3128,0.43035
2,0.93795,4.15093,1,-0.20565,0.2776,0.4303
3,0.21245,4.15093,1,-0.20782,0.36844,0.43329
4,0.93792,4.15093,1,-0.20565,0.2776,0.4303
5,0.7953,4.15093,1,-0.20567,0.29545,0.43033
6,0.46564,4.15093,1,-0.2057,0.33672,0.43037
7,0.0191,4.15093,1,-0.21138,0.39267,0.43817
8,0.02793,4.15093,1,-0.21122,0.39156,0.43795
9,0.64641,4.15093,1,-0.20568,0.31408,0.43035
10,0.33791,4.15093,1,-0.20571,0.35272,0.43038
11,0.32552,4.15093,1,-0.20574,0.35427,0.43042
12,0.52164,4.15093,1,-0.2057,0.3297,0.43036
13,0.15839,4.15093,1,-0.20882,0.37521,0.43465
14,0.48386,4.15093,1,-0.2057,0.33444,0.43037
15,0.04862,4.15093,1,-0.21084,0.38897,0.43743
16,0.05641,4.15093,1,-0.21069,0.38799,0.43723
17,0.92117,4.15093,1,-0.20565,0.2797,0.43031
18,0.82103,4.15093,1,-0.20566,0.29223,0.43032
19,0.81463,4.15093,1,-0.20567,0.29303,0.43032
20,0.14968,4.15093,1,-0.20898,0.3763,0.43487
