particle,elasticity,weight,frame,x,y,z
1,0.62321,4.15093,1,-0.24323,-0.16804,0.55711
2,0.86764,4.15093,1,-0.24323,-0.16804,0.55711
3,0.22068,4.15093,1,-0.24323,-0.16804,0.55711
4,0.16657,4.15093,1,-0.24323,-0.16804,0.55711
5,0.5666,4.15093,1,-0.24323,-0.16804,0.55711
6,0.19983,4.15093,1,-0.24323,-0.16804,0.55711
7,0.31422,4.15093,1,-0.24323,-0.16804,0.55711
8,0.2073,4.15093,1,-0.24323,-0.16804,0.55711
9,0.18476,4.15093,1,-0.24323,-0.16804,0.55711
10,0.55083,4.15093,1,-0.24323,-0.16804,0.55711
11,0.96324,4.15093,1,-0.24323,-0.16804,0.55711
12,0.45283,4.15093,1,-0.24323,-0.16804,0.55711
13,0.20118,4.15093,1,-0.24323,-0.16804,0.55711
14,0.55993,4.15093,1,-0.24323,-0.16804,0.55711
15,0.82765,4.15093,1,-0.24323,-0.16804,0.55711
16,0.16918,4.15093,1,-0.24323,-0.16804,0.55711
17,0.14842,4.15093,1,-0.24323,-0.16804,0.55711
18,0.92193,4.15093,1,-0.24323,-0.16804,0.55711
19,0.41557,4.15093,1,-0.24323,-0.16804,0.55711
20,0.8274,4.15093,1,-0.24323,-0.16804,0.55711
