particle,elasticity,weight,frame,x,y,z
1,0.73034,4.15093,1,-0.07881,0.21976,0.13727
2,0.15147,4.15093,1,-0.0788,0.21977,0.10407
3,0.43968,4.15093,1,-0.0788,0.21977,0.1206
4,0.34729,4.15093,1,-0.0788,0.21977,0.1153
5,0.88307,4.15093,1,-0.07881,0.21976,0.14602
6,0.14288,4.15093,1,-0.0788,0.21977,0.10358
7,0.47017,4.15093,1,-0.0788,0.21977,0.12235
8,0.20765,4.15093,1,-0.0788,0.21977,0.10729
9,0.30763,4.15093,1,-0.0788,0.21977,0.11303
10,0.95736,4.15093,1,-0.07881,0.21976,0.15028
11,0.68855,4.15093,1,-0.0788,0.21976,0.13487
12,0.10652,4.15093,1,-0.0788,0.21977,0.10149
13,0.63148,4.15093,1,-0.0788,0.21977,0.1316
14,0.31282,4.15093,1,-0.0788,0.21977,0.11333
15,0.85445,4.15093,1,-0.07881,0.21976,0.14438
16,0.80765,4.15093,1,-0.07881,0.21976,0.1417
17,0.23006,4.15093,1,-0.0788,0.21977,0.10858
18,0.64475,4.15093,1,-0.0788,0.21977,0.13236
19,0.96509,4.15093,1,-0.07881,0.21976,0.15073
20,0.11264,4.15093,1,-0.0788,0.21977,0.10184
