particle,elasticity,weight,frame,x,y,z
1,0.25136,4.15093,1,0.10673,-0.02169,0.44722
2,0.0476,4.15093,1,0.10673,-0.02169,0.44722
3,0.53858,4.15093,1,0.10673,-0.02169,0.44722
4,0.18942,4.15093,1,0.10673,-0.02169,0.44722
5,0.80633,4.15093,1,0.10673,-0.02169,0.44722
6,0.79101,4.15093,1,0.10673,-0.02169,0.44722
7,0.16935,4.15093,1,0.10673,-0.02169,0.44722
8,0.68997,4.15093,1,0.10673,-0.02169,0.44722
9,0.56591,4.15093,1,0.10673,-0.02169,0.44722
10,0.15526,4.15093,1,0.10673,-0.02169,0.44722
11,0.93715,4.15093,1,0.10673,-0.02169,0.44722
12,0.04181,4.15093,1,0.10673,-0.02169,0.44722
13,0.71546,4.15093,1,0.10673,-0.02169,0.44722
14,0.02057,4.15093,1,0.10673,-0.02169,0.44722
15,0.74029,4.15093,1,0.10673,-0.02169,0.44722
16,0.77009,4.15093,1,0.10673,-0.02169,0.44722
17,0.60063,4.15093,1,0.10673,-0.02169,0.44722
18,0.1926,4.15093,1,0.10673,-0.02169,0.44722
19,0.35119,4.15093,1,0.10673,-0.02169,0.44722
20,0.65533,4.15093,1,0.10673,-0.02169,0.44722
