particle,elasticity,weight,frame,x,y,z
1,0.92809,4.15093,1,-0.18468,-0.13965,0.15107
2,0.55962,4.15093,1,-0.18467,-0.13964,0.12744
3,0.02998,4.15093,1,-0.18467,-0.13963,0.09345
4,0.50647,4.15093,1,-0.18467,-0.13964,0.12403
5,0.57401,4.15093,1,-0.18467,-0.13964,0.12836
6,0.14227,4.15093,1,-0.18467,-0.13964,0.10066
7,0.52179,4.15093,1,-0.18467,-0.13964,0.12501
8,0.1754,4.15093,1,-0.18467,-0.13964,0.10279
9,0.66207,4.15093,1,-0.18467,-0.13964,0.13401
10,0.95184,4.15093,1,-0.18468,-0.13965,0.15259
11,0.97013,4.15093,1,-0.18468,-0.13965,0.15376
12,0.30411,4.15093,1,-0.18467,-0.13964,0.11105
13,0.40245,4.15093,1,-0.18467,-0.13964,0.11736
14,0.50151,4.15093,1,-0.18467,-0.13964,0.12371
15,0.22619,4.15093,1,-0.18467,-0.13964,0.10605
16,0.52082,4.15093,1,-0.18467,-0.13964,0.12495
17,0.08534,4.15093,1,-0.18467,-0.13963,0.09701
18,0.11697,4.15093,1,-0.18467,-0.13963,0.09904
19,0.65701,4.15093,1,-0.18467,-0.13964,0.13369
20,0.92795,4.15093,1,-0.18468,-0.13965,0.15106
