particle,elasticity,weight,frame,x,y,z
1,0.5166,4.15093,1,0.11627,0.38988,0.7452
2,0.90686,4.15093,1,0.11627,0.38988,0.7452
3,0.64051,4.15093,1,0.11627,0.38988,0.7452
4,0.84713,4.15093,1,0.11627,0.38988,0.7452
5,0.10707,4.15093,1,0.11627,0.38988,0.7452
6,0.38791,4.15093,1,0.11627,0.38988,0.7452
7,0.26529,4.15093,1,0.11627,0.38988,0.7452
8,0.07133,4.15093,1,0.11627,0.38988,0.7452
9,0.85824,4.15093,1,0.11627,0.38988,0.7452
10,0.6338,4.15093,1,0.11627,0.38988,0.7452
11,0.14046,4.15093,1,0.11627,0.38988,0.7452
12,0.71975,4.15093,1,0.11627,0.38988,0.7452
13,0.49438,4.15093,1,0.11627,0.38988,0.7452
14,0.55325,4.15093,1,0.11627,0.38988,0.7452
15,0.08634,4.15093,1,0.11627,0.38988,0.7452
16,0.18485,4.15093,1,0.11627,0.38988,0.7452
17,0.40682,4.15093,1,0.11627,0.38988,0.7452
18,0.98289,4.15093,1,0.11627,0.38988,0.7452
19,0.30216,4.15093,1,0.11627,0.38988,0.7452
20,0.12859,4.15093,1,0.11627,0.38988,0.7452
