particle,elasticity,weight,frame,x,y,z
1,0.48465,7.59464,1,0.39604,0.35901,0.738
1,0.48465,7.59464,2,0.37102,0.26656,0.88337
2,0.49724,7.58383,1,0.39594,0.35807,0.73798
2,0.49724,7.58383,2,0.37083,0.26368,0.88307
3,0.12546,7.86581,1,0.39898,0.38588,0.73847
3,0.12546,7.86581,2,0.37649,0.34895,0.89182
4,0.56905,7.52048,1,0.39535,0.35271,0.73789
4,0.56905,7.52048,2,0.36974,0.24726,0.88138
5,0.65772,7.43834,1,0.39463,0.34609,0.73777
5,0.65772,7.43834,2,0.36839,0.22701,0.87929
6,0.42124,7.64775,1,0.39656,0.36375,0.73809
6,0.42124,7.64775,2,0.37198,0.28107,0.88486
7,0.01166,7.93649,1,0.39991,0.39442,0.73868
7,0.01166,7.93649,2,0.3782,0.3758,0.89463
8,0.09389,7.88619,1,0.39924,0.38825,0.73852
8,0.09389,7.88619,2,0.37697,0.3562,0.89257
9,0.16296,7.84088,1,0.39867,0.38307,0.73843
9,0.16296,7.84088,2,0.37592,0.34033,0.89094
10,0.00443,7.94041,1,0.39997,0.39496,0.73882
10,0.00443,7.94041,2,0.3783,0.37755,0.8951
11,0.40078,7.6644,1,0.39673,0.36527,0.73811
11,0.40078,7.6644,2,0.37229,0.28576,0.88535
12,0.36261,7.69486,1,0.39704,0.36813,0.73816
12,0.36261,7.69486,2,0.37288,0.29451,0.88625
13,0.78672,7.31107,1,0.39357,0.33649,0.7376
13,0.78672,7.31107,2,0.36643,0.19759,0.87625
14,0.68774,7.40954,1,0.39438,0.34386,0.73773
14,0.68774,7.40954,2,0.36793,0.22016,0.87859
15,0.67036,7.42627,1,0.39452,0.34515,0.73775
15,0.67036,7.42627,2,0.3682,0.22412,0.879
16,0.20511,7.81191,1,0.39833,0.37992,0.73837
16,0.20511,7.81191,2,0.37527,0.33064,0.88995
17,0.73245,7.36572,1,0.39402,0.34053,0.73767
17,0.73245,7.36572,2,0.36725,0.20996,0.87753
18,0.75648,7.34172,1,0.39382,0.33874,0.73764
18,0.75648,7.34172,2,0.36689,0.20448,0.87697
19,0.66813,7.42841,1,0.39454,0.34532,0.73776
19,0.66813,7.42841,2,0.36823,0.22463,0.87905
20,0.18192,7.82797,1,0.39852,0.38165,0.7384
20,0.18192,7.82797,2,0.37563,0.33597,0.8905
