particle,elasticity,weight,frame,x,y,z
1,0.45311,8.19141,1,-0.41105,0.31903,0.37694
1,0.45311,8.19141,2,-0.30759,0.38256,0.30183
2,0.1815,8.19141,1,-0.41105,0.31903,0.37694
2,0.1815,8.19141,2,-0.3509,0.39141,0.30181
3,0.98422,8.19141,1,-0.41105,0.31903,0.37694
3,0.98422,8.19141,2,-0.22305,0.36531,0.30191
4,0.37377,8.19141,1,-0.41105,0.31903,0.37694
4,0.37377,8.19141,2,-0.32023,0.38515,0.30182
5,0.77708,8.19141,1,-0.41105,0.31903,0.37694
5,0.77708,8.19141,2,-0.256,0.37203,0.30188
6,0.33392,8.19141,1,-0.41105,0.31903,0.37694
6,0.33392,8.19141,2,-0.32659,0.38645,0.30182
7,0.14806,8.19141,1,-0.41105,0.31903,0.37694
7,0.14806,8.19141,2,-0.35623,0.3925,0.3018
8,0.71172,8.19141,1,-0.41105,0.31903,0.37694
8,0.71172,8.19141,2,-0.2664,0.37415,0.30187
9,0.51414,8.19141,1,-0.41105,0.31903,0.37694
9,0.51414,8.19141,2,-0.29786,0.38058,0.30184
10,0.98085,8.19141,1,-0.41105,0.31903,0.37694
10,0.98085,8.19141,2,-0.22359,0.36542,0.30191
11,0.51891,8.19141,1,-0.41105,0.31903,0.37694
11,0.51891,8.19141,2,-0.2971,0.38042,0.30184
12,0.61198,8.19141,1,-0.41105,0.31903,0.37694
12,0.61198,8.19141,2,-0.28228,0.3774,0.30185
13,0.38962,8.19141,1,-0.41105,0.31903,0.37694
13,0.38962,8.19141,2,-0.31771,0.38463,0.30183
14,0.49719,8.19141,1,-0.41105,0.31903,0.37694
14,0.49719,8.19141,2,-0.30057,0.38113,0.30184
15,0.19672,8.19141,1,-0.41105,0.31903,0.37694
15,0.19672,8.19141,2,-0.34847,0.39091,0.30181
16,0.37272,8.19141,1,-0.41105,0.31903,0.37694
16,0.37272,8.19141,2,-0.3204,0.38518,0.30182
17,0.27764,8.19141,1,-0.41105,0.31903,0.37694
17,0.27764,8.19141,2,-0.33556,0.38828,0.30181
18,0.82694,8.19141,1,-0.41105,0.31903,0.37694
18,0.82694,8.19141,2,-0.24806,0.37041,0.30188
19,0.25486,8.19141,1,-0.41105,0.31903,0.37694
19,0.25486,8.19141,2,-0.3392,0.38902,0.30181
20,0.85068,8.19141,1,-0.41105,0.31903,0.37694
20,0.85068,8.19141,2,-0.24429,0.36964,0.30189
