particle,elasticity,weight,frame,x,y,z
1,0.80978,7.96106,1,0.21802,0.26808,0.18149
2,0.28103,7.79831,1,0.04885,0.3691,0.13868
3,0.88847,9.1116,1,0.12249,0.25996,0.21624
4,0.88847,9.1116,1,0.12249,0.25996,0.21624
5,0.28103,7.79831,1,0.04885,0.3691,0.13868
6,0.27572,8.24122,1,0.23129,0.36921,0.18239
7,0.80978,7.96106,1,0.21802,0.26808,0.18149
8,0.05598,9.99823,1,0.19208,0.38507,0.23025
9,0.33317,6.44581,1,0.03716,0.33863,0.25089
10,0.24514,8.95339,1,0.16043,0.36855,0.15758
11,0.95082,8.64169,1,0.20483,0.3177,0.16162
12,0.58215,6.41105,1,0.14146,0.28923,0.11915
13,0.88847,9.1116,1,0.12249,0.25996,0.21624
14,0.05598,9.99823,1,0.19208,0.38507,0.23025
15,0.88847,9.1116,1,0.12249,0.25996,0.21624
16,0.72091,7.49575,1,0.24144,0.30321,0.19814
17,0.27572,8.24122,1,0.23129,0.36921,0.18239
18,0.88847,9.1116,1,0.12249,0.25996,0.21624
19,0.80978,7.96106,1,0.21802,0.26808,0.18149
20,0.67701,2.66873,1,0.2895,0.29744,0.28001
