particle,elasticity,weight,frame,x,y,z
1,0.44022,16.42035,1,-0.09206,-0.36082,0.54845
1,0.44022,16.42035,2,-0.17927,-0.3979,0.70155
2,0.13295,19.40483,1,0.01732,-0.3913,0.45416
2,0.13295,19.40483,2,-0.23634,-0.40506,0.60301
3,0.13295,19.40483,1,0.01732,-0.3913,0.45416
3,0.13295,19.40483,2,-0.23634,-0.40506,0.60301
4,0.44022,16.42035,1,-0.09206,-0.36082,0.54845
4,0.44022,16.42035,2,-0.17927,-0.3979,0.70155
5,0.44022,16.42035,1,-0.09206,-0.36082,0.54845
5,0.44022,16.42035,2,-0.17927,-0.3979,0.70155
6,0.13295,19.40483,1,0.01732,-0.3913,0.45416
6,0.13295,19.40483,2,-0.23634,-0.40506,0.60301
7,0.13295,19.40483,1,0.01732,-0.3913,0.45416
7,0.13295,19.40483,2,-0.23634,-0.40506,0.60301
8,0.44022,16.42035,1,-0.09206,-0.36082,0.54845
8,0.44022,16.42035,2,-0.17927,-0.3979,0.70155
9,0.44022,16.42035,1,-0.09206,-0.36082,0.54845
9,0.44022,16.42035,2,-0.17927,-0.3979,0.70155
10,0.13295,19.40483,1,0.01732,-0.3913,0.45416
10,0.13295,19.40483,2,-0.23634,-0.40506,0.60301
11,0.13295,19.40483,1,0.01732,-0.3913,0.45416
11,0.13295,19.40483,2,-0.23634,-0.40506,0.60301
12,0.13295,19.40483,1,0.01732,-0.3913,0.45416
12,0.13295,19.40483,2,-0.23634,-0.40506,0.60301
13,0.13295,19.40483,1,0.01732,-0.3913,0.45416
13,0.13295,19.40483,2,-0.23634,-0.40506,0.60301
14,0.13295,19.40483,1,0.01732,-0.3913,0.45416
14,0.13295,19.40483,2,-0.23634,-0.40506,0.60301
15,0.44022,16.42035,1,-0.09206,-0.36082,0.54845
15,0.44022,16.42035,2,-0.17927,-0.3979,0.70155
16,0.13295,19.40483,1,0.01732,-0.3913,0.45416
16,0.13295,19.40483,2,-0.23634,-0.40506,0.60301
17,0.44022,16.42035,1,-0.09206,-0.36082,0.54845
17,0.44022,16.42035,2,-0.17927,-0.3979,0.70155
18,0.13295,19.40483,1,0.01732,-0.3913,0.45416
18,0.13295,19.40483,2,-0.23634,-0.40506,0.60301
19,0.13295,19.40483,1,0.01732,-0.3913,0.45416
19,0.13295,19.40483,2,-0.23634,-0.40506,0.60301
20,0.13295,19.40483,1,0.01732,-0.3913,0.45416
20,0.13295,19.40483,2,-0.23634,-0.40506,0.60301
