particle,elasticity,weight,frame,x,y,z
1,0.18587,21.18494,1,0.37129,0.23562,0.42979
1,0.18587,21.18494,2,0.38185,0.10592,0.65562
2,0.41396,19.12796,1,0.34706,0.23297,0.47642
2,0.41396,19.12796,2,0.41511,0.06712,0.67753
3,0.18587,21.18494,1,0.37129,0.23562,0.42979
3,0.18587,21.18494,2,0.38185,0.10592,0.65562
4,0.41396,19.12796,1,0.34706,0.23297,0.47642
4,0.41396,19.12796,2,0.41511,0.06712,0.67753
5,0.18587,21.18494,1,0.37129,0.23562,0.42979
5,0.18587,21.18494,2,0.38185,0.10592,0.65562
6,0.41396,19.12796,1,0.34706,0.23297,0.47642
6,0.41396,19.12796,2,0.41511,0.06712,0.67753
7,0.41396,19.12796,1,0.34706,0.23297,0.47642
7,0.41396,19.12796,2,0.41511,0.06712,0.67753
8,0.18587,21.18494,1,0.37129,0.23562,0.42979
8,0.18587,21.18494,2,0.38185,0.10592,0.65562
9,0.41396,19.12796,1,0.34706,0.23297,0.47642
9,0.41396,19.12796,2,0.41511,0.06712,0.67753
10,0.41396,19.12796,1,0.34706,0.23297,0.47642
10,0.41396,19.12796,2,0.41511,0.06712,0.67753
11,0.41396,19.12796,1,0.34706,0.23297,0.47642
11,0.41396,19.12796,2,0.41511,0.06712,0.67753
12,0.41396,19.12796,1,0.34706,0.23297,0.47642
12,0.41396,19.12796,2,0.41511,0.06712,0.67753
13,0.41396,19.12796,1,0.34706,0.23297,0.47642
13,0.41396,19.12796,2,0.41511,0.06712,0.67753
14,0.18587,21.18494,1,0.37129,0.23562,0.42979
14,0.18587,21.18494,2,0.38185,0.10592,0.65562
15,0.18587,21.18494,1,0.37129,0.23562,0.42979
15,0.18587,21.18494,2,0.38185,0.10592,0.65562
16,0.41396,19.12796,1,0.34706,0.23297,0.47642
16,0.41396,19.12796,2,0.41511,0.06712,0.67753
17,0.18587,21.18494,1,0.37129,0.23562,0.42979
17,0.18587,21.18494,2,0.38185,0.10592,0.65562
18,0.41396,19.12796,1,0.34706,0.23297,0.47642
18,0.41396,19.12796,2,0.41511,0.06712,0.67753
19,0.34114,11.31167,1,0.35945,0.07594,0.51985
19,0.34114,11.31167,2,0.36711,-0.01932,0.75497
20,0.18587,21.18494,1,0.37129,0.23562,0.42979
20,0.18587,21.18494,2,0.38185,0.10592,0.65562
