particle,elasticity,weight,frame,x,y,z
1,0.54756,19.95356,1,-0.30962,-0.19042,0.12532
1,0.54756,19.95356,2,-0.38185,-0.37251,0.14341
2,0.73645,17.79615,1,-0.24351,-0.18501,0.13455
2,0.73645,17.79615,2,-0.35188,-0.34896,0.17069
3,0.0678,18.97072,1,-0.34325,-0.16163,0.09964
3,0.0678,18.97072,2,-0.39168,-0.2597,0.11156
4,0.38355,16.45735,1,-0.23093,-0.16535,0.10741
4,0.38355,16.45735,2,-0.3641,-0.37149,0.20474
5,0.54756,19.95356,1,-0.30962,-0.19042,0.12532
5,0.54756,19.95356,2,-0.38185,-0.37251,0.14341
6,0.54756,19.95356,1,-0.30962,-0.19042,0.12532
6,0.54756,19.95356,2,-0.38185,-0.37251,0.14341
7,0.41052,16.905,1,-0.36637,-0.22512,0.12288
7,0.41052,16.905,2,-0.38194,-0.34273,0.07829
8,0.29468,16.44604,1,-0.37027,-0.18916,0.11311
8,0.29468,16.44604,2,-0.40035,-0.38876,0.08208
9,0.54756,19.95356,1,-0.30962,-0.19042,0.12532
9,0.54756,19.95356,2,-0.38185,-0.37251,0.14341
10,0.54756,19.95356,1,-0.30962,-0.19042,0.12532
10,0.54756,19.95356,2,-0.38185,-0.37251,0.14341
11,0.54756,19.95356,1,-0.30962,-0.19042,0.12532
11,0.54756,19.95356,2,-0.38185,-0.37251,0.14341
12,0.29468,16.44604,1,-0.37027,-0.18916,0.11311
12,0.29468,16.44604,2,-0.40035,-0.38876,0.08208
13,0.73645,17.79615,1,-0.24351,-0.18501,0.13455
13,0.73645,17.79615,2,-0.35188,-0.34896,0.17069
14,0.41052,16.905,1,-0.36637,-0.22512,0.12288
14,0.41052,16.905,2,-0.38194,-0.34273,0.07829
15,0.41052,16.905,1,-0.36637,-0.22512,0.12288
15,0.41052,16.905,2,-0.38194,-0.34273,0.07829
16,0.0678,18.97072,1,-0.34325,-0.16163,0.09964
16,0.0678,18.97072,2,-0.39168,-0.2597,0.11156
17,0.0678,18.97072,1,-0.34325,-0.16163,0.09964
17,0.0678,18.97072,2,-0.39168,-0.2597,0.11156
18,0.54756,19.95356,1,-0.30962,-0.19042,0.12532
18,0.54756,19.95356,2,-0.38185,-0.37251,0.14341
19,0.41052,16.905,1,-0.36637,-0.22512,0.12288
19,0.41052,16.905,2,-0.38194,-0.34273,0.07829
20,0.54756,19.95356,1,-0.30962,-0.19042,0.12532
20,0.54756,19.95356,2,-0.38185,-0.37251,0.14341
