particle,elasticity,weight,frame,x,y,z
1,0.22806,9.56735,1,0.39184,-0.37289,0.88944
2,0.22806,9.56735,1,0.39184,-0.37289,0.88944
3,0.83001,10.03604,1,0.37305,-0.36988,0.87745
4,0.97873,10.74984,1,0.38385,-0.31547,0.88562
5,0.98271,11.01489,1,0.35185,-0.32664,0.88802
6,0.97873,10.74984,1,0.38385,-0.31547,0.88562
7,0.97873,10.74984,1,0.38385,-0.31547,0.88562
8,0.37036,10.13735,1,0.38826,-0.38461,0.86305
9,0.08535,10.33646,1,0.38264,-0.39755,0.88287
10,0.08535,10.33646,1,0.38264,-0.39755,0.88287
11,0.22806,9.56735,1,0.39184,-0.37289,0.88944
12,0.12537,10.77842,1,0.38146,-0.4,0.84228
13,0.97873,10.74984,1,0.38385,-0.31547,0.88562
14,0.83001,10.03604,1,0.37305,-0.36988,0.87745
15,0.08535,10.33646,1,0.38264,-0.39755,0.88287
16,0.12537,10.77842,1,0.38146,-0.4,0.84228
17,0.35868,7.10084,1,0.3931,-0.36621,0.7971
18,0.12537,10.77842,1,0.38146,-0.4,0.84228
19,0.88551,8.66965,1,0.37766,-0.37046,0.83168
20,0.37036,10.13735,1,0.38826,-0.38461,0.86305
