particle,elasticity,weight,frame,x,y,z
1,0.3578,21.39629,1,0.09358,-0.41424,0.84646
1,0.3578,21.39629,2,0.23479,-0.30777,0.87521
2,0.3578,21.39629,1,0.09358,-0.41424,0.84646
2,0.3578,21.39629,2,0.23479,-0.30777,0.87521
3,0.83653,20.52727,1,0.13225,-0.4047,0.81287
3,0.83653,20.52727,2,0.2348,-0.2412,0.87606
4,0.89498,20.16856,1,0.0974,-0.37741,0.79457
4,0.89498,20.16856,2,0.2307,-0.25467,0.86336
5,0.3578,21.39629,1,0.09358,-0.41424,0.84646
5,0.3578,21.39629,2,0.23479,-0.30777,0.87521
6,0.94816,17.87654,1,0.13225,-0.4047,0.81287
6,0.94816,17.87654,2,0.20741,-0.26681,0.8408
7,0.3578,21.39629,1,0.09358,-0.41424,0.84646
7,0.3578,21.39629,2,0.23479,-0.30777,0.87521
8,0.96363,21.00825,1,0.13225,-0.4047,0.81287
8,0.96363,21.00825,2,0.28769,-0.24159,0.83483
9,0.96363,21.00825,1,0.13225,-0.4047,0.81287
9,0.96363,21.00825,2,0.28769,-0.24159,0.83483
10,0.57661,17.74574,1,0.18917,-0.39143,0.84004
10,0.57661,17.74574,2,0.36415,-0.20918,0.84171
11,0.89498,20.16856,1,0.0974,-0.37741,0.79457
11,0.89498,20.16856,2,0.2307,-0.25467,0.86336
12,0.94816,17.87654,1,0.13225,-0.4047,0.81287
12,0.94816,17.87654,2,0.20741,-0.26681,0.8408
13,0.89498,20.16856,1,0.0974,-0.37741,0.79457
13,0.89498,20.16856,2,0.2307,-0.25467,0.86336
14,0.96363,21.00825,1,0.13225,-0.4047,0.81287
14,0.96363,21.00825,2,0.28769,-0.24159,0.83483
15,0.3578,21.39629,1,0.09358,-0.41424,0.84646
15,0.3578,21.39629,2,0.23479,-0.30777,0.87521
16,0.3578,21.39629,1,0.09358,-0.41424,0.84646
16,0.3578,21.39629,2,0.23479,-0.30777,0.87521
17,0.83653,20.52727,1,0.13225,-0.4047,0.81287
17,0.83653,20.52727,2,0.2348,-0.2412,0.87606
18,0.83653,20.52727,1,0.13225,-0.4047,0.81287
18,0.83653,20.52727,2,0.2348,-0.2412,0.87606
19,0.83653,20.52727,1,0.13225,-0.4047,0.81287
19,0.83653,20.52727,2,0.2348,-0.2412,0.87606
20,0.83653,20.52727,1,0.13225,-0.4047,0.81287
20,0.83653,20.52727,2,0.2348,-0.2412,0.87606
