particle,elasticity,weight,frame,x,y,z
1,0.0939,20.22738,1,0.3493,0.38674,0.45857
1,0.0939,20.22738,2,0.36209,0.39397,0.34522
2,0.18739,19.05299,1,0.3493,0.37745,0.45857
2,0.18739,19.05299,2,0.33386,0.36226,0.33173
3,0.0939,20.22738,1,0.3493,0.38674,0.45857
3,0.0939,20.22738,2,0.36209,0.39397,0.34522
4,0.95865,18.2164,1,0.39836,0.33694,0.47365
4,0.95865,18.2164,2,0.3232,0.23694,0.31388
5,0.0939,20.22738,1,0.3493,0.38674,0.45857
5,0.0939,20.22738,2,0.36209,0.39397,0.34522
6,0.0939,20.22738,1,0.3493,0.38674,0.45857
6,0.0939,20.22738,2,0.36209,0.39397,0.34522
7,0.0939,20.22738,1,0.3493,0.38674,0.45857
7,0.0939,20.22738,2,0.36209,0.39397,0.34522
8,0.18422,15.43195,1,0.3493,0.37777,0.45857
8,0.18422,15.43195,2,0.33505,0.30426,0.25781
9,0.0939,20.22738,1,0.3493,0.38674,0.45857
9,0.0939,20.22738,2,0.36209,0.39397,0.34522
10,0.95865,18.2164,1,0.39836,0.33694,0.47365
10,0.95865,18.2164,2,0.3232,0.23694,0.31388
11,0.20396,20.5381,1,0.37051,0.37847,0.44633
11,0.20396,20.5381,2,0.38625,0.36421,0.28022
12,0.0939,20.22738,1,0.3493,0.38674,0.45857
12,0.0939,20.22738,2,0.36209,0.39397,0.34522
13,0.0939,20.22738,1,0.3493,0.38674,0.45857
13,0.0939,20.22738,2,0.36209,0.39397,0.34522
14,0.20396,20.5381,1,0.37051,0.37847,0.44633
14,0.20396,20.5381,2,0.38625,0.36421,0.28022
15,0.34871,19.26036,1,0.3705,0.36411,0.44634
15,0.34871,19.26036,2,0.40745,0.33862,0.34548
16,0.0939,20.22738,1,0.3493,0.38674,0.45857
16,0.0939,20.22738,2,0.36209,0.39397,0.34522
17,0.0939,20.22738,1,0.3493,0.38674,0.45857
17,0.0939,20.22738,2,0.36209,0.39397,0.34522
18,0.34871,19.26036,1,0.3705,0.36411,0.44634
18,0.34871,19.26036,2,0.40745,0.33862,0.34548
19,0.20396,20.5381,1,0.37051,0.37847,0.44633
19,0.20396,20.5381,2,0.38625,0.36421,0.28022
20,0.20396,20.5381,1,0.37051,0.37847,0.44633
20,0.20396,20.5381,2,0.38625,0.36421,0.28022
