particle,elasticity,weight,frame,x,y,z
1,0.69219,17.33953,1,0.23032,-0.18275,0.25412
1,0.69219,17.33953,2,0.24984,-0.25076,0.21426
2,0.03074,21.93903,1,0.23987,-0.18759,0.30275
2,0.03074,21.93903,2,0.19476,-0.26863,0.27443
3,0.03074,21.93903,1,0.23987,-0.18759,0.30275
3,0.03074,21.93903,2,0.19476,-0.26863,0.27443
4,0.80066,17.51608,1,0.23323,-0.16549,0.35586
4,0.80066,17.51608,2,0.15719,-0.37412,0.28298
5,0.1588,18.85477,1,0.24786,-0.15705,0.25528
5,0.1588,18.85477,2,0.18625,-0.19053,0.25781
6,0.17795,16.46765,1,0.23987,-0.18759,0.30275
6,0.17795,16.46765,2,0.12385,-0.39252,0.2873
7,0.03074,21.93903,1,0.23987,-0.18759,0.30275
7,0.03074,21.93903,2,0.19476,-0.26863,0.27443
8,0.17522,20.41158,1,0.23987,-0.18759,0.30275
8,0.17522,20.41158,2,0.17167,-0.29387,0.22236
9,0.03074,21.93903,1,0.23987,-0.18759,0.30275
9,0.03074,21.93903,2,0.19476,-0.26863,0.27443
10,0.8537,17.96829,1,0.23161,-0.18855,0.25548
10,0.8537,17.96829,2,0.12785,-0.25931,0.19457
11,0.21525,18.77104,1,0.23987,-0.18759,0.30275
11,0.21525,18.77104,2,0.08058,-0.20075,0.2885
12,0.17522,20.41158,1,0.23987,-0.18759,0.30275
12,0.17522,20.41158,2,0.17167,-0.29387,0.22236
13,0.17522,20.41158,1,0.23987,-0.18759,0.30275
13,0.17522,20.41158,2,0.17167,-0.29387,0.22236
14,0.0056,18.15315,1,0.29388,-0.17729,0.34604
14,0.0056,18.15315,2,0.13278,-0.17924,0.34144
15,0.17522,20.41158,1,0.23987,-0.18759,0.30275
15,0.17522,20.41158,2,0.17167,-0.29387,0.22236
16,0.85736,19.5031,1,0.23032,-0.18275,0.25412
16,0.85736,19.5031,2,0.20608,-0.22575,0.25034
17,0.85736,19.5031,1,0.23032,-0.18275,0.25412
17,0.85736,19.5031,2,0.20608,-0.22575,0.25034
18,0.1588,18.85477,1,0.24786,-0.15705,0.25528
18,0.1588,18.85477,2,0.18625,-0.19053,0.25781
19,0.90865,19.13353,1,0.23323,-0.16549,0.35586
19,0.90865,19.13353,2,0.26193,-0.21524,0.30683
20,0.85736,19.5031,1,0.23032,-0.18275,0.25412
20,0.85736,19.5031,2,0.20608,-0.22575,0.25034
