particle,elasticity,weight,frame,x,y,z
1,0.69226,18.86754,1,-0.38472,0.05703,0.14738
1,0.69226,18.86754,2,-0.3109,-0.09816,0.0946
2,0.25727,19.99081,1,-0.39078,0.03762,0.11912
2,0.25727,19.99081,2,-0.41381,-0.15726,0.11127
3,0.69226,18.86754,1,-0.38472,0.05703,0.14738
3,0.69226,18.86754,2,-0.3109,-0.09816,0.0946
4,0.69226,18.86754,1,-0.38472,0.05703,0.14738
4,0.69226,18.86754,2,-0.3109,-0.09816,0.0946
5,0.69226,18.86754,1,-0.38472,0.05703,0.14738
5,0.69226,18.86754,2,-0.3109,-0.09816,0.0946
6,0.69226,18.86754,1,-0.38472,0.05703,0.14738
6,0.69226,18.86754,2,-0.3109,-0.09816,0.0946
7,0.25727,19.99081,1,-0.39078,0.03762,0.11912
7,0.25727,19.99081,2,-0.41381,-0.15726,0.11127
8,0.25727,19.99081,1,-0.39078,0.03762,0.11912
8,0.25727,19.99081,2,-0.41381,-0.15726,0.11127
9,0.25727,19.99081,1,-0.39078,0.03762,0.11912
9,0.25727,19.99081,2,-0.41381,-0.15726,0.11127
10,0.35859,16.81023,1,-0.38805,0.03998,0.1298
10,0.35859,16.81023,2,-0.39401,-0.05707,0.17476
11,0.69226,18.86754,1,-0.38472,0.05703,0.14738
11,0.69226,18.86754,2,-0.3109,-0.09816,0.0946
12,0.69226,18.86754,1,-0.38472,0.05703,0.14738
12,0.69226,18.86754,2,-0.3109,-0.09816,0.0946
13,0.7625,15.80051,1,-0.37644,-0.0564,0.13779
13,0.7625,15.80051,2,-0.3394,-0.15747,0.21929
14,0.65239,16.1285,1,-0.38597,0.05631,0.1445
14,0.65239,16.1285,2,-0.24957,-0.03896,0.19558
15,0.25727,19.99081,1,-0.39078,0.03762,0.11912
15,0.25727,19.99081,2,-0.41381,-0.15726,0.11127
16,0.65239,16.1285,1,-0.38597,0.05631,0.1445
16,0.65239,16.1285,2,-0.24957,-0.03896,0.19558
17,0.25727,19.99081,1,-0.39078,0.03762,0.11912
17,0.25727,19.99081,2,-0.41381,-0.15726,0.11127
18,0.25727,19.99081,1,-0.39078,0.03762,0.11912
18,0.25727,19.99081,2,-0.41381,-0.15726,0.11127
19,0.69226,18.86754,1,-0.38472,0.05703,0.14738
19,0.69226,18.86754,2,-0.3109,-0.09816,0.0946
20,0.69226,18.86754,1,-0.38472,0.05703,0.14738
20,0.69226,18.86754,2,-0.3109,-0.09816,0.0946
