particle,elasticity,weight,frame,x,y,z
1,0.4604,8.21448,1,-0.29413,-0.11433,0.35713
1,0.4604,8.21448,2,-0.40264,-0.29661,0.59327
2,0.40365,8.21448,1,-0.29413,-0.11433,0.35713
2,0.40365,8.21448,2,-0.40542,-0.29709,0.59378
3,0.36938,8.21448,1,-0.29413,-0.11433,0.35713
3,0.36938,8.21448,2,-0.4071,-0.29737,0.59409
4,0.60015,8.21448,1,-0.29413,-0.11433,0.35713
4,0.60015,8.21448,2,-0.3958,-0.29543,0.59202
5,0.76332,8.21448,1,-0.29413,-0.11433,0.35713
5,0.76332,8.21448,2,-0.3878,-0.29403,0.59058
6,0.38074,8.21448,1,-0.29413,-0.11433,0.35713
6,0.38074,8.21448,2,-0.40654,-0.29728,0.59399
7,0.67001,8.21448,1,-0.29413,-0.11433,0.35713
7,0.67001,8.21448,2,-0.39237,-0.29483,0.5914
8,0.66216,8.21448,1,-0.29413,-0.11433,0.35713
8,0.66216,8.21448,2,-0.39276,-0.2949,0.59147
9,0.62085,8.21448,1,-0.29413,-0.11433,0.35713
9,0.62085,8.21448,2,-0.39478,-0.29525,0.59184
10,0.45584,8.21448,1,-0.29413,-0.11433,0.35713
10,0.45584,8.21448,2,-0.40287,-0.29665,0.59331
11,0.03337,8.21448,1,-0.29413,-0.11433,0.35713
11,0.03337,8.21448,2,-0.42352,-0.30015,0.59713
12,0.60723,8.21448,1,-0.29413,-0.11433,0.35713
12,0.60723,8.21448,2,-0.39545,-0.29537,0.59196
13,0.96283,8.21448,1,-0.29413,-0.11433,0.35713
13,0.96283,8.21448,2,-0.378,-0.29231,0.58882
14,0.4371,8.21448,1,-0.29413,-0.11433,0.35713
14,0.4371,8.21448,2,-0.40378,-0.2968,0.59348
15,0.19118,8.21448,1,-0.29413,-0.11433,0.35713
15,0.19118,8.21448,2,-0.41581,-0.29885,0.5957
16,0.98823,8.21448,1,-0.29413,-0.11433,0.35713
16,0.98823,8.21448,2,-0.37676,-0.29208,0.5886
17,0.57377,8.21448,1,-0.29413,-0.11433,0.35713
17,0.57377,8.21448,2,-0.39709,-0.29565,0.59226
18,0.72646,8.21448,1,-0.29413,-0.11433,0.35713
18,0.72646,8.21448,2,-0.3896,-0.29435,0.5909
19,0.57447,8.21448,1,-0.29413,-0.11433,0.35713
19,0.57447,8.21448,2,-0.39706,-0.29564,0.59225
20,0.1293,8.21448,1,-0.29413,-0.11433,0.35713
20,0.1293,8.21448,2,-0.41884,-0.29936,0.59626
