particle,elasticity,weight,frame,x,y,z
1,0.8332,8.20196,1,0.21955,-0.12216,0.23854
1,0.8332,8.20196,2,0.42842,-0.30286,0.02423
2,0.82767,8.20196,1,0.21955,-0.12216,0.23854
2,0.82767,8.20196,2,0.42848,-0.30284,0.02414
3,0.94728,8.20196,1,0.21955,-0.12216,0.23854
3,0.94728,8.20196,2,0.4273,-0.3033,0.02609
4,0.65114,8.20196,1,0.21955,-0.12216,0.23854
4,0.65114,8.20196,2,0.4303,-0.30239,0.0212
5,0.84699,8.20196,1,0.21955,-0.12216,0.23854
5,0.84699,8.20196,2,0.42828,-0.30291,0.02446
6,0.53733,8.20196,1,0.21955,-0.12216,0.23854
6,0.53733,8.20196,2,0.43162,-0.30245,0.01858
7,0.75754,8.20196,1,0.21955,-0.12216,0.23854
7,0.75754,8.20196,2,0.42919,-0.30263,0.02298
8,0.51994,8.20196,1,0.21955,-0.12216,0.23854
8,0.51994,8.20196,2,0.43184,-0.30249,0.01812
9,0.34764,8.20196,1,0.21955,-0.12216,0.23854
9,0.34764,8.20196,2,0.43398,-0.30288,0.01374
10,0.27775,8.20196,1,0.21955,-0.12216,0.23854
10,0.27775,8.20196,2,0.43487,-0.30303,0.01209
11,0.24568,8.20196,1,0.21955,-0.12216,0.23854
11,0.24568,8.20196,2,0.43528,-0.3031,0.01136
12,0.46494,8.20196,1,0.21955,-0.12216,0.23854
12,0.46494,8.20196,2,0.43251,-0.30261,0.01668
13,0.57963,8.20196,1,0.21955,-0.12216,0.23854
13,0.57963,8.20196,2,0.43111,-0.30237,0.0197
14,0.3698,8.20196,1,0.21955,-0.12216,0.23854
14,0.3698,8.20196,2,0.4337,-0.30283,0.01428
15,0.1627,8.20196,1,0.21955,-0.12216,0.23854
15,0.1627,8.20196,2,0.43638,-0.30328,0.00958
16,0.88071,8.20196,1,0.21955,-0.12216,0.23854
16,0.88071,8.20196,2,0.42795,-0.30303,0.02501
17,0.09608,8.20196,1,0.21955,-0.12216,0.23854
17,0.09608,8.20196,2,0.43729,-0.30344,0.00826
18,0.0752,8.20196,1,0.21955,-0.12216,0.23854
18,0.0752,8.20196,2,0.43758,-0.30349,0.00788
19,0.12343,8.20196,1,0.21955,-0.12216,0.23854
19,0.12343,8.20196,2,0.43691,-0.30337,0.00879
20,0.88648,8.20196,1,0.21955,-0.12216,0.23854
20,0.88648,8.20196,2,0.42789,-0.30305,0.0251
