particle,elasticity,weight,frame,x,y,z
1,0.61909,8.26136,1,0.08006,0.37187,0.70695
1,0.61909,8.26136,2,0.05057,0.36292,0.70905
2,0.46101,8.26136,1,0.08006,0.37187,0.70695
2,0.46101,8.26136,2,0.04826,0.37717,0.70906
3,0.08564,8.26136,1,0.08006,0.37187,0.70695
3,0.08564,8.26136,2,0.04005,0.41252,0.71132
4,0.32158,8.26136,1,0.08006,0.37187,0.70695
4,0.32158,8.26136,2,0.04539,0.39019,0.70971
5,0.50081,8.26136,1,0.08006,0.37187,0.70695
5,0.50081,8.26136,2,0.04884,0.37358,0.70906
6,0.32909,8.26136,1,0.08006,0.37187,0.70695
6,0.32909,8.26136,2,0.04556,0.38948,0.70966
7,0.17404,8.26136,1,0.08006,0.37187,0.70695
7,0.17404,8.26136,2,0.04205,0.40415,0.71071
8,0.16067,8.26136,1,0.08006,0.37187,0.70695
8,0.16067,8.26136,2,0.04175,0.40542,0.7108
9,0.72796,8.26136,1,0.08006,0.37187,0.70695
9,0.72796,8.26136,2,0.05216,0.35311,0.70905
10,0.3793,8.26136,1,0.08006,0.37187,0.70695
10,0.3793,8.26136,2,0.0467,0.38473,0.70933
11,0.81354,8.26136,1,0.08006,0.37187,0.70695
11,0.81354,8.26136,2,0.05341,0.3454,0.70904
12,0.24414,8.26136,1,0.08006,0.37187,0.70695
12,0.24414,8.26136,2,0.04364,0.39752,0.71023
13,0.16468,8.26136,1,0.08006,0.37187,0.70695
13,0.16468,8.26136,2,0.04184,0.40504,0.71077
14,0.19868,8.26136,1,0.08006,0.37187,0.70695
14,0.19868,8.26136,2,0.04261,0.40182,0.71054
15,0.39523,8.26136,1,0.08006,0.37187,0.70695
15,0.39523,8.26136,2,0.04707,0.38322,0.70923
16,0.31372,8.26136,1,0.08006,0.37187,0.70695
16,0.31372,8.26136,2,0.04522,0.39093,0.70976
17,0.43605,8.26136,1,0.08006,0.37187,0.70695
17,0.43605,8.26136,2,0.04789,0.37942,0.70907
18,0.17462,8.26136,1,0.08006,0.37187,0.70695
18,0.17462,8.26136,2,0.04206,0.4041,0.7107
19,0.34516,8.26136,1,0.08006,0.37187,0.70695
19,0.34516,8.26136,2,0.04593,0.38796,0.70955
20,0.59203,8.26136,1,0.08006,0.37187,0.70695
20,0.59203,8.26136,2,0.05018,0.36536,0.70905
