particle,elasticity,weight,frame,x,y,z
1,0.33271,8.19916,1,-0.36082,-0.34096,0.4116
1,0.33271,8.19916,2,-0.40148,-0.43185,0.25196
2,0.057,8.19916,1,-0.36082,-0.34096,0.4116
2,0.057,8.19916,2,-0.43047,-0.43897,0.24747
3,0.16333,8.19916,1,-0.36082,-0.34096,0.4116
3,0.16333,8.19916,2,-0.41935,-0.43609,0.24927
4,0.98165,8.19916,1,-0.36082,-0.34096,0.4116
4,0.98165,8.19916,2,-0.32757,-0.43352,0.25926
5,0.59613,8.19916,1,-0.36082,-0.34096,0.4116
5,0.59613,8.19916,2,-0.371,-0.43544,0.25483
6,0.53446,8.19916,1,-0.36082,-0.34096,0.4116
6,0.53446,8.19916,2,-0.3777,-0.43659,0.25394
7,0.68778,8.19916,1,-0.36082,-0.34096,0.4116
7,0.68778,8.19916,2,-0.361,-0.43378,0.25613
8,0.50927,8.19916,1,-0.36082,-0.34096,0.4116
8,0.50927,8.19916,2,-0.38043,-0.43707,0.25358
9,0.44332,8.19916,1,-0.36082,-0.34096,0.4116
9,0.44332,8.19916,2,-0.38755,-0.43836,0.2526
10,0.70113,8.19916,1,-0.36082,-0.34096,0.4116
10,0.70113,8.19916,2,-0.35953,-0.43354,0.25632
11,0.41693,8.19916,1,-0.36082,-0.34096,0.4116
11,0.41693,8.19916,2,-0.39251,-0.43217,0.25265
12,0.35442,8.19916,1,-0.36082,-0.34096,0.4116
12,0.35442,8.19916,2,-0.39918,-0.43133,0.2523
13,0.99337,8.19916,1,-0.36082,-0.34096,0.4116
13,0.99337,8.19916,2,-0.32625,-0.43332,0.25944
14,0.05884,8.19916,1,-0.36082,-0.34096,0.4116
14,0.05884,8.19916,2,-0.43028,-0.43892,0.24751
15,0.68727,8.19916,1,-0.36082,-0.34096,0.4116
15,0.68727,8.19916,2,-0.36105,-0.43379,0.25612
16,0.34776,8.19916,1,-0.36082,-0.34096,0.4116
16,0.34776,8.19916,2,-0.39988,-0.43149,0.25219
17,0.5224,8.19916,1,-0.36082,-0.34096,0.4116
17,0.5224,8.19916,2,-0.37901,-0.43682,0.25377
18,0.66323,8.19916,1,-0.36082,-0.34096,0.4116
18,0.66323,8.19916,2,-0.36369,-0.43422,0.25578
19,0.12297,8.19916,1,-0.36082,-0.34096,0.4116
19,0.12297,8.19916,2,-0.42358,-0.43716,0.2486
20,0.11295,8.19916,1,-0.36082,-0.34096,0.4116
20,0.11295,8.19916,2,-0.42463,-0.43743,0.24843
