particle,elasticity,weight,frame,x,y,z
1,0.09684,8.17911,1,0.42512,-0.14411,0.26745
1,0.09684,8.17911,2,0.41672,0.06946,0.02017
2,0.82663,8.07242,1,0.39507,-0.14832,0.27364
2,0.82663,8.07242,2,0.35531,0.05842,0.07047
3,0.53973,8.12585,1,0.40689,-0.14664,0.27122
3,0.53973,8.12585,2,0.37928,0.06267,0.05175
4,0.70912,8.09611,1,0.39991,-0.14763,0.27265
4,0.70912,8.09611,2,0.36506,0.05978,0.06395
5,0.77519,8.0831,1,0.39719,-0.14802,0.27321
5,0.77519,8.0831,2,0.35955,0.05881,0.06822
6,0.99078,8.03514,1,0.38829,-0.1493,0.27502
6,0.99078,8.03514,2,0.34161,0.05721,0.07725
7,0.71029,8.09589,1,0.39986,-0.14764,0.27266
7,0.71029,8.09589,2,0.36496,0.05976,0.06404
8,0.28308,8.16102,1,0.41746,-0.14516,0.26904
8,0.28308,8.16102,2,0.4009,0.06675,0.03336
9,0.04968,8.1827,1,0.42706,-0.14384,0.26705
9,0.04968,8.1827,2,0.42075,0.07012,0.01685
10,0.20585,8.16928,1,0.42064,-0.14472,0.26838
10,0.20585,8.16928,2,0.40744,0.0679,0.02787
11,0.74921,8.08831,1,0.39826,-0.14787,0.27299
11,0.74921,8.08831,2,0.36169,0.05908,0.06684
12,0.38098,8.14901,1,0.41343,-0.14573,0.26987
12,0.38098,8.14901,2,0.39264,0.06524,0.04035
13,0.73253,8.09159,1,0.39895,-0.14777,0.27285
13,0.73253,8.09159,2,0.36309,0.05937,0.06564
14,0.87209,8.06259,1,0.39319,-0.14859,0.27402
14,0.87209,8.06259,2,0.35155,0.05808,0.07242
15,0.03282,8.18389,1,0.42775,-0.14375,0.26691
15,0.03282,8.18389,2,0.4222,0.07034,0.01567
16,0.59529,8.11667,1,0.4046,-0.14697,0.27169
16,0.59529,8.11667,2,0.37462,0.06174,0.05575
17,0.7226,8.09352,1,0.39936,-0.14771,0.27276
17,0.7226,8.09352,2,0.36393,0.05955,0.06493
18,0.8339,8.07088,1,0.39477,-0.14837,0.2737
18,0.8339,8.07088,2,0.35471,0.05837,0.07079
19,0.03929,8.18344,1,0.42749,-0.14378,0.26696
19,0.03929,8.18344,2,0.42164,0.07026,0.01612
20,0.73116,8.09186,1,0.399,-0.14776,0.27284
20,0.73116,8.09186,2,0.36321,0.0594,0.06554
