particle,elasticity,weight,frame,x,y,z
1,0.69022,8.18259,1,-0.08917,0.06462,0.67246
1,0.69022,8.18259,2,-0.40777,-0.17994,0.46646
2,0.74868,8.18259,1,-0.08917,0.06462,0.67246
2,0.74868,8.18259,2,-0.40777,-0.17994,0.46646
3,0.89045,8.18259,1,-0.08917,0.06462,0.67246
3,0.89045,8.18259,2,-0.40777,-0.17994,0.46646
4,0.12828,8.18259,1,-0.08917,0.06462,0.67246
4,0.12828,8.18259,2,-0.40777,-0.17994,0.46646
5,0.13255,8.18259,1,-0.08917,0.06462,0.67246
5,0.13255,8.18259,2,-0.40777,-0.17994,0.46646
6,0.63016,8.18259,1,-0.08917,0.06462,0.67246
6,0.63016,8.18259,2,-0.40777,-0.17994,0.46646
7,0.23714,8.18259,1,-0.08917,0.06462,0.67246
7,0.23714,8.18259,2,-0.40777,-0.17994,0.46646
8,0.44663,8.18259,1,-0.08917,0.06462,0.67246
8,0.44663,8.18259,2,-0.40777,-0.17994,0.46646
9,0.50538,8.18259,1,-0.08917,0.06462,0.67246
9,0.50538,8.18259,2,-0.40777,-0.17994,0.46646
10,0.52529,8.18259,1,-0.08917,0.06462,0.67246
10,0.52529,8.18259,2,-0.40777,-0.17994,0.46646
11,0.91761,8.18259,1,-0.08917,0.06462,0.67246
11,0.91761,8.18259,2,-0.40777,-0.17994,0.46646
12,0.58002,8.18259,1,-0.08917,0.06462,0.67246
12,0.58002,8.18259,2,-0.40777,-0.17994,0.46646
13,0.62987,8.18259,1,-0.08917,0.06462,0.67246
13,0.62987,8.18259,2,-0.40777,-0.17994,0.46646
14,0.41429,8.18259,1,-0.08917,0.06462,0.67246
14,0.41429,8.18259,2,-0.40777,-0.17994,0.46646
15,0.78661,8.18259,1,-0.08917,0.06462,0.67246
15,0.78661,8.18259,2,-0.40777,-0.17994,0.46646
16,0.7326,8.18259,1,-0.08917,0.06462,0.67246
16,0.7326,8.18259,2,-0.40777,-0.17994,0.46646
17,0.40975,8.18259,1,-0.08917,0.06462,0.67246
17,0.40975,8.18259,2,-0.40777,-0.17994,0.46646
18,0.8093,8.18259,1,-0.08917,0.06462,0.67246
18,0.8093,8.18259,2,-0.40777,-0.17994,0.46646
19,0.10136,8.18259,1,-0.08917,0.06462,0.67246
19,0.10136,8.18259,2,-0.40777,-0.17994,0.46646
20,0.43983,8.18259,1,-0.08917,0.06462,0.67246
20,0.43983,8.18259,2,-0.40777,-0.17994,0.46646
