particle,elasticity,weight,frame,x,y,z
1,0.08264,8.2999,1,-0.42523,-0.31121,0.95456
1,0.08264,8.2999,2,-0.41058,-0.30816,0.92064
2,0.4698,8.27909,1,-0.41464,-0.30916,0.94405
2,0.4698,8.27909,2,-0.35248,-0.29689,0.86308
3,0.69796,8.25562,1,-0.40799,-0.30864,0.93787
3,0.69796,8.25562,2,-0.31612,-0.29409,0.82925
4,0.35885,8.28744,1,-0.41777,-0.30955,0.94706
4,0.35885,8.28744,2,-0.36962,-0.29906,0.87955
5,0.71294,8.25378,1,-0.40755,-0.30861,0.93746
5,0.71294,8.25378,2,-0.31372,-0.29392,0.82704
6,0.31212,8.29036,1,-0.41903,-0.30983,0.94833
6,0.31212,8.29036,2,-0.37656,-0.30058,0.88649
7,0.85723,8.23422,1,-0.40331,-0.30831,0.93355
7,0.85723,8.23422,2,-0.29053,-0.29225,0.80568
8,0.21212,8.29549,1,-0.42174,-0.31042,0.95104
8,0.21212,8.29549,2,-0.39143,-0.30383,0.90135
9,0.09489,8.29959,1,-0.42491,-0.31113,0.95422
9,0.09489,8.29959,2,-0.40878,-0.30773,0.91881
10,0.2486,8.29379,1,-0.42076,-0.31021,0.95005
10,0.2486,8.29379,2,-0.38601,-0.30264,0.89593
11,0.7767,8.24556,1,-0.40568,-0.30848,0.93573
11,0.7767,8.24556,2,-0.30348,-0.29317,0.8176
12,0.16847,8.29726,1,-0.42292,-0.31068,0.95223
12,0.16847,8.29726,2,-0.39791,-0.30526,0.90785
13,0.79391,8.24322,1,-0.40517,-0.30844,0.93527
13,0.79391,8.24322,2,-0.30072,-0.29298,0.81505
14,0.02136,8.30111,1,-0.42687,-0.31163,0.95624
14,0.02136,8.30111,2,-0.41957,-0.31044,0.92985
15,0.1636,8.29744,1,-0.42306,-0.31071,0.95236
15,0.1636,8.29744,2,-0.39863,-0.30542,0.90857
16,0.86289,8.23338,1,-0.40314,-0.30829,0.9334
16,0.86289,8.23338,2,-0.28962,-0.29219,0.80485
17,0.95119,8.21966,1,-0.40053,-0.30811,0.93101
17,0.95119,8.21966,2,-0.27538,-0.29119,0.79179
18,0.34334,8.28844,1,-0.41819,-0.30965,0.94748
18,0.34334,8.28844,2,-0.37193,-0.29956,0.88185
19,0.80867,8.24118,1,-0.40474,-0.30841,0.93487
19,0.80867,8.24118,2,-0.29834,-0.29281,0.81287
20,0.6324,8.26323,1,-0.40991,-0.30879,0.93965
20,0.6324,8.26323,2,-0.32661,-0.29487,0.83897
