particle,elasticity,weight,frame,x,y,z
1,0.81717,8.2195,1,0.17053,0.05696,0.33656
1,0.81717,8.2195,2,0.42248,-0.00748,0.30408
2,0.26553,8.2195,1,0.17053,0.05696,0.33656
2,0.26553,8.2195,2,0.44398,-0.00401,0.30408
3,0.07544,8.2195,1,0.17053,0.05696,0.33656
3,0.07544,8.2195,2,0.45139,-0.00282,0.30408
4,0.52229,8.2195,1,0.17053,0.05696,0.33656
4,0.52229,8.2195,2,0.43398,-0.00563,0.30408
5,0.8104,8.2195,1,0.17053,0.05696,0.33656
5,0.8104,8.2195,2,0.42275,-0.00744,0.30408
6,0.04048,8.2195,1,0.17053,0.05696,0.33656
6,0.04048,8.2195,2,0.45276,-0.0026,0.30408
7,0.29713,8.2195,1,0.17053,0.05696,0.33656
7,0.29713,8.2195,2,0.44275,-0.00421,0.30408
8,0.78419,8.2195,1,0.17053,0.05696,0.33656
8,0.78419,8.2195,2,0.42377,-0.00728,0.30408
9,0.55487,8.2195,1,0.17053,0.05696,0.33656
9,0.55487,8.2195,2,0.43271,-0.00583,0.30408
10,0.10647,8.2195,1,0.17053,0.05696,0.33656
10,0.10647,8.2195,2,0.45019,-0.00301,0.30408
11,0.17746,8.2195,1,0.17053,0.05696,0.33656
11,0.17746,8.2195,2,0.44742,-0.00346,0.30408
12,0.22238,8.2195,1,0.17053,0.05696,0.33656
12,0.22238,8.2195,2,0.44567,-0.00374,0.30408
13,0.72389,8.2195,1,0.17053,0.05696,0.33656
13,0.72389,8.2195,2,0.42612,-0.0069,0.30408
14,0.80754,8.2195,1,0.17053,0.05696,0.33656
14,0.80754,8.2195,2,0.42286,-0.00742,0.30408
15,0.60895,8.2195,1,0.17053,0.05696,0.33656
15,0.60895,8.2195,2,0.4306,-0.00617,0.30408
16,0.45206,8.2195,1,0.17053,0.05696,0.33656
16,0.45206,8.2195,2,0.43671,-0.00519,0.30408
17,0.89476,8.2195,1,0.17053,0.05696,0.33656
17,0.89476,8.2195,2,0.41946,-0.00797,0.30408
18,0.06045,8.2195,1,0.17053,0.05696,0.33656
18,0.06045,8.2195,2,0.45198,-0.00272,0.30408
19,0.76442,8.2195,1,0.17053,0.05696,0.33656
19,0.76442,8.2195,2,0.42454,-0.00715,0.30408
20,0.44764,8.2195,1,0.17053,0.05696,0.33656
20,0.44764,8.2195,2,0.43689,-0.00516,0.30408
