particle,elasticity,weight,frame,x,y,z
1,0.34375,8.00425,1,0.11138,-0.4306,0.75133
1,0.34375,8.00425,2,-0.13482,-0.32219,0.90092
2,0.15983,8.03757,1,0.11229,-0.43895,0.75356
2,0.15983,8.03757,2,-0.13042,-0.35154,0.90933
3,0.84038,7.91734,1,0.10606,-0.41751,0.74617
3,0.84038,7.91734,2,-0.16173,-0.29142,0.88162
4,0.62365,7.9645,1,0.10769,-0.42518,0.74823
4,0.62365,7.9645,2,-0.15239,-0.3024,0.88595
5,0.47718,7.976,1,0.11058,-0.42484,0.74975
5,0.47718,7.976,2,-0.1388,-0.30323,0.89508
6,0.97084,7.8829,1,0.10513,-0.41237,0.74486
6,0.97084,7.8829,2,-0.16661,-0.27975,0.8782
7,0.41505,7.98954,1,0.11097,-0.42749,0.75048
7,0.41505,7.98954,2,-0.13686,-0.3118,0.89777
8,0.19706,8.0314,1,0.11212,-0.43723,0.75311
8,0.19706,8.0314,2,-0.13121,-0.34532,0.9076
9,0.96613,7.88427,1,0.10516,-0.41257,0.74491
9,0.96613,7.88427,2,-0.16644,-0.28031,0.87835
10,0.19094,8.03244,1,0.11215,-0.43751,0.75318
10,0.19094,8.03244,2,-0.13108,-0.34633,0.90788
11,0.76243,7.93453,1,0.10665,-0.42015,0.74687
11,0.76243,7.93453,2,-0.15841,-0.29419,0.88276
12,0.42421,7.98759,1,0.11091,-0.42709,0.75037
12,0.42421,7.98759,2,-0.13714,-0.31051,0.89737
13,0.6449,7.96001,1,0.10753,-0.42439,0.74801
13,0.6449,7.96001,2,-0.15332,-0.30092,0.88538
14,0.00978,8.05876,1,0.11291,-0.44584,0.75538
14,0.00978,8.05876,2,-0.12753,-0.37681,0.91626
15,0.74203,7.93903,1,0.1068,-0.42087,0.74706
15,0.74203,7.93903,2,-0.15755,-0.29521,0.88314
16,0.2623,8.01988,1,0.11181,-0.43424,0.75231
16,0.2623,8.01988,2,-0.13272,-0.33475,0.9046
17,0.44114,7.98394,1,0.11081,-0.42637,0.75017
17,0.44114,7.98394,2,-0.13766,-0.30814,0.89663
18,0.32889,8.0072,1,0.11146,-0.43126,0.75151
18,0.32889,8.0072,2,-0.13442,-0.32443,0.90159
19,0.82881,7.9196,1,0.10615,-0.41783,0.74626
19,0.82881,7.9196,2,-0.1612,-0.29112,0.88161
20,0.40895,7.99084,1,0.111,-0.42775,0.75055
20,0.40895,7.99084,2,-0.13668,-0.31266,0.89804
