particle,elasticity,weight,frame,x,y,z
1,0.84809,8.14896,1,-0.16165,0.20871,0.54603
1,0.84809,8.14896,2,-0.41103,0.37551,0.2292
2,0.1679,8.14896,1,-0.16165,0.20871,0.54603
2,0.1679,8.14896,2,-0.43564,0.37282,0.2234
3,0.87687,8.14896,1,-0.16165,0.20871,0.54603
3,0.87687,8.14896,2,-0.40998,0.37563,0.22944
4,0.37783,8.14896,1,-0.16165,0.20871,0.54603
4,0.37783,8.14896,2,-0.42808,0.37358,0.2252
5,0.39269,8.14896,1,-0.16165,0.20871,0.54603
5,0.39269,8.14896,2,-0.42755,0.37363,0.22533
6,0.34588,8.14896,1,-0.16165,0.20871,0.54603
6,0.34588,8.14896,2,-0.42924,0.37346,0.22493
7,0.3645,8.14896,1,-0.16165,0.20871,0.54603
7,0.3645,8.14896,2,-0.42857,0.37353,0.22509
8,0.89877,8.14896,1,-0.16165,0.20871,0.54603
8,0.89877,8.14896,2,-0.40918,0.37573,0.22962
9,0.54039,8.14896,1,-0.16165,0.20871,0.54603
9,0.54039,8.14896,2,-0.42221,0.37421,0.22659
10,0.29384,8.14896,1,-0.16165,0.20871,0.54603
10,0.29384,8.14896,2,-0.43111,0.37326,0.22448
11,0.20846,8.14896,1,-0.16165,0.20871,0.54603
11,0.20846,8.14896,2,-0.43419,0.37296,0.22375
12,0.9797,8.14896,1,-0.16165,0.20871,0.54603
12,0.9797,8.14896,2,-0.40622,0.3761,0.2303
13,0.09502,8.14896,1,-0.16165,0.20871,0.54603
13,0.09502,8.14896,2,-0.43826,0.37257,0.22277
14,0.98843,8.14896,1,-0.16165,0.20871,0.54603
14,0.98843,8.14896,2,-0.40591,0.37614,0.23037
15,0.27407,8.14896,1,-0.16165,0.20871,0.54603
15,0.27407,8.14896,2,-0.43183,0.37319,0.22431
16,0.02276,8.14896,1,-0.16165,0.20871,0.54603
16,0.02276,8.14896,2,-0.44085,0.37233,0.22214
17,0.7664,8.14896,1,-0.16165,0.20871,0.54603
17,0.7664,8.14896,2,-0.414,0.37515,0.22851
18,0.16519,8.14896,1,-0.16165,0.20871,0.54603
18,0.16519,8.14896,2,-0.43574,0.37281,0.22337
19,0.8248,8.14896,1,-0.16165,0.20871,0.54603
19,0.8248,8.14896,2,-0.41187,0.3754,0.229
20,0.53258,8.14896,1,-0.16165,0.20871,0.54603
20,0.53258,8.14896,2,-0.42249,0.37418,0.22653
