particle,elasticity,weight,frame,x,y,z
1,0.73769,8.23842,1,-0.2349,-0.13376,0.39601
1,0.73769,8.23842,2,-0.14691,-0.44129,0.34869
2,0.26292,8.23842,1,-0.2349,-0.13376,0.39601
2,0.26292,8.23842,2,-0.14691,-0.44129,0.34869
3,0.65115,8.23842,1,-0.2349,-0.13376,0.39601
3,0.65115,8.23842,2,-0.14691,-0.44129,0.34869
4,0.87727,8.23842,1,-0.2349,-0.13376,0.39601
4,0.87727,8.23842,2,-0.14691,-0.44129,0.34869
5,0.15429,8.23842,1,-0.2349,-0.13376,0.39601
5,0.15429,8.23842,2,-0.14691,-0.44129,0.34869
6,0.79924,8.23842,1,-0.2349,-0.13376,0.39601
6,0.79924,8.23842,2,-0.14691,-0.44129,0.34869
7,0.91016,8.23842,1,-0.2349,-0.13376,0.39601
7,0.91016,8.23842,2,-0.14691,-0.44129,0.34869
8,0.54898,8.23842,1,-0.2349,-0.13376,0.39601
8,0.54898,8.23842,2,-0.14691,-0.44129,0.34869
9,0.92129,8.23842,1,-0.2349,-0.13376,0.39601
9,0.92129,8.23842,2,-0.14691,-0.44129,0.34869
10,0.09329,8.23842,1,-0.2349,-0.13376,0.39601
10,0.09329,8.23842,2,-0.14691,-0.44129,0.34869
11,0.71884,8.23842,1,-0.2349,-0.13376,0.39601
11,0.71884,8.23842,2,-0.14691,-0.44129,0.34869
12,0.04504,8.23842,1,-0.2349,-0.13376,0.39601
12,0.04504,8.23842,2,-0.14691,-0.44129,0.34869
13,0.8477,8.23842,1,-0.2349,-0.13376,0.39601
13,0.8477,8.23842,2,-0.14691,-0.44129,0.34869
14,0.9173,8.23842,1,-0.2349,-0.13376,0.39601
14,0.9173,8.23842,2,-0.14691,-0.44129,0.34869
15,0.34138,8.23842,1,-0.2349,-0.13376,0.39601
15,0.34138,8.23842,2,-0.14691,-0.44129,0.34869
16,0.80823,8.23842,1,-0.2349,-0.13376,0.39601
16,0.80823,8.23842,2,-0.14691,-0.44129,0.34869
17,0.32491,8.23842,1,-0.2349,-0.13376,0.39601
17,0.32491,8.23842,2,-0.14691,-0.44129,0.34869
18,0.14709,8.23842,1,-0.2349,-0.13376,0.39601
18,0.14709,8.23842,2,-0.14691,-0.44129,0.34869
19,0.53165,8.23842,1,-0.2349,-0.13376,0.39601
19,0.53165,8.23842,2,-0.14691,-0.44129,0.34869
20,0.60509,8.23842,1,-0.2349,-0.13376,0.39601
20,0.60509,8.23842,2,-0.14691,-0.44129,0.34869
