particle,elasticity,weight,frame,x,y,z
1,0.22131,8.2303,1,0.02724,-0.30874,0.94295
1,0.22131,8.2303,2,0.06805,-0.42055,0.9024
2,0.06188,8.2303,1,0.02724,-0.30874,0.94295
2,0.06188,8.2303,2,0.06989,-0.4259,0.92559
3,0.44967,8.2303,1,0.02724,-0.30874,0.94295
3,0.44967,8.2303,2,0.0654,-0.41287,0.8692
4,0.7315,8.2303,1,0.02724,-0.30874,0.94295
4,0.7315,8.2303,2,0.0621,-0.40338,0.82825
5,0.35277,8.2303,1,0.02724,-0.30874,0.94295
5,0.35277,8.2303,2,0.06653,-0.41613,0.88329
6,0.77522,8.2303,1,0.02724,-0.30874,0.94295
6,0.77522,8.2303,2,0.06158,-0.40191,0.8219
7,0.02794,8.2303,1,0.02724,-0.30874,0.94295
7,0.02794,8.2303,2,0.07028,-0.42704,0.93053
8,0.56528,8.2303,1,0.02724,-0.30874,0.94295
8,0.56528,8.2303,2,0.06405,-0.40898,0.85239
9,0.01763,8.2303,1,0.02724,-0.30874,0.94295
9,0.01763,8.2303,2,0.0704,-0.42739,0.93203
10,0.68192,8.2303,1,0.02724,-0.30874,0.94295
10,0.68192,8.2303,2,0.06268,-0.40505,0.83545
11,0.293,8.2303,1,0.02724,-0.30874,0.94295
11,0.293,8.2303,2,0.06722,-0.41814,0.89198
12,0.07049,8.2303,1,0.02724,-0.30874,0.94295
12,0.07049,8.2303,2,0.06979,-0.42561,0.92434
13,0.01805,8.2303,1,0.02724,-0.30874,0.94295
13,0.01805,8.2303,2,0.07039,-0.42737,0.93197
14,0.55625,8.2303,1,0.02724,-0.30874,0.94295
14,0.55625,8.2303,2,0.06415,-0.40928,0.85371
15,0.35851,8.2303,1,0.02724,-0.30874,0.94295
15,0.35851,8.2303,2,0.06646,-0.41593,0.88245
16,0.98255,8.2303,1,0.02724,-0.30874,0.94295
16,0.98255,8.2303,2,0.05912,-0.39494,0.79181
17,0.39243,8.2303,1,0.02724,-0.30874,0.94295
17,0.39243,8.2303,2,0.06607,-0.41479,0.87752
18,0.23308,8.2303,1,0.02724,-0.30874,0.94295
18,0.23308,8.2303,2,0.06792,-0.42015,0.90069
19,0.96673,8.2303,1,0.02724,-0.30874,0.94295
19,0.96673,8.2303,2,0.05931,-0.39547,0.79411
20,0.05843,8.2303,1,0.02724,-0.30874,0.94295
20,0.05843,8.2303,2,0.06993,-0.42602,0.9261
