particle,elasticity,weight,frame,x,y,z
1,0.47411,8.24474,1,-0.1942,-0.20971,0.93555
1,0.47411,8.24474,2,-0.4278,-0.04676,0.91913
2,0.27673,8.24474,1,-0.1942,-0.20971,0.93555
2,0.27673,8.24474,2,-0.42919,-0.04567,0.9266
3,0.47012,8.24474,1,-0.1942,-0.20971,0.93555
3,0.47012,8.24474,2,-0.42783,-0.04673,0.91928
4,0.94202,8.24474,1,-0.1942,-0.20971,0.93555
4,0.94202,8.24474,2,-0.42448,-0.04934,0.90144
5,0.74458,8.24474,1,-0.1942,-0.20971,0.93555
5,0.74458,8.24474,2,-0.42588,-0.04825,0.90891
6,0.85006,8.24474,1,-0.1942,-0.20971,0.93555
6,0.85006,8.24474,2,-0.42513,-0.04883,0.90492
7,0.04888,8.24474,1,-0.1942,-0.20971,0.93555
7,0.04888,8.24474,2,-0.4308,-0.04441,0.93521
8,0.05021,8.24474,1,-0.1942,-0.20971,0.93555
8,0.05021,8.24474,2,-0.43079,-0.04442,0.93516
9,0.46811,8.24474,1,-0.1942,-0.20971,0.93555
9,0.46811,8.24474,2,-0.42784,-0.04672,0.91936
10,0.2934,8.24474,1,-0.1942,-0.20971,0.93555
10,0.2934,8.24474,2,-0.42908,-0.04576,0.92597
11,0.57654,8.24474,1,-0.1942,-0.20971,0.93555
11,0.57654,8.24474,2,-0.42707,-0.04732,0.91526
12,0.12638,8.24474,1,-0.1942,-0.20971,0.93555
12,0.12638,8.24474,2,-0.43026,-0.04484,0.93228
13,0.59576,8.24474,1,-0.1942,-0.20971,0.93555
13,0.59576,8.24474,2,-0.42694,-0.04743,0.91453
14,0.26457,8.24474,1,-0.1942,-0.20971,0.93555
14,0.26457,8.24474,2,-0.42928,-0.0456,0.92706
15,0.84074,8.24474,1,-0.1942,-0.20971,0.93555
15,0.84074,8.24474,2,-0.4252,-0.04878,0.90527
16,0.42574,8.24474,1,-0.1942,-0.20971,0.93555
16,0.42574,8.24474,2,-0.42814,-0.04649,0.92096
17,0.98008,8.24474,1,-0.1942,-0.20971,0.93555
17,0.98008,8.24474,2,-0.42421,-0.04955,0.9
18,0.45632,8.24474,1,-0.1942,-0.20971,0.93555
18,0.45632,8.24474,2,-0.42792,-0.04666,0.91981
19,0.06032,8.24474,1,-0.1942,-0.20971,0.93555
19,0.06032,8.24474,2,-0.43072,-0.04447,0.93478
20,0.71797,8.24474,1,-0.1942,-0.20971,0.93555
20,0.71797,8.24474,2,-0.42607,-0.0481,0.90991
