particle,elasticity,weight,frame,x,y,z
1,0.92235,6.88022,1,0.40418,-0.1415,0.18955
1,0.92235,6.88022,2,0.29587,-0.14419,0.34513
2,0.62492,7.35452,1,0.40422,-0.1415,0.15784
2,0.62492,7.35452,2,0.32742,-0.14419,0.27987
3,0.45983,7.57452,1,0.40423,-0.1415,0.14022
3,0.45983,7.57452,2,0.34498,-0.1442,0.24358
4,0.23541,7.82392,1,0.40425,-0.1415,0.11628
4,0.23541,7.82392,2,0.36889,-0.1442,0.19421
5,0.65434,7.31207,1,0.40421,-0.1415,0.16097
5,0.65434,7.31207,2,0.3243,-0.14419,0.28633
6,0.67052,7.28831,1,0.40421,-0.1415,0.1627
6,0.67052,7.28831,2,0.32258,-0.14419,0.28988
7,0.46574,7.56717,1,0.40423,-0.1415,0.14086
7,0.46574,7.56717,2,0.34435,-0.1442,0.24488
8,0.27532,7.78375,1,0.40425,-0.1415,0.12054
8,0.27532,7.78375,2,0.36463,-0.1442,0.20299
9,0.28508,7.77366,1,0.40425,-0.1415,0.12158
9,0.28508,7.77366,2,0.36359,-0.1442,0.20514
10,0.10301,7.9442,1,0.40426,-0.1415,0.10215
10,0.10301,7.9442,2,0.38301,-0.1442,0.16505
11,0.65457,7.31174,1,0.40421,-0.1415,0.161
11,0.65457,7.31174,2,0.32427,-0.14419,0.28638
12,0.45867,7.57595,1,0.40423,-0.1415,0.1401
12,0.45867,7.57595,2,0.3451,-0.1442,0.24333
13,0.46757,7.56488,1,0.40423,-0.1415,0.14105
13,0.46757,7.56488,2,0.34416,-0.1442,0.24529
14,0.22409,7.83499,1,0.40425,-0.1415,0.11507
14,0.22409,7.83499,2,0.3701,-0.1442,0.19172
15,0.40118,7.64522,1,0.40424,-0.1415,0.13397
15,0.40118,7.64522,2,0.35122,-0.1442,0.23069
16,0.03089,7.9958,1,0.40592,-0.14153,0.09445
16,0.03089,7.9958,2,0.39114,-0.14426,0.14757
17,0.12333,7.92705,1,0.40425,-0.1415,0.10431
17,0.12333,7.92705,2,0.38085,-0.1442,0.16953
18,0.01689,8.00323,1,0.40622,-0.14153,0.09323
18,0.01689,8.00323,2,0.39274,-0.14427,0.14602
19,0.87836,6.95667,1,0.40419,-0.1415,0.18486
19,0.87836,6.95667,2,0.30053,-0.14419,0.33549
20,0.12665,7.9242,1,0.40425,-0.1415,0.10467
20,0.12665,7.9242,2,0.38049,-0.1442,0.17026
