particle,elasticity,weight,frame,x,y,z
1,0.79038,7.86694,1,-0.26747,0.32058,0.30186
1,0.79038,7.86694,2,-0.1455,0.31849,0.08237
2,0.36705,7.86694,1,-0.26747,0.32058,0.30186
2,0.36705,7.86694,2,-0.14507,0.3627,0.10355
3,0.10046,7.86694,1,-0.26747,0.32058,0.30186
3,0.10046,7.86694,2,-0.14235,0.38504,0.0964
4,0.02788,7.86694,1,-0.26747,0.32058,0.30186
4,0.02788,7.86694,2,-0.14234,0.38511,0.09549
5,0.60995,7.86694,1,-0.26747,0.32058,0.30186
5,0.60995,7.86694,2,-0.14479,0.33924,0.08111
6,0.63809,7.86694,1,-0.26747,0.32058,0.30186
6,0.63809,7.86694,2,-0.14519,0.336,0.08181
7,0.32307,7.86694,1,-0.26747,0.32058,0.30186
7,0.32307,7.86694,2,-0.14447,0.36765,0.10218
8,0.11386,7.86694,1,-0.26747,0.32058,0.30186
8,0.11386,7.86694,2,-0.14234,0.38511,0.09655
9,0.46536,7.86694,1,-0.26747,0.32058,0.30186
9,0.46536,7.86694,2,-0.1464,0.35162,0.1055
10,0.95051,7.86694,1,-0.26747,0.32058,0.30186
10,0.95051,7.86694,2,-0.14551,0.30008,0.08239
11,0.65707,7.86694,1,-0.26747,0.32058,0.30186
11,0.65707,7.86694,2,-0.14546,0.33382,0.08229
12,0.66599,7.86694,1,-0.26747,0.32058,0.30186
12,0.66599,7.86694,2,-0.1455,0.33279,0.08236
13,0.26218,7.86694,1,-0.26747,0.32058,0.30186
13,0.26218,7.86694,2,-0.14365,0.37451,0.10027
14,0.41027,7.86694,1,-0.26747,0.32058,0.30186
14,0.41027,7.86694,2,-0.14565,0.35783,0.10488
15,0.53407,7.86694,1,-0.26747,0.32058,0.30186
15,0.53407,7.86694,2,-0.14733,0.34388,0.10624
16,0.091,7.86694,1,-0.26747,0.32058,0.30186
16,0.091,7.86694,2,-0.14234,0.3851,0.09627
17,0.21034,7.86694,1,-0.26747,0.32058,0.30186
17,0.21034,7.86694,2,-0.14295,0.38035,0.09863
18,0.6787,7.86694,1,-0.26747,0.32058,0.30186
18,0.6787,7.86694,2,-0.1455,0.33133,0.08236
19,0.43674,7.86694,1,-0.26747,0.32058,0.30186
19,0.43674,7.86694,2,-0.14601,0.35485,0.10518
20,0.41045,7.86694,1,-0.26747,0.32058,0.30186
20,0.41045,7.86694,2,-0.14565,0.35781,0.10489
