particle,elasticity,weight,frame,x,y,z
1,0.36267,8.06681,1,-0.10517,0.06532,0.8781
1,0.36267,8.06681,2,0.14457,0.03146,0.84275
2,0.09967,8.13035,1,-0.10224,0.06492,0.88995
2,0.09967,8.13035,2,0.15472,0.03009,0.88396
3,0.52533,8.0159,1,-0.10714,0.06558,0.87017
3,0.52533,8.0159,2,0.13677,0.03252,0.81119
4,0.67226,7.96416,1,-0.10891,0.06582,0.863
4,0.67226,7.96416,2,0.1297,0.03348,0.78268
5,0.2926,8.08668,1,-0.10433,0.0652,0.88152
5,0.2926,8.08668,2,0.14792,0.03101,0.85634
6,0.50652,8.02213,1,-0.10691,0.06555,0.87109
6,0.50652,8.02213,2,0.13767,0.0324,0.81484
7,0.84894,7.89374,1,-0.11042,0.06603,0.85438
7,0.84894,7.89374,2,0.12366,0.0343,0.74842
8,0.5103,8.02088,1,-0.10695,0.06556,0.8709
8,0.5103,8.02088,2,0.13749,0.03242,0.8141
9,0.21108,8.10823,1,-0.10334,0.06507,0.8855
9,0.21108,8.10823,2,0.15182,0.03048,0.87216
10,0.65506,7.9705,1,-0.1087,0.06579,0.86384
10,0.65506,7.9705,2,0.13053,0.03337,0.78602
11,0.25044,8.09803,1,-0.10382,0.06513,0.88358
11,0.25044,8.09803,2,0.14994,0.03074,0.86452
12,0.62297,7.98212,1,-0.10832,0.06574,0.8654
12,0.62297,7.98212,2,0.13207,0.03316,0.79224
13,0.51246,8.02017,1,-0.10698,0.06556,0.8708
13,0.51246,8.02017,2,0.13738,0.03244,0.81368
14,0.64681,7.97351,1,-0.1086,0.06578,0.86424
14,0.64681,7.97351,2,0.13093,0.03331,0.78762
15,0.44259,8.04263,1,-0.10614,0.06545,0.8742
15,0.44259,8.04263,2,0.14074,0.03198,0.82724
16,0.13729,8.12629,1,-0.10245,0.06495,0.8891
16,0.13729,8.12629,2,0.15534,0.03,0.88647
17,0.63633,7.97731,1,-0.10848,0.06576,0.86475
17,0.63633,7.97731,2,0.13143,0.03325,0.78965
18,0.09434,8.13035,1,-0.10224,0.06492,0.88994
18,0.09434,8.13035,2,0.15434,0.03014,0.8824
19,0.79563,7.9165,1,-0.1104,0.06602,0.85698
19,0.79563,7.9165,2,0.12376,0.03429,0.75876
20,0.4977,8.02501,1,-0.1068,0.06554,0.87152
20,0.4977,8.02501,2,0.13809,0.03234,0.81655
