particle,elasticity,weight,frame,x,y,z
1,0.04572,8.23389,1,-0.39248,-0.02401,0.47904
1,0.04572,8.23389,2,-0.3866,-0.24018,0.38191
2,0.79017,8.23389,1,-0.39248,-0.02401,0.47904
2,0.79017,8.23389,2,-0.31966,-0.22478,0.38838
3,0.7085,8.23389,1,-0.39248,-0.02401,0.47904
3,0.7085,8.23389,2,-0.327,-0.22647,0.38767
4,0.64136,8.23389,1,-0.39248,-0.02401,0.47904
4,0.64136,8.23389,2,-0.33304,-0.22786,0.38709
5,0.58063,8.23389,1,-0.39248,-0.02401,0.47904
5,0.58063,8.23389,2,-0.3385,-0.22912,0.38656
6,0.19275,8.23389,1,-0.39248,-0.02401,0.47904
6,0.19275,8.23389,2,-0.37338,-0.23715,0.38318
7,0.63101,8.23389,1,-0.39248,-0.02401,0.47904
7,0.63101,8.23389,2,-0.33397,-0.22808,0.387
8,0.74165,8.23389,1,-0.39248,-0.02401,0.47904
8,0.74165,8.23389,2,-0.32402,-0.22578,0.38796
9,0.03196,8.23389,1,-0.39248,-0.02401,0.47904
9,0.03196,8.23389,2,-0.38783,-0.24047,0.38179
10,0.30299,8.23389,1,-0.39248,-0.02401,0.47904
10,0.30299,8.23389,2,-0.36346,-0.23487,0.38414
11,0.68088,8.23389,1,-0.39248,-0.02401,0.47904
11,0.68088,8.23389,2,-0.32949,-0.22704,0.38743
12,0.24881,8.23389,1,-0.39248,-0.02401,0.47904
12,0.24881,8.23389,2,-0.36834,-0.23599,0.38367
13,0.02752,8.23389,1,-0.39248,-0.02401,0.47904
13,0.02752,8.23389,2,-0.38823,-0.24056,0.38175
14,0.10272,8.23389,1,-0.39248,-0.02401,0.47904
14,0.10272,8.23389,2,-0.38147,-0.239,0.3824
15,0.26097,8.23389,1,-0.39248,-0.02401,0.47904
15,0.26097,8.23389,2,-0.36724,-0.23574,0.38378
16,0.81779,8.23389,1,-0.39248,-0.02401,0.47904
16,0.81779,8.23389,2,-0.31718,-0.2242,0.38863
17,0.39989,8.23389,1,-0.39248,-0.02401,0.47904
17,0.39989,8.23389,2,-0.35475,-0.23286,0.38498
18,0.84326,8.23389,1,-0.39248,-0.02401,0.47904
18,0.84326,8.23389,2,-0.31489,-0.22367,0.38885
19,0.86106,8.23389,1,-0.39248,-0.02401,0.47904
19,0.86106,8.23389,2,-0.31329,-0.2233,0.389
20,0.96144,8.23389,1,-0.39248,-0.02401,0.47904
20,0.96144,8.23389,2,-0.30426,-0.22122,0.38988
