particle,elasticity,weight,frame,x,y,z
1,0.14603,8.1152,1,-0.38538,-0.29123,0.18794
1,0.14603,8.1152,2,-0.36521,-0.38347,0.10552
2,0.35275,8.07554,1,-0.37842,-0.28992,0.18908
2,0.35275,8.07554,2,-0.34783,-0.38045,0.11684
3,0.04139,8.13331,1,-0.3889,-0.2919,0.18737
3,0.04139,8.13331,2,-0.37385,-0.38784,0.09905
4,0.09083,8.12492,1,-0.38723,-0.29158,0.18764
4,0.09083,8.12492,2,-0.3698,-0.38446,0.10207
5,0.60956,8.01912,1,-0.36978,-0.28829,0.1905
5,0.60956,8.01912,2,-0.32549,-0.3767,0.13488
6,0.95326,7.9312,1,-0.35821,-0.28611,0.19239
6,0.95326,7.9312,2,-0.2978,-0.35474,0.13025
7,0.37638,8.07068,1,-0.37763,-0.28977,0.18921
7,0.37638,8.07068,2,-0.34582,-0.38012,0.11722
8,0.94526,7.93341,1,-0.35848,-0.28616,0.19234
8,0.94526,7.93341,2,-0.2985,-0.35516,0.12986
9,0.18482,8.10815,1,-0.38407,-0.29099,0.18816
9,0.18482,8.10815,2,-0.36197,-0.38288,0.10794
10,0.56835,8.02871,1,-0.37117,-0.28856,0.19027
10,0.56835,8.02871,2,-0.32901,-0.37842,0.13431
11,0.92524,7.9389,1,-0.35916,-0.28629,0.19223
11,0.92524,7.9389,2,-0.30026,-0.35622,0.12887
12,0.73077,7.98974,1,-0.3657,-0.28752,0.19116
12,0.73077,7.98974,2,-0.31726,-0.36664,0.11916
13,0.05535,8.13097,1,-0.38843,-0.29181,0.18745
13,0.05535,8.13097,2,-0.37271,-0.38687,0.09984
14,0.95747,7.93003,1,-0.35807,-0.28608,0.19241
14,0.95747,7.93003,2,-0.29743,-0.35451,0.13046
15,0.15331,8.11389,1,-0.38513,-0.29119,0.18798
15,0.15331,8.11389,2,-0.3646,-0.38336,0.10598
16,0.6123,8.01848,1,-0.36969,-0.28828,0.19051
16,0.6123,8.01848,2,-0.32526,-0.37658,0.13492
17,0.78923,7.97493,1,-0.36373,-0.28715,0.19149
17,0.78923,7.97493,2,-0.31215,-0.36349,0.12209
18,0.91941,7.94049,1,-0.35935,-0.28633,0.1922
18,0.91941,7.94049,2,-0.30077,-0.35653,0.12858
19,0.55853,8.03097,1,-0.3715,-0.28862,0.19021
19,0.55853,8.03097,2,-0.32985,-0.37883,0.13418
20,0.38869,8.06813,1,-0.37721,-0.28969,0.18928
20,0.38869,8.06813,2,-0.34477,-0.37995,0.11741
