particle,elasticity,weight,frame,x,y,z
1,0.10686,7.46742,1,0.35667,-0.15345,0.88213
1,0.10686,7.46742,2,0.28651,-0.08665,0.85304
2,0.39811,6.97245,1,0.32862,-0.15541,0.86295
2,0.39811,6.97245,2,0.22369,-0.09106,0.80647
3,0.24646,7.23732,1,0.3427,-0.15469,0.87279
3,0.24646,7.23732,2,0.25508,-0.08943,0.83052
4,0.26391,7.20683,1,0.34095,-0.15485,0.87165
4,0.26391,7.20683,2,0.25115,-0.08978,0.82778
5,0.55134,6.692,1,0.31565,-0.15542,0.85295
5,0.55134,6.692,2,0.19512,-0.09113,0.7816
6,0.75658,6.27457,1,0.29828,-0.15544,0.83957
6,0.75658,6.27457,2,0.15691,-0.09122,0.74834
7,0.59116,6.61474,1,0.31228,-0.15543,0.85036
7,0.59116,6.61474,2,0.1877,-0.09115,0.77514
8,0.48219,6.82185,1,0.3215,-0.15542,0.85747
8,0.48219,6.82185,2,0.20801,-0.0911,0.79282
9,0.17609,7.3564,1,0.34974,-0.15407,0.87745
9,0.17609,7.3564,2,0.27092,-0.08803,0.84174
10,0.78882,6.20465,1,0.29555,-0.15544,0.83747
10,0.78882,6.20465,2,0.15092,-0.09124,0.74312
11,0.88841,5.98128,1,0.28713,-0.15545,0.83098
11,0.88841,5.98128,2,0.13241,-0.09128,0.72701
12,0.73155,6.32804,1,0.3004,-0.15544,0.8412
12,0.73155,6.32804,2,0.16157,-0.09121,0.75239
13,0.03056,7.58258,1,0.36431,-0.15277,0.88742
13,0.03056,7.58258,2,0.30371,-0.08514,0.8658
14,0.43002,6.91624,1,0.32592,-0.15542,0.86087
14,0.43002,6.91624,2,0.21774,-0.09108,0.80129
15,0.79645,6.18795,1,0.29491,-0.15544,0.83697
15,0.79645,6.18795,2,0.1495,-0.09124,0.74188
16,0.16069,7.38163,1,0.35128,-0.15393,0.87848
16,0.16069,7.38163,2,0.27439,-0.08772,0.84423
17,0.35111,7.05312,1,0.3326,-0.15541,0.86602
17,0.35111,7.05312,2,0.23246,-0.09105,0.81411
18,0.17938,7.35098,1,0.34941,-0.1541,0.87723
18,0.17938,7.35098,2,0.27018,-0.08809,0.84121
19,0.59044,6.61615,1,0.31234,-0.15543,0.8504
19,0.59044,6.61615,2,0.18784,-0.09115,0.77526
20,0.17083,7.36505,1,0.35026,-0.15402,0.8778
20,0.17083,7.36505,2,0.2721,-0.08792,0.84258
