particle,elasticity,weight,frame,x,y,z
1,0.0034,8.2195,1,0.17053,0.05696,0.33656
1,0.0034,8.2195,2,0.40861,0.01265,0.2979
2,0.51874,8.2195,1,0.17053,0.05696,0.33656
2,0.51874,8.2195,2,0.37737,0.01266,0.2979
3,0.90095,8.2195,1,0.17053,0.05696,0.33656
3,0.90095,8.2195,2,0.35422,0.01266,0.2979
4,0.14774,8.2195,1,0.17053,0.05696,0.33656
4,0.14774,8.2195,2,0.39986,0.01266,0.2979
5,0.87835,8.2195,1,0.17053,0.05696,0.33656
5,0.87835,8.2195,2,0.35558,0.01266,0.2979
6,0.19441,8.2195,1,0.17053,0.05696,0.33656
6,0.19441,8.2195,2,0.39703,0.01266,0.2979
7,0.573,8.2195,1,0.17053,0.05696,0.33656
7,0.573,8.2195,2,0.37408,0.01266,0.2979
8,0.60773,8.2195,1,0.17053,0.05696,0.33656
8,0.60773,8.2195,2,0.37198,0.01266,0.2979
9,0.40674,8.2195,1,0.17053,0.05696,0.33656
9,0.40674,8.2195,2,0.38416,0.01266,0.2979
10,0.72639,8.2195,1,0.17053,0.05696,0.33656
10,0.72639,8.2195,2,0.36479,0.01266,0.2979
11,0.05732,8.2195,1,0.17053,0.05696,0.33656
11,0.05732,8.2195,2,0.40534,0.01266,0.2979
12,0.49719,8.2195,1,0.17053,0.05696,0.33656
12,0.49719,8.2195,2,0.37868,0.01266,0.2979
13,0.27496,8.2195,1,0.17053,0.05696,0.33656
13,0.27496,8.2195,2,0.39215,0.01266,0.2979
14,0.05727,8.2195,1,0.17053,0.05696,0.33656
14,0.05727,8.2195,2,0.40534,0.01266,0.2979
15,0.50919,8.2195,1,0.17053,0.05696,0.33656
15,0.50919,8.2195,2,0.37795,0.01266,0.2979
16,0.99225,8.2195,1,0.17053,0.05696,0.33656
16,0.99225,8.2195,2,0.34869,0.01266,0.29791
17,0.12865,8.2195,1,0.17053,0.05696,0.33656
17,0.12865,8.2195,2,0.40102,0.01266,0.2979
18,0.85037,8.2195,1,0.17053,0.05696,0.33656
18,0.85037,8.2195,2,0.35728,0.01266,0.2979
19,0.55359,8.2195,1,0.17053,0.05696,0.33656
19,0.55359,8.2195,2,0.37526,0.01266,0.2979
20,0.52296,8.2195,1,0.17053,0.05696,0.33656
20,0.52296,8.2195,2,0.37711,0.01266,0.2979
