particle,elasticity,weight,frame,x,y,z
1,0.67565,8.21973,1,-0.16161,0.03647,0.3381
1,0.67565,8.21973,2,-0.06567,-0.31937,0.37936
2,0.60104,8.21973,1,-0.16161,0.03647,0.3381
2,0.60104,8.21973,2,-0.06567,-0.31937,0.37936
3,0.70773,8.21973,1,-0.16161,0.03647,0.3381
3,0.70773,8.21973,2,-0.06567,-0.31937,0.37936
4,0.89211,8.21973,1,-0.16161,0.03647,0.3381
4,0.89211,8.21973,2,-0.06567,-0.31937,0.37936
5,0.97168,8.21973,1,-0.16161,0.03647,0.3381
5,0.97168,8.21973,2,-0.06567,-0.31937,0.37936
6,0.76389,8.21973,1,-0.16161,0.03647,0.3381
6,0.76389,8.21973,2,-0.06567,-0.31937,0.37936
7,0.79491,8.21973,1,-0.16161,0.03647,0.3381
7,0.79491,8.21973,2,-0.06567,-0.31937,0.37936
8,0.62234,8.21973,1,-0.16161,0.03647,0.3381
8,0.62234,8.21973,2,-0.06567,-0.31937,0.37936
9,0.42651,8.21973,1,-0.16161,0.03647,0.3381
9,0.42651,8.21973,2,-0.06567,-0.31937,0.37936
10,0.16846,8.21973,1,-0.16161,0.03647,0.3381
10,0.16846,8.21973,2,-0.06567,-0.31937,0.37936
11,0.41046,8.21973,1,-0.16161,0.03647,0.3381
11,0.41046,8.21973,2,-0.06567,-0.31937,0.37936
12,0.10636,8.21973,1,-0.16161,0.03647,0.3381
12,0.10636,8.21973,2,-0.06567,-0.31937,0.37936
13,0.37501,8.21973,1,-0.16161,0.03647,0.3381
13,0.37501,8.21973,2,-0.06567,-0.31937,0.37936
14,0.62925,8.21973,1,-0.16161,0.03647,0.3381
14,0.62925,8.21973,2,-0.06567,-0.31937,0.37936
15,0.59705,8.21973,1,-0.16161,0.03647,0.3381
15,0.59705,8.21973,2,-0.06567,-0.31937,0.37936
16,0.96516,8.21973,1,-0.16161,0.03647,0.3381
16,0.96516,8.21973,2,-0.06567,-0.31937,0.37936
17,0.38885,8.21973,1,-0.16161,0.03647,0.3381
17,0.38885,8.21973,2,-0.06567,-0.31937,0.37936
18,0.76349,8.21973,1,-0.16161,0.03647,0.3381
18,0.76349,8.21973,2,-0.06567,-0.31937,0.37936
19,0.93402,8.21973,1,-0.16161,0.03647,0.3381
19,0.93402,8.21973,2,-0.06567,-0.31937,0.37936
20,0.32501,8.21973,1,-0.16161,0.03647,0.3381
20,0.32501,8.21973,2,-0.06567,-0.31937,0.37936
