particle,elasticity,weight,frame,x,y,z
1,0.54817,4.15093,1,0.37824,-0.03767,0.13579
2,0.0291,4.15093,1,0.37824,-0.03764,0.08387
3,0.50725,4.15093,1,0.37824,-0.03766,0.1317
4,0.03274,4.15093,1,0.37824,-0.03764,0.08423
5,0.72619,4.15093,1,0.37824,-0.03768,0.15359
6,0.12121,4.15093,1,0.37824,-0.03764,0.09308
7,0.64845,4.15093,1,0.37824,-0.03768,0.14582
8,0.76468,4.15093,1,0.37824,-0.03769,0.15744
9,0.54724,4.15093,1,0.37824,-0.03767,0.1357
10,0.42408,4.15093,1,0.37824,-0.03766,0.12338
11,0.51369,4.15093,1,0.37824,-0.03766,0.13235
12,0.84214,4.15093,1,0.37824,-0.0377,0.16518
13,0.59503,4.15093,1,0.37824,-0.03767,0.14048
14,0.76683,4.15093,1,0.37824,-0.03769,0.15765
15,0.96721,4.15093,1,0.37825,-0.03771,0.17768
16,0.51615,4.15093,1,0.37824,-0.03766,0.13259
17,0.7382,4.15093,1,0.37824,-0.03769,0.15479
18,0.10552,4.15093,1,0.37824,-0.03764,0.09151
19,0.94923,4.15093,1,0.37825,-0.03771,0.17588
20,0.21778,4.15093,1,0.37824,-0.03764,0.10275
