particle,elasticity,weight,frame,x,y,z
1,0.32446,4.15093,1,-0.39119,0.38776,0.52056
2,0.55766,4.15093,1,-0.38991,0.3823,0.52009
3,0.56816,4.15093,1,-0.38985,0.38206,0.52007
4,0.94492,4.15093,1,-0.38778,0.37325,0.51933
5,0.02057,4.15093,1,-0.39286,0.39487,0.52116
6,0.11137,4.15093,1,-0.39236,0.39274,0.52098
7,0.60914,4.15093,1,-0.38963,0.3811,0.51999
8,0.46854,4.15093,1,-0.3904,0.38439,0.52027
9,0.47282,4.15093,1,-0.39038,0.38429,0.52026
10,0.80316,4.15093,1,-0.38856,0.37656,0.51961
11,0.15509,4.15093,1,-0.39212,0.39172,0.52089
12,0.74352,4.15093,1,-0.38889,0.37796,0.51973
13,0.80907,4.15093,1,-0.38853,0.37642,0.5196
14,0.78663,4.15093,1,-0.38865,0.37695,0.51964
15,0.91183,4.15093,1,-0.38797,0.37402,0.51939
16,0.64095,4.15093,1,-0.38945,0.38036,0.51993
17,0.75943,4.15093,1,-0.3888,0.37758,0.51969
18,0.8854,4.15093,1,-0.38811,0.37464,0.51944
19,0.52132,4.15093,1,-0.39011,0.38315,0.52017
20,0.22655,4.15093,1,-0.39173,0.39005,0.52075
