particle,elasticity,weight,frame,x,y,z
1,0.89425,8.25722,1,-0.33974,0.36255,0.77147
1,0.89425,8.25722,2,-0.32017,0.35827,0.82345
2,0.19724,8.25722,1,-0.33974,0.36255,0.77147
2,0.19724,8.25722,2,-0.32017,0.35827,0.87542
3,0.53625,8.25722,1,-0.33974,0.36255,0.77147
3,0.53625,8.25722,2,-0.32017,0.35827,0.85013
4,0.79263,8.25722,1,-0.33974,0.36255,0.77147
4,0.79263,8.25722,2,-0.32017,0.35827,0.83102
5,0.94956,8.25722,1,-0.33974,0.36255,0.77147
5,0.94956,8.25722,2,-0.32017,0.35827,0.81933
6,0.49823,8.25722,1,-0.33974,0.36255,0.77147
6,0.49823,8.25722,2,-0.32017,0.35827,0.85297
7,0.22793,8.25722,1,-0.33974,0.36255,0.77147
7,0.22793,8.25722,2,-0.32017,0.35827,0.87313
8,0.94096,8.25722,1,-0.33974,0.36255,0.77147
8,0.94096,8.25722,2,-0.32017,0.35827,0.81997
9,0.27251,8.25722,1,-0.33974,0.36255,0.77147
9,0.27251,8.25722,2,-0.32017,0.35827,0.8698
10,0.13471,8.25722,1,-0.33974,0.36255,0.77147
10,0.13471,8.25722,2,-0.32017,0.35827,0.88008
11,0.49763,8.25722,1,-0.33974,0.36255,0.77147
11,0.49763,8.25722,2,-0.32017,0.35827,0.85301
12,0.59411,8.25722,1,-0.33974,0.36255,0.77147
12,0.59411,8.25722,2,-0.32017,0.35827,0.84582
13,0.96469,8.25722,1,-0.33974,0.36255,0.77147
13,0.96469,8.25722,2,-0.32017,0.35827,0.8182
14,0.57022,8.25722,1,-0.33974,0.36255,0.77147
14,0.57022,8.25722,2,-0.32017,0.35827,0.8476
15,0.2778,8.25722,1,-0.33974,0.36255,0.77147
15,0.2778,8.25722,2,-0.32017,0.35827,0.86941
16,0.84119,8.25722,1,-0.33974,0.36255,0.77147
16,0.84119,8.25722,2,-0.32017,0.35827,0.8274
17,0.155,8.25722,1,-0.33974,0.36255,0.77147
17,0.155,8.25722,2,-0.32017,0.35827,0.87857
18,0.60388,8.25722,1,-0.33974,0.36255,0.77147
18,0.60388,8.25722,2,-0.32017,0.35827,0.84509
19,0.22569,8.25722,1,-0.33974,0.36255,0.77147
19,0.22569,8.25722,2,-0.32017,0.35827,0.87329
20,0.89408,8.25722,1,-0.33974,0.36255,0.77147
20,0.89408,8.25722,2,-0.32017,0.35827,0.82346
