particle,elasticity,weight,frame,x,y,z
1,0.83425,8.205,1,0.38157,0.23356,0.15047
1,0.83425,8.205,2,0.30336,0.39269,0.12438
2,0.78038,8.205,1,0.38157,0.23356,0.15047
2,0.78038,8.205,2,0.30844,0.39341,0.12276
3,0.32378,8.205,1,0.38157,0.23356,0.15047
3,0.32378,8.205,2,0.35146,0.38615,0.11046
4,0.03823,8.205,1,0.38157,0.23356,0.15047
4,0.03823,8.205,2,0.38084,0.39706,0.1008
5,0.19836,8.205,1,0.38157,0.23356,0.15047
5,0.19836,8.205,2,0.36429,0.39084,0.1063
6,0.87588,8.205,1,0.38157,0.23356,0.15047
6,0.87588,8.205,2,0.29945,0.39215,0.12562
7,0.64732,8.205,1,0.38157,0.23356,0.15047
7,0.64732,8.205,2,0.32162,0.3969,0.11875
8,0.59665,8.205,1,0.38157,0.23356,0.15047
8,0.59665,8.205,2,0.32394,0.38224,0.11904
9,0.57989,8.205,1,0.38157,0.23356,0.15047
9,0.57989,8.205,2,0.32562,0.38214,0.11853
10,0.22812,8.205,1,0.38157,0.23356,0.15047
10,0.22812,8.205,2,0.36123,0.38971,0.1073
11,0.04603,8.205,1,0.38157,0.23356,0.15047
11,0.04603,8.205,2,0.38003,0.39675,0.10107
12,0.95307,8.205,1,0.38157,0.23356,0.15047
12,0.95307,8.205,2,0.29223,0.39118,0.12792
13,0.15836,8.205,1,0.38157,0.23356,0.15047
13,0.15836,8.205,2,0.36841,0.39237,0.10495
14,0.78139,8.205,1,0.38157,0.23356,0.15047
14,0.78139,8.205,2,0.30834,0.3934,0.12279
15,0.19449,8.205,1,0.38157,0.23356,0.15047
15,0.19449,8.205,2,0.36469,0.39098,0.10617
16,0.51016,8.205,1,0.38157,0.23356,0.15047
16,0.51016,8.205,2,0.33261,0.38175,0.11639
17,0.71938,8.205,1,0.38157,0.23356,0.15047
17,0.71938,8.205,2,0.31436,0.39468,0.12093
18,0.23156,8.205,1,0.38157,0.23356,0.15047
18,0.23156,8.205,2,0.36088,0.38958,0.10741
19,0.20063,8.205,1,0.38157,0.23356,0.15047
19,0.20063,8.205,2,0.36406,0.39075,0.10638
20,0.04292,8.205,1,0.38157,0.23356,0.15047
20,0.04292,8.205,2,0.38035,0.39687,0.10097
