particle,elasticity,weight,frame,x,y,z
1,0.62323,4.15093,1,0.09839,0.23663,0.08814
2,0.71396,4.15093,1,0.09839,0.23663,0.08814
3,0.73017,4.15093,1,0.09839,0.23663,0.08814
4,0.85232,4.15093,1,0.09839,0.23663,0.08814
5,0.6518,4.15093,1,0.09839,0.23663,0.08814
6,0.91606,4.15093,1,0.09839,0.23663,0.08814
7,0.21173,4.15093,1,0.09839,0.23663,0.08814
8,0.8373,4.15093,1,0.09839,0.23663,0.08814
9,0.01891,4.15093,1,0.09839,0.23663,0.08814
10,0.25803,4.15093,1,0.09839,0.23663,0.08814
11,0.19065,4.15093,1,0.09839,0.23663,0.08814
12,0.07927,4.15093,1,0.09839,0.23663,0.08814
13,0.36986,4.15093,1,0.09839,0.23663,0.08814
14,0.17419,4.15093,1,0.09839,0.23663,0.08814
15,0.82219,4.15093,1,0.09839,0.23663,0.08814
16,0.63932,4.15093,1,0.09839,0.23663,0.08814
17,0.55756,4.15093,1,0.09839,0.23663,0.08814
18,0.93948,4.15093,1,0.09839,0.23663,0.08814
19,0.8188,4.15093,1,0.09839,0.23663,0.08814
20,0.84875,4.15093,1,0.09839,0.23663,0.08814
