particle,elasticity,weight,frame,x,y,z
1,0.85553,6.58108,1,0.27495,-0.29215,0.85494
1,0.85553,6.58108,2,0.36368,-0.17047,0.78371
2,0.78297,6.72017,1,0.27496,-0.29929,0.8579
2,0.78297,6.72017,2,0.36372,-0.18384,0.79108
3,0.17714,7.67981,1,0.28034,-0.36253,0.88277
3,0.17714,7.67981,2,0.37695,-0.30447,0.85266
4,0.64705,6.96467,1,0.27497,-0.31268,0.86346
4,0.64705,6.96467,2,0.36379,-0.20889,0.8049
5,0.13972,7.72885,1,0.28145,-0.36699,0.88442
5,0.13972,7.72885,2,0.37934,-0.31332,0.85635
6,0.9174,6.4578,1,0.27494,-0.28606,0.85241
6,0.9174,6.4578,2,0.36365,-0.15908,0.77743
7,0.17942,7.67676,1,0.28027,-0.36226,0.88267
7,0.17942,7.67676,2,0.3768,-0.30394,0.85243
8,0.72551,6.82609,1,0.27496,-0.30495,0.86025
8,0.72551,6.82609,2,0.36375,-0.19443,0.79692
9,0.68508,6.89836,1,0.27497,-0.30893,0.86191
9,0.68508,6.89836,2,0.36377,-0.20188,0.80103
10,0.03154,7.85844,1,0.28468,-0.37997,0.88928
10,0.03154,7.85844,2,0.38623,-0.3391,0.86731
11,0.76659,6.75075,1,0.27496,-0.30091,0.85857
11,0.76659,6.75075,2,0.36373,-0.18686,0.79275
12,0.51408,7.18362,1,0.27499,-0.32578,0.8689
12,0.51408,7.18362,2,0.36386,-0.23343,0.81843
13,0.17309,7.68523,1,0.28046,-0.36301,0.88295
13,0.17309,7.68523,2,0.37721,-0.30543,0.85305
14,0.91586,6.46091,1,0.27494,-0.28621,0.85247
14,0.91586,6.46091,2,0.36365,-0.15936,0.77759
15,0.08854,7.79243,1,0.28298,-0.37312,0.8867
15,0.08854,7.79243,2,0.3826,-0.32548,0.86148
16,0.06973,7.81478,1,0.28354,-0.37538,0.88755
16,0.06973,7.81478,2,0.3838,-0.32996,0.86339
17,0.40695,7.35037,1,0.27593,-0.33677,0.87329
17,0.40695,7.35037,2,0.36622,-0.25428,0.82935
18,0.22807,7.61092,1,0.2791,-0.35658,0.88061
18,0.22807,7.61092,2,0.37416,-0.29276,0.84759
19,0.78471,6.71691,1,0.27496,-0.29912,0.85783
19,0.78471,6.71691,2,0.36372,-0.18352,0.7909
20,0.41783,7.33346,1,0.27573,-0.3356,0.87284
20,0.41783,7.33346,2,0.36573,-0.25203,0.82824
