particle,elasticity,weight,frame,x,y,z
1,0.47619,8.19148,1,-0.13354,0.37859,0.72523
1,0.47619,8.19148,2,-0.37563,0.33708,0.89904
2,0.51986,8.18715,1,-0.1333,0.37731,0.72502
2,0.51986,8.18715,2,-0.37421,0.33015,0.89765
3,0.01052,8.22235,1,-0.13571,0.38999,0.72707
3,0.01052,8.22235,2,-0.38143,0.38587,0.88995
4,0.81339,8.15352,1,-0.13165,0.3687,0.72363
4,0.81339,8.15352,2,-0.36471,0.28369,0.88842
5,0.48891,8.19023,1,-0.13347,0.37822,0.72517
5,0.48891,8.19023,2,-0.37522,0.33506,0.89863
6,0.10949,8.22097,1,-0.13559,0.38935,0.72697
6,0.10949,8.22097,2,-0.38092,0.38567,0.88773
7,0.75561,8.16076,1,-0.13198,0.37039,0.7239
7,0.75561,8.16076,2,-0.36658,0.29282,0.89022
8,0.3904,8.19948,1,-0.13402,0.38111,0.72563
8,0.3904,8.19948,2,-0.37841,0.3507,0.90178
9,0.34514,8.20343,1,-0.13427,0.38243,0.72585
9,0.34514,8.20343,2,-0.37988,0.35789,0.90323
10,0.81959,8.15272,1,-0.13162,0.36852,0.7236
10,0.81959,8.15272,2,-0.36451,0.28271,0.88822
11,0.29413,8.20765,1,-0.13456,0.38393,0.72609
11,0.29413,8.20765,2,-0.37707,0.36438,0.88584
12,0.32394,8.20521,1,-0.13439,0.38306,0.72595
12,0.32394,8.20521,2,-0.37632,0.35976,0.88583
13,0.61229,8.17741,1,-0.13278,0.3746,0.72458
13,0.61229,8.17741,2,-0.37122,0.3155,0.89472
14,0.9664,8.13286,1,-0.1308,0.36421,0.7229
14,0.9664,8.13286,2,-0.35991,0.25955,0.88368
15,0.37304,8.20101,1,-0.13412,0.38162,0.72572
15,0.37304,8.20101,2,-0.37898,0.35346,0.90233
16,0.19567,8.21514,1,-0.13511,0.38682,0.72656
16,0.19567,8.21514,2,-0.37959,0.37965,0.8859
17,0.41491,8.19726,1,-0.13388,0.38039,0.72552
17,0.41491,8.19726,2,-0.37762,0.34681,0.90099
18,0.459,8.19313,1,-0.13364,0.37909,0.72531
18,0.459,8.19313,2,-0.37619,0.33981,0.89958
19,0.95048,8.13511,1,-0.13089,0.36468,0.72298
19,0.95048,8.13511,2,-0.36038,0.26206,0.88417
20,0.7315,8.16369,1,-0.13211,0.3711,0.72402
20,0.7315,8.16369,2,-0.36736,0.29663,0.89097
