particle,elasticity,weight,frame,x,y,z
1,0.00375,4.15093,1,0.1389,0.11009,0.59233
2,0.03129,4.15093,1,0.1389,0.11009,0.59233
3,0.69776,4.15093,1,0.1389,0.11009,0.59233
4,0.3497,4.15093,1,0.1389,0.11009,0.59233
5,0.43479,4.15093,1,0.1389,0.11009,0.59233
6,0.9091,4.15093,1,0.1389,0.11009,0.59233
7,0.15776,4.15093,1,0.1389,0.11009,0.59233
8,0.9515,4.15093,1,0.1389,0.11009,0.59233
9,0.34361,4.15093,1,0.1389,0.11009,0.59233
10,0.85875,4.15093,1,0.1389,0.11009,0.59233
11,0.56329,4.15093,1,0.1389,0.11009,0.59233
12,0.56764,4.15093,1,0.1389,0.11009,0.59233
13,0.4217,4.15093,1,0.1389,0.11009,0.59233
14,0.63644,4.15093,1,0.1389,0.11009,0.59233
15,0.86939,4.15093,1,0.1389,0.11009,0.59233
16,0.09726,4.15093,1,0.1389,0.11009,0.59233
17,0.82868,4.15093,1,0.1389,0.11009,0.59233
18,0.92874,4.15093,1,0.1389,0.11009,0.59233
19,0.36749,4.15093,1,0.1389,0.11009,0.59233
20,0.17462,4.15093,1,0.1389,0.11009,0.59233
