particle,elasticity,weight,frame,x,y,z
1,0.25335,8.21678,1,-0.03633,-0.30897,0.84935
1,0.25335,8.21678,2,-0.25109,-0.28963,0.8687
2,0.08443,8.21678,1,-0.03633,-0.30897,0.84935
2,0.08443,8.21678,2,-0.25539,-0.28925,0.88599
3,0.86565,8.21678,1,-0.03633,-0.30897,0.84935
3,0.86565,8.21678,2,-0.25006,-0.28973,0.80609
4,0.36837,8.21678,1,-0.03633,-0.30897,0.84935
4,0.36837,8.21678,2,-0.25012,-0.28972,0.85693
5,0.84054,8.21678,1,-0.03633,-0.30897,0.84935
5,0.84054,8.21678,2,-0.25006,-0.28973,0.80866
6,0.50213,8.21678,1,-0.03633,-0.30897,0.84935
6,0.50213,8.21678,2,-0.2501,-0.28972,0.84325
7,0.59401,8.21678,1,-0.03633,-0.30897,0.84935
7,0.59401,8.21678,2,-0.25009,-0.28973,0.83386
8,0.01024,8.21678,1,-0.03633,-0.30897,0.84935
8,0.01024,8.21678,2,-0.25728,-0.28908,0.89358
9,0.15742,8.21678,1,-0.03633,-0.30897,0.84935
9,0.15742,8.21678,2,-0.25354,-0.28941,0.87852
10,0.20785,8.21678,1,-0.03633,-0.30897,0.84935
10,0.20785,8.21678,2,-0.25225,-0.28953,0.87336
11,0.80605,8.21678,1,-0.03633,-0.30897,0.84935
11,0.80605,8.21678,2,-0.25007,-0.28973,0.81218
12,0.88952,8.21678,1,-0.03633,-0.30897,0.84935
12,0.88952,8.21678,2,-0.25005,-0.28973,0.80365
13,0.74374,8.21678,1,-0.03633,-0.30897,0.84935
13,0.74374,8.21678,2,-0.25007,-0.28973,0.81855
14,0.26388,8.21678,1,-0.03633,-0.30897,0.84935
14,0.26388,8.21678,2,-0.25082,-0.28966,0.86762
15,0.51551,8.21678,1,-0.03633,-0.30897,0.84935
15,0.51551,8.21678,2,-0.2501,-0.28972,0.84189
16,0.91964,8.21678,1,-0.03633,-0.30897,0.84935
16,0.91964,8.21678,2,-0.25005,-0.28973,0.80058
17,0.82328,8.21678,1,-0.03633,-0.30897,0.84935
17,0.82328,8.21678,2,-0.25006,-0.28973,0.81042
18,0.12004,8.21678,1,-0.03633,-0.30897,0.84935
18,0.12004,8.21678,2,-0.25449,-0.28933,0.88234
19,0.03972,8.21678,1,-0.03633,-0.30897,0.84935
19,0.03972,8.21678,2,-0.25653,-0.28915,0.89056
20,0.72156,8.21678,1,-0.03633,-0.30897,0.84935
20,0.72156,8.21678,2,-0.25008,-0.28973,0.82082
