particle,elasticity,weight,frame,x,y,z
1,0.39406,7.40478,1,0.33131,-0.35526,0.8843
1,0.39406,7.40478,2,0.37021,-0.28924,0.85229
2,0.24945,7.54954,1,0.33476,-0.36675,0.88836
2,0.24945,7.54954,2,0.36598,-0.31354,0.8621
3,0.31249,7.48821,1,0.33325,-0.36173,0.88657
3,0.31249,7.48821,2,0.36259,-0.30292,0.85778
4,0.77692,6.94751,1,0.32214,-0.32528,0.87312
4,0.77692,6.94751,2,0.33552,-0.22871,0.79134
5,0.88392,6.8001,1,0.31958,-0.317,0.86983
5,0.88392,6.8001,2,0.32658,-0.21143,0.78238
6,0.19002,7.60447,1,0.33617,-0.37149,0.89001
6,0.19002,7.60447,2,0.37252,-0.32357,0.86565
7,0.74676,6.98771,1,0.32286,-0.32762,0.87406
7,0.74676,6.98771,2,0.33809,-0.23361,0.7939
8,0.54731,7.2359,1,0.32771,-0.34317,0.88015
8,0.54731,7.2359,2,0.35559,-0.26655,0.84496
9,0.3455,7.45499,1,0.33246,-0.35911,0.88565
9,0.3455,7.45499,2,0.36567,-0.29738,0.85554
10,0.36171,7.43842,1,0.33207,-0.35782,0.8852
10,0.36171,7.43842,2,0.36718,-0.29466,0.85445
11,0.32487,7.47584,1,0.33295,-0.36074,0.88622
11,0.32487,7.47584,2,0.36375,-0.30084,0.85694
12,0.55593,7.22594,1,0.32751,-0.3425,0.87992
12,0.55593,7.22594,2,0.35479,-0.26511,0.84441
13,0.05546,7.69834,1,0.33836,-0.38208,0.88956
13,0.05546,7.69834,2,0.38705,-0.34591,0.86191
14,0.15841,7.62724,1,0.33667,-0.37397,0.88983
14,0.15841,7.62724,2,0.37589,-0.32878,0.8634
15,0.77196,6.95417,1,0.32226,-0.32566,0.87328
15,0.77196,6.95417,2,0.33594,-0.22951,0.79176
16,0.40848,7.38956,1,0.33097,-0.35412,0.8839
16,0.40848,7.38956,2,0.36875,-0.28983,0.85406
17,0.26012,7.53936,1,0.3345,-0.3659,0.88806
17,0.26012,7.53936,2,0.36481,-0.31174,0.86136
18,0.62122,7.14847,1,0.32592,-0.33742,0.87803
18,0.62122,7.14847,2,0.34905,-0.25412,0.80475
19,0.08199,7.68044,1,0.33792,-0.37999,0.88959
19,0.08199,7.68044,2,0.38415,-0.34149,0.86207
20,0.54431,7.23936,1,0.32778,-0.34341,0.88023
20,0.54431,7.23936,2,0.35587,-0.26705,0.84515
