particle,elasticity,weight,frame,x,y,z
1,0.17775,8.176,1,-0.40208,-0.29864,0.45943
1,0.17775,8.176,2,-0.35555,-0.32903,0.50163
2,0.23779,8.16071,1,-0.39907,-0.29864,0.45943
2,0.23779,8.16071,2,-0.34353,-0.32902,0.50162
3,0.86988,7.9447,1,-0.36734,-0.29864,0.45942
3,0.86988,7.9447,2,-0.21725,-0.32894,0.50149
4,0.79522,7.97545,1,-0.37109,-0.29864,0.45943
4,0.79522,7.97545,2,-0.23214,-0.32895,0.50151
5,0.18874,8.17327,1,-0.40153,-0.29864,0.45943
5,0.18874,8.17327,2,-0.35335,-0.32903,0.50162
6,0.50698,8.081,1,-0.38556,-0.29864,0.45943
6,0.50698,8.081,2,-0.28968,-0.32899,0.50157
7,0.40525,8.11327,1,-0.39066,-0.29864,0.45943
7,0.40525,8.11327,2,-0.31002,-0.329,0.50159
8,0.81938,7.96565,1,-0.36988,-0.29864,0.45943
8,0.81938,7.96565,2,-0.22732,-0.32895,0.5015
9,0.70956,8.00899,1,-0.37539,-0.29864,0.45943
9,0.70956,8.00899,2,-0.24922,-0.32896,0.50152
10,0.18547,8.17409,1,-0.4017,-0.29864,0.45943
10,0.18547,8.17409,2,-0.35401,-0.32903,0.50162
11,0.54757,8.0674,1,-0.38352,-0.29864,0.45943
11,0.54757,8.0674,2,-0.28157,-0.32899,0.50156
12,0.84591,7.95472,1,-0.36855,-0.29864,0.45943
12,0.84591,7.95472,2,-0.22203,-0.32894,0.50149
13,0.65026,8.03114,1,-0.37836,-0.29864,0.45943
13,0.65026,8.03114,2,-0.26106,-0.32897,0.50154
14,0.22833,8.16318,1,-0.39954,-0.29864,0.45943
14,0.22833,8.16318,2,-0.34542,-0.32902,0.50162
15,0.89784,7.93282,1,-0.36594,-0.29864,0.45942
15,0.89784,7.93282,2,-0.21168,-0.32894,0.50148
16,0.62737,8.03945,1,-0.37951,-0.29864,0.45943
16,0.62737,8.03945,2,-0.26563,-0.32897,0.50154
17,0.12167,8.18947,1,-0.4049,-0.29864,0.45943
17,0.12167,8.18947,2,-0.36679,-0.32903,0.50163
18,0.43151,8.10519,1,-0.38934,-0.29864,0.45943
18,0.43151,8.10519,2,-0.30477,-0.329,0.50158
19,0.90592,7.92936,1,-0.36554,-0.29864,0.45942
19,0.90592,7.92936,2,-0.21007,-0.32894,0.50148
20,0.91331,7.92617,1,-0.36517,-0.29864,0.45942
20,0.91331,7.92617,2,-0.20859,-0.32894,0.50148
