particle,elasticity,weight,frame,x,y,z
1,0.71599,4.15093,1,-0.30222,-0.01434,0.10795
2,0.23443,4.15093,1,-0.30222,-0.01434,0.10795
3,0.59596,4.15093,1,-0.30222,-0.01434,0.10795
4,0.53674,4.15093,1,-0.30222,-0.01434,0.10795
5,0.70896,4.15093,1,-0.30222,-0.01434,0.10795
6,0.85705,4.15093,1,-0.30222,-0.01434,0.10795
7,0.19512,4.15093,1,-0.30222,-0.01434,0.10795
8,0.71638,4.15093,1,-0.30222,-0.01434,0.10795
9,0.95558,4.15093,1,-0.30222,-0.01434,0.10795
10,0.15076,4.15093,1,-0.30222,-0.01434,0.10795
11,0.03451,4.15093,1,-0.30222,-0.01434,0.10795
12,0.70299,4.15093,1,-0.30222,-0.01434,0.10795
13,8.0e-5,4.15093,1,-0.30222,-0.01434,0.10795
14,0.64691,4.15093,1,-0.30222,-0.01434,0.10795
15,0.36279,4.15093,1,-0.30222,-0.01434,0.10795
16,0.98151,4.15093,1,-0.30222,-0.01434,0.10795
17,0.45346,4.15093,1,-0.30222,-0.01434,0.10795
18,0.67065,4.15093,1,-0.30222,-0.01434,0.10795
19,0.66622,4.15093,1,-0.30222,-0.01434,0.10795
20,0.6015,4.15093,1,-0.30222,-0.01434,0.10795
