particle,elasticity,weight,frame,x,y,z
1,0.45045,4.15093,1,-0.0916,0.29112,0.44125
2,0.64825,4.15093,1,-0.0916,0.29112,0.44125
3,0.34068,4.15093,1,-0.0916,0.29112,0.44125
4,0.97529,4.15093,1,-0.0916,0.29112,0.44125
5,0.31776,4.15093,1,-0.0916,0.29112,0.44125
6,0.52509,4.15093,1,-0.0916,0.29112,0.44125
7,0.00342,4.15093,1,-0.0916,0.29112,0.44125
8,0.85778,4.15093,1,-0.0916,0.29112,0.44125
9,0.68849,4.15093,1,-0.0916,0.29112,0.44125
10,0.18734,4.15093,1,-0.0916,0.29112,0.44125
11,0.20653,4.15093,1,-0.0916,0.29112,0.44125
12,0.99627,4.15093,1,-0.0916,0.29112,0.44125
13,0.57295,4.15093,1,-0.0916,0.29112,0.44125
14,0.24797,4.15093,1,-0.0916,0.29112,0.44125
15,0.89724,4.15093,1,-0.0916,0.29112,0.44125
16,0.24363,4.15093,1,-0.0916,0.29112,0.44125
17,0.15084,4.15093,1,-0.0916,0.29112,0.44125
18,0.56192,4.15093,1,-0.0916,0.29112,0.44125
19,0.96082,4.15093,1,-0.0916,0.29112,0.44125
20,0.9199,4.15093,1,-0.0916,0.29112,0.44125
