particle,elasticity,weight,frame,x,y,z
1,0.77581,8.20504,1,-0.19354,0.16346,0.88241
1,0.77581,8.20504,2,-0.12345,0.26887,0.78606
2,0.69084,8.21314,1,-0.19354,0.16346,0.88432
2,0.69084,8.21314,2,-0.12344,0.26888,0.79656
3,0.3858,8.23919,1,-0.19354,0.16346,0.89121
3,0.3858,8.23919,2,-0.12341,0.26893,0.83425
4,0.69156,8.21307,1,-0.19354,0.16346,0.88431
4,0.69156,8.21307,2,-0.12344,0.26888,0.79647
5,0.69061,8.21316,1,-0.19354,0.16346,0.88433
5,0.69061,8.21316,2,-0.12344,0.26888,0.79658
6,0.26122,8.24847,1,-0.19354,0.16346,0.89402
6,0.26122,8.24847,2,-0.1234,0.26894,0.84965
7,0.2988,8.24576,1,-0.19354,0.16346,0.89317
7,0.2988,8.24576,2,-0.12341,0.26893,0.845
8,0.73214,8.20925,1,-0.19354,0.16346,0.88339
8,0.73214,8.20925,2,-0.12344,0.26888,0.79145
9,0.69729,8.21254,1,-0.19354,0.16346,0.88418
9,0.69729,8.21254,2,-0.12344,0.26888,0.79576
10,0.36735,8.24062,1,-0.19354,0.16346,0.89162
10,0.36735,8.24062,2,-0.12341,0.26893,0.83653
11,0.88208,8.19439,1,-0.19354,0.16346,0.88001
11,0.88208,8.19439,2,-0.12346,0.26885,0.77294
12,0.64893,8.217,1,-0.19354,0.16346,0.88527
12,0.64893,8.217,2,-0.12344,0.26889,0.80173
13,0.35463,8.24159,1,-0.19354,0.16346,0.89191
13,0.35463,8.24159,2,-0.12341,0.26893,0.8381
14,0.13554,8.25704,1,-0.19354,0.16346,0.89685
14,0.13554,8.25704,2,-0.1234,0.26895,0.86519
15,0.69939,8.21234,1,-0.19354,0.16346,0.88413
15,0.69939,8.21234,2,-0.12344,0.26888,0.7955
16,0.48484,8.23125,1,-0.19354,0.16346,0.88897
16,0.48484,8.23125,2,-0.12342,0.26891,0.82201
17,0.44751,8.23431,1,-0.19354,0.16346,0.88981
17,0.44751,8.23431,2,-0.12342,0.26892,0.82662
18,0.69677,8.21258,1,-0.19354,0.16346,0.88419
18,0.69677,8.21258,2,-0.12344,0.26888,0.79582
19,0.29644,8.24593,1,-0.19354,0.16346,0.89322
19,0.29644,8.24593,2,-0.12341,0.26893,0.84529
20,0.34243,8.24251,1,-0.19354,0.16346,0.89219
20,0.34243,8.24251,2,-0.12341,0.26893,0.83961
