particle,elasticity,weight,frame,x,y,z
1,0.84832,4.15093,1,0.15086,0.06197,0.08972
2,0.83107,4.15093,1,0.15086,0.06197,0.08972
3,0.38514,4.15093,1,0.15086,0.06197,0.08972
4,0.31983,4.15093,1,0.15086,0.06197,0.08972
5,0.32527,4.15093,1,0.15086,0.06197,0.08972
6,0.63214,4.15093,1,0.15086,0.06197,0.08972
7,0.44915,4.15093,1,0.15086,0.06197,0.08972
8,0.04865,4.15093,1,0.15086,0.06197,0.08972
9,0.11564,4.15093,1,0.15086,0.06197,0.08972
10,0.85046,4.15093,1,0.15086,0.06197,0.08972
11,0.62857,4.15093,1,0.15086,0.06197,0.08972
12,0.75886,4.15093,1,0.15086,0.06197,0.08972
13,0.80564,4.15093,1,0.15086,0.06197,0.08972
14,0.26706,4.15093,1,0.15086,0.06197,0.08972
15,0.94457,4.15093,1,0.15086,0.06197,0.08972
16,0.01031,4.15093,1,0.15086,0.06197,0.08972
17,0.88919,4.15093,1,0.15086,0.06197,0.08972
18,0.85067,4.15093,1,0.15086,0.06197,0.08972
19,0.98092,4.15093,1,0.15086,0.06197,0.08972
20,0.66867,4.15093,1,0.15086,0.06197,0.08972
