particle,elasticity,weight,frame,x,y,z
1,0.45042,4.15093,1,-0.03488,-0.38171,0.69798
2,0.67974,4.15093,1,-0.03539,-0.3767,0.69683
3,0.56281,4.15093,1,-0.03513,-0.37925,0.69742
4,0.18695,4.15093,1,-0.03431,-0.38747,0.6993
5,0.86133,4.15093,1,-0.03578,-0.37273,0.69593
6,0.87013,4.15093,1,-0.0358,-0.37254,0.69588
7,0.35886,4.15093,1,-0.03468,-0.38371,0.69844
8,0.06561,4.15093,1,-0.03405,-0.39,0.69988
9,0.37625,4.15093,1,-0.03472,-0.38333,0.69835
10,0.78464,4.15093,1,-0.03561,-0.3744,0.69631
11,0.79743,4.15093,1,-0.03564,-0.37412,0.69625
12,0.9234,4.15093,1,-0.03592,-0.37137,0.69561
13,0.49881,4.15093,1,-0.03499,-0.38065,0.69774
14,0.35257,4.15093,1,-0.03467,-0.38385,0.69847
15,0.39611,4.15093,1,-0.03476,-0.3829,0.69825
16,0.38397,4.15093,1,-0.03474,-0.38316,0.69831
17,0.21344,4.15093,1,-0.03436,-0.38689,0.69917
18,0.2492,4.15093,1,-0.03444,-0.38611,0.69899
19,0.09533,4.15093,1,-0.03411,-0.38947,0.69976
20,0.05669,4.15093,1,-0.03405,-0.38998,0.69988
