particle,elasticity,weight,frame,x,y,z
1,0.05424,4.15093,1,0.06425,0.16079,0.08072
2,0.39447,4.15093,1,0.06426,0.16078,0.10808
3,0.67676,4.15093,1,0.06426,0.16076,0.13076
4,0.36895,4.15093,1,0.06426,0.16078,0.10603
5,0.00325,4.15093,1,0.06425,0.16079,0.07662
6,0.76273,4.15093,1,0.06426,0.16076,0.13767
7,0.2327,4.15093,1,0.06425,0.16078,0.09507
8,0.47951,4.15093,1,0.06426,0.16077,0.11491
9,0.76529,4.15093,1,0.06426,0.16076,0.13787
10,0.36129,4.15093,1,0.06426,0.16078,0.10541
11,0.91357,4.15093,1,0.06427,0.16075,0.14978
12,0.32293,4.15093,1,0.06426,0.16078,0.10233
13,0.42617,4.15093,1,0.06426,0.16078,0.11062
14,0.08462,4.15093,1,0.06425,0.16079,0.08317
15,0.76278,4.15093,1,0.06426,0.16076,0.13767
16,0.12072,4.15093,1,0.06425,0.16079,0.08607
17,0.17048,4.15093,1,0.06425,0.16078,0.09007
18,0.06463,4.15093,1,0.06425,0.16079,0.08156
19,0.63382,4.15093,1,0.06426,0.16077,0.12731
20,0.13524,4.15093,1,0.06425,0.16079,0.08724
