particle,elasticity,weight,frame,x,y,z
1,0.60881,4.15093,1,0.10624,0.3131,0.56275
2,0.48044,4.15093,1,0.10624,0.3131,0.56275
3,0.06579,4.15093,1,0.10624,0.3131,0.56275
4,0.41386,4.15093,1,0.10624,0.3131,0.56275
5,0.28896,4.15093,1,0.10624,0.3131,0.56275
6,0.0268,4.15093,1,0.10624,0.3131,0.56275
7,0.11957,4.15093,1,0.10624,0.3131,0.56275
8,0.19572,4.15093,1,0.10624,0.3131,0.56275
9,0.72467,4.15093,1,0.10624,0.3131,0.56275
10,0.8727,4.15093,1,0.10624,0.3131,0.56275
11,0.63613,4.15093,1,0.10624,0.3131,0.56275
12,0.66861,4.15093,1,0.10624,0.3131,0.56275
13,0.76843,4.15093,1,0.10624,0.3131,0.56275
14,0.4574,4.15093,1,0.10624,0.3131,0.56275
15,0.7671,4.15093,1,0.10624,0.3131,0.56275
16,0.35085,4.15093,1,0.10624,0.3131,0.56275
17,0.22258,4.15093,1,0.10624,0.3131,0.56275
18,0.5337,4.15093,1,0.10624,0.3131,0.56275
19,0.43045,4.15093,1,0.10624,0.3131,0.56275
20,0.6718,4.15093,1,0.10624,0.3131,0.56275
