particle,elasticity,weight,frame,x,y,z
1,0.30865,4.15093,1,-0.0986,-0.38754,0.37565
2,0.05008,4.15093,1,-0.09716,-0.39393,0.37634
3,0.83489,4.15093,1,-0.10153,-0.37453,0.37425
4,0.4443,4.15093,1,-0.09936,-0.38418,0.37529
5,0.0056,4.15093,1,-0.09691,-0.39503,0.37646
6,0.01574,4.15093,1,-0.09697,-0.39478,0.37643
7,0.1403,4.15093,1,-0.09766,-0.3917,0.3761
8,0.55748,4.15093,1,-0.09999,-0.38139,0.37499
9,0.76078,4.15093,1,-0.10112,-0.37636,0.37445
10,0.25276,4.15093,1,-0.09829,-0.38892,0.3758
11,0.1542,4.15093,1,-0.09774,-0.39136,0.37607
12,0.17636,4.15093,1,-0.09786,-0.39081,0.37601
13,0.42443,4.15093,1,-0.09924,-0.38467,0.37534
14,0.76411,4.15093,1,-0.10114,-0.37628,0.37444
15,0.78464,4.15093,1,-0.10125,-0.37577,0.37438
16,0.16764,4.15093,1,-0.09781,-0.39102,0.37603
17,0.46451,4.15093,1,-0.09947,-0.38368,0.37524
18,0.14297,4.15093,1,-0.09768,-0.39163,0.37609
19,0.76069,4.15093,1,-0.10112,-0.37636,0.37445
20,0.45898,4.15093,1,-0.09944,-0.38382,0.37525
