particle,elasticity,weight,frame,x,y,z
1,0.63213,4.15093,1,-0.04782,-0.18239,0.49763
2,0.01842,4.15093,1,-0.04782,-0.18239,0.49763
3,0.82824,4.15093,1,-0.04782,-0.18239,0.49763
4,0.03487,4.15093,1,-0.04782,-0.18239,0.49763
5,0.65115,4.15093,1,-0.04782,-0.18239,0.49763
6,0.0196,4.15093,1,-0.04782,-0.18239,0.49763
7,0.28676,4.15093,1,-0.04782,-0.18239,0.49763
8,0.98953,4.15093,1,-0.04782,-0.18239,0.49763
9,0.05458,4.15093,1,-0.04782,-0.18239,0.49763
10,0.83268,4.15093,1,-0.04782,-0.18239,0.49763
11,0.0702,4.15093,1,-0.04782,-0.18239,0.49763
12,0.83558,4.15093,1,-0.04782,-0.18239,0.49763
13,0.32528,4.15093,1,-0.04782,-0.18239,0.49763
14,0.47107,4.15093,1,-0.04782,-0.18239,0.49763
15,0.85202,4.15093,1,-0.04782,-0.18239,0.49763
16,0.21921,4.15093,1,-0.04782,-0.18239,0.49763
17,0.93465,4.15093,1,-0.04782,-0.18239,0.49763
18,0.43628,4.15093,1,-0.04782,-0.18239,0.49763
19,0.40777,4.15093,1,-0.04782,-0.18239,0.49763
20,0.22074,4.15093,1,-0.04782,-0.18239,0.49763
