particle,elasticity,weight,frame,x,y,z
1,0.00777,4.15093,1,0.40199,-0.21475,0.56093
2,0.97369,4.15093,1,0.3603,-0.20549,0.55615
3,0.20924,4.15093,1,0.39329,-0.21282,0.55993
4,0.26499,4.15093,1,0.39089,-0.21229,0.55966
5,0.73937,4.15093,1,0.37041,-0.20774,0.55731
6,0.62754,4.15093,1,0.37524,-0.20881,0.55786
7,0.38961,4.15093,1,0.38551,-0.21109,0.55904
8,0.48426,4.15093,1,0.38142,-0.21018,0.55857
9,0.30484,4.15093,1,0.38916,-0.2119,0.55946
10,0.13825,4.15093,1,0.39636,-0.2135,0.56029
11,0.41058,4.15093,1,0.3846,-0.21089,0.55894
12,0.16663,4.15093,1,0.39513,-0.21323,0.56015
13,0.6683,4.15093,1,0.37348,-0.20842,0.55766
14,0.95429,4.15093,1,0.36113,-0.20568,0.55624
15,0.20181,4.15093,1,0.39361,-0.21289,0.55997
16,0.86999,4.15093,1,0.36477,-0.20648,0.55666
17,0.755,4.15093,1,0.36974,-0.20759,0.55723
18,0.81082,4.15093,1,0.36733,-0.20705,0.55695
19,0.53054,4.15093,1,0.37942,-0.20974,0.55834
20,0.68957,4.15093,1,0.37256,-0.20822,0.55755
