particle,elasticity,weight,frame,x,y,z
1,0.76447,4.15093,1,-0.35527,0.05459,0.78684
2,0.63879,4.15093,1,-0.35527,0.05459,0.78684
3,0.80682,4.15093,1,-0.35527,0.05459,0.78684
4,0.33653,4.15093,1,-0.35527,0.05459,0.78684
5,0.61628,4.15093,1,-0.35527,0.05459,0.78684
6,0.80202,4.15093,1,-0.35527,0.05459,0.78684
7,0.55233,4.15093,1,-0.35527,0.05459,0.78684
8,0.23334,4.15093,1,-0.35527,0.05459,0.78684
9,0.18324,4.15093,1,-0.35527,0.05459,0.78684
10,0.27157,4.15093,1,-0.35527,0.05459,0.78684
11,0.09075,4.15093,1,-0.35527,0.05459,0.78684
12,0.78851,4.15093,1,-0.35527,0.05459,0.78684
13,0.40405,4.15093,1,-0.35527,0.05459,0.78684
14,0.20901,4.15093,1,-0.35527,0.05459,0.78684
15,0.37136,4.15093,1,-0.35527,0.05459,0.78684
16,0.2411,4.15093,1,-0.35527,0.05459,0.78684
17,0.31686,4.15093,1,-0.35527,0.05459,0.78684
18,0.4054,4.15093,1,-0.35527,0.05459,0.78684
19,0.53456,4.15093,1,-0.35527,0.05459,0.78684
20,0.35998,4.15093,1,-0.35527,0.05459,0.78684
