particle,elasticity,weight,frame,x,y,z
1,0.657,4.15093,1,0.1122,0.05497,0.49645
2,0.59316,4.15093,1,0.1122,0.05497,0.49645
3,0.34116,4.15093,1,0.1122,0.05497,0.49645
4,0.63649,4.15093,1,0.1122,0.05497,0.49645
5,0.39766,4.15093,1,0.1122,0.05497,0.49645
6,0.61329,4.15093,1,0.1122,0.05497,0.49645
7,0.07288,4.15093,1,0.1122,0.05497,0.49645
8,0.24757,4.15093,1,0.1122,0.05497,0.49645
9,0.298,4.15093,1,0.1122,0.05497,0.49645
10,0.59197,4.15093,1,0.1122,0.05497,0.49645
11,0.66798,4.15093,1,0.1122,0.05497,0.49645
12,0.39277,4.15093,1,0.1122,0.05497,0.49645
13,0.18382,4.15093,1,0.1122,0.05497,0.49645
14,0.47449,4.15093,1,0.1122,0.05497,0.49645
15,0.79791,4.15093,1,0.1122,0.05497,0.49645
16,0.93784,4.15093,1,0.1122,0.05497,0.49645
17,0.93069,4.15093,1,0.1122,0.05497,0.49645
18,0.79647,4.15093,1,0.1122,0.05497,0.49645
19,0.40724,4.15093,1,0.1122,0.05497,0.49645
20,0.23606,4.15093,1,0.1122,0.05497,0.49645
