particle,elasticity,weight,frame,x,y,z
1,0.63269,4.15093,1,0.25364,-0.03164,0.26614
2,0.23287,4.15093,1,0.25364,-0.03164,0.26614
3,0.5432,4.15093,1,0.25364,-0.03164,0.26614
4,0.18774,4.15093,1,0.25364,-0.03164,0.26614
5,0.53437,4.15093,1,0.25364,-0.03164,0.26614
6,0.58353,4.15093,1,0.25364,-0.03164,0.26614
7,0.40036,4.15093,1,0.25364,-0.03164,0.26614
8,0.59246,4.15093,1,0.25364,-0.03164,0.26614
9,0.36189,4.15093,1,0.25364,-0.03164,0.26614
10,0.49343,4.15093,1,0.25364,-0.03164,0.26614
11,0.27197,4.15093,1,0.25364,-0.03164,0.26614
12,0.80956,4.15093,1,0.25364,-0.03164,0.26614
13,0.71702,4.15093,1,0.25364,-0.03164,0.26614
14,0.00315,4.15093,1,0.25364,-0.03164,0.26614
15,0.94862,4.15093,1,0.25364,-0.03164,0.26614
16,0.33678,4.15093,1,0.25364,-0.03164,0.26614
17,0.46197,4.15093,1,0.25364,-0.03164,0.26614
18,0.45979,4.15093,1,0.25364,-0.03164,0.26614
19,0.99842,4.15093,1,0.25364,-0.03164,0.26614
20,0.78771,4.15093,1,0.25364,-0.03164,0.26614
