particle,elasticity,weight,frame,x,y,z
1,0.08477,4.15093,1,0.2573,0.39829,0.40735
2,0.5251,4.15093,1,0.2573,0.38426,0.40736
3,0.23453,4.15093,1,0.2573,0.39352,0.40735
4,0.65876,4.15093,1,0.2573,0.38,0.40736
5,0.57276,4.15093,1,0.2573,0.38274,0.40736
6,0.06218,4.15093,1,0.2573,0.39901,0.40735
7,0.49616,4.15093,1,0.2573,0.38518,0.40736
8,0.22914,4.15093,1,0.2573,0.39369,0.40735
9,0.71468,4.15093,1,0.2573,0.37822,0.40736
10,0.57441,4.15093,1,0.2573,0.38269,0.40736
11,0.58512,4.15093,1,0.2573,0.38235,0.40736
12,0.37891,4.15093,1,0.2573,0.38892,0.40735
13,0.25239,4.15093,1,0.2573,0.39295,0.40735
14,0.88631,4.15093,1,0.2573,0.37275,0.40736
15,0.50988,4.15093,1,0.2573,0.38474,0.40736
16,0.46505,4.15093,1,0.2573,0.38617,0.40736
17,0.21392,4.15093,1,0.2573,0.39418,0.40735
18,0.85077,4.15093,1,0.2573,0.37388,0.40736
19,0.68393,4.15093,1,0.2573,0.3792,0.40736
20,0.76431,4.15093,1,0.2573,0.37664,0.40736
