particle,elasticity,weight,frame,x,y,z
1,0.98429,4.15093,1,0.33009,-0.26327,0.12465
2,0.98131,4.15093,1,0.33023,-0.26352,0.12456
3,0.09549,4.15093,1,0.37455,-0.3484,0.09999
4,0.55905,4.15093,1,0.35181,-0.30039,0.11147
5,0.98091,4.15093,1,0.33025,-0.26355,0.12455
6,0.82531,4.15093,1,0.33769,-0.2762,0.12003
7,0.52392,4.15093,1,0.35359,-0.30417,0.11015
8,0.52767,4.15093,1,0.3534,-0.30376,0.11029
9,0.7684,4.15093,1,0.34041,-0.28082,0.11838
10,0.75386,4.15093,1,0.34121,-0.28206,0.11794
11,0.80538,4.15093,1,0.33864,-0.27782,0.11945
12,0.00333,4.15093,1,0.37985,-0.3587,0.09999
13,0.08421,4.15093,1,0.37519,-0.34966,0.09998
14,0.26931,4.15093,1,0.36713,-0.33208,0.09987
15,0.4584,4.15093,1,0.35698,-0.31127,0.10763
16,0.99569,4.15093,1,0.32954,-0.26235,0.12498
17,0.65112,4.15093,1,0.34701,-0.29105,0.11471
18,0.91811,4.15093,1,0.33325,-0.26865,0.12273
19,0.68012,4.15093,1,0.34537,-0.28848,0.11563
20,0.58344,4.15093,1,0.35058,-0.29778,0.11236
