particle,elasticity,weight,frame,x,y,z
1,0.5099,7.79495,1,-0.23684,-0.33814,0.6958
1,0.5099,7.79495,2,-0.36095,-0.23857,0.68725
2,0.4805,7.81968,1,-0.23774,-0.34173,0.69583
2,0.4805,7.81968,2,-0.36364,-0.24547,0.68731
3,0.37047,7.9001,1,-0.2411,-0.35516,0.69595
3,0.37047,7.9001,2,-0.37382,-0.27132,0.68754
4,0.58016,7.73033,1,-0.2347,-0.32957,0.69572
4,0.58016,7.73033,2,-0.35457,-0.22208,0.68711
5,0.98739,7.20213,1,-0.22224,-0.27988,0.69527
5,0.98739,7.20213,2,-0.35466,-0.12895,0.68605
6,0.12739,8.00991,1,-0.2485,-0.38484,0.69622
6,0.12739,8.00991,2,-0.39686,-0.32846,0.68803
7,0.03287,8.02737,1,-0.25138,-0.39638,0.69632
7,0.03287,8.02737,2,-0.40602,-0.35069,0.68822
8,0.89592,7.34357,1,-0.22504,-0.29104,0.69537
8,0.89592,7.34357,2,-0.36185,-0.15054,0.68624
9,0.55909,7.75052,1,-0.23534,-0.33214,0.69574
9,0.55909,7.75052,2,-0.35647,-0.22702,0.68715
10,0.2467,7.96769,1,-0.24487,-0.37027,0.69609
10,0.2467,7.96769,2,-0.38545,-0.30041,0.68779
11,0.31712,7.93221,1,-0.24272,-0.36168,0.69601
11,0.31712,7.93221,2,-0.37881,-0.28386,0.68765
12,0.54422,7.76436,1,-0.2358,-0.33396,0.69576
12,0.54422,7.76436,2,-0.35782,-0.23051,0.68718
13,0.90879,7.32447,1,-0.22464,-0.28947,0.69536
13,0.90879,7.32447,2,-0.36083,-0.1475,0.68621
14,0.01168,8.02935,1,-0.25202,-0.39896,0.69634
14,0.01168,8.02935,2,-0.40809,-0.35567,0.68827
15,0.38412,7.89117,1,-0.24068,-0.3535,0.69593
15,0.38412,7.89117,2,-0.37255,-0.26811,0.68751
16,0.05425,8.02466,1,-0.25073,-0.39377,0.6963
16,0.05425,8.02466,2,-0.40394,-0.34566,0.68818
17,0.03995,8.02655,1,-0.25116,-0.39551,0.69631
17,0.03995,8.02655,2,-0.40533,-0.34902,0.68821
18,0.73136,7.56478,1,-0.23008,-0.31112,0.69556
18,0.73136,7.56478,2,-0.375,-0.18943,0.68658
19,0.20895,7.98348,1,-0.24602,-0.37488,0.69613
19,0.20895,7.98348,2,-0.38904,-0.30928,0.68787
20,0.11037,8.01409,1,-0.24902,-0.38692,0.69623
20,0.11037,8.01409,2,-0.3985,-0.33246,0.68807
