particle,elasticity,weight,frame,x,y,z
1,0.40695,4.15093,1,-0.10267,-0.24577,0.1248
2,0.39559,4.15093,1,-0.10268,-0.24577,0.12365
3,0.87518,4.15093,1,-0.10267,-0.24572,0.17233
4,0.10624,4.15093,1,-0.10268,-0.24579,0.09426
5,0.15397,4.15093,1,-0.10268,-0.24579,0.0991
6,0.81294,4.15093,1,-0.10267,-0.24573,0.16602
7,0.63811,4.15093,1,-0.10267,-0.24575,0.14828
8,0.00782,4.15093,1,-0.10282,-0.2469,0.08426
9,0.78457,4.15093,1,-0.10267,-0.24573,0.16314
10,0.95477,4.15093,1,-0.10267,-0.24571,0.18041
11,0.13945,4.15093,1,-0.10268,-0.24579,0.09763
12,0.40624,4.15093,1,-0.10267,-0.24577,0.12473
13,0.02944,4.15093,1,-0.10275,-0.24635,0.08645
14,0.54692,4.15093,1,-0.10267,-0.24576,0.13902
15,0.63663,4.15093,1,-0.10267,-0.24575,0.14813
16,0.06179,4.15093,1,-0.10268,-0.24579,0.08974
17,0.98317,4.15093,1,-0.10267,-0.2457,0.18329
18,0.01415,4.15093,1,-0.1028,-0.24674,0.0849
19,0.87431,4.15093,1,-0.10267,-0.24572,0.17225
20,0.85119,4.15093,1,-0.10267,-0.24572,0.1699
