particle,elasticity,weight,frame,x,y,z
1,0.36834,4.15093,1,-0.14294,0.02543,0.15248
2,0.2719,4.15093,1,-0.14294,0.02543,0.15248
3,0.49216,4.15093,1,-0.14294,0.02543,0.15248
4,0.5002,4.15093,1,-0.14294,0.02543,0.15248
5,0.20971,4.15093,1,-0.14294,0.02543,0.15248
6,0.66075,4.15093,1,-0.14294,0.02543,0.15248
7,0.09675,4.15093,1,-0.14294,0.02543,0.15248
8,0.10361,4.15093,1,-0.14294,0.02543,0.15248
9,0.84636,4.15093,1,-0.14294,0.02543,0.15248
10,0.27348,4.15093,1,-0.14294,0.02543,0.15248
11,0.96512,4.15093,1,-0.14294,0.02543,0.15248
12,0.18331,4.15093,1,-0.14294,0.02543,0.15248
13,0.72613,4.15093,1,-0.14294,0.02543,0.15248
14,0.32518,4.15093,1,-0.14294,0.02543,0.15248
15,0.61267,4.15093,1,-0.14294,0.02543,0.15248
16,0.12833,4.15093,1,-0.14294,0.02543,0.15248
17,0.64793,4.15093,1,-0.14294,0.02543,0.15248
18,0.44205,4.15093,1,-0.14294,0.02543,0.15248
19,0.3142,4.15093,1,-0.14294,0.02543,0.15248
20,0.42353,4.15093,1,-0.14294,0.02543,0.15248
