particle,elasticity,weight,frame,x,y,z
1,0.68911,4.15093,1,-0.10621,-0.21873,0.11357
2,0.67475,4.15093,1,-0.10621,-0.21873,0.11357
3,0.56462,4.15093,1,-0.10621,-0.21873,0.11357
4,0.34648,4.15093,1,-0.10621,-0.21873,0.11357
5,0.18675,4.15093,1,-0.10621,-0.21873,0.11357
6,0.10528,4.15093,1,-0.10621,-0.21873,0.11357
7,0.25132,4.15093,1,-0.10621,-0.21873,0.11357
8,0.78567,4.15093,1,-0.10621,-0.21873,0.11357
9,0.34925,4.15093,1,-0.10621,-0.21873,0.11357
10,0.82298,4.15093,1,-0.10621,-0.21873,0.11357
11,0.88304,4.15093,1,-0.10621,-0.21873,0.11357
12,0.41592,4.15093,1,-0.10621,-0.21873,0.11357
13,0.72306,4.15093,1,-0.10621,-0.21873,0.11357
14,0.2436,4.15093,1,-0.10621,-0.21873,0.11357
15,0.41823,4.15093,1,-0.10621,-0.21873,0.11357
16,0.94694,4.15093,1,-0.10621,-0.21873,0.11357
17,0.19801,4.15093,1,-0.10621,-0.21873,0.11357
18,0.70577,4.15093,1,-0.10621,-0.21873,0.11357
19,0.43672,4.15093,1,-0.10621,-0.21873,0.11357
20,0.70667,4.15093,1,-0.10621,-0.21873,0.11357
