particle,elasticity,weight,frame,x,y,z
1,0.41358,4.15093,1,-0.06617,-0.15435,0.71998
2,0.51307,4.15093,1,-0.06617,-0.15435,0.71998
3,0.6626,4.15093,1,-0.06617,-0.15435,0.71998
4,0.68094,4.15093,1,-0.06617,-0.15435,0.71998
5,0.12141,4.15093,1,-0.06617,-0.15435,0.71998
6,0.05372,4.15093,1,-0.06617,-0.15435,0.71998
7,0.75402,4.15093,1,-0.06617,-0.15435,0.71998
8,0.32494,4.15093,1,-0.06617,-0.15435,0.71998
9,0.94534,4.15093,1,-0.06617,-0.15435,0.71998
10,0.16243,4.15093,1,-0.06617,-0.15435,0.71998
11,0.65889,4.15093,1,-0.06617,-0.15435,0.71998
12,0.98498,4.15093,1,-0.06617,-0.15435,0.71998
13,0.73784,4.15093,1,-0.06617,-0.15435,0.71998
14,0.99106,4.15093,1,-0.06617,-0.15435,0.71998
15,0.48633,4.15093,1,-0.06617,-0.15435,0.71998
16,0.11579,4.15093,1,-0.06617,-0.15435,0.71998
17,0.10401,4.15093,1,-0.06617,-0.15435,0.71998
18,0.75429,4.15093,1,-0.06617,-0.15435,0.71998
19,0.96194,4.15093,1,-0.06617,-0.15435,0.71998
20,0.2634,4.15093,1,-0.06617,-0.15435,0.71998
