particle,elasticity,weight,frame,x,y,z
1,0.12364,4.15093,1,-0.39202,0.21168,0.23334
2,0.74528,4.15093,1,-0.39202,0.21168,0.23334
3,0.44345,4.15093,1,-0.39202,0.21168,0.23334
4,0.95431,4.15093,1,-0.39202,0.21168,0.23334
5,0.70795,4.15093,1,-0.39202,0.21168,0.23334
6,0.39963,4.15093,1,-0.39202,0.21168,0.23334
7,0.04015,4.15093,1,-0.39202,0.21168,0.23334
8,0.22755,4.15093,1,-0.39202,0.21168,0.23334
9,0.6325,4.15093,1,-0.39202,0.21168,0.23334
10,0.88491,4.15093,1,-0.39202,0.21168,0.23334
11,0.91021,4.15093,1,-0.39202,0.21168,0.23334
12,0.70668,4.15093,1,-0.39202,0.21168,0.23334
13,0.97722,4.15093,1,-0.39202,0.21168,0.23334
14,0.11187,4.15093,1,-0.39202,0.21168,0.23334
15,0.83678,4.15093,1,-0.39202,0.21168,0.23334
16,0.77868,4.15093,1,-0.39202,0.21168,0.23334
17,0.11318,4.15093,1,-0.39202,0.21168,0.23334
18,0.86363,4.15093,1,-0.39202,0.21168,0.23334
19,0.94348,4.15093,1,-0.39202,0.21168,0.23334
20,0.18024,4.15093,1,-0.39202,0.21168,0.23334
