particle,elasticity,weight,frame,x,y,z
1,0.71437,4.15093,1,-0.18509,-0.14474,0.09999
2,0.0009,4.15093,1,-0.18509,-0.14474,0.09999
3,0.17517,4.15093,1,-0.18509,-0.14474,0.09999
4,0.4182,4.15093,1,-0.18509,-0.14474,0.09999
5,0.78239,4.15093,1,-0.18509,-0.14474,0.09999
6,0.48229,4.15093,1,-0.18509,-0.14474,0.09999
7,0.05071,4.15093,1,-0.18509,-0.14474,0.09999
8,0.16213,4.15093,1,-0.18509,-0.14474,0.09999
9,0.48549,4.15093,1,-0.18509,-0.14474,0.09999
10,0.00852,4.15093,1,-0.18509,-0.14474,0.09999
11,0.20172,4.15093,1,-0.18509,-0.14474,0.09999
12,0.31084,4.15093,1,-0.18509,-0.14474,0.09999
13,0.72241,4.15093,1,-0.18509,-0.14474,0.09999
14,0.55525,4.15093,1,-0.18509,-0.14474,0.09999
15,0.66929,4.15093,1,-0.18509,-0.14474,0.09999
16,0.54523,4.15093,1,-0.18509,-0.14474,0.09999
17,0.95897,4.15093,1,-0.18509,-0.14474,0.09999
18,0.26663,4.15093,1,-0.18509,-0.14474,0.09999
19,0.0921,4.15093,1,-0.18509,-0.14474,0.09999
20,0.18941,4.15093,1,-0.18509,-0.14474,0.09999
