particle,elasticity,weight,frame,x,y,z
1,0.65069,4.15093,1,-0.01852,-0.16697,0.18424
2,0.95956,4.15093,1,-0.01858,-0.16691,0.22947
3,0.44637,4.15093,1,-0.01849,-0.167,0.15429
4,0.24367,4.15093,1,-0.01847,-0.16702,0.12457
5,0.15908,4.15093,1,-0.01846,-0.16702,0.11216
6,0.35228,4.15093,1,-0.01848,-0.16701,0.1405
7,0.42057,4.15093,1,-0.01849,-0.167,0.15051
8,0.582,4.15093,1,-0.01851,-0.16698,0.17417
9,0.85707,4.15093,1,-0.01856,-0.16693,0.21447
10,0.81322,4.15093,1,-0.01855,-0.16694,0.20805
11,0.83031,4.15093,1,-0.01855,-0.16694,0.21055
12,0.01996,4.15093,1,-0.01849,-0.16699,0.09196
13,0.37525,4.15093,1,-0.01848,-0.16701,0.14386
14,0.86698,4.15093,1,-0.01856,-0.16693,0.21592
15,0.13874,4.15093,1,-0.01846,-0.16703,0.10917
16,0.09197,4.15093,1,-0.01846,-0.16703,0.10231
17,0.75944,4.15093,1,-0.01854,-0.16695,0.20017
18,0.96312,4.15093,1,-0.01858,-0.16691,0.22999
19,0.56814,4.15093,1,-0.01851,-0.16698,0.17214
20,0.29927,4.15093,1,-0.01847,-0.16701,0.13272
