particle,elasticity,weight,frame,x,y,z
1,0.69426,4.15093,1,0.38711,-0.14943,0.14778
2,0.2852,4.15093,1,0.39874,-0.15155,0.14793
3,0.68188,4.15093,1,0.38746,-0.14943,0.14778
4,0.41635,4.15093,1,0.39501,-0.15062,0.14786
5,0.75726,4.15093,1,0.38532,-0.14943,0.14778
6,0.61394,4.15093,1,0.38939,-0.14943,0.14778
7,0.86291,4.15093,1,0.38232,-0.14943,0.14778
8,0.83344,4.15093,1,0.38315,-0.14943,0.14778
9,0.12249,4.15093,1,0.40337,-0.15271,0.14801
10,0.58158,4.15093,1,0.39031,-0.14945,0.14778
11,0.89513,4.15093,1,0.3814,-0.14943,0.14778
12,0.16889,4.15093,1,0.40205,-0.15238,0.14798
13,0.22256,4.15093,1,0.40052,-0.152,0.14796
14,0.11853,4.15093,1,0.40348,-0.15273,0.14801
15,0.2024,4.15093,1,0.40109,-0.15214,0.14797
16,0.42354,4.15093,1,0.39481,-0.15057,0.14786
17,0.66181,4.15093,1,0.38803,-0.14943,0.14778
18,0.99909,4.15093,1,0.37845,-0.14943,0.14778
19,0.85581,4.15093,1,0.38252,-0.14943,0.14778
20,0.89331,4.15093,1,0.38145,-0.14943,0.14778
