particle,elasticity,weight,frame,x,y,z
1,0.62094,7.1908,1,-0.36624,-0.29953,0.3394
1,0.62094,7.1908,2,-0.31346,-0.19897,0.35343
2,0.84173,6.63781,1,-0.36626,-0.26602,0.33939
2,0.84173,6.63781,2,-0.31358,-0.12816,0.35337
3,0.93826,6.361,1,-0.36628,-0.25138,0.33938
3,0.93826,6.361,2,-0.31363,-0.09726,0.35335
4,0.60752,7.22082,1,-0.36624,-0.30157,0.3394
4,0.60752,7.22082,2,-0.31345,-0.20328,0.35343
5,0.58916,7.26121,1,-0.36624,-0.30436,0.3394
5,0.58916,7.26121,2,-0.31344,-0.20918,0.35344
6,0.13264,8.01603,1,-0.3662,-0.37377,0.33942
6,0.13264,8.01603,2,-0.31326,-0.35621,0.35352
7,0.92271,6.40702,1,-0.36627,-0.25374,0.33938
7,0.92271,6.40702,2,-0.31362,-0.10223,0.35335
8,0.14764,7.99887,1,-0.3662,-0.37149,0.33942
8,0.14764,7.99887,2,-0.31327,-0.35137,0.35352
9,0.68638,7.03855,1,-0.36625,-0.2896,0.3394
9,0.68638,7.03855,2,-0.31349,-0.17796,0.35341
10,0.21405,7.91664,1,-0.3662,-0.36138,0.33942
10,0.21405,7.91664,2,-0.31328,-0.32994,0.35351
11,0.81688,6.70563,1,-0.36626,-0.26979,0.33939
11,0.81688,6.70563,2,-0.31357,-0.13612,0.35338
12,0.91057,6.44257,1,-0.36627,-0.25558,0.33938
12,0.91057,6.44257,2,-0.31362,-0.10612,0.35336
13,0.78432,6.79233,1,-0.36626,-0.27473,0.33939
13,0.78432,6.79233,2,-0.31355,-0.14655,0.35339
14,0.07779,8.07436,1,-0.3662,-0.38212,0.33943
14,0.07779,8.07436,2,-0.31326,-0.37391,0.35353
15,0.34323,7.7275,1,-0.36621,-0.34173,0.33942
15,0.34323,7.7275,2,-0.31333,-0.2883,0.35349
16,0.57591,7.28987,1,-0.36624,-0.30637,0.3394
16,0.57591,7.28987,2,-0.31344,-0.21343,0.35344
17,0.04765,8.10345,1,-0.3662,-0.3867,0.33943
17,0.04765,8.10345,2,-0.31325,-0.38364,0.35353
18,0.70926,6.98299,1,-0.36625,-0.28612,0.3394
18,0.70926,6.98299,2,-0.31351,-0.17062,0.35341
19,0.73544,6.91797,1,-0.36625,-0.28215,0.33939
19,0.73544,6.91797,2,-0.31352,-0.16222,0.3534
20,0.70047,7.00449,1,-0.36625,-0.28746,0.3394
20,0.70047,7.00449,2,-0.3135,-0.17344,0.35341
