particle,elasticity,weight,frame,x,y,z
1,0.02925,8.0288,1,-0.27801,-0.17514,0.88999
1,0.02925,8.0288,2,-0.39413,-0.39897,0.86035
2,0.21967,7.98678,1,-0.27642,-0.1732,0.87994
2,0.21967,7.98678,2,-0.38221,-0.38903,0.822
3,0.21311,7.9884,1,-0.27647,-0.17327,0.88029
3,0.21311,7.9884,2,-0.38261,-0.38937,0.82331
4,0.95102,7.72578,1,-0.27028,-0.16576,0.84136
4,0.95102,7.72578,2,-0.37009,-0.38844,0.67938
5,0.18346,7.99559,1,-0.27672,-0.17357,0.88185
5,0.18346,7.99559,2,-0.38445,-0.3909,0.82927
6,0.98937,7.70774,1,-0.26996,-0.16537,0.83934
6,0.98937,7.70774,2,-0.36823,-0.38699,0.67175
7,0.07168,8.02037,1,-0.27766,-0.17471,0.88775
7,0.07168,8.02037,2,-0.39144,-0.39673,0.85178
8,0.36788,7.94665,1,-0.27517,-0.1717,0.87212
8,0.36788,7.94665,2,-0.37665,-0.40728,0.79459
9,0.22456,7.98556,1,-0.27638,-0.17315,0.87969
9,0.22456,7.98556,2,-0.38191,-0.38878,0.82102
10,0.42442,7.92964,1,-0.2747,-0.17112,0.86914
10,0.42442,7.92964,2,-0.37321,-0.40448,0.78321
11,0.67713,7.84203,1,-0.27258,-0.16855,0.85581
11,0.67713,7.84203,2,-0.35998,-0.39258,0.73281
12,0.41896,7.93132,1,-0.27475,-0.17118,0.86943
12,0.41896,7.93132,2,-0.37354,-0.40475,0.78431
13,0.73643,7.81874,1,-0.27208,-0.16795,0.85268
13,0.73643,7.81874,2,-0.36143,-0.39094,0.7212
14,0.0583,8.02308,1,-0.27777,-0.17484,0.88846
14,0.0583,8.02308,2,-0.39229,-0.39743,0.85448
15,0.73993,7.81733,1,-0.27205,-0.16791,0.8525
15,0.73993,7.81733,2,-0.36152,-0.39084,0.72051
16,0.22393,7.98571,1,-0.27638,-0.17316,0.87972
16,0.22393,7.98571,2,-0.38195,-0.38881,0.82114
17,0.73218,7.82044,1,-0.27212,-0.16799,0.85291
17,0.73218,7.82044,2,-0.36132,-0.39106,0.72203
18,0.82525,7.78191,1,-0.27133,-0.16704,0.848
18,0.82525,7.78191,2,-0.3763,-0.39319,0.70444
19,0.18125,7.99612,1,-0.27674,-0.17359,0.88197
19,0.18125,7.99612,2,-0.38458,-0.39102,0.82971
20,0.98036,7.71201,1,-0.27003,-0.16546,0.83981
20,0.98036,7.71201,2,-0.36866,-0.38733,0.67354
