particle,elasticity,weight,frame,x,y,z
1,0.37478,4.15093,1,0.34085,-0.01498,0.88975
2,0.14348,4.15093,1,0.37918,-0.01383,0.88961
3,0.80298,4.15093,1,0.26933,-0.01335,0.88607
4,0.59079,4.15093,1,0.30547,-0.01429,0.88855
5,0.55619,4.15093,1,0.31123,-0.01445,0.88896
6,0.30025,4.15093,1,0.35295,-0.01478,0.88976
7,0.16324,4.15093,1,0.37581,-0.01395,0.88969
8,0.40563,4.15093,1,0.33587,-0.01495,0.88983
9,0.28352,4.15093,1,0.35569,-0.0147,0.88976
10,0.77651,4.15093,1,0.27389,-0.01345,0.88638
11,0.7962,4.15093,1,0.2705,-0.01338,0.88615
12,0.52129,4.15093,1,0.317,-0.01459,0.88936
13,0.91444,4.15093,1,0.25003,-0.01299,0.88477
14,0.64544,4.15093,1,0.29628,-0.01403,0.88791
15,0.02064,4.15093,1,0.38638,-0.01401,0.88906
16,0.32276,4.15093,1,0.34928,-0.01487,0.88977
17,0.57896,4.15093,1,0.30744,-0.01435,0.88869
18,0.5007,4.15093,1,0.32038,-0.01466,0.88961
19,0.89711,4.15093,1,0.25304,-0.01304,0.88497
20,0.78474,4.15093,1,0.27247,-0.01342,0.88628
