particle,elasticity,weight,frame,x,y,z
1,0.9309,4.15093,1,0.22591,-0.24608,0.13075
2,0.06987,4.15093,1,0.38551,-0.24618,0.13052
3,0.29166,4.15093,1,0.34434,-0.24616,0.13055
4,0.27084,4.15093,1,0.3482,-0.24617,0.13055
5,0.37094,4.15093,1,0.32963,-0.24616,0.13057
6,0.19949,4.15093,1,0.36145,-0.24617,0.13054
7,0.73256,4.15093,1,0.26261,-0.24611,0.13068
8,0.35804,4.15093,1,0.33202,-0.24616,0.13057
9,0.98649,4.15093,1,0.21563,-0.24607,0.13077
10,0.23858,4.15093,1,0.35419,-0.24617,0.13054
11,0.71765,4.15093,1,0.26537,-0.24611,0.13067
12,0.25345,4.15093,1,0.35143,-0.24617,0.13054
13,0.58734,4.15093,1,0.28951,-0.24613,0.13063
14,0.78912,4.15093,1,0.25214,-0.2461,0.1307
15,0.27833,4.15093,1,0.34681,-0.24617,0.13055
16,0.96151,4.15093,1,0.22024,-0.24607,0.13076
17,0.14778,4.15093,1,0.37105,-0.24618,0.13053
18,0.10806,4.15093,1,0.37842,-0.24618,0.13052
19,0.25685,4.15093,1,0.3508,-0.24617,0.13055
20,0.00128,4.15093,1,0.39825,-0.24618,0.13051
