particle,elasticity,weight,frame,x,y,z
1,0.17748,4.15093,1,0.37816,-0.38351,0.30579
2,0.47872,4.15093,1,0.36288,-0.35988,0.3039
3,0.71787,4.15093,1,0.35076,-0.34171,0.30239
4,0.13099,4.15093,1,0.38052,-0.38723,0.30608
5,0.95389,4.15093,1,0.33963,-0.32614,0.30621
6,0.34595,4.15093,1,0.36962,-0.37019,0.30473
7,0.08411,4.15093,1,0.38296,-0.39001,0.30662
8,0.86289,4.15093,1,0.34431,-0.33323,0.30681
9,0.16437,4.15093,1,0.37883,-0.38456,0.30587
10,0.15696,4.15093,1,0.37921,-0.38515,0.30592
11,0.94964,4.15093,1,0.33984,-0.32647,0.30624
12,0.60259,4.15093,1,0.3566,-0.3504,0.30312
13,0.84552,4.15093,1,0.3452,-0.3346,0.30692
14,0.5387,4.15093,1,0.35984,-0.35527,0.30352
15,0.28109,4.15093,1,0.37291,-0.37529,0.30514
16,0.55929,4.15093,1,0.3588,-0.3537,0.30339
17,0.96581,4.15093,1,0.33901,-0.32521,0.30613
18,0.65913,4.15093,1,0.35374,-0.34612,0.30276
19,0.74384,4.15093,1,0.34944,-0.33977,0.30223
20,0.99554,4.15093,1,0.33748,-0.32291,0.30594
