particle,elasticity,weight,frame,x,y,z
1,0.14862,4.15093,1,-0.39592,0.0115,0.10236
2,0.39758,4.15093,1,-0.39399,0.01013,0.10733
3,0.90473,4.15093,1,-0.39036,0.00738,0.11718
4,0.64737,4.15093,1,-0.39215,0.00876,0.11223
5,0.8819,4.15093,1,-0.39052,0.00751,0.11675
6,0.52423,4.15093,1,-0.39305,0.00943,0.10982
7,0.77742,4.15093,1,-0.39124,0.00806,0.11475
8,0.57024,4.15093,1,-0.39271,0.00918,0.11073
9,0.98625,4.15093,1,-0.38982,0.00705,0.11871
10,0.91281,4.15093,1,-0.39031,0.00734,0.11734
11,0.27296,4.15093,1,-0.39495,0.01081,0.10485
12,0.51321,4.15093,1,-0.39313,0.00949,0.10961
13,0.22462,4.15093,1,-0.39532,0.01108,0.10388
14,0.80083,4.15093,1,-0.39107,0.00794,0.1152
15,0.74494,4.15093,1,-0.39146,0.00824,0.11412
16,0.20872,4.15093,1,-0.39545,0.01117,0.10357
17,0.53023,4.15093,1,-0.393,0.0094,0.10994
18,0.32465,4.15093,1,-0.39455,0.01053,0.10588
19,0.72595,4.15093,1,-0.3916,0.00834,0.11375
20,0.40435,4.15093,1,-0.39394,0.01009,0.10746
