particle,elasticity,weight,frame,x,y,z
1,0.85246,7.6434,1,-0.18468,-0.13965,0.14622
1,0.85246,7.6434,2,-0.09909,-0.05173,0.26386
2,0.43397,7.91127,1,-0.18467,-0.13964,0.11938
2,0.43397,7.91127,2,-0.09897,-0.05161,0.17706
3,0.00381,8.10916,1,-0.18474,-0.13971,0.09222
3,0.00381,8.10916,2,-0.09995,-0.05261,0.09632
4,0.4288,7.91413,1,-0.18467,-0.13964,0.11905
4,0.4288,7.91413,2,-0.09897,-0.05161,0.17599
5,0.47307,7.88929,1,-0.18467,-0.13964,0.12189
5,0.47307,7.88929,2,-0.09898,-0.05162,0.18518
6,0.22617,8.01756,1,-0.18467,-0.13964,0.10604
6,0.22617,8.01756,2,-0.09894,-0.05157,0.13389
7,0.46398,7.89446,1,-0.18467,-0.13964,0.1213
7,0.46398,7.89446,2,-0.09898,-0.05162,0.18329
8,0.06917,8.08609,1,-0.18467,-0.13963,0.09597
8,0.06917,8.08609,2,-0.09892,-0.05156,0.10125
9,0.60635,7.80964,1,-0.18467,-0.13964,0.13044
9,0.60635,7.80964,2,-0.09902,-0.05166,0.21284
10,0.97642,7.55027,1,-0.18468,-0.13965,0.15417
10,0.97642,7.55027,2,-0.09914,-0.05178,0.28953
11,0.96399,7.55989,1,-0.18468,-0.13965,0.15337
11,0.96399,7.55989,2,-0.09913,-0.05177,0.28696
12,0.2352,8.01331,1,-0.18467,-0.13964,0.10662
12,0.2352,8.01331,2,-0.09894,-0.05157,0.13576
13,0.40245,7.92854,1,-0.18467,-0.13964,0.11736
13,0.40245,7.92854,2,-0.09897,-0.0516,0.17051
14,0.54527,7.84705,1,-0.18467,-0.13964,0.12652
14,0.54527,7.84705,2,-0.099,-0.05164,0.20017
15,0.25513,8.00381,1,-0.18467,-0.13964,0.1079
15,0.25513,8.00381,2,-0.09894,-0.05158,0.13991
16,0.47765,7.88667,1,-0.18467,-0.13964,0.12218
16,0.47765,7.88667,2,-0.09898,-0.05162,0.18613
17,0.20985,8.02516,1,-0.18467,-0.13964,0.105
17,0.20985,8.02516,2,-0.09893,-0.05157,0.13049
18,0.04958,8.09392,1,-0.18467,-0.13963,0.09471
18,0.04958,8.09392,2,-0.09914,-0.05178,0.09843
19,0.69236,7.75437,1,-0.18468,-0.13964,0.13595
19,0.69236,7.75437,2,-0.09904,-0.05168,0.23068
20,0.73016,7.72912,1,-0.18468,-0.13965,0.13838
20,0.73016,7.72912,2,-0.09905,-0.05169,0.23852
