particle,elasticity,weight,frame,x,y,z
1,0.24772,4.15093,1,0.17961,-0.15561,0.13191
2,0.63959,4.15093,1,0.17961,-0.15561,0.13191
3,0.06901,4.15093,1,0.17961,-0.15561,0.13191
4,0.67901,4.15093,1,0.17961,-0.15561,0.13191
5,0.12947,4.15093,1,0.17961,-0.15561,0.13191
6,0.86757,4.15093,1,0.17961,-0.15561,0.13191
7,0.66787,4.15093,1,0.17961,-0.15561,0.13191
8,0.39372,4.15093,1,0.17961,-0.15561,0.13191
9,0.12639,4.15093,1,0.17961,-0.15561,0.13191
10,0.24745,4.15093,1,0.17961,-0.15561,0.13191
11,0.97842,4.15093,1,0.17961,-0.15561,0.13191
12,0.27111,4.15093,1,0.17961,-0.15561,0.13191
13,0.24802,4.15093,1,0.17961,-0.15561,0.13191
14,0.11111,4.15093,1,0.17961,-0.15561,0.13191
15,0.84805,4.15093,1,0.17961,-0.15561,0.13191
16,0.11517,4.15093,1,0.17961,-0.15561,0.13191
17,0.38206,4.15093,1,0.17961,-0.15561,0.13191
18,0.38379,4.15093,1,0.17961,-0.15561,0.13191
19,0.23723,4.15093,1,0.17961,-0.15561,0.13191
20,0.41975,4.15093,1,0.17961,-0.15561,0.13191
