particle,elasticity,weight,frame,x,y,z
1,0.58414,8.26242,1,0.26832,-0.0821,0.39816
1,0.58414,8.26242,2,0.18522,-0.23853,0.21883
2,0.3006,8.26242,1,0.26832,-0.0821,0.39816
2,0.3006,8.26242,2,0.18522,-0.23853,0.21883
3,0.88162,8.26242,1,0.26832,-0.0821,0.39816
3,0.88162,8.26242,2,0.18522,-0.23853,0.21883
4,0.75625,8.26242,1,0.26832,-0.0821,0.39816
4,0.75625,8.26242,2,0.18522,-0.23853,0.21883
5,0.14821,8.26242,1,0.26832,-0.0821,0.39816
5,0.14821,8.26242,2,0.18522,-0.23853,0.21883
6,0.39845,8.26242,1,0.26832,-0.0821,0.39816
6,0.39845,8.26242,2,0.18522,-0.23853,0.21883
7,0.60058,8.26242,1,0.26832,-0.0821,0.39816
7,0.60058,8.26242,2,0.18522,-0.23853,0.21883
8,0.97095,8.26242,1,0.26832,-0.0821,0.39816
8,0.97095,8.26242,2,0.18522,-0.23853,0.21883
9,0.252,8.26242,1,0.26832,-0.0821,0.39816
9,0.252,8.26242,2,0.18522,-0.23853,0.21883
10,0.42334,8.26242,1,0.26832,-0.0821,0.39816
10,0.42334,8.26242,2,0.18522,-0.23853,0.21883
11,0.36011,8.26242,1,0.26832,-0.0821,0.39816
11,0.36011,8.26242,2,0.18522,-0.23853,0.21883
12,0.65097,8.26242,1,0.26832,-0.0821,0.39816
12,0.65097,8.26242,2,0.18522,-0.23853,0.21883
13,0.66957,8.26242,1,0.26832,-0.0821,0.39816
13,0.66957,8.26242,2,0.18522,-0.23853,0.21883
14,0.03705,8.26242,1,0.26832,-0.0821,0.39816
14,0.03705,8.26242,2,0.18522,-0.23853,0.21883
15,0.05139,8.26242,1,0.26832,-0.0821,0.39816
15,0.05139,8.26242,2,0.18522,-0.23853,0.21883
16,0.52491,8.26242,1,0.26832,-0.0821,0.39816
16,0.52491,8.26242,2,0.18522,-0.23853,0.21883
17,0.65454,8.26242,1,0.26832,-0.0821,0.39816
17,0.65454,8.26242,2,0.18522,-0.23853,0.21883
18,0.04265,8.26242,1,0.26832,-0.0821,0.39816
18,0.04265,8.26242,2,0.18522,-0.23853,0.21883
19,0.41935,8.26242,1,0.26832,-0.0821,0.39816
19,0.41935,8.26242,2,0.18522,-0.23853,0.21883
20,0.58005,8.26242,1,0.26832,-0.0821,0.39816
20,0.58005,8.26242,2,0.18522,-0.23853,0.21883
