particle,elasticity,weight,frame,x,y,z
1,0.7811,4.15093,1,0.10166,-0.04927,0.29759
2,0.02942,4.15093,1,0.10166,-0.04927,0.29759
3,0.33634,4.15093,1,0.10166,-0.04927,0.29759
4,0.98802,4.15093,1,0.10166,-0.04927,0.29759
5,0.58828,4.15093,1,0.10166,-0.04927,0.29759
6,0.92079,4.15093,1,0.10166,-0.04927,0.29759
7,0.93906,4.15093,1,0.10166,-0.04927,0.29759
8,0.32233,4.15093,1,0.10166,-0.04927,0.29759
9,0.7946,4.15093,1,0.10166,-0.04927,0.29759
10,0.84875,4.15093,1,0.10166,-0.04927,0.29759
11,0.99502,4.15093,1,0.10166,-0.04927,0.29759
12,0.44543,4.15093,1,0.10166,-0.04927,0.29759
13,0.50371,4.15093,1,0.10166,-0.04927,0.29759
14,0.26307,4.15093,1,0.10166,-0.04927,0.29759
15,0.69251,4.15093,1,0.10166,-0.04927,0.29759
16,0.63829,4.15093,1,0.10166,-0.04927,0.29759
17,0.31044,4.15093,1,0.10166,-0.04927,0.29759
18,0.8284,4.15093,1,0.10166,-0.04927,0.29759
19,0.01146,4.15093,1,0.10166,-0.04927,0.29759
20,0.57766,4.15093,1,0.10166,-0.04927,0.29759
