particle,elasticity,weight,frame,x,y,z
1,0.74725,4.15093,1,0.36543,0.31444,0.22513
2,0.65759,4.15093,1,0.36775,0.32448,0.22527
3,0.08125,4.15093,1,0.38263,0.38993,0.22613
4,0.67914,4.15093,1,0.36719,0.32206,0.22523
5,0.59929,4.15093,1,0.36925,0.33103,0.22535
6,0.78256,4.15093,1,0.36452,0.3105,0.22508
7,0.18029,4.15093,1,0.38007,0.37857,0.22598
8,0.76664,4.15093,1,0.36493,0.31228,0.2251
9,0.03502,4.15093,1,0.38383,0.39526,0.22619
10,0.66919,4.15093,1,0.36745,0.32318,0.22525
11,0.96656,4.15093,1,0.35978,0.29006,0.2248
12,0.48256,4.15093,1,0.37226,0.34419,0.22553
13,0.47519,4.15093,1,0.37245,0.34502,0.22554
14,0.06201,4.15093,1,0.38313,0.39215,0.22615
15,0.29714,4.15093,1,0.37705,0.36523,0.22581
16,0.5082,4.15093,1,0.3716,0.34129,0.22549
17,0.42624,4.15093,1,0.37372,0.35056,0.22561
18,0.6822,4.15093,1,0.36711,0.32172,0.22523
19,0.66567,4.15093,1,0.36754,0.32357,0.22525
20,0.18182,4.15093,1,0.38003,0.3784,0.22598
