particle,elasticity,weight,frame,x,y,z
1,0.39069,8.03831,1,-0.14889,0.09888,0.87132
1,0.39069,8.03831,2,-0.39566,0.15436,0.83869
2,0.21231,8.07515,1,-0.15029,0.09916,0.87708
2,0.21231,8.07515,2,-0.40088,0.15491,0.85006
3,0.5739,7.99681,1,-0.14745,0.09859,0.86541
3,0.5739,7.99681,2,-0.39033,0.1538,0.82702
4,0.68234,7.9705,1,-0.14659,0.09842,0.86191
4,0.68234,7.9705,2,-0.38719,0.15346,0.82011
5,0.84244,7.92928,1,-0.14533,0.09817,0.85674
5,0.84244,7.92928,2,-0.38257,0.15297,0.80992
6,0.31877,8.05358,1,-0.14946,0.09899,0.87364
6,0.31877,8.05358,2,-0.39776,0.15458,0.84327
7,0.38883,8.03871,1,-0.1489,0.09888,0.87138
7,0.38883,8.03871,2,-0.39572,0.15437,0.83881
8,0.65013,7.97845,1,-0.14685,0.09847,0.86295
8,0.65013,7.97845,2,-0.38812,0.15356,0.82217
9,0.58357,7.99452,1,-0.14737,0.09857,0.8651
9,0.58357,7.99452,2,-0.39005,0.15377,0.82641
10,0.19317,8.07889,1,-0.15044,0.09919,0.87769
10,0.19317,8.07889,2,-0.40144,0.15497,0.85127
11,0.84897,7.92754,1,-0.14528,0.09816,0.85653
11,0.84897,7.92754,2,-0.38238,0.15295,0.8095
12,0.77301,7.94751,1,-0.14588,0.09828,0.85898
12,0.77301,7.94751,2,-0.38457,0.15318,0.81434
13,0.14683,8.08778,1,-0.15081,0.09927,0.87919
13,0.14683,8.08778,2,-0.4028,0.15511,0.85423
14,0.50763,8.01225,1,-0.14797,0.09869,0.86755
14,0.50763,8.01225,2,-0.39226,0.154,0.83124
15,0.11683,8.09342,1,-0.15105,0.09931,0.88016
15,0.11683,8.09342,2,-0.40368,0.15521,0.85614
16,0.05345,8.10499,1,-0.15154,0.09941,0.8822
16,0.05345,8.10499,2,-0.40554,0.1554,0.86017
17,0.05017,8.10558,1,-0.15157,0.09942,0.88231
17,0.05017,8.10558,2,-0.40564,0.15541,0.86038
18,0.49056,8.01615,1,-0.1481,0.09872,0.8681
18,0.49056,8.01615,2,-0.39276,0.15405,0.83233
19,0.98451,7.89033,1,-0.14421,0.09794,0.85216
19,0.98451,7.89033,2,-0.37849,0.15253,0.80087
20,0.35594,8.04576,1,-0.14916,0.09893,0.87244
20,0.35594,8.04576,2,-0.39668,0.15447,0.84091
