particle,elasticity,weight,frame,x,y,z
1,0.43021,4.15093,1,0.3925,0.12775,0.11096
2,0.49828,4.15093,1,0.39131,0.12706,0.11345
3,0.59023,4.15093,1,0.38972,0.12612,0.11682
4,0.1894,4.15093,1,0.39674,0.13021,0.10209
5,0.46535,4.15093,1,0.39188,0.12739,0.11224
6,0.22046,4.15093,1,0.39619,0.12989,0.10323
7,0.90479,4.15093,1,0.38434,0.12357,0.12823
8,0.31192,4.15093,1,0.39457,0.12895,0.10661
9,0.86734,4.15093,1,0.38497,0.12382,0.12688
10,0.02975,4.15093,1,0.39956,0.13179,0.09646
11,0.6161,4.15093,1,0.38927,0.12586,0.11776
12,0.91115,4.15093,1,0.38423,0.12352,0.12846
13,0.29128,4.15093,1,0.39493,0.12916,0.10584
14,0.69562,4.15093,1,0.3879,0.12506,0.12067
15,0.73288,4.15093,1,0.38726,0.12473,0.12202
16,0.19306,4.15093,1,0.39667,0.13017,0.10222
17,0.60839,4.15093,1,0.3894,0.12594,0.11748
18,0.20127,4.15093,1,0.39653,0.13009,0.10252
19,0.30602,4.15093,1,0.39468,0.12901,0.10639
20,0.68518,4.15093,1,0.38808,0.12516,0.12029
