particle,elasticity,weight,frame,x,y,z
1,0.02881,4.15093,1,0.38976,-0.14693,0.47064
2,0.19187,4.15093,1,0.38838,-0.14709,0.47033
3,0.01819,4.15093,1,0.38985,-0.14691,0.47066
4,0.909,4.15093,1,0.38231,-0.1478,0.46899
5,0.91789,4.15093,1,0.38223,-0.14781,0.46898
6,0.2363,4.15093,1,0.388,-0.14713,0.47025
7,0.69653,4.15093,1,0.38411,-0.14759,0.46939
8,0.42713,4.15093,1,0.38639,-0.14732,0.4699
9,0.16904,4.15093,1,0.38857,-0.14706,0.47038
10,0.54292,4.15093,1,0.38541,-0.14744,0.46968
11,0.83278,4.15093,1,0.38295,-0.14772,0.46914
12,0.59971,4.15093,1,0.38493,-0.14749,0.46957
13,0.3748,4.15093,1,0.38683,-0.14727,0.46999
14,0.42764,4.15093,1,0.38638,-0.14732,0.46989
15,0.24865,4.15093,1,0.3879,-0.14714,0.47023
16,0.38556,4.15093,1,0.38674,-0.14728,0.46997
17,0.76999,4.15093,1,0.38349,-0.14766,0.46925
18,0.08242,4.15093,1,0.38931,-0.14698,0.47054
19,0.76198,4.15093,1,0.38355,-0.14765,0.46927
20,0.6262,4.15093,1,0.3847,-0.14752,0.46952
