particle,elasticity,weight,frame,x,y,z
1,0.91896,4.15093,1,0.12377,0.2719,0.56914
2,0.39274,4.15093,1,0.12377,0.2719,0.56914
3,0.2718,4.15093,1,0.12377,0.2719,0.56914
4,0.68461,4.15093,1,0.12377,0.2719,0.56914
5,0.25647,4.15093,1,0.12377,0.2719,0.56914
6,0.14389,4.15093,1,0.12377,0.2719,0.56914
7,0.08214,4.15093,1,0.12377,0.2719,0.56914
8,0.4409,4.15093,1,0.12377,0.2719,0.56914
9,0.16109,4.15093,1,0.12377,0.2719,0.56914
10,0.30791,4.15093,1,0.12377,0.2719,0.56914
11,0.16495,4.15093,1,0.12377,0.2719,0.56914
12,0.32287,4.15093,1,0.12377,0.2719,0.56914
13,0.29932,4.15093,1,0.12377,0.2719,0.56914
14,0.18149,4.15093,1,0.12377,0.2719,0.56914
15,0.56955,4.15093,1,0.12377,0.2719,0.56914
16,0.06622,4.15093,1,0.12377,0.2719,0.56914
17,0.78861,4.15093,1,0.12377,0.2719,0.56914
18,0.52341,4.15093,1,0.12377,0.2719,0.56914
19,0.49551,4.15093,1,0.12377,0.2719,0.56914
20,0.1421,4.15093,1,0.12377,0.2719,0.56914
