particle,elasticity,weight,frame,x,y,z
1,0.16184,8.22002,1,0.2079,0.40093,0.38808
1,0.16184,8.22002,2,0.27301,0.36833,0.13972
2,0.28136,8.20971,1,0.20768,0.39769,0.38886
2,0.28136,8.20971,2,0.27185,0.35063,0.14398
3,0.92105,8.13518,1,0.20662,0.38037,0.39278
3,0.92105,8.13518,2,0.266,0.25592,0.16544
4,0.64717,8.17123,1,0.20703,0.38778,0.39125
4,0.64717,8.17123,2,0.26828,0.29646,0.15705
5,0.80763,8.15105,1,0.20675,0.38344,0.3923
5,0.80763,8.15105,2,0.26672,0.2727,0.16281
6,0.91277,8.13642,1,0.20662,0.38059,0.39278
6,0.91277,8.13642,2,0.266,0.25715,0.16544
7,0.00697,8.23173,1,0.20817,0.40512,0.38707
7,0.00697,8.23173,2,0.27451,0.39126,0.13421
8,0.25647,8.21195,1,0.20773,0.39837,0.3887
8,0.25647,8.21195,2,0.27209,0.35431,0.14309
9,0.50607,8.1873,1,0.20728,0.39161,0.39033
9,0.50607,8.1873,2,0.26966,0.31735,0.152
10,0.57968,8.17911,1,0.20715,0.38961,0.39081
10,0.57968,8.17911,2,0.26894,0.30645,0.15464
11,0.78189,8.15443,1,0.20679,0.38414,0.39213
11,0.78189,8.15443,2,0.26697,0.27651,0.16188
12,0.60316,8.17641,1,0.20711,0.38898,0.39096
12,0.60316,8.17641,2,0.26871,0.30297,0.15548
13,0.76448,8.15668,1,0.20682,0.38461,0.39202
13,0.76448,8.15668,2,0.26714,0.27909,0.16126
14,0.73503,8.16043,1,0.20688,0.3854,0.39183
14,0.73503,8.16043,2,0.26743,0.28345,0.1602
15,0.86615,8.1432,1,0.20664,0.38185,0.39268
15,0.86615,8.1432,2,0.26615,0.26404,0.16491
16,0.244,8.21305,1,0.20775,0.3987,0.38862
16,0.244,8.21305,2,0.27221,0.35616,0.14265
17,0.63962,8.17212,1,0.20705,0.38799,0.3912
17,0.63962,8.17212,2,0.26836,0.29757,0.15678
18,0.6451,8.17147,1,0.20704,0.38784,0.39124
18,0.6451,8.17147,2,0.2683,0.29676,0.15698
19,0.03475,8.22977,1,0.20812,0.40437,0.38725
19,0.03475,8.22977,2,0.27424,0.38715,0.13519
20,0.39391,8.19898,1,0.20748,0.39464,0.3896
20,0.39391,8.19898,2,0.27075,0.33396,0.148
