particle,elasticity,weight,frame,x,y,z
1,0.74561,8.01755,1,-0.06536,-0.39423,0.86717
1,0.74561,8.01755,2,0.02262,-0.27785,0.81939
2,0.20732,8.12682,1,-0.064,-0.40517,0.88088
2,0.20732,8.12682,2,0.02506,-0.36151,0.84509
3,0.44162,8.08301,1,-0.06459,-0.40039,0.87491
3,0.44162,8.08301,2,0.024,-0.32484,0.8339
4,0.17614,8.13221,1,-0.06393,-0.40581,0.88167
4,0.17614,8.13221,2,0.0252,-0.36642,0.84658
5,0.37525,8.09601,1,-0.06443,-0.40174,0.8766
5,0.37525,8.09601,2,0.0243,-0.33519,0.83707
6,0.59697,8.05077,1,-0.06498,-0.39724,0.87096
6,0.59697,8.05077,2,0.0233,-0.30074,0.82648
7,0.72821,8.02156,1,-0.06531,-0.39459,0.86762
7,0.72821,8.02156,2,0.0227,-0.28052,0.82022
8,0.64439,8.04043,1,-0.0651,-0.39628,0.86975
8,0.64439,8.04043,2,0.02308,-0.29342,0.82422
9,0.98886,7.95822,1,-0.06597,-0.38935,0.86098
9,0.98886,7.95822,2,0.02151,-0.24072,0.8078
10,0.19338,8.12924,1,-0.06397,-0.40546,0.88123
10,0.19338,8.12924,2,0.02512,-0.3637,0.84576
11,0.18931,8.12995,1,-0.06396,-0.40554,0.88134
11,0.18931,8.12995,2,0.02514,-0.36434,0.84595
12,0.3019,8.10984,1,-0.06424,-0.40324,0.87847
12,0.3019,8.10984,2,0.02463,-0.34666,0.84057
13,0.86133,7.99009,1,-0.06565,-0.39191,0.86423
13,0.86133,7.99009,2,0.0221,-0.26013,0.81388
14,0.22785,8.12322,1,-0.06406,-0.40475,0.88035
14,0.22785,8.12322,2,0.02496,-0.35828,0.84411
15,0.6798,8.03255,1,-0.06519,-0.39556,0.86885
15,0.6798,8.03255,2,0.02292,-0.28796,0.82253
16,0.27126,8.11544,1,-0.06417,-0.40386,0.87925
16,0.27126,8.11544,2,0.02477,-0.35146,0.84203
17,0.53106,8.06476,1,-0.06482,-0.39857,0.87264
17,0.53106,8.06476,2,0.0236,-0.31094,0.82963
18,0.74221,8.01834,1,-0.06535,-0.3943,0.86726
18,0.74221,8.01834,2,0.02264,-0.27837,0.81956
19,0.08205,8.14785,1,-0.06369,-0.40774,0.88407
19,0.08205,8.14785,2,0.02561,-0.38127,0.85108
20,0.65248,8.03864,1,-0.06512,-0.39611,0.86954
20,0.65248,8.03864,2,0.02305,-0.29217,0.82384
