particle,elasticity,weight,frame,x,y,z
1,0.04043,8.15457,1,0.06318,-0.2083,0.67342
1,0.04043,8.15457,2,0.2048,-0.37866,0.89001
2,0.2936,8.15457,1,0.06318,-0.2083,0.67342
2,0.2936,8.15457,2,0.20611,-0.36522,0.90122
3,0.42323,8.15457,1,0.06318,-0.2083,0.67342
3,0.42323,8.15457,2,0.20528,-0.35608,0.89726
4,0.12217,8.15457,1,0.06318,-0.2083,0.67342
4,0.12217,8.15457,2,0.20411,-0.37279,0.88995
5,0.5398,8.15457,1,0.06318,-0.2083,0.67342
5,0.5398,8.15457,2,0.20528,-0.34843,0.89427
6,0.2965,8.15457,1,0.06318,-0.2083,0.67342
6,0.2965,8.15457,2,0.20608,-0.36501,0.90113
7,0.48818,8.15457,1,0.06318,-0.2083,0.67342
7,0.48818,8.15457,2,0.20528,-0.35182,0.8956
8,0.54347,8.15457,1,0.06318,-0.2083,0.67342
8,0.54347,8.15457,2,0.20528,-0.34819,0.89418
9,0.98581,8.15457,1,0.06318,-0.2083,0.67342
9,0.98581,8.15457,2,0.20527,-0.31916,0.88285
10,0.78225,8.15457,1,0.06318,-0.2083,0.67342
10,0.78225,8.15457,2,0.20527,-0.33252,0.88806
11,0.89397,8.15457,1,0.06318,-0.2083,0.67342
11,0.89397,8.15457,2,0.20527,-0.32518,0.8852
12,0.85355,8.15457,1,0.06318,-0.2083,0.67342
12,0.85355,8.15457,2,0.20527,-0.32784,0.88624
13,0.7166,8.15457,1,0.06318,-0.2083,0.67342
13,0.7166,8.15457,2,0.20528,-0.33682,0.88974
14,0.02472,8.15457,1,0.06318,-0.2083,0.67342
14,0.02472,8.15457,2,0.20493,-0.37979,0.89001
15,0.67787,8.15457,1,0.06318,-0.2083,0.67342
15,0.67787,8.15457,2,0.20528,-0.33937,0.89074
16,0.02964,8.15457,1,0.06318,-0.2083,0.67342
16,0.02964,8.15457,2,0.20489,-0.37944,0.89001
17,0.74474,8.15457,1,0.06318,-0.2083,0.67342
17,0.74474,8.15457,2,0.20528,-0.33498,0.88902
18,0.91002,8.15457,1,0.06318,-0.2083,0.67342
18,0.91002,8.15457,2,0.20527,-0.32413,0.88479
19,0.36314,8.15457,1,0.06318,-0.2083,0.67342
19,0.36314,8.15457,2,0.20558,-0.36025,0.89902
20,0.09877,8.15457,1,0.06318,-0.2083,0.67342
20,0.09877,8.15457,2,0.2043,-0.37447,0.88995
