particle,elasticity,weight,frame,x,y,z
1,0.66367,8.08318,1,-0.31872,0.37688,0.23755
1,0.66367,8.08318,2,-0.27801,0.33631,0.23139
2,0.0353,8.19415,1,-0.31871,0.39665,0.23755
2,0.0353,8.19415,2,-0.27798,0.37577,0.23139
3,0.44436,8.12634,1,-0.31872,0.38377,0.23755
3,0.44436,8.12634,2,-0.278,0.35008,0.23139
4,0.68385,8.07897,1,-0.31872,0.37624,0.23755
4,0.68385,8.07897,2,-0.27802,0.33504,0.23139
5,0.28538,8.15466,1,-0.31872,0.38878,0.23755
5,0.28538,8.15466,2,-0.27799,0.36006,0.23139
6,0.35701,8.14221,1,-0.31872,0.38652,0.23755
6,0.35701,8.14221,2,-0.278,0.35556,0.23139
7,0.85357,8.04196,1,-0.31873,0.3709,0.23755
7,0.85357,8.04196,2,-0.27803,0.3244,0.23139
8,0.19463,8.16971,1,-0.31872,0.39163,0.23755
8,0.19463,8.16971,2,-0.27799,0.36576,0.23139
9,0.18146,8.17182,1,-0.31872,0.39205,0.23755
9,0.18146,8.17182,2,-0.27799,0.36659,0.23139
10,0.05523,8.19123,1,-0.31871,0.39602,0.23755
10,0.05523,8.19123,2,-0.27798,0.37452,0.23139
11,0.31598,8.14941,1,-0.31872,0.38781,0.23755
11,0.31598,8.14941,2,-0.27799,0.35814,0.23139
12,0.97402,8.01398,1,-0.31873,0.36711,0.23755
12,0.97402,8.01398,2,-0.27804,0.31684,0.23138
13,0.76117,8.06246,1,-0.31872,0.37381,0.23755
13,0.76117,8.06246,2,-0.27802,0.33019,0.23139
14,0.66517,8.08287,1,-0.31872,0.37683,0.23755
14,0.66517,8.08287,2,-0.27802,0.33622,0.23139
15,0.77149,8.06021,1,-0.31872,0.37348,0.23755
15,0.77149,8.06021,2,-0.27802,0.32954,0.23139
16,0.8607,8.04035,1,-0.31873,0.37068,0.23755
16,0.8607,8.04035,2,-0.27803,0.32395,0.23139
17,0.3458,8.14419,1,-0.31872,0.38688,0.23755
17,0.3458,8.14419,2,-0.278,0.35627,0.23139
18,0.43901,8.12734,1,-0.31872,0.38394,0.23755
18,0.43901,8.12734,2,-0.278,0.35041,0.23139
19,0.32242,8.14829,1,-0.31872,0.38761,0.23755
19,0.32242,8.14829,2,-0.27799,0.35774,0.23139
20,0.33263,8.1465,1,-0.31872,0.38729,0.23755
20,0.33263,8.1465,2,-0.27799,0.35709,0.23139
