particle,elasticity,weight,frame,x,y,z
1,0.80549,7.13989,1,0.16931,-0.31203,0.20339
1,0.80549,7.13989,2,0.17342,-0.36922,0.31291
2,0.53381,7.6192,1,0.16931,-0.31208,0.16674
2,0.53381,7.6192,2,0.17343,-0.37899,0.24061
3,0.6699,7.39584,1,0.16931,-0.31205,0.1851
3,0.6699,7.39584,2,0.17343,-0.3741,0.27684
4,0.57724,7.55157,1,0.16931,-0.31207,0.1726
4,0.57724,7.55157,2,0.17343,-0.37743,0.25218
5,0.04201,8.14561,1,0.16932,-0.31212,0.10033
5,0.04201,8.14561,2,0.17341,-0.39597,0.1171
6,0.57088,7.5617,1,0.16931,-0.31207,0.17174
6,0.57088,7.5617,2,0.17343,-0.37766,0.25048
7,0.66577,7.40311,1,0.16931,-0.31205,0.18454
7,0.66577,7.40311,2,0.17343,-0.37425,0.27575
8,0.47465,7.70581,1,0.16931,-0.31208,0.15875
8,0.47465,7.70581,2,0.17343,-0.38112,0.22485
9,0.82886,7.09242,1,0.16931,-0.31202,0.20654
9,0.82886,7.09242,2,0.17342,-0.36838,0.31912
10,0.25628,7.9704,1,0.16931,-0.31211,0.12927
10,0.25628,7.9704,2,0.17343,-0.38898,0.16664
11,0.85213,7.04417,1,0.16931,-0.31202,0.20967
11,0.85213,7.04417,2,0.17342,-0.36754,0.3253
12,0.94466,6.84259,1,0.16931,-0.312,0.22215
12,0.94466,6.84259,2,0.17342,-0.36422,0.34989
13,0.37998,7.83117,1,0.16931,-0.3121,0.14597
13,0.37998,7.83117,2,0.17343,-0.38453,0.19962
14,0.2445,7.9822,1,0.16931,-0.31211,0.12768
14,0.2445,7.9822,2,0.17343,-0.3894,0.1635
15,0.44387,7.74835,1,0.16931,-0.31209,0.1546
15,0.44387,7.74835,2,0.17343,-0.38223,0.21665
16,0.32491,7.89659,1,0.16931,-0.3121,0.13853
16,0.32491,7.89659,2,0.17343,-0.38651,0.18494
17,0.64684,7.43605,1,0.16931,-0.31206,0.18199
17,0.64684,7.43605,2,0.17343,-0.37493,0.27071
18,0.86481,7.01745,1,0.16931,-0.31201,0.21139
18,0.86481,7.01745,2,0.17342,-0.36709,0.32868
19,0.17728,8.04474,1,0.16931,-0.31211,0.1186
19,0.17728,8.04474,2,0.17343,-0.39182,0.14556
20,0.48668,7.68871,1,0.16931,-0.31208,0.16037
20,0.48668,7.68871,2,0.17343,-0.38069,0.22806
