particle,elasticity,weight,frame,x,y,z
1,0.81127,6.67621,1,0.26746,0.26043,0.85356
1,0.81127,6.67621,2,0.34998,0.12211,0.79406
2,0.47729,7.50304,1,0.2661,0.31485,0.86707
2,0.47729,7.50304,2,0.34743,0.23035,0.8209
3,0.66361,7.08013,1,0.26696,0.28448,0.85953
3,0.66361,7.08013,2,0.34906,0.16991,0.80591
4,0.63709,7.14622,1,0.26685,0.2888,0.8606
4,0.63709,7.14622,2,0.34886,0.17851,0.80804
5,0.60394,7.2261,1,0.26672,0.2942,0.86194
5,0.60394,7.2261,2,0.3486,0.18925,0.81071
6,0.32502,7.77681,1,0.2651,0.3397,0.87324
6,0.32502,7.77681,2,0.34549,0.27984,0.83317
7,0.26174,7.87163,1,0.26456,0.35003,0.8758
7,0.26174,7.87163,2,0.34444,0.30043,0.83828
8,0.25096,7.88665,1,0.26446,0.35179,0.87624
8,0.25096,7.88665,2,0.34424,0.30394,0.83914
9,0.54514,7.36022,1,0.26645,0.30379,0.86432
9,0.54514,7.36022,2,0.3481,0.20833,0.81543
10,0.98817,6.11236,1,0.26792,0.23164,0.84641
10,0.98817,6.11236,2,0.35081,0.06495,0.77989
11,0.90887,6.37588,1,0.26773,0.24454,0.84962
11,0.90887,6.37588,2,0.35047,0.09056,0.78624
12,0.24,7.90164,1,0.26435,0.35358,0.87668
12,0.24,7.90164,2,0.34403,0.30751,0.84003
13,0.7377,6.88504,1,0.26723,0.27241,0.85653
13,0.7377,6.88504,2,0.34955,0.14591,0.79996
14,0.6222,7.18248,1,0.26679,0.29122,0.8612
14,0.6222,7.18248,2,0.34875,0.18333,0.80924
15,0.81077,6.67767,1,0.26746,0.26051,0.85358
15,0.81077,6.67767,2,0.34998,0.12227,0.7941
16,0.30484,7.80826,1,0.26494,0.34299,0.87405
16,0.30484,7.80826,2,0.34518,0.28641,0.83479
17,0.2217,7.92586,1,0.26417,0.35657,0.87742
17,0.2217,7.92586,2,0.34367,0.31347,0.84151
18,0.09943,8.06411,1,0.26263,0.37654,0.88238
18,0.09943,8.06411,2,0.34062,0.3533,0.85139
19,0.5222,7.40995,1,0.26634,0.30753,0.86525
19,0.5222,7.40995,2,0.34788,0.21577,0.81728
20,0.29245,7.82701,1,0.26483,0.34502,0.87456
20,0.29245,7.82701,2,0.34497,0.29044,0.83579
