particle,elasticity,weight,frame,x,y,z
1,0.76737,4.15093,1,0.2101,-0.07223,0.8145
2,0.27558,4.15093,1,0.21006,-0.07222,0.8676
3,0.62151,4.15093,1,0.21009,-0.07223,0.83024
4,0.82832,4.15093,1,0.21011,-0.07223,0.80792
5,0.78644,4.15093,1,0.21011,-0.07223,0.81244
6,0.06722,4.15093,1,0.21004,-0.07221,0.89012
7,0.25792,4.15093,1,0.21005,-0.07221,0.86951
8,0.32367,4.15093,1,0.21006,-0.07222,0.8624
9,0.01054,4.15093,1,0.21004,-0.07221,0.89624
10,0.47627,4.15093,1,0.21007,-0.07222,0.84592
11,0.02847,4.15093,1,0.21004,-0.07221,0.8943
12,0.36197,4.15093,1,0.21006,-0.07222,0.85827
13,0.80076,4.15093,1,0.21011,-0.07223,0.8109
14,0.37165,4.15093,1,0.21006,-0.07222,0.85722
15,0.69289,4.15093,1,0.2101,-0.07223,0.82253
16,0.59651,4.15093,1,0.21008,-0.07222,0.83294
17,0.54486,4.15093,1,0.21008,-0.07222,0.83851
18,0.15597,4.15093,1,0.21005,-0.07221,0.88052
19,0.68963,4.15093,1,0.2101,-0.07223,0.82289
20,0.85105,4.15093,1,0.21011,-0.07223,0.80547
