particle,elasticity,weight,frame,x,y,z
1,0.14475,8.27962,1,-0.39001,-0.4029,0.83942
1,0.14475,8.27962,2,-0.38288,-0.38016,0.80118
2,0.21345,8.27962,1,-0.39001,-0.4029,0.83942
2,0.21345,8.27962,2,-0.38335,-0.37376,0.80116
3,0.45171,8.27955,1,-0.3898,-0.40285,0.83943
3,0.45171,8.27955,2,-0.38236,-0.35163,0.80122
4,0.94056,8.27859,1,-0.38771,-0.40234,0.83953
4,0.94056,8.27859,2,-0.38028,-0.30611,0.80132
5,0.3202,8.27962,1,-0.39001,-0.4029,0.83942
5,0.3202,8.27962,2,-0.38387,-0.3638,0.80114
6,0.15423,8.27962,1,-0.39001,-0.4029,0.83942
6,0.15423,8.27962,2,-0.38295,-0.37928,0.80118
7,0.3476,8.27962,1,-0.39001,-0.4029,0.83942
7,0.3476,8.27962,2,-0.38396,-0.36125,0.80114
8,0.23097,8.27962,1,-0.39001,-0.4029,0.83942
8,0.23097,8.27962,2,-0.38345,-0.37213,0.80116
9,0.66506,8.27952,1,-0.38972,-0.40283,0.83943
9,0.66506,8.27952,2,-0.38639,-0.33144,0.80103
10,0.44394,8.27955,1,-0.38981,-0.40286,0.83943
10,0.44394,8.27955,2,-0.38242,-0.35235,0.80121
11,0.59903,8.27951,1,-0.38969,-0.40283,0.83943
11,0.59903,8.27951,2,-0.38332,-0.33785,0.80118
12,0.21778,8.27962,1,-0.39001,-0.4029,0.83942
12,0.21778,8.27962,2,-0.38337,-0.37336,0.80116
13,0.58977,8.27951,1,-0.38969,-0.40283,0.83943
13,0.58977,8.27951,2,-0.3829,-0.33875,0.8012
14,0.62439,8.27951,1,-0.3897,-0.40283,0.83943
14,0.62439,8.27951,2,-0.38449,-0.3354,0.80112
15,0.92251,8.27867,1,-0.38786,-0.40238,0.83952
15,0.92251,8.27867,2,-0.38081,-0.30775,0.80129
16,0.14886,8.27962,1,-0.39001,-0.4029,0.83942
16,0.14886,8.27962,2,-0.38291,-0.37978,0.80118
17,0.93688,8.27861,1,-0.38774,-0.40235,0.83953
17,0.93688,8.27861,2,-0.38038,-0.30645,0.80131
18,0.15746,8.27962,1,-0.39001,-0.4029,0.83942
18,0.15746,8.27962,2,-0.38297,-0.37898,0.80118
19,0.70543,8.27948,1,-0.38962,-0.40281,0.83943
19,0.70543,8.27948,2,-0.38723,-0.32757,0.80099
20,0.75239,8.27934,1,-0.38924,-0.40271,0.83945
20,0.75239,8.27934,2,-0.38584,-0.32326,0.80106
