particle,elasticity,weight,frame,x,y,z
1,0.16735,4.15093,1,0.30384,0.12938,0.39561
2,0.74471,4.15093,1,0.30384,0.12938,0.39561
3,0.02145,4.15093,1,0.30384,0.12938,0.39561
4,0.76925,4.15093,1,0.30384,0.12938,0.39561
5,0.40826,4.15093,1,0.30384,0.12938,0.39561
6,0.78093,4.15093,1,0.30384,0.12938,0.39561
7,0.03884,4.15093,1,0.30384,0.12938,0.39561
8,0.1734,4.15093,1,0.30384,0.12938,0.39561
9,0.43147,4.15093,1,0.30384,0.12938,0.39561
10,0.26317,4.15093,1,0.30384,0.12938,0.39561
11,0.74375,4.15093,1,0.30384,0.12938,0.39561
12,0.88082,4.15093,1,0.30384,0.12938,0.39561
13,0.11842,4.15093,1,0.30384,0.12938,0.39561
14,0.74948,4.15093,1,0.30384,0.12938,0.39561
15,0.44606,4.15093,1,0.30384,0.12938,0.39561
16,0.74253,4.15093,1,0.30384,0.12938,0.39561
17,0.56591,4.15093,1,0.30384,0.12938,0.39561
18,0.08843,4.15093,1,0.30384,0.12938,0.39561
19,0.0998,4.15093,1,0.30384,0.12938,0.39561
20,0.40055,4.15093,1,0.30384,0.12938,0.39561
