particle,elasticity,weight,frame,x,y,z
1,0.37498,4.15093,1,0.38668,0.32693,0.09186
2,0.32436,4.15093,1,0.38668,0.32693,0.09186
3,0.04997,4.15093,1,0.38668,0.32693,0.09186
4,0.48972,4.15093,1,0.38668,0.32693,0.09186
5,0.19252,4.15093,1,0.38668,0.32693,0.09186
6,0.95902,4.15093,1,0.38668,0.32693,0.09186
7,0.71046,4.15093,1,0.38668,0.32693,0.09186
8,0.09238,4.15093,1,0.38668,0.32693,0.09186
9,0.86169,4.15093,1,0.38668,0.32693,0.09186
10,0.2461,4.15093,1,0.38668,0.32693,0.09186
11,0.09157,4.15093,1,0.38668,0.32693,0.09186
12,0.65453,4.15093,1,0.38668,0.32693,0.09186
13,0.82214,4.15093,1,0.38668,0.32693,0.09186
14,0.21571,4.15093,1,0.38668,0.32693,0.09186
15,0.1625,4.15093,1,0.38668,0.32693,0.09186
16,0.414,4.15093,1,0.38668,0.32693,0.09186
17,0.2794,4.15093,1,0.38668,0.32693,0.09186
18,0.49238,4.15093,1,0.38668,0.32693,0.09186
19,0.60451,4.15093,1,0.38668,0.32693,0.09186
20,0.97328,4.15093,1,0.38668,0.32693,0.09186
