particle,elasticity,weight,frame,x,y,z
1,0.31606,4.15093,1,0.27763,-0.11642,0.11511
2,0.84204,4.15093,1,0.27765,-0.1266,0.15583
3,0.19421,4.15093,1,0.27762,-0.11406,0.10567
4,0.08997,4.15093,1,0.27762,-0.11205,0.0976
5,0.10914,4.15093,1,0.27762,-0.11242,0.09909
6,0.61603,4.15093,1,0.27764,-0.12222,0.13833
7,0.7795,4.15093,1,0.27765,-0.12539,0.15099
8,0.36253,4.15093,1,0.27763,-0.11732,0.11871
9,0.94864,4.15093,1,0.27766,-0.12866,0.16409
10,0.56738,4.15093,1,0.27764,-0.12128,0.13457
11,0.71471,4.15093,1,0.27765,-0.12413,0.14597
12,0.02997,4.15093,1,0.27761,-0.11142,0.09507
13,0.10242,4.15093,1,0.27762,-0.11229,0.09857
14,0.61819,4.15093,1,0.27764,-0.12226,0.1385
15,0.29618,4.15093,1,0.27763,-0.11603,0.11357
16,0.12928,4.15093,1,0.27762,-0.11281,0.10064
17,0.51154,4.15093,1,0.27764,-0.1202,0.13024
18,0.89853,4.15093,1,0.27766,-0.12769,0.16021
19,0.79602,4.15093,1,0.27765,-0.12571,0.15227
20,0.34862,4.15093,1,0.27763,-0.11705,0.11763
