particle,elasticity,weight,frame,x,y,z
1,0.24283,4.15093,1,0.11848,-0.09501,0.47821
2,0.63145,4.15093,1,0.11848,-0.09501,0.47821
3,0.76466,4.15093,1,0.11848,-0.09501,0.47821
4,0.34459,4.15093,1,0.11848,-0.09501,0.47821
5,0.12804,4.15093,1,0.11848,-0.09501,0.47821
6,0.39246,4.15093,1,0.11848,-0.09501,0.47821
7,0.83275,4.15093,1,0.11848,-0.09501,0.47821
8,0.32608,4.15093,1,0.11848,-0.09501,0.47821
9,0.70745,4.15093,1,0.11848,-0.09501,0.47821
10,0.54051,4.15093,1,0.11848,-0.09501,0.47821
11,0.32013,4.15093,1,0.11848,-0.09501,0.47821
12,0.82013,4.15093,1,0.11848,-0.09501,0.47821
13,0.57124,4.15093,1,0.11848,-0.09501,0.47821
14,0.02757,4.15093,1,0.11848,-0.09501,0.47821
15,0.9378,4.15093,1,0.11848,-0.09501,0.47821
16,0.21677,4.15093,1,0.11848,-0.09501,0.47821
17,0.22439,4.15093,1,0.11848,-0.09501,0.47821
18,0.72595,4.15093,1,0.11848,-0.09501,0.47821
19,0.66128,4.15093,1,0.11848,-0.09501,0.47821
20,0.10878,4.15093,1,0.11848,-0.09501,0.47821
