particle,elasticity,weight,frame,x,y,z
1,0.52935,4.15093,1,0.36377,0.38011,0.8081
2,0.8711,4.15093,1,0.34847,0.37217,0.77094
3,0.90494,4.15093,1,0.34699,0.37143,0.7674
4,0.14986,4.15093,1,0.38296,0.39093,0.85312
5,0.63147,4.15093,1,0.35892,0.37736,0.79601
6,0.42106,4.15093,1,0.36907,0.38311,0.82094
7,0.4512,4.15093,1,0.36758,0.38227,0.81736
8,0.90868,4.15093,1,0.34683,0.37135,0.76701
9,0.97966,4.15093,1,0.34374,0.36981,0.75958
10,0.48198,4.15093,1,0.36607,0.38142,0.81371
11,0.39521,4.15093,1,0.37035,0.38383,0.824
12,0.25555,4.15093,1,0.37744,0.38783,0.84057
13,0.34642,4.15093,1,0.3728,0.38522,0.82979
14,0.47251,4.15093,1,0.36653,0.38168,0.81484
15,0.67432,4.15093,1,0.35705,0.37643,0.79153
16,0.62516,4.15093,1,0.35921,0.37753,0.79675
17,0.08506,4.15093,1,0.38642,0.39286,0.86082
18,0.62936,4.15093,1,0.35902,0.37741,0.79625
19,0.64343,4.15093,1,0.3584,0.3771,0.79476
20,0.12512,4.15093,1,0.38427,0.39166,0.85606
