particle,elasticity,weight,frame,x,y,z
1,0.09817,8.14699,1,-0.39001,-0.12362,0.40964
1,0.09817,8.14699,2,-0.39001,-0.09471,0.58094
2,0.29377,7.98151,1,-0.35653,-0.12345,0.40956
2,0.29377,7.98151,2,-0.32597,-0.09422,0.5807
3,0.121,8.14229,1,-0.38858,-0.12345,0.40956
3,0.121,8.14229,2,-0.38978,-0.09422,0.58074
4,0.37773,7.86634,1,-0.34096,-0.12345,0.40955
4,0.37773,7.86634,2,-0.29497,-0.09423,0.58066
5,0.40389,7.82551,1,-0.33611,-0.12345,0.40954
5,0.40389,7.82551,2,-0.28532,-0.09423,0.58064
6,0.4592,7.73146,1,-0.32586,-0.12345,0.40953
6,0.4592,7.73146,2,-0.26491,-0.09424,0.5806
7,0.38076,7.86173,1,-0.3404,-0.12345,0.40955
7,0.38076,7.86173,2,-0.29386,-0.09423,0.58066
8,0.14007,8.12958,1,-0.38504,-0.12345,0.40956
8,0.14007,8.12958,2,-0.38274,-0.09422,0.58074
9,0.49083,7.67296,1,-0.31999,-0.12345,0.40953
9,0.49083,7.67296,2,-0.25324,-0.09425,0.58057
10,0.59748,7.45044,1,-0.30023,-0.12346,0.4095
10,0.59748,7.45044,2,-0.21392,-0.09426,0.58047
11,0.89371,6.6283,1,-0.24537,-0.12347,0.40941
11,0.89371,6.6283,2,-0.10488,-0.09432,0.58008
12,0.28124,7.99662,1,-0.35886,-0.12345,0.40956
12,0.28124,7.99662,2,-0.3306,-0.09422,0.58071
13,0.95033,6.43708,1,-0.23489,-0.12347,0.40939
13,0.95033,6.43708,2,-0.08408,-0.09434,0.57999
14,0.34511,7.91396,1,-0.34701,-0.12345,0.40955
14,0.34511,7.91396,2,-0.30702,-0.09423,0.58068
15,0.76901,7.01089,1,-0.26845,-0.12346,0.40945
15,0.76901,7.01089,2,-0.15074,-0.0943,0.58026
16,0.07071,8.14703,1,-0.39001,-0.12363,0.40963
16,0.07071,8.14703,2,-0.39,-0.09466,0.58089
17,0.63261,7.36862,1,-0.29372,-0.12346,0.40949
17,0.63261,7.36862,2,-0.20097,-0.09427,0.58043
18,0.88428,6.6591,1,-0.24711,-0.12347,0.40941
18,0.88428,6.6591,2,-0.10835,-0.09432,0.58009
19,0.0083,8.14709,1,-0.39001,-0.12357,0.4096
19,0.0083,8.14709,2,-0.39,-0.09449,0.58081
20,0.55113,7.55193,1,-0.30882,-0.12345,0.40951
20,0.55113,7.55193,2,-0.231,-0.09425,0.58052
