particle,elasticity,weight,frame,x,y,z
1,0.09231,4.15093,1,0.2658,-0.13685,0.10112
2,0.62862,4.15093,1,0.26584,-0.13691,0.18572
3,0.01902,4.15093,1,0.26579,-0.13685,0.08954
4,0.52645,4.15093,1,0.26583,-0.1369,0.16962
5,0.05144,4.15093,1,0.26579,-0.13685,0.09466
6,0.92351,4.15093,1,0.26587,-0.13696,0.23214
7,0.99737,4.15093,1,0.26588,-0.13697,0.24375
8,0.68986,4.15093,1,0.26584,-0.13692,0.19536
9,0.88774,4.15093,1,0.26587,-0.13695,0.22651
10,0.03905,4.15093,1,0.26579,-0.13685,0.0927
11,0.52927,4.15093,1,0.26583,-0.1369,0.17006
12,0.38035,4.15093,1,0.26581,-0.13688,0.14658
13,0.11175,4.15093,1,0.2658,-0.13685,0.10419
14,0.54205,4.15093,1,0.26583,-0.1369,0.17208
15,0.47559,4.15093,1,0.26582,-0.13689,0.1616
16,0.89186,4.15093,1,0.26587,-0.13695,0.22716
17,0.60017,4.15093,1,0.26583,-0.13691,0.18124
18,0.47791,4.15093,1,0.26582,-0.13689,0.16197
19,0.54963,4.15093,1,0.26583,-0.1369,0.17327
20,0.02319,4.15093,1,0.26579,-0.13685,0.0902
