particle,elasticity,weight,frame,x,y,z
1,0.74627,4.15093,1,0.00765,-0.06563,0.18399
2,0.94221,4.15093,1,0.00765,-0.06563,0.18399
3,0.95899,4.15093,1,0.00765,-0.06563,0.18399
4,0.83364,4.15093,1,0.00765,-0.06563,0.18399
5,0.45313,4.15093,1,0.00765,-0.06563,0.18399
6,0.61802,4.15093,1,0.00765,-0.06563,0.18399
7,0.22062,4.15093,1,0.00765,-0.06563,0.18399
8,0.95115,4.15093,1,0.00765,-0.06563,0.18399
9,0.07886,4.15093,1,0.00765,-0.06563,0.18399
10,0.36988,4.15093,1,0.00765,-0.06563,0.18399
11,0.55964,4.15093,1,0.00765,-0.06563,0.18399
12,0.1032,4.15093,1,0.00765,-0.06563,0.18399
13,0.7084,4.15093,1,0.00765,-0.06563,0.18399
14,0.4281,4.15093,1,0.00765,-0.06563,0.18399
15,0.08641,4.15093,1,0.00765,-0.06563,0.18399
16,0.22401,4.15093,1,0.00765,-0.06563,0.18399
17,0.81661,4.15093,1,0.00765,-0.06563,0.18399
18,0.86224,4.15093,1,0.00765,-0.06563,0.18399
19,0.19756,4.15093,1,0.00765,-0.06563,0.18399
20,0.99156,4.15093,1,0.00765,-0.06563,0.18399
