particle,elasticity,weight,frame,x,y,z
1,0.98815,8.19143,1,0.23162,0.37375,0.84
1,0.98815,8.19143,2,0.377,0.33263,0.87746
2,0.12696,8.24024,1,0.23512,0.38886,0.84142
2,0.12696,8.24024,2,0.40262,0.37971,0.88721
3,0.51779,8.2211,1,0.23353,0.382,0.84078
3,0.51779,8.2211,2,0.39125,0.35831,0.88403
4,0.3251,8.23116,1,0.23431,0.38539,0.84109
4,0.3251,8.23116,2,0.39633,0.36887,0.88824
5,0.55336,8.21911,1,0.23339,0.38138,0.84072
5,0.55336,8.21911,2,0.39015,0.35636,0.88352
6,0.18143,8.23787,1,0.2349,0.38791,0.84133
6,0.18143,8.23787,2,0.40089,0.37673,0.88749
7,0.16066,8.23879,1,0.23498,0.38827,0.84136
7,0.16066,8.23879,2,0.40155,0.37786,0.88739
8,0.46826,8.2238,1,0.23373,0.38287,0.84086
8,0.46826,8.2238,2,0.3928,0.36102,0.88474
9,0.41832,8.22644,1,0.23394,0.38375,0.84094
9,0.41832,8.22644,2,0.39437,0.36375,0.88545
10,0.49748,8.22221,1,0.23361,0.38236,0.84081
10,0.49748,8.22221,2,0.39189,0.35942,0.88432
11,0.61207,8.21573,1,0.23315,0.38035,0.84062
11,0.61207,8.21573,2,0.38833,0.35315,0.88269
12,0.67026,8.21227,1,0.23291,0.37933,0.84053
12,0.67026,8.21227,2,0.38655,0.34997,0.88187
13,0.96103,8.19334,1,0.23173,0.37422,0.84005
13,0.96103,8.19334,2,0.3778,0.3341,0.87783
14,0.10898,8.241,1,0.23519,0.38918,0.84145
14,0.10898,8.241,2,0.40319,0.38069,0.88712
15,0.49298,8.22246,1,0.23363,0.38244,0.84082
15,0.49298,8.22246,2,0.39203,0.35966,0.88438
16,0.15036,8.23924,1,0.23502,0.38845,0.84138
16,0.15036,8.23924,2,0.40188,0.37843,0.88733
17,0.06672,8.24275,1,0.23536,0.38992,0.84152
17,0.06672,8.24275,2,0.40453,0.383,0.88691
18,0.85976,8.20025,1,0.23214,0.376,0.84022
18,0.85976,8.20025,2,0.38081,0.33962,0.87923
19,0.83821,8.20167,1,0.23223,0.37638,0.84025
19,0.83821,8.20167,2,0.38146,0.3408,0.87952
20,0.17415,8.2382,1,0.23493,0.38803,0.84134
20,0.17415,8.2382,2,0.40112,0.37713,0.88745
