particle,elasticity,weight,frame,x,y,z
1,0.8312,8.20343,1,-0.17784,-0.34061,0.79816
1,0.8312,8.20343,2,-0.35592,-0.35989,0.83358
2,0.6285,8.20343,1,-0.17784,-0.34061,0.79816
2,0.6285,8.20343,2,-0.36221,-0.36007,0.84522
3,0.63947,8.20343,1,-0.17784,-0.34061,0.79816
3,0.63947,8.20343,2,-0.36171,-0.36006,0.84459
4,0.32072,8.20343,1,-0.17784,-0.34061,0.79816
4,0.32072,8.20343,2,-0.37688,-0.36035,0.86291
5,0.42923,8.20343,1,-0.17784,-0.34061,0.79816
5,0.42923,8.20343,2,-0.37161,-0.36025,0.85667
6,0.61078,8.20343,1,-0.17784,-0.34061,0.79816
6,0.61078,8.20343,2,-0.36303,-0.36009,0.84624
7,0.25217,8.20343,1,-0.17784,-0.34061,0.79816
7,0.25217,8.20343,2,-0.38027,-0.36041,0.86685
8,0.94237,8.20343,1,-0.17784,-0.34061,0.79816
8,0.94237,8.20343,2,-0.35294,-0.35979,0.82719
9,0.07702,8.20343,1,-0.17784,-0.34061,0.79816
9,0.07702,8.20343,2,-0.38912,-0.36057,0.87692
10,0.61116,8.20343,1,-0.17784,-0.34061,0.79816
10,0.61116,8.20343,2,-0.36302,-0.36009,0.84622
11,0.79435,8.20343,1,-0.17784,-0.34061,0.79816
11,0.79435,8.20343,2,-0.35694,-0.35992,0.83569
12,0.68181,8.20343,1,-0.17784,-0.34061,0.79816
12,0.68181,8.20343,2,-0.36011,-0.36002,0.84216
13,0.20738,8.20343,1,-0.17784,-0.34061,0.79816
13,0.20738,8.20343,2,-0.3825,-0.36045,0.86942
14,0.50418,8.20343,1,-0.17784,-0.34061,0.79816
14,0.50418,8.20343,2,-0.36803,-0.36018,0.85236
15,0.86837,8.20343,1,-0.17784,-0.34061,0.79816
15,0.86837,8.20343,2,-0.35491,-0.35985,0.83144
16,0.46544,8.20343,1,-0.17784,-0.34061,0.79816
16,0.46544,8.20343,2,-0.36987,-0.36022,0.85459
17,0.07445,8.20343,1,-0.17784,-0.34061,0.79816
17,0.07445,8.20343,2,-0.38925,-0.36057,0.87707
18,0.24724,8.20343,1,-0.17784,-0.34061,0.79816
18,0.24724,8.20343,2,-0.38051,-0.36041,0.86713
19,0.49415,8.20343,1,-0.17784,-0.34061,0.79816
19,0.49415,8.20343,2,-0.36851,-0.36019,0.85294
20,0.47107,8.20343,1,-0.17784,-0.34061,0.79816
20,0.47107,8.20343,2,-0.36961,-0.36021,0.85427
