particle,elasticity,weight,frame,x,y,z
1,0.61539,6.71866,1,0.35917,0.16001,0.80574
1,0.61539,6.71866,2,0.31376,0.31644,0.6585
2,0.08051,7.68505,1,0.38578,0.17388,0.87128
2,0.08051,7.68505,2,0.37907,0.35,0.80574
3,0.49226,6.97663,1,0.36564,0.16226,0.81975
3,0.49226,6.97663,2,0.32983,0.32209,0.68969
4,0.40255,7.1534,1,0.37035,0.16402,0.83029
4,0.40255,7.1534,2,0.34155,0.32652,0.71327
5,0.53058,6.89818,1,0.36363,0.16153,0.81533
5,0.53058,6.89818,2,0.32483,0.32027,0.67984
6,0.47128,7.01886,1,0.36674,0.16266,0.82219
6,0.47128,7.01886,2,0.33258,0.32311,0.69514
7,0.19722,7.50915,1,0.37986,0.16937,0.85585
7,0.19722,7.50915,2,0.36488,0.33943,0.7708
8,0.73343,6.45583,1,0.35298,0.15812,0.79276
8,0.73343,6.45583,2,0.29837,0.31169,0.62976
9,0.19465,7.51302,1,0.37996,0.16946,0.85619
9,0.19465,7.51302,2,0.3651,0.33965,0.77155
10,0.12621,7.61802,1,0.38328,0.17208,0.86519
10,0.12621,7.61802,2,0.37305,0.34577,0.79195
11,0.39502,7.16778,1,0.37075,0.16417,0.83119
11,0.39502,7.16778,2,0.34254,0.32689,0.71528
12,0.33522,7.27931,1,0.37389,0.16538,0.8384
12,0.33522,7.27931,2,0.35035,0.32993,0.73145
13,0.26987,7.39513,1,0.37725,0.16679,0.84645
13,0.26987,7.39513,2,0.3587,0.33342,0.74955
14,0.59824,6.75559,1,0.36007,0.16031,0.80766
14,0.59824,6.75559,2,0.316,0.31719,0.66277
15,0.25256,7.42308,1,0.37787,0.1674,0.84869
15,0.25256,7.42308,2,0.36015,0.33485,0.75459
16,0.83241,6.22409,1,0.34778,0.15679,0.78216
16,0.83241,6.22409,2,0.28547,0.30834,0.60637
17,0.75688,6.40188,1,0.35174,0.15778,0.79023
17,0.75688,6.40188,2,0.29531,0.31084,0.62416
18,0.9467,5.94325,1,0.34179,0.15559,0.77016
18,0.9467,5.94325,2,0.27059,0.30529,0.57996
19,0.17516,7.54203,1,0.38068,0.17016,0.85872
19,0.17516,7.54203,2,0.3668,0.34127,0.77729
20,0.70563,6.51907,1,0.35443,0.15853,0.79578
20,0.70563,6.51907,2,0.30199,0.31274,0.63644
