particle,elasticity,weight,frame,x,y,z
1,0.13831,4.15093,1,-0.07097,0.38937,0.54995
2,0.98446,4.15093,1,-0.06954,0.36022,0.54281
3,0.1266,4.15093,1,-0.07099,0.38977,0.55005
4,0.44938,4.15093,1,-0.07044,0.37865,0.54733
5,0.40351,4.15093,1,-0.07052,0.38023,0.54772
6,0.82118,4.15093,1,-0.06981,0.36585,0.54419
7,0.25048,4.15093,1,-0.07078,0.3855,0.54901
8,0.48817,4.15093,1,-0.07038,0.37732,0.547
9,0.11798,4.15093,1,-0.071,0.39007,0.55013
10,0.08804,4.15093,1,-0.07105,0.3911,0.55038
11,0.43817,4.15093,1,-0.07046,0.37904,0.54742
12,0.6309,4.15093,1,-0.07014,0.3724,0.5458
13,0.53089,4.15093,1,-0.0703,0.37584,0.54664
14,0.28164,4.15093,1,-0.07073,0.38443,0.54875
15,0.1825,4.15093,1,-0.07089,0.38785,0.54958
16,0.78971,4.15093,1,-0.06987,0.36693,0.54446
17,0.2837,4.15093,1,-0.07072,0.38436,0.54873
18,0.52842,4.15093,1,-0.07031,0.37593,0.54666
19,0.63275,4.15093,1,-0.07013,0.37234,0.54578
20,0.01642,4.15093,1,-0.07117,0.39357,0.55098
