particle,elasticity,weight,frame,x,y,z
1,0.45758,4.15093,1,0.32004,-0.01104,0.86193
2,0.41807,4.15093,1,0.32004,-0.01104,0.86495
3,0.39009,4.15093,1,0.32004,-0.01104,0.86709
4,0.87803,4.15093,1,0.32003,-0.01106,0.82984
5,0.89989,4.15093,1,0.32003,-0.01106,0.82817
6,0.36921,4.15093,1,0.32004,-0.01104,0.86868
7,0.22626,4.15093,1,0.32004,-0.01104,0.8796
8,0.96226,4.15093,1,0.32003,-0.01107,0.82341
9,0.79013,4.15093,1,0.32003,-0.01106,0.83655
10,0.2917,4.15093,1,0.32004,-0.01104,0.8746
11,0.43466,4.15093,1,0.32004,-0.01104,0.86368
12,0.9561,4.15093,1,0.32003,-0.01107,0.82388
13,0.20622,4.15093,1,0.32004,-0.01104,0.88113
14,0.57627,4.15093,1,0.32004,-0.01105,0.85287
15,0.75739,4.15093,1,0.32004,-0.01106,0.83905
16,0.95003,4.15093,1,0.32003,-0.01106,0.82435
17,0.63085,4.15093,1,0.32004,-0.01105,0.8487
18,0.63987,4.15093,1,0.32004,-0.01105,0.84802
19,0.72576,4.15093,1,0.32004,-0.01105,0.84146
20,0.29839,4.15093,1,0.32004,-0.01104,0.87409
