particle,elasticity,weight,frame,x,y,z
1,0.16689,8.00296,1,-0.38324,0.2953,0.3254
1,0.16689,8.00296,2,-0.37167,0.36572,0.17417
2,0.53885,7.84697,1,-0.36526,0.29319,0.32936
2,0.53885,7.84697,2,-0.33362,0.36127,0.18255
3,0.64439,7.79645,1,-0.36015,0.29259,0.33049
3,0.64439,7.79645,2,-0.32282,0.36,0.18493
4,0.00084,8.0615,1,-0.39126,0.29624,0.32363
4,0.00084,8.0615,2,-0.38866,0.3677,0.17044
5,0.03016,8.05166,1,-0.38984,0.29607,0.32394
5,0.03016,8.05166,2,-0.38566,0.36735,0.1711
6,0.68668,7.77544,1,-0.35811,0.29235,0.33094
6,0.68668,7.77544,2,-0.31849,0.35949,0.18589
7,0.66519,7.78617,1,-0.35915,0.29248,0.33071
7,0.66519,7.78617,2,-0.32069,0.35975,0.1854
8,0.69146,7.77304,1,-0.35788,0.29233,0.33099
8,0.69146,7.77304,2,-0.318,0.35944,0.186
9,0.30041,7.95092,1,-0.37678,0.29454,0.32682
9,0.30041,7.95092,2,-0.35801,0.36412,0.17718
10,0.5949,7.82048,1,-0.36255,0.29287,0.32996
10,0.5949,7.82048,2,-0.32788,0.3606,0.18382
11,0.04933,8.04511,1,-0.38892,0.29596,0.32415
11,0.04933,8.04511,2,-0.3837,0.36712,0.17153
12,0.97523,7.62019,1,-0.34416,0.29072,0.33402
12,0.97523,7.62019,2,-0.28897,0.35603,0.19242
13,0.85089,7.68962,1,-0.35017,0.29142,0.33269
13,0.85089,7.68962,2,-0.30169,0.35752,0.1896
14,0.12329,8.01899,1,-0.38534,0.29554,0.32493
14,0.12329,8.01899,2,-0.37614,0.36624,0.17319
15,0.07227,8.03716,1,-0.38781,0.29583,0.32439
15,0.07227,8.03716,2,-0.38136,0.36685,0.17204
16,0.07175,8.03734,1,-0.38783,0.29584,0.32439
16,0.07175,8.03734,2,-0.38141,0.36686,0.17203
17,0.92818,7.64692,1,-0.34644,0.29098,0.33352
17,0.92818,7.64692,2,-0.29379,0.35659,0.19135
18,0.47986,7.874,1,-0.36811,0.29353,0.32873
18,0.47986,7.874,2,-0.33965,0.36197,0.18122
19,0.41278,7.90369,1,-0.37135,0.29391,0.32802
19,0.41278,7.90369,2,-0.34652,0.36278,0.17971
20,0.0121,8.05775,1,-0.39072,0.29617,0.32375
20,0.0121,8.05775,2,-0.38751,0.36757,0.17069
