particle,elasticity,weight,frame,x,y,z
1,0.94999,4.15093,1,-0.0386,0.062,0.12821
2,0.71068,4.15093,1,-0.03757,0.06403,0.11911
3,0.61562,4.15093,1,-0.03716,0.06483,0.1155
4,0.75362,4.15093,1,-0.03775,0.06366,0.12075
5,0.86707,4.15093,1,-0.03824,0.0627,0.12506
6,0.7584,4.15093,1,-0.03777,0.06362,0.12093
7,0.45731,4.15093,1,-0.03647,0.06617,0.10948
8,0.31565,4.15093,1,-0.03586,0.06737,0.10409
9,0.99872,4.15093,1,-0.03881,0.06158,0.13007
10,0.78688,4.15093,1,-0.03789,0.06338,0.12201
11,0.51679,4.15093,1,-0.03673,0.06567,0.11174
12,0.59976,4.15093,1,-0.03709,0.06497,0.1149
13,0.26896,4.15093,1,-0.03566,0.06777,0.10232
14,0.88038,4.15093,1,-0.0383,0.06259,0.12557
15,0.05268,4.15093,1,-0.03473,0.06959,0.0941
16,0.77175,4.15093,1,-0.03783,0.06351,0.12144
17,0.33797,4.15093,1,-0.03596,0.06718,0.10494
18,0.75329,4.15093,1,-0.03775,0.06366,0.12073
19,0.8915,4.15093,1,-0.03834,0.06249,0.12599
20,0.1483,4.15093,1,-0.03514,0.06879,0.09773
