particle,elasticity,weight,frame,x,y,z
1,0.81162,4.15093,1,0.34746,0.17763,0.82452
2,0.11088,4.15093,1,0.34746,0.17763,0.82452
3,0.99164,4.15093,1,0.34746,0.17763,0.82452
4,0.33061,4.15093,1,0.34746,0.17763,0.82452
5,0.49814,4.15093,1,0.34746,0.17763,0.82452
6,0.76303,4.15093,1,0.34746,0.17763,0.82452
7,0.10877,4.15093,1,0.34746,0.17763,0.82452
8,0.8533,4.15093,1,0.34746,0.17763,0.82452
9,0.91889,4.15093,1,0.34746,0.17763,0.82452
10,0.3847,4.15093,1,0.34746,0.17763,0.82452
11,0.81017,4.15093,1,0.34746,0.17763,0.82452
12,0.22361,4.15093,1,0.34746,0.17763,0.82452
13,0.44342,4.15093,1,0.34746,0.17763,0.82452
14,0.41921,4.15093,1,0.34746,0.17763,0.82452
15,0.85533,4.15093,1,0.34746,0.17763,0.82452
16,0.26951,4.15093,1,0.34746,0.17763,0.82452
17,0.84191,4.15093,1,0.34746,0.17763,0.82452
18,0.91951,4.15093,1,0.34746,0.17763,0.82452
19,0.03148,4.15093,1,0.34746,0.17763,0.82452
20,0.00562,4.15093,1,0.34746,0.17763,0.82452
