particle,elasticity,weight,frame,x,y,z
1,0.78571,4.15093,1,-0.11968,0.09069,0.34177
2,0.39303,4.15093,1,-0.11968,0.09069,0.34177
3,0.88248,4.15093,1,-0.11968,0.09069,0.34177
4,0.03307,4.15093,1,-0.11968,0.09069,0.34177
5,0.15159,4.15093,1,-0.11968,0.09069,0.34177
6,0.48489,4.15093,1,-0.11968,0.09069,0.34177
7,0.56978,4.15093,1,-0.11968,0.09069,0.34177
8,0.10481,4.15093,1,-0.11968,0.09069,0.34177
9,0.06148,4.15093,1,-0.11968,0.09069,0.34177
10,0.5478,4.15093,1,-0.11968,0.09069,0.34177
11,0.7379,4.15093,1,-0.11968,0.09069,0.34177
12,0.04167,4.15093,1,-0.11968,0.09069,0.34177
13,0.32572,4.15093,1,-0.11968,0.09069,0.34177
14,0.02336,4.15093,1,-0.11968,0.09069,0.34177
15,0.22423,4.15093,1,-0.11968,0.09069,0.34177
16,0.99587,4.15093,1,-0.11968,0.09069,0.34177
17,0.20667,4.15093,1,-0.11968,0.09069,0.34177
18,0.80176,4.15093,1,-0.11968,0.09069,0.34177
19,0.922,4.15093,1,-0.11968,0.09069,0.34177
20,0.04194,4.15093,1,-0.11968,0.09069,0.34177
