particle,elasticity,weight,frame,x,y,z
1,0.65735,4.15093,1,0.17508,0.21286,0.77656
2,0.06764,4.15093,1,0.17508,0.21286,0.77656
3,0.43788,4.15093,1,0.17508,0.21286,0.77656
4,0.56887,4.15093,1,0.17508,0.21286,0.77656
5,0.96484,4.15093,1,0.17508,0.21286,0.77656
6,0.94573,4.15093,1,0.17508,0.21286,0.77656
7,0.30443,4.15093,1,0.17508,0.21286,0.77656
8,0.07037,4.15093,1,0.17508,0.21286,0.77656
9,0.74664,4.15093,1,0.17508,0.21286,0.77656
10,0.56421,4.15093,1,0.17508,0.21286,0.77656
11,0.2291,4.15093,1,0.17508,0.21286,0.77656
12,0.82845,4.15093,1,0.17508,0.21286,0.77656
13,0.02751,4.15093,1,0.17508,0.21286,0.77656
14,0.6547,4.15093,1,0.17508,0.21286,0.77656
15,0.33177,4.15093,1,0.17508,0.21286,0.77656
16,0.29521,4.15093,1,0.17508,0.21286,0.77656
17,0.47927,4.15093,1,0.17508,0.21286,0.77656
18,0.60343,4.15093,1,0.17508,0.21286,0.77656
19,0.39736,4.15093,1,0.17508,0.21286,0.77656
20,0.87415,4.15093,1,0.17508,0.21286,0.77656
