particle,elasticity,weight,frame,x,y,z
1,0.75306,4.15093,1,-0.38558,-0.23127,0.87916
2,0.77787,4.15093,1,-0.38555,-0.23124,0.87896
3,0.1502,4.15093,1,-0.38643,-0.23212,0.88398
4,0.16539,4.15093,1,-0.38641,-0.2321,0.88386
5,0.6312,4.15093,1,-0.38575,-0.23144,0.88013
6,0.49351,4.15093,1,-0.38595,-0.23164,0.88124
7,0.06731,4.15093,1,-0.38655,-0.23224,0.88465
8,0.35076,4.15093,1,-0.38615,-0.23184,0.88238
9,0.73169,4.15093,1,-0.38561,-0.2313,0.87933
10,0.56561,4.15093,1,-0.38585,-0.23154,0.88066
11,0.00038,4.15093,1,-0.38664,-0.23233,0.88518
12,0.56974,4.15093,1,-0.38584,-0.23153,0.88063
13,0.9465,4.15093,1,-0.38531,-0.231,0.87761
14,0.69072,4.15093,1,-0.38567,-0.23136,0.87966
15,0.86726,4.15093,1,-0.38542,-0.23111,0.87825
16,0.28213,4.15093,1,-0.38625,-0.23194,0.88293
17,0.13845,4.15093,1,-0.38645,-0.23214,0.88408
18,0.51976,4.15093,1,-0.38591,-0.2316,0.88103
19,0.10648,4.15093,1,-0.38649,-0.23218,0.88433
20,0.73679,4.15093,1,-0.38561,-0.23129,0.87929
