particle,elasticity,weight,frame,x,y,z
1,0.73699,8.20648,1,-0.29761,0.22995,0.18661
1,0.73699,8.20648,2,-0.31843,0.09618,0.11728
2,0.14636,8.20648,1,-0.29761,0.22995,0.18661
2,0.14636,8.20648,2,-0.36883,0.09264,0.09908
3,0.90584,8.20648,1,-0.29761,0.22995,0.18661
3,0.90584,8.20648,2,-0.30483,0.09619,0.12247
4,0.29041,8.20648,1,-0.29761,0.22995,0.18661
4,0.29041,8.20648,2,-0.35537,0.09465,0.10352
5,0.06159,8.20648,1,-0.29761,0.22995,0.18661
5,0.06159,8.20648,2,-0.37698,0.09154,0.09647
6,0.00786,8.20648,1,-0.29761,0.22995,0.18661
6,0.00786,8.20648,2,-0.38212,0.09099,0.09543
7,0.00498,8.20648,1,-0.29761,0.22995,0.18661
7,0.00498,8.20648,2,-0.38239,0.09097,0.09541
8,0.72909,8.20648,1,-0.29761,0.22995,0.18661
8,0.72909,8.20648,2,-0.31906,0.09618,0.11703
9,0.68925,8.20648,1,-0.29761,0.22995,0.18661
9,0.68925,8.20648,2,-0.32227,0.09618,0.11581
10,0.75484,8.20648,1,-0.29761,0.22995,0.18661
10,0.75484,8.20648,2,-0.31699,0.09618,0.11783
11,0.23397,8.20648,1,-0.29761,0.22995,0.18661
11,0.23397,8.20648,2,-0.36058,0.09384,0.10178
12,0.05207,8.20648,1,-0.29761,0.22995,0.18661
12,0.05207,8.20648,2,-0.37791,0.09142,0.09618
13,0.22626,8.20648,1,-0.29761,0.22995,0.18661
13,0.22626,8.20648,2,-0.3613,0.09374,0.10154
14,0.65399,8.20648,1,-0.29761,0.22995,0.18661
14,0.65399,8.20648,2,-0.32511,0.09618,0.11472
15,0.74822,8.20648,1,-0.29761,0.22995,0.18661
15,0.74822,8.20648,2,-0.31752,0.09618,0.11762
16,0.95251,8.20648,1,-0.29761,0.22995,0.18661
16,0.95251,8.20648,2,-0.30108,0.0962,0.12391
17,0.95878,8.20648,1,-0.29761,0.22995,0.18661
17,0.95878,8.20648,2,-0.30057,0.0962,0.1241
18,0.364,8.20648,1,-0.29761,0.22995,0.18661
18,0.364,8.20648,2,-0.34872,0.09571,0.10579
19,0.03707,8.20648,1,-0.29761,0.22995,0.18661
19,0.03707,8.20648,2,-0.37936,0.09125,0.0958
20,0.07893,8.20648,1,-0.29761,0.22995,0.18661
20,0.07893,8.20648,2,-0.3753,0.09176,0.097
