particle,elasticity,weight,frame,x,y,z
1,0.45281,4.15093,1,-0.01655,0.22899,0.62872
2,0.67896,4.15093,1,-0.01655,0.22899,0.62872
3,0.59731,4.15093,1,-0.01655,0.22899,0.62872
4,0.70372,4.15093,1,-0.01655,0.22899,0.62872
5,0.61299,4.15093,1,-0.01655,0.22899,0.62872
6,0.74141,4.15093,1,-0.01655,0.22899,0.62872
7,0.89743,4.15093,1,-0.01655,0.22899,0.62872
8,0.35437,4.15093,1,-0.01655,0.22899,0.62872
9,0.27729,4.15093,1,-0.01655,0.22899,0.62872
10,0.89968,4.15093,1,-0.01655,0.22899,0.62872
11,0.71999,4.15093,1,-0.01655,0.22899,0.62872
12,0.62987,4.15093,1,-0.01655,0.22899,0.62872
13,0.89781,4.15093,1,-0.01655,0.22899,0.62872
14,0.72166,4.15093,1,-0.01655,0.22899,0.62872
15,0.77957,4.15093,1,-0.01655,0.22899,0.62872
16,0.51599,4.15093,1,-0.01655,0.22899,0.62872
17,0.78974,4.15093,1,-0.01655,0.22899,0.62872
18,0.97213,4.15093,1,-0.01655,0.22899,0.62872
19,0.20671,4.15093,1,-0.01655,0.22899,0.62872
20,0.39977,4.15093,1,-0.01655,0.22899,0.62872
