particle,elasticity,weight,frame,x,y,z
1,0.71188,8.21761,1,-0.10621,-0.21873,0.11357
1,0.71188,8.21761,2,-0.26636,-0.37604,0.12114
2,0.8187,8.21761,1,-0.10621,-0.21873,0.11357
2,0.8187,8.21761,2,-0.26596,-0.37076,0.12447
3,0.68998,8.21761,1,-0.10621,-0.21873,0.11357
3,0.68998,8.21761,2,-0.26644,-0.37713,0.12045
4,0.24846,8.21761,1,-0.10621,-0.21873,0.11357
4,0.24846,8.21761,2,-0.26811,-0.39937,0.10666
5,0.21748,8.21761,1,-0.10621,-0.21873,0.11357
5,0.21748,8.21761,2,-0.26822,-0.40095,0.10569
6,0.09498,8.21761,1,-0.10621,-0.21873,0.11357
6,0.09498,8.21761,2,-0.26868,-0.40723,0.10186
7,0.38979,8.21761,1,-0.10621,-0.21873,0.11357
7,0.38979,8.21761,2,-0.26757,-0.39218,0.11107
8,0.9188,8.21761,1,-0.10621,-0.21873,0.11357
8,0.9188,8.21761,2,-0.26558,-0.36584,0.1276
9,0.37741,8.21761,1,-0.10621,-0.21873,0.11357
9,0.37741,8.21761,2,-0.26762,-0.39281,0.11069
10,0.99163,8.21761,1,-0.10621,-0.21873,0.11357
10,0.99163,8.21761,2,-0.26531,-0.36229,0.12987
11,0.80242,8.21761,1,-0.10621,-0.21873,0.11357
11,0.80242,8.21761,2,-0.26602,-0.37156,0.12396
12,0.47586,8.21761,1,-0.10621,-0.21873,0.11357
12,0.47586,8.21761,2,-0.26725,-0.38784,0.11376
13,0.51493,8.21761,1,-0.10621,-0.21873,0.11357
13,0.51493,8.21761,2,-0.2671,-0.38587,0.11498
14,0.30881,8.21761,1,-0.10621,-0.21873,0.11357
14,0.30881,8.21761,2,-0.26788,-0.39629,0.10854
15,0.4533,8.21761,1,-0.10621,-0.21873,0.11357
15,0.4533,8.21761,2,-0.26733,-0.38898,0.11306
16,0.99359,8.21761,1,-0.10621,-0.21873,0.11357
16,0.99359,8.21761,2,-0.2653,-0.36219,0.12993
17,0.16043,8.21761,1,-0.10621,-0.21873,0.11357
17,0.16043,8.21761,2,-0.26844,-0.40387,0.10391
18,0.60171,8.21761,1,-0.10621,-0.21873,0.11357
18,0.60171,8.21761,2,-0.26678,-0.38153,0.11769
19,0.48869,8.21761,1,-0.10621,-0.21873,0.11357
19,0.48869,8.21761,2,-0.2672,-0.38719,0.11416
20,0.87854,8.21761,1,-0.10621,-0.21873,0.11357
20,0.87854,8.21761,2,-0.26573,-0.36782,0.12634
