particle,elasticity,weight,frame,x,y,z
1,0.10114,10.03372,1,0.05397,0.20326,0.06428
1,0.10114,10.03372,2,0.18825,0.39952,0.07519
2,0.57322,8.12658,1,0.16739,0.3436,0.07762
2,0.57322,8.12658,2,0.26117,0.84857,0.06692
3,0.46743,9.64559,1,0.08099,0.21012,0.11258
3,0.46743,9.64559,2,0.32317,0.33234,0.23624
4,0.17498,7.47905,1,0.1426,0.40397,0.06504
4,0.17498,7.47905,2,0.38771,0.3618,0.09105
5,0.50428,7.13389,1,-0.03311,0.22816,0.22254
5,0.50428,7.13389,2,0.36038,0.38222,0.19058
6,0.58522,9.92338,1,0.11293,0.25756,0.09999
6,0.58522,9.92338,2,0.13452,0.33623,0.08904
7,0.15875,6.87395,1,0.06856,0.37874,0.07897
7,0.15875,6.87395,2,0.12021,0.37103,0.22375
8,0.4937,10.1158,1,0.01828,0.19993,0.09156
8,0.4937,10.1158,2,0.28336,0.38863,0.174
9,0.19539,6.9188,1,0.26548,0.37615,0.14697
9,0.19539,6.9188,2,0.38937,0.34682,0.02519
10,0.99837,7.95341,1,0.0617,0.40383,0.23527
10,0.99837,7.95341,2,0.19761,0.24244,0.06423
11,0.0665,6.11681,1,-0.00895,0.15631,0.13604
11,0.0665,6.11681,2,0.23235,0.2972,0.11793
12,0.83788,8.28333,1,0.18581,0.2639,0.22593
12,0.83788,8.28333,2,0.37651,0.25782,0.22825
13,0.26988,10.06154,1,0.02008,0.18529,0.07046
13,0.26988,10.06154,2,0.20026,0.3987,0.07498
14,0.65683,4.31741,1,0.1045,0.02674,0.07654
14,0.65683,4.31741,2,0.29009,0.34136,0.04744
15,0.03739,6.80919,1,0.0198,0.19516,0.14928
15,0.03739,6.80919,2,0.35424,0.41274,0.04276
16,0.01626,8.5578,1,-0.09858,0.27695,0.21189
16,0.01626,8.5578,2,0.19882,0.39001,0.20555
17,0.28994,9.50501,1,-0.05547,0.25701,0.11461
17,0.28994,9.50501,2,0.13844,0.37878,0.14255
18,0.59199,6.73658,1,0.05552,0.37365,0.02485
18,0.59199,6.73658,2,0.31078,0.30782,0.25847
19,0.32337,2.18812,1,0.20846,0.37181,0.19174
19,0.32337,2.18812,2,0.23385,0.10361,0.12163
20,0.1609,9.8856,1,-0.06056,0.34326,0.13603
20,0.1609,9.8856,2,0.14715,0.37355,0.15911
