particle,elasticity,weight,frame,x,y,z
1,0.1837,5.50699,1,-0.20055,-0.04212,0.59218
1,0.1837,5.50699,2,-0.29109,-0.20714,0.10975
2,0.12595,8.72717,1,-0.1791,-0.04046,0.41661
2,0.12595,8.72717,2,-0.3564,-0.11684,0.08569
3,0.99476,7.98411,1,0.04889,-0.08946,0.5171
3,0.99476,7.98411,2,-0.081,-0.39242,0.2712
4,0.97774,10.71191,1,-0.0876,-0.01552,0.50628
4,0.97774,10.71191,2,-0.30975,-0.21794,0.13492
5,0.68471,5.76632,1,-0.36894,-0.0248,0.46226
5,0.68471,5.76632,2,-0.33333,-0.14668,0.09029
6,0.94159,10.0794,1,-0.18032,-0.02668,0.43767
6,0.94159,10.0794,2,-0.37812,-0.18835,0.12212
7,0.97093,8.55274,1,-0.13947,0.17441,0.47347
7,0.97093,8.55274,2,-0.23234,-0.10897,0.14196
8,0.4389,7.47995,1,-0.24203,-0.00617,0.4104
8,0.4389,7.47995,2,-0.29447,-0.14757,0.12578
9,0.2852,6.45704,1,-0.20671,-0.05704,0.4996
9,0.2852,6.45704,2,-0.37669,-0.38801,0.17876
10,0.49827,7.39577,1,-0.04324,0.10521,0.40746
10,0.49827,7.39577,2,0.0139,-0.14844,0.10175
11,0.19692,10.64716,1,-0.13991,-0.03087,0.49681
11,0.19692,10.64716,2,-0.16257,-0.24847,0.0831
12,0.97257,5.66805,1,-0.04946,-0.05958,0.59595
12,0.97257,5.66805,2,-0.29929,-0.30562,0.36154
13,0.76524,5.04904,1,-0.22283,-0.07696,0.60023
13,0.76524,5.04904,2,-0.33217,-0.08119,0.20019
14,0.27504,10.9857,1,-0.11218,0.07788,0.43679
14,0.27504,10.9857,2,-0.25791,-0.10751,0.18515
15,0.78705,9.4208,1,-0.10409,0.16461,0.43566
15,0.78705,9.4208,2,-0.17445,-0.09312,0.11618
16,0.40541,-4.73331,1,-0.21959,0.64971,0.64635
16,0.40541,-4.73331,2,-0.52908,0.87532,0.25493
17,0.55897,8.07661,1,-0.05764,-0.09791,0.50889
17,0.55897,8.07661,2,-0.04389,-0.39354,0.24828
18,0.89875,8.85469,1,-0.24076,-0.09769,0.36812
18,0.89875,8.85469,2,-0.3765,-0.29281,0.07353
19,0.5944,11.12826,1,-0.10627,-0.01015,0.38423
19,0.5944,11.12826,2,-0.22668,-0.25479,0.09519
20,0.10362,7.34794,1,-0.06592,0.00908,0.42898
20,0.10362,7.34794,2,-0.39447,-0.3985,0.10725
