particle,elasticity,weight,frame,x,y,z
1,0.86117,5.85603,1,0.35822,0.17834,0.35744
2,0.46455,4.84056,1,0.32482,0.25758,0.29904
3,0.12349,6.03023,1,0.30518,0.177,0.42938
4,0.89184,5.81332,1,0.33107,0.12768,0.3148
5,0.91141,6.06587,1,0.33558,0.11086,0.40235
6,0.2718,4.61815,1,0.31094,0.28794,0.32476
7,0.74417,5.09941,1,0.21523,0.23419,0.33902
8,0.72447,-1.21194,1,0.17135,-0.03993,0.12306
9,0.73499,2.50557,1,0.09366,0.21876,0.28053
10,0.77376,5.64434,1,0.31749,0.23531,0.39138
11,0.83934,5.19188,1,0.33636,0.21887,0.29273
12,0.90165,0.94528,1,0.05713,0.30275,0.39362
13,0.25292,4.63847,1,0.35098,0.04707,0.5049
14,0.62214,4.80696,1,0.181,0.06184,0.33709
15,0.387,3.65085,1,0.40139,0.0828,0.34518
16,0.04668,0.86952,1,0.40689,0.10472,0.1936
17,0.54854,5.49681,1,0.36688,0.19393,0.32325
18,0.16959,5.4426,1,0.30627,0.19301,0.28904
19,0.56967,6.17918,1,0.29168,0.11993,0.40167
20,0.1008,4.76878,1,0.35246,0.212,0.51143
