particle,elasticity,weight,frame,x,y,z
1,0.35202,10.47792,1,0.22659,0.35252,0.88364
1,0.35202,10.47792,2,0.17043,0.3508,0.82837
2,0.76309,11.42248,1,0.24776,0.37642,0.86407
2,0.76309,11.42248,2,0.22636,0.29099,0.73094
3,0.89176,4.72819,1,0.34489,0.33146,0.81792
3,0.89176,4.72819,2,0.21401,0.17483,0.68431
4,0.92155,7.21912,1,0.18169,0.37408,0.75094
4,0.92155,7.21912,2,0.13491,0.23149,0.63776
5,0.04138,9.53911,1,0.09167,0.39474,0.895
5,0.04138,9.53911,2,0.13207,0.32379,0.79934
6,0.57645,10.06947,1,0.2399,0.39001,0.82141
6,0.57645,10.06947,2,0.16963,0.39906,0.65901
7,0.01125,6.77233,1,0.28438,0.33174,0.88981
7,0.01125,6.77233,2,0.33123,0.68306,0.88421
8,0.99295,7.39314,1,0.12119,0.37826,0.85594
8,0.99295,7.39314,2,0.27114,0.62919,0.78265
9,0.09661,9.13327,1,0.20253,0.39001,0.83107
9,0.09661,9.13327,2,0.30128,0.57973,0.87378
10,0.07605,8.57265,1,0.30737,0.2363,0.90029
10,0.07605,8.57265,2,0.32474,0.25897,1.07457
11,0.00178,6.30139,1,0.2086,0.40331,0.90716
11,0.00178,6.30139,2,0.19918,0.22276,0.80622
12,0.19699,3.03384,1,0.35725,0.38565,0.89575
12,0.19699,3.03384,2,0.50666,0.69126,0.99145
13,0.3379,12.08744,1,0.22178,0.38642,0.89112
13,0.3379,12.08744,2,0.23716,0.39725,0.81995
14,0.19417,8.76802,1,0.24165,0.60149,0.96188
14,0.19417,8.76802,2,0.3397,0.49417,1.26836
15,0.41389,10.07372,1,0.0778,0.38889,0.87999
15,0.41389,10.07372,2,0.19716,0.40536,0.85051
16,0.854,3.01431,1,0.04699,0.33964,0.82643
16,0.854,3.01431,2,0.02685,0.2971,0.78218
17,0.87645,10.97755,1,0.21496,0.35293,0.9089
17,0.87645,10.97755,2,0.28191,0.39447,0.79634
18,0.36331,8.40768,1,0.15823,0.34177,0.88758
18,0.36331,8.40768,2,0.07261,0.40548,0.87238
19,0.33349,6.84846,1,0.31385,0.28185,0.87806
19,0.33349,6.84846,2,0.38127,0.15268,0.86765
20,0.1474,10.31628,1,0.18412,0.38979,0.87356
20,0.1474,10.31628,2,0.29869,0.58324,0.7511
