particle,elasticity,weight,frame,x,y,z
1,0.11021,3.68546,1,-0.09673,0.39652,0.86484
1,0.11021,3.68546,2,-0.33737,0.27568,0.81026
2,0.07375,6.88049,1,-0.12111,0.38923,0.42243
2,0.07375,6.88049,2,-0.07306,0.37848,0.30635
3,0.69105,9.65485,1,-0.2273,0.37117,0.62114
3,0.69105,9.65485,2,-0.17998,0.39941,0.64914
4,0.34782,11.25441,1,-0.07723,0.31057,0.67155
4,0.34782,11.25441,2,-0.07798,0.37532,0.50672
5,0.79188,8.04316,1,-0.08601,0.38868,0.7792
5,0.79188,8.04316,2,-0.0842,0.7426,0.71856
6,0.24283,5.81204,1,-0.1152,0.39213,0.38507
6,0.24283,5.81204,2,-0.17699,0.29473,0.45768
7,0.85262,11.7977,1,-0.14891,0.30956,0.59166
7,0.85262,11.7977,2,-0.14848,0.39032,0.53765
8,0.77223,5.53476,1,-0.10318,0.35027,0.46082
8,0.77223,5.53476,2,-0.20743,0.18427,0.36428
9,0.62826,4.65655,1,-0.28633,0.399,0.67228
9,0.62826,4.65655,2,-0.58623,0.26683,0.75174
10,0.42805,11.43065,1,-0.11356,0.31028,0.6107
10,0.42805,11.43065,2,-0.09528,0.3528,0.59115
11,0.26052,11.0515,1,-0.19875,0.30572,0.56617
11,0.26052,11.0515,2,-0.26207,0.37195,0.60837
12,0.08034,10.0141,1,-0.05084,0.34359,0.50882
12,0.08034,10.0141,2,-0.07699,0.38847,0.46906
13,0.97118,2.11035,1,-0.11403,0.18389,0.85355
13,0.97118,2.11035,2,0.11935,0.39413,0.58362
14,0.17315,7.12457,1,-0.17391,0.39545,0.8804
14,0.17315,7.12457,2,-0.17557,0.37266,0.76141
15,0.20382,11.61353,1,-0.10245,0.27258,0.62741
15,0.20382,11.61353,2,-0.05953,0.39034,0.53569
16,0.36483,9.78702,1,-0.20788,0.34379,0.69373
16,0.36483,9.78702,2,-0.38766,0.35992,0.58803
17,0.28852,6.15166,1,-0.16447,0.35857,0.5918
17,0.28852,6.15166,2,-0.33992,0.80087,0.52167
18,0.00912,9.45723,1,-0.11528,0.39001,0.65512
18,0.00912,9.45723,2,-0.18107,0.3867,0.53914
19,0.85472,10.04142,1,-0.23193,0.37936,0.52755
19,0.85472,10.04142,2,-0.21723,0.35879,0.55258
20,0.44686,10.34072,1,-0.23081,0.39537,0.65474
20,0.44686,10.34072,2,-0.11181,0.37061,0.54571
