particle,elasticity,weight,frame,x,y,z
1,0.98978,4.15093,1,0.1761,0.2322,0.60602
2,0.72287,4.15093,1,0.1761,0.2322,0.60602
3,0.61839,4.15093,1,0.1761,0.2322,0.60602
4,0.6276,4.15093,1,0.1761,0.2322,0.60602
5,0.19715,4.15093,1,0.1761,0.2322,0.60602
6,0.87327,4.15093,1,0.1761,0.2322,0.60602
7,0.9527,4.15093,1,0.1761,0.2322,0.60602
8,0.43845,4.15093,1,0.1761,0.2322,0.60602
9,0.74188,4.15093,1,0.1761,0.2322,0.60602
10,0.16735,4.15093,1,0.1761,0.2322,0.60602
11,0.70221,4.15093,1,0.1761,0.2322,0.60602
12,0.73687,4.15093,1,0.1761,0.2322,0.60602
13,0.74594,4.15093,1,0.1761,0.2322,0.60602
14,0.72945,4.15093,1,0.1761,0.2322,0.60602
15,0.65511,4.15093,1,0.1761,0.2322,0.60602
16,0.54985,4.15093,1,0.1761,0.2322,0.60602
17,0.29573,4.15093,1,0.1761,0.2322,0.60602
18,0.57418,4.15093,1,0.1761,0.2322,0.60602
19,0.46637,4.15093,1,0.1761,0.2322,0.60602
20,0.55469,4.15093,1,0.1761,0.2322,0.60602
