particle,elasticity,weight,frame,x,y,z
1,0.51808,7.41342,1,-0.13788,-0.35368,0.39496
1,0.51808,7.41342,2,-0.22852,-0.26494,0.13627
2,0.40712,7.52468,1,-0.13871,-0.36319,0.39273
2,0.40712,7.52468,2,-0.23083,-0.29141,0.13005
3,0.23461,7.67857,1,-0.13999,-0.37798,0.38926
3,0.23461,7.67857,2,-0.2344,-0.33256,0.12041
4,0.98943,6.81495,1,-0.13706,-0.31329,0.39717
4,0.98943,6.81495,2,-0.22617,-0.1527,0.14263
5,0.39639,7.53493,1,-0.13879,-0.36411,0.39251
5,0.39639,7.53493,2,-0.23105,-0.29397,0.12945
6,0.44507,7.48771,1,-0.13842,-0.35994,0.39349
6,0.44507,7.48771,2,-0.23004,-0.28235,0.13218
7,0.1813,7.72143,1,-0.14039,-0.38256,0.38819
7,0.1813,7.72143,2,-0.2355,-0.34528,0.11744
8,0.1953,7.71039,1,-0.14028,-0.38136,0.38847
8,0.1953,7.71039,2,-0.23521,-0.34194,0.11822
9,0.91372,6.92314,1,-0.13706,-0.31977,0.39716
9,0.91372,6.92314,2,-0.22619,-0.1707,0.14256
10,0.63753,7.28227,1,-0.13707,-0.34344,0.39714
10,0.63753,7.28227,2,-0.22627,-0.23646,0.14236
11,0.9453,6.87852,1,-0.13706,-0.31707,0.39717
11,0.9453,6.87852,2,-0.22618,-0.16319,0.14259
12,0.99854,6.80165,1,-0.13706,-0.31251,0.39717
12,0.99854,6.80165,2,-0.22617,-0.15053,0.14264
13,0.0513,7.81663,1,-0.14135,-0.3937,0.38558
13,0.0513,7.81663,2,-0.23818,-0.37629,0.11021
14,0.93828,6.88851,1,-0.13706,-0.31767,0.39717
14,0.93828,6.88851,2,-0.22619,-0.16486,0.14258
15,0.3075,7.61638,1,-0.13945,-0.37174,0.39072
15,0.3075,7.61638,2,-0.23289,-0.31517,0.12448
16,0.78416,7.09856,1,-0.13707,-0.33087,0.39715
16,0.78416,7.09856,2,-0.22623,-0.20154,0.14246
17,0.14458,7.74966,1,-0.14066,-0.3857,0.38745
17,0.14458,7.74966,2,-0.23625,-0.35404,0.1154
18,0.26905,7.64971,1,-0.13974,-0.37503,0.38995
18,0.26905,7.64971,2,-0.23368,-0.32435,0.12234
19,0.4455,7.48729,1,-0.13842,-0.3599,0.3935
19,0.4455,7.48729,2,-0.23003,-0.28225,0.1322
20,0.18732,7.7167,1,-0.14034,-0.38204,0.38831
20,0.18732,7.7167,2,-0.23537,-0.34384,0.11778
