particle,elasticity,weight,frame,x,y,z
1,0.92026,4.15093,1,0.0495,-0.16029,0.44942
2,0.15241,4.15093,1,0.0495,-0.16029,0.44942
3,0.28543,4.15093,1,0.0495,-0.16029,0.44942
4,0.91459,4.15093,1,0.0495,-0.16029,0.44942
5,0.31467,4.15093,1,0.0495,-0.16029,0.44942
6,0.21519,4.15093,1,0.0495,-0.16029,0.44942
7,0.39958,4.15093,1,0.0495,-0.16029,0.44942
8,0.53092,4.15093,1,0.0495,-0.16029,0.44942
9,0.79018,4.15093,1,0.0495,-0.16029,0.44942
10,0.16493,4.15093,1,0.0495,-0.16029,0.44942
11,0.83069,4.15093,1,0.0495,-0.16029,0.44942
12,0.79387,4.15093,1,0.0495,-0.16029,0.44942
13,0.66545,4.15093,1,0.0495,-0.16029,0.44942
14,0.04868,4.15093,1,0.0495,-0.16029,0.44942
15,0.19661,4.15093,1,0.0495,-0.16029,0.44942
16,0.61476,4.15093,1,0.0495,-0.16029,0.44942
17,0.13415,4.15093,1,0.0495,-0.16029,0.44942
18,0.55694,4.15093,1,0.0495,-0.16029,0.44942
19,0.43848,4.15093,1,0.0495,-0.16029,0.44942
20,0.57647,4.15093,1,0.0495,-0.16029,0.44942
