particle,elasticity,weight,frame,x,y,z
1,0.56483,4.15093,1,0.1539,0.00595,0.25337
2,0.81773,4.15093,1,0.1539,0.00595,0.25337
3,0.00667,4.15093,1,0.1539,0.00595,0.25337
4,0.63121,4.15093,1,0.1539,0.00595,0.25337
5,0.48054,4.15093,1,0.1539,0.00595,0.25337
6,0.93466,4.15093,1,0.1539,0.00595,0.25337
7,0.56498,4.15093,1,0.1539,0.00595,0.25337
8,0.83843,4.15093,1,0.1539,0.00595,0.25337
9,0.98413,4.15093,1,0.1539,0.00595,0.25337
10,0.80058,4.15093,1,0.1539,0.00595,0.25337
11,0.22542,4.15093,1,0.1539,0.00595,0.25337
12,0.71846,4.15093,1,0.1539,0.00595,0.25337
13,0.28649,4.15093,1,0.1539,0.00595,0.25337
14,0.50225,4.15093,1,0.1539,0.00595,0.25337
15,0.86228,4.15093,1,0.1539,0.00595,0.25337
16,0.72441,4.15093,1,0.1539,0.00595,0.25337
17,0.3531,4.15093,1,0.1539,0.00595,0.25337
18,0.58984,4.15093,1,0.1539,0.00595,0.25337
19,0.03394,4.15093,1,0.1539,0.00595,0.25337
20,0.01923,4.15093,1,0.1539,0.00595,0.25337
