particle,elasticity,weight,frame,x,y,z
1,0.92054,4.15093,1,0.3514,0.29265,0.40847
2,0.35034,4.15093,1,0.35147,0.35541,0.40848
3,0.94454,4.15093,1,0.3514,0.29001,0.40847
4,0.41109,4.15093,1,0.35146,0.34872,0.40848
5,0.21288,4.15093,1,0.35147,0.37056,0.40848
6,0.32171,4.15093,1,0.35147,0.35857,0.40848
7,0.84513,4.15093,1,0.35141,0.30094,0.40847
8,0.96238,4.15093,1,0.3514,0.28805,0.40847
9,0.93082,4.15093,1,0.3514,0.29152,0.40847
10,0.87216,4.15093,1,0.35141,0.29797,0.40847
11,0.26028,4.15093,1,0.35147,0.36534,0.40848
12,0.62124,4.15093,1,0.35144,0.32558,0.40847
13,0.06283,4.15093,1,0.35148,0.38709,0.40848
14,0.58161,4.15093,1,0.35145,0.32994,0.40848
15,0.58682,4.15093,1,0.35144,0.32937,0.40848
16,0.92383,4.15093,1,0.3514,0.29229,0.40847
17,0.82104,4.15093,1,0.35142,0.30359,0.40847
18,0.22758,4.15093,1,0.35147,0.36894,0.40848
19,0.87297,4.15093,1,0.35141,0.29788,0.40847
20,0.85909,4.15093,1,0.35141,0.29941,0.40847
