particle,elasticity,weight,frame,x,y,z
1,0.98382,8.18045,1,-0.32586,0.20997,0.54112
1,0.98382,8.18045,2,-0.27367,0.3678,0.45613
2,0.30945,8.18045,1,-0.32586,0.20997,0.54112
2,0.30945,8.18045,2,-0.34599,0.3834,0.45564
3,0.01329,8.18045,1,-0.32586,0.20997,0.54112
3,0.01329,8.18045,2,-0.37917,0.39504,0.45278
4,0.17558,8.18045,1,-0.32586,0.20997,0.54112
4,0.17558,8.18045,2,-0.36099,0.38858,0.45435
5,0.3353,8.18045,1,-0.32586,0.20997,0.54112
5,0.3353,8.18045,2,-0.3431,0.38241,0.45589
6,0.33655,8.18045,1,-0.32586,0.20997,0.54112
6,0.33655,8.18045,2,-0.34296,0.38236,0.4559
7,0.91041,8.18045,1,-0.32586,0.20997,0.54112
7,0.91041,8.18045,2,-0.28152,0.36947,0.45612
8,0.05449,8.18045,1,-0.32586,0.20997,0.54112
8,0.05449,8.18045,2,-0.37456,0.39338,0.45318
9,0.1832,8.18045,1,-0.32586,0.20997,0.54112
9,0.1832,8.18045,2,-0.36014,0.38828,0.45442
10,0.40882,8.18045,1,-0.32586,0.20997,0.54112
10,0.40882,8.18045,2,-0.33513,0.38091,0.4561
11,0.88947,8.18045,1,-0.32586,0.20997,0.54112
11,0.88947,8.18045,2,-0.28375,0.36995,0.45612
12,0.36598,8.18045,1,-0.32586,0.20997,0.54112
12,0.36598,8.18045,2,-0.33971,0.38189,0.4561
13,0.93698,8.18045,1,-0.32586,0.20997,0.54112
13,0.93698,8.18045,2,-0.27868,0.36886,0.45612
14,0.84883,8.18045,1,-0.32586,0.20997,0.54112
14,0.84883,8.18045,2,-0.28809,0.37087,0.45612
15,0.44291,8.18045,1,-0.32586,0.20997,0.54112
15,0.44291,8.18045,2,-0.33148,0.38013,0.4561
16,0.37766,8.18045,1,-0.32586,0.20997,0.54112
16,0.37766,8.18045,2,-0.33846,0.38162,0.4561
17,0.07578,8.18045,1,-0.32586,0.20997,0.54112
17,0.07578,8.18045,2,-0.37217,0.39253,0.45338
18,0.09849,8.18045,1,-0.32586,0.20997,0.54112
18,0.09849,8.18045,2,-0.36963,0.39162,0.4536
19,0.41547,8.18045,1,-0.32586,0.20997,0.54112
19,0.41547,8.18045,2,-0.33442,0.38076,0.4561
20,0.70976,8.18045,1,-0.32586,0.20997,0.54112
20,0.70976,8.18045,2,-0.30295,0.37404,0.45611
