particle,elasticity,weight,frame,x,y,z
1,0.23317,4.15093,1,-0.24967,0.10593,0.30124
2,0.81023,4.15093,1,-0.24967,0.10593,0.30124
3,0.59544,4.15093,1,-0.24967,0.10593,0.30124
4,0.40524,4.15093,1,-0.24967,0.10593,0.30124
5,0.70757,4.15093,1,-0.24967,0.10593,0.30124
6,0.49185,4.15093,1,-0.24967,0.10593,0.30124
7,0.4417,4.15093,1,-0.24967,0.10593,0.30124
8,0.45749,4.15093,1,-0.24967,0.10593,0.30124
9,0.04345,4.15093,1,-0.24967,0.10593,0.30124
10,0.6236,4.15093,1,-0.24967,0.10593,0.30124
11,0.55199,4.15093,1,-0.24967,0.10593,0.30124
12,0.20069,4.15093,1,-0.24967,0.10593,0.30124
13,0.62,4.15093,1,-0.24967,0.10593,0.30124
14,0.5723,4.15093,1,-0.24967,0.10593,0.30124
15,0.87504,4.15093,1,-0.24967,0.10593,0.30124
16,0.87711,4.15093,1,-0.24967,0.10593,0.30124
17,0.84802,4.15093,1,-0.24967,0.10593,0.30124
18,0.17575,4.15093,1,-0.24967,0.10593,0.30124
19,0.37154,4.15093,1,-0.24967,0.10593,0.30124
20,0.92966,4.15093,1,-0.24967,0.10593,0.30124
