particle,elasticity,weight,frame,x,y,z
1,0.54764,4.15093,1,-0.09203,0.35058,0.09198
2,0.35002,4.15093,1,-0.09203,0.35058,0.09198
3,0.16712,4.15093,1,-0.09203,0.35058,0.09198
4,0.71376,4.15093,1,-0.09203,0.35058,0.09198
5,0.98727,4.15093,1,-0.09203,0.35058,0.09198
6,0.87877,4.15093,1,-0.09203,0.35058,0.09198
7,0.58898,4.15093,1,-0.09203,0.35058,0.09198
8,0.48302,4.15093,1,-0.09203,0.35058,0.09198
9,0.59979,4.15093,1,-0.09203,0.35058,0.09198
10,0.8233,4.15093,1,-0.09203,0.35058,0.09198
11,0.02622,4.15093,1,-0.09203,0.35058,0.09198
12,0.89099,4.15093,1,-0.09203,0.35058,0.09198
13,0.80327,4.15093,1,-0.09203,0.35058,0.09198
14,0.07006,4.15093,1,-0.09203,0.35058,0.09198
15,0.52756,4.15093,1,-0.09203,0.35058,0.09198
16,0.70675,4.15093,1,-0.09203,0.35058,0.09198
17,0.32596,4.15093,1,-0.09203,0.35058,0.09198
18,0.20405,4.15093,1,-0.09203,0.35058,0.09198
19,0.6408,4.15093,1,-0.09203,0.35058,0.09198
20,0.56791,4.15093,1,-0.09203,0.35058,0.09198
