particle,elasticity,weight,frame,x,y,z
1,0.56617,8.19803,1,0.05483,0.20453,0.26946
1,0.56617,8.19803,2,-0.0449,0.37789,0.0984
2,0.64443,8.19803,1,0.05483,0.20453,0.26946
2,0.64443,8.19803,2,-0.0449,0.3742,0.09909
3,0.5224,8.19803,1,0.05483,0.20453,0.26946
3,0.5224,8.19803,2,-0.0449,0.37996,0.09802
4,0.32704,8.19803,1,0.05483,0.20453,0.26946
4,0.32704,8.19803,2,-0.0449,0.38918,0.09631
5,0.33594,8.19803,1,0.05483,0.20453,0.26946
5,0.33594,8.19803,2,-0.0449,0.38876,0.09639
6,0.02271,8.19803,1,0.05483,0.20453,0.26946
6,0.02271,8.19803,2,-0.04506,0.40381,0.09364
7,0.28859,8.19803,1,0.05483,0.20453,0.26946
7,0.28859,8.19803,2,-0.0449,0.391,0.09597
8,0.25605,8.19803,1,0.05483,0.20453,0.26946
8,0.25605,8.19803,2,-0.0449,0.39253,0.09568
9,0.3533,8.19803,1,0.05483,0.20453,0.26946
9,0.3533,8.19803,2,-0.0449,0.38794,0.09654
10,0.04163,8.19803,1,0.05483,0.20453,0.26946
10,0.04163,8.19803,2,-0.045,0.40281,0.0938
11,0.80033,8.19803,1,0.05483,0.20453,0.26946
11,0.80033,8.19803,2,-0.0449,0.36684,0.10046
12,0.66058,8.19803,1,0.05483,0.20453,0.26946
12,0.66058,8.19803,2,-0.0449,0.37344,0.09923
13,0.01571,8.19803,1,0.05483,0.20453,0.26946
13,0.01571,8.19803,2,-0.04508,0.40418,0.09358
14,0.18862,8.19803,1,0.05483,0.20453,0.26946
14,0.18862,8.19803,2,-0.0449,0.39571,0.09509
15,0.28415,8.19803,1,0.05483,0.20453,0.26946
15,0.28415,8.19803,2,-0.0449,0.39121,0.09593
16,0.75829,8.19803,1,0.05483,0.20453,0.26946
16,0.75829,8.19803,2,-0.0449,0.36883,0.10009
17,0.5321,8.19803,1,0.05483,0.20453,0.26946
17,0.5321,8.19803,2,-0.0449,0.3795,0.09811
18,0.34937,8.19803,1,0.05483,0.20453,0.26946
18,0.34937,8.19803,2,-0.0449,0.38813,0.0965
19,0.97186,8.19803,1,0.05483,0.20453,0.26946
19,0.97186,8.19803,2,-0.0449,0.35875,0.10196
20,0.08852,8.19803,1,0.05483,0.20453,0.26946
20,0.08852,8.19803,2,-0.0449,0.40044,0.09422
