particle,elasticity,weight,frame,x,y,z
1,0.47989,4.15093,1,0.25355,0.04479,0.8713
2,0.39209,4.15093,1,0.25451,0.04503,0.87526
3,0.75923,4.15093,1,0.25049,0.04404,0.8587
4,0.03905,4.15093,1,0.25837,0.04599,0.89117
5,0.98391,4.15093,1,0.24995,0.0439,0.84858
6,0.20159,4.15093,1,0.25659,0.04555,0.88385
7,0.4087,4.15093,1,0.25433,0.04499,0.87451
8,0.6501,4.15093,1,0.25168,0.04433,0.86362
9,0.89663,4.15093,1,0.24995,0.0439,0.85251
10,0.66647,4.15093,1,0.2515,0.04429,0.86289
11,0.981,4.15093,1,0.24995,0.0439,0.84871
12,0.82107,4.15093,1,0.24995,0.04391,0.85592
13,0.84622,4.15093,1,0.24995,0.04391,0.85478
14,0.11666,4.15093,1,0.25752,0.04578,0.88768
15,0.32162,4.15093,1,0.25528,0.04522,0.87843
16,0.04677,4.15093,1,0.25828,0.04597,0.89083
17,0.73097,4.15093,1,0.2508,0.04412,0.85998
18,0.81523,4.15093,1,0.24995,0.04391,0.85618
19,0.55001,4.15093,1,0.25278,0.0446,0.86814
20,0.23528,4.15093,1,0.25622,0.04546,0.88233
