particle,elasticity,weight,frame,x,y,z
1,0.76188,8.25713,1,0.37099,-0.16582,0.32899
1,0.76188,8.25713,2,0.34913,-0.1026,0.18243
2,0.55777,8.25713,1,0.37099,-0.16582,0.32899
2,0.55777,8.25713,2,0.36322,-0.10117,0.17922
3,0.06145,8.25713,1,0.37099,-0.16582,0.32899
3,0.06145,8.25713,2,0.39001,-0.09843,0.17312
4,0.88236,8.25713,1,0.37099,-0.16582,0.32899
4,0.88236,8.25713,2,0.34082,-0.10345,0.18433
5,0.31632,8.25713,1,0.37099,-0.16582,0.32899
5,0.31632,8.25713,2,0.37989,-0.09948,0.17542
6,0.48594,8.25713,1,0.37099,-0.16582,0.32899
6,0.48594,8.25713,2,0.36818,-0.10066,0.17808
7,0.7602,8.25713,1,0.37099,-0.16582,0.32899
7,0.7602,8.25713,2,0.34925,-0.10259,0.18241
8,0.33454,8.25713,1,0.37099,-0.16582,0.32899
8,0.33454,8.25713,2,0.37863,-0.0996,0.1757
9,0.38162,8.25713,1,0.37099,-0.16582,0.32899
9,0.38162,8.25713,2,0.37538,-0.09993,0.17644
10,0.54488,8.25713,1,0.37099,-0.16582,0.32899
10,0.54488,8.25713,2,0.36411,-0.10108,0.17901
11,0.86335,8.25713,1,0.37099,-0.16582,0.32899
11,0.86335,8.25713,2,0.34213,-0.10332,0.18403
12,0.2041,8.25713,1,0.37099,-0.16582,0.32899
12,0.2041,8.25713,2,0.38763,-0.09869,0.17365
13,0.54913,8.25713,1,0.37099,-0.16582,0.32899
13,0.54913,8.25713,2,0.36382,-0.10111,0.17908
14,0.55237,8.25713,1,0.37099,-0.16582,0.32899
14,0.55237,8.25713,2,0.3636,-0.10113,0.17913
15,0.18188,8.25713,1,0.37099,-0.16582,0.32899
15,0.18188,8.25713,2,0.38917,-0.09853,0.1733
16,0.50821,8.25713,1,0.37099,-0.16582,0.32899
16,0.50821,8.25713,2,0.36664,-0.10082,0.17844
17,0.74113,8.25713,1,0.37099,-0.16582,0.32899
17,0.74113,8.25713,2,0.35057,-0.10246,0.18211
18,0.5808,8.25713,1,0.37099,-0.16582,0.32899
18,0.5808,8.25713,2,0.36163,-0.10133,0.17958
19,0.09807,8.25713,1,0.37099,-0.16582,0.32899
19,0.09807,8.25713,2,0.39001,-0.09843,0.17312
20,0.09716,8.25713,1,0.37099,-0.16582,0.32899
20,0.09716,8.25713,2,0.39001,-0.09843,0.17312
