particle,elasticity,weight,frame,x,y,z
1,0.05771,4.15093,1,0.38754,-0.05056,0.74076
2,0.60873,4.15093,1,0.35039,-0.04329,0.73499
3,0.84985,4.15093,1,0.33414,-0.0401,0.73247
4,0.72884,4.15093,1,0.3423,-0.0417,0.73374
5,0.98014,4.15093,1,0.32536,-0.03838,0.7311
6,0.30084,4.15093,1,0.37115,-0.04735,0.73822
7,0.13279,4.15093,1,0.38248,-0.04957,0.73997
8,0.724,4.15093,1,0.34262,-0.04177,0.73379
9,0.18972,4.15093,1,0.37864,-0.04882,0.73938
10,0.84616,4.15093,1,0.33439,-0.04015,0.73251
11,0.53267,4.15093,1,0.35552,-0.04429,0.73579
12,0.58026,4.15093,1,0.35231,-0.04367,0.73529
13,0.56249,4.15093,1,0.35351,-0.0439,0.73548
14,0.96514,4.15093,1,0.32637,-0.03858,0.73126
15,0.92304,4.15093,1,0.32921,-0.03914,0.7317
16,0.80316,4.15093,1,0.33729,-0.04072,0.73296
17,0.36217,4.15093,1,0.36701,-0.04654,0.73757
18,0.14969,4.15093,1,0.38134,-0.04935,0.7398
19,0.19517,4.15093,1,0.37827,-0.04875,0.73932
20,0.10219,4.15093,1,0.38454,-0.04997,0.74029
