particle,elasticity,weight,frame,x,y,z
1,0.40905,8.17455,1,-0.28863,-0.22376,0.35192
1,0.40905,8.17455,2,-0.36199,-0.38595,0.21797
2,0.04666,8.17455,1,-0.28863,-0.22376,0.35192
2,0.04666,8.17455,2,-0.38801,-0.40086,0.21502
3,0.36111,8.17455,1,-0.28863,-0.22376,0.35192
3,0.36111,8.17455,2,-0.36543,-0.38785,0.21758
4,0.00488,8.17455,1,-0.28863,-0.22376,0.35192
4,0.00488,8.17455,2,-0.39101,-0.40266,0.21468
5,0.76254,8.17455,1,-0.28863,-0.22376,0.35192
5,0.76254,8.17455,2,-0.3375,-0.37287,0.21983
6,0.70218,8.17455,1,-0.28863,-0.22376,0.35192
6,0.70218,8.17455,2,-0.34141,-0.37498,0.21983
7,0.79167,8.17455,1,-0.28863,-0.22376,0.35192
7,0.79167,8.17455,2,-0.33561,-0.37185,0.21983
8,0.37452,8.17455,1,-0.28863,-0.22376,0.35192
8,0.37452,8.17455,2,-0.36447,-0.38732,0.21769
9,0.11036,8.17455,1,-0.28863,-0.22376,0.35192
9,0.11036,8.17455,2,-0.38343,-0.39814,0.21554
10,0.78171,8.17455,1,-0.28863,-0.22376,0.35192
10,0.78171,8.17455,2,-0.33626,-0.3722,0.21983
11,0.84027,8.17455,1,-0.28863,-0.22376,0.35192
11,0.84027,8.17455,2,-0.33246,-0.37015,0.21984
12,0.59497,8.17455,1,-0.28863,-0.22376,0.35192
12,0.59497,8.17455,2,-0.34865,-0.37883,0.21948
13,0.03684,8.17455,1,-0.28863,-0.22376,0.35192
13,0.03684,8.17455,2,-0.38871,-0.40128,0.21494
14,0.46011,8.17455,1,-0.28863,-0.22376,0.35192
14,0.46011,8.17455,2,-0.35832,-0.38396,0.21838
15,0.13291,8.17455,1,-0.28863,-0.22376,0.35192
15,0.13291,8.17455,2,-0.38181,-0.39719,0.21572
16,0.13887,8.17455,1,-0.28863,-0.22376,0.35192
16,0.13887,8.17455,2,-0.38138,-0.39694,0.21577
17,0.45399,8.17455,1,-0.28863,-0.22376,0.35192
17,0.45399,8.17455,2,-0.35876,-0.3842,0.21833
18,0.55965,8.17455,1,-0.28863,-0.22376,0.35192
18,0.55965,8.17455,2,-0.35118,-0.38016,0.21919
19,0.64171,8.17455,1,-0.28863,-0.22376,0.35192
19,0.64171,8.17455,2,-0.34532,-0.3771,0.21983
20,0.96454,8.17455,1,-0.28863,-0.22376,0.35192
20,0.96454,8.17455,2,-0.32442,-0.3658,0.21984
