particle,elasticity,weight,frame,x,y,z
1,0.56708,8.1737,1,-0.18545,-0.40774,0.68018
1,0.56708,8.1737,2,-0.39257,-0.30869,0.69454
2,0.59303,8.1737,1,-0.18545,-0.40774,0.68018
2,0.59303,8.1737,2,-0.39167,-0.305,0.69448
3,0.01506,8.1737,1,-0.18545,-0.40774,0.68018
3,0.01506,8.1737,2,-0.38981,-0.38237,0.69578
4,0.90912,8.1737,1,-0.18545,-0.40774,0.68018
4,0.90912,8.1737,2,-0.38739,-0.26062,0.69447
5,0.11307,8.1737,1,-0.18545,-0.40774,0.68018
5,0.11307,8.1737,2,-0.38976,-0.36854,0.6955
6,0.94745,8.1737,1,-0.18545,-0.40774,0.68018
6,0.94745,8.1737,2,-0.38687,-0.25524,0.69447
7,0.94899,8.1737,1,-0.18545,-0.40774,0.68018
7,0.94899,8.1737,2,-0.38685,-0.25503,0.69447
8,0.59493,8.1737,1,-0.18545,-0.40774,0.68018
8,0.59493,8.1737,2,-0.39164,-0.30473,0.69448
9,0.44311,8.1737,1,-0.18545,-0.40774,0.68018
9,0.44311,8.1737,2,-0.39779,-0.32642,0.69491
10,0.221,8.1737,1,-0.18545,-0.40774,0.68018
10,0.221,8.1737,2,-0.4073,-0.35819,0.69558
11,0.31796,8.1737,1,-0.18545,-0.40774,0.68018
11,0.31796,8.1737,2,-0.40313,-0.34432,0.69529
12,0.48481,8.1737,1,-0.18545,-0.40774,0.68018
12,0.48481,8.1737,2,-0.39603,-0.32046,0.69479
13,0.63276,8.1737,1,-0.18545,-0.40774,0.68018
13,0.63276,8.1737,2,-0.39113,-0.29942,0.69448
14,0.18002,8.1737,1,-0.18545,-0.40774,0.68018
14,0.18002,8.1737,2,-0.40907,-0.36405,0.6957
15,0.67163,8.1737,1,-0.18545,-0.40774,0.68018
15,0.67163,8.1737,2,-0.39061,-0.29396,0.69448
16,0.34207,8.1737,1,-0.18545,-0.40774,0.68018
16,0.34207,8.1737,2,-0.4021,-0.34087,0.69522
17,0.8132,8.1737,1,-0.18545,-0.40774,0.68018
17,0.8132,8.1737,2,-0.38869,-0.27408,0.69448
18,0.22013,8.1737,1,-0.18545,-0.40774,0.68018
18,0.22013,8.1737,2,-0.40734,-0.35832,0.69558
19,0.30173,8.1737,1,-0.18545,-0.40774,0.68018
19,0.30173,8.1737,2,-0.40382,-0.34664,0.69534
20,0.20572,8.1737,1,-0.18545,-0.40774,0.68018
20,0.20572,8.1737,2,-0.40796,-0.36038,0.69563
