particle,elasticity,weight,frame,x,y,z
1,0.43155,4.15093,1,0.26436,0.23141,0.29682
2,0.73873,4.15093,1,0.26436,0.23141,0.29682
3,0.03928,4.15093,1,0.26436,0.23141,0.29682
4,0.00678,4.15093,1,0.26436,0.23141,0.29682
5,0.21249,4.15093,1,0.26436,0.23141,0.29682
6,0.28775,4.15093,1,0.26436,0.23141,0.29682
7,0.85923,4.15093,1,0.26436,0.23141,0.29682
8,0.22725,4.15093,1,0.26436,0.23141,0.29682
9,0.9501,4.15093,1,0.26436,0.23141,0.29682
10,0.05577,4.15093,1,0.26436,0.23141,0.29682
11,0.18724,4.15093,1,0.26436,0.23141,0.29682
12,0.34426,4.15093,1,0.26436,0.23141,0.29682
13,0.18632,4.15093,1,0.26436,0.23141,0.29682
14,0.74988,4.15093,1,0.26436,0.23141,0.29682
15,0.89415,4.15093,1,0.26436,0.23141,0.29682
16,0.79233,4.15093,1,0.26436,0.23141,0.29682
17,0.00804,4.15093,1,0.26436,0.23141,0.29682
18,0.57741,4.15093,1,0.26436,0.23141,0.29682
19,0.55684,4.15093,1,0.26436,0.23141,0.29682
20,0.0986,4.15093,1,0.26436,0.23141,0.29682
