particle,elasticity,weight,frame,x,y,z
1,0.41709,4.15093,1,-0.19604,0.40624,0.66041
2,0.69493,4.15093,1,-0.19604,0.40067,0.66041
3,0.29804,4.15093,1,-0.19613,0.40863,0.66054
4,0.45146,4.15093,1,-0.19604,0.40555,0.66041
5,0.55698,4.15093,1,-0.19604,0.40343,0.66041
6,0.18822,4.15093,1,-0.19645,0.41083,0.66099
7,0.0057,4.15093,1,-0.19699,0.41449,0.66173
8,0.1256,4.15093,1,-0.19664,0.41209,0.66124
9,0.50393,4.15093,1,-0.19604,0.4045,0.66041
10,0.3634,4.15093,1,-0.19604,0.40732,0.66041
11,0.99775,4.15093,1,-0.19604,0.39459,0.66041
12,0.08305,4.15093,1,-0.19676,0.41294,0.66142
13,0.866,4.15093,1,-0.19604,0.39723,0.66041
14,0.8182,4.15093,1,-0.19604,0.39819,0.66041
15,0.16418,4.15093,1,-0.19652,0.41131,0.66109
16,0.25047,4.15093,1,-0.19627,0.40958,0.66073
17,0.85922,4.15093,1,-0.19604,0.39737,0.66041
18,0.52832,4.15093,1,-0.19604,0.40401,0.66041
19,0.26291,4.15093,1,-0.19623,0.40933,0.66068
20,0.16644,4.15093,1,-0.19652,0.41127,0.66108
