particle,elasticity,weight,frame,x,y,z
1,0.94949,7.91915,1,0.36564,0.09292,0.12052
1,0.94949,7.91915,2,0.27106,0.24861,0.26867
2,0.83901,7.95785,1,0.3684,0.09328,0.11669
2,0.83901,7.95785,2,0.28159,0.24995,0.2487
3,0.41478,8.08754,1,0.379,0.09465,0.10156
3,0.41478,8.08754,2,0.32207,0.25509,0.16954
4,0.1931,8.14263,1,0.38455,0.09536,0.09338
4,0.1931,8.14263,2,0.34326,0.25774,0.12665
5,0.66524,8.01469,1,0.37274,0.09384,0.11057
5,0.66524,8.01469,2,0.29816,0.25206,0.21674
6,0.43007,8.08341,1,0.37862,0.0946,0.10211
6,0.43007,8.08341,2,0.32061,0.25491,0.17246
7,0.57585,8.04195,1,0.37498,0.09413,0.10738
7,0.57585,8.04195,2,0.30669,0.25315,0.20005
8,0.63331,8.02459,1,0.37354,0.09394,0.10944
8,0.63331,8.02459,2,0.3012,0.25245,0.2108
9,0.19427,8.14236,1,0.38452,0.09536,0.09342
9,0.19427,8.14236,2,0.34315,0.25773,0.12688
10,0.38686,8.09498,1,0.3797,0.09474,0.10054
10,0.38686,8.09498,2,0.32474,0.25543,0.1642
11,0.57843,8.04118,1,0.37491,0.09412,0.10747
11,0.57843,8.04118,2,0.30644,0.25312,0.20054
12,0.86664,7.94836,1,0.36771,0.09319,0.11765
12,0.86664,7.94836,2,0.27896,0.24962,0.25372
13,0.07014,8.1692,1,0.38762,0.09576,0.08876
13,0.07014,8.1692,2,0.35502,0.2592,0.10241
14,0.42303,8.08532,1,0.3788,0.09462,0.10186
14,0.42303,8.08532,2,0.32128,0.25499,0.17112
15,0.05759,8.17175,1,0.38793,0.0958,0.08829
15,0.05759,8.17175,2,0.35623,0.25935,0.09992
16,0.20448,8.14002,1,0.38426,0.09533,0.0938
16,0.20448,8.14002,2,0.34217,0.25761,0.12888
17,0.08289,8.16658,1,0.3873,0.09572,0.08924
17,0.08289,8.16658,2,0.3538,0.25905,0.10494
18,0.42373,8.08513,1,0.37878,0.09462,0.10188
18,0.42373,8.08513,2,0.32121,0.25498,0.17125
19,0.20671,8.13951,1,0.38421,0.09532,0.09389
19,0.20671,8.13951,2,0.34196,0.25758,0.12931
20,0.00132,8.18269,1,0.38934,0.09597,0.0862
20,0.00132,8.18269,2,0.36181,0.25883,0.09348
