particle,elasticity,weight,frame,x,y,z
1,0.26476,4.15093,1,0.00225,-0.36169,0.10428
2,0.25259,4.15093,1,0.00194,-0.36288,0.10411
3,0.55876,4.15093,1,0.0096,-0.33328,0.10808
4,0.2235,4.15093,1,0.0012,-0.36571,0.1037
5,0.06377,4.15093,1,-0.00316,-0.38137,0.1004
6,0.78976,4.15093,1,0.01387,-0.3113,0.11154
7,0.29572,4.15093,1,0.00304,-0.35869,0.10471
8,0.71165,4.15093,1,0.01328,-0.31861,0.10983
9,0.32402,4.15093,1,0.00376,-0.35594,0.10509
10,0.09027,4.15093,1,-0.00239,-0.37875,0.10113
11,0.10631,4.15093,1,-0.00193,-0.37717,0.10156
12,0.0882,4.15093,1,-0.00245,-0.37895,0.10107
13,0.37238,4.15093,1,0.00498,-0.35126,0.10574
14,0.96445,4.15093,1,0.01467,-0.29513,0.11561
15,0.11884,4.15093,1,-0.00156,-0.37593,0.10191
16,0.19945,4.15093,1,0.00058,-0.36805,0.10336
17,0.35258,4.15093,1,0.00448,-0.35317,0.10548
18,0.30211,4.15093,1,0.0032,-0.35807,0.1048
19,0.45689,4.15093,1,0.0071,-0.34309,0.10683
20,0.38579,4.15093,1,0.00532,-0.34996,0.10592
