particle,elasticity,weight,frame,x,y,z
1,0.8854,8.28945,1,0.35356,-0.1942,0.11729
1,0.8854,8.28945,2,0.38673,-0.23382,0.25082
2,0.06289,8.29916,1,0.35356,-0.1942,0.10121
2,0.06289,8.29916,2,0.38997,-0.23362,0.10114
3,0.45047,8.2978,1,0.35356,-0.1942,0.10879
3,0.45047,8.2978,2,0.38887,-0.23273,0.16832
4,0.81822,8.29121,1,0.35356,-0.1942,0.11598
4,0.81822,8.29121,2,0.38706,-0.23371,0.23792
5,0.74388,8.29296,1,0.35356,-0.1942,0.11452
5,0.74388,8.29296,2,0.38742,-0.23355,0.22367
6,0.35392,8.29868,1,0.35356,-0.1942,0.1069
6,0.35392,8.29868,2,0.38934,-0.2328,0.15051
7,0.16517,8.29936,1,0.35356,-0.1942,0.10321
7,0.16517,8.29936,2,0.39001,-0.23357,0.11491
8,0.24737,8.29923,1,0.35356,-0.1942,0.10482
8,0.24737,8.29923,2,0.38987,-0.23324,0.13056
9,0.09336,8.29926,1,0.35356,-0.1942,0.10181
9,0.09336,8.29926,2,0.38996,-0.2338,0.10112
10,0.2301,8.29928,1,0.35356,-0.1942,0.10448
10,0.2301,8.29928,2,0.38996,-0.23332,0.12728
11,0.19425,8.29934,1,0.35356,-0.1942,0.10378
11,0.19425,8.29934,2,0.39001,-0.23347,0.12046
12,0.8425,8.2906,1,0.35356,-0.1942,0.11645
12,0.8425,8.2906,2,0.38694,-0.23375,0.24258
13,0.24464,8.29924,1,0.35356,-0.1942,0.10477
13,0.24464,8.29924,2,0.38989,-0.23325,0.13005
14,0.52355,8.29691,1,0.35356,-0.1942,0.11022
14,0.52355,8.29691,2,0.38851,-0.2329,0.1819
15,0.46022,8.2977,1,0.35356,-0.1942,0.10898
15,0.46022,8.2977,2,0.38882,-0.23275,0.17013
16,0.91222,8.2887,1,0.35356,-0.1942,0.11782
16,0.91222,8.2887,2,0.3866,-0.23385,0.25598
17,0.36639,8.29859,1,0.35356,-0.1942,0.10715
17,0.36639,8.29859,2,0.38928,-0.23277,0.15282
18,0.61059,8.29557,1,0.35356,-0.1942,0.11192
18,0.61059,8.29557,2,0.38808,-0.23318,0.19828
19,0.40892,8.29822,1,0.35356,-0.1942,0.10798
19,0.40892,8.29822,2,0.38907,-0.23271,0.16066
20,0.92975,8.2882,1,0.35356,-0.1942,0.11816
20,0.92975,8.2882,2,0.38651,-0.23388,0.25935
