particle,elasticity,weight,frame,x,y,z
1,0.74603,4.15093,1,0.24362,0.36972,0.52259
2,0.07295,4.15093,1,0.24925,0.39231,0.52217
3,0.0345,4.15093,1,0.24957,0.3936,0.52215
4,0.54012,4.15093,1,0.24535,0.37663,0.52246
5,0.91683,4.15093,1,0.24219,0.36399,0.52269
6,0.94553,4.15093,1,0.24195,0.36303,0.52271
7,0.56561,4.15093,1,0.24513,0.37578,0.52248
8,0.25908,4.15093,1,0.2477,0.38607,0.52229
9,0.20003,4.15093,1,0.24819,0.38805,0.52225
10,0.61131,4.15093,1,0.24475,0.37425,0.5225
11,0.87198,4.15093,1,0.24257,0.3655,0.52266
12,0.78365,4.15093,1,0.24331,0.36846,0.52261
13,0.37582,4.15093,1,0.24672,0.38215,0.52236
14,0.85861,4.15093,1,0.24268,0.36595,0.52266
15,0.89892,4.15093,1,0.24234,0.36459,0.52268
16,0.34731,4.15093,1,0.24696,0.38311,0.52234
17,0.4876,4.15093,1,0.24579,0.3784,0.52243
18,0.37067,4.15093,1,0.24676,0.38232,0.52236
19,0.40518,4.15093,1,0.24648,0.38116,0.52238
20,0.21226,4.15093,1,0.24809,0.38764,0.52226
