particle,elasticity,weight,frame,x,y,z
1,0.10657,8.28455,1,0.33173,-0.09422,0.40443
1,0.10657,8.28455,2,0.388,-0.13412,0.30618
2,0.4955,8.28455,1,0.33173,-0.09422,0.40443
2,0.4955,8.28455,2,0.37899,-0.13328,0.30827
3,0.70799,8.28455,1,0.33173,-0.09422,0.40443
3,0.70799,8.28455,2,0.37406,-0.13297,0.30906
4,0.03547,8.28455,1,0.33173,-0.09422,0.40443
4,0.03547,8.28455,2,0.38965,-0.13427,0.3058
5,0.35402,8.28455,1,0.33173,-0.09422,0.40443
5,0.35402,8.28455,2,0.38227,-0.13359,0.30751
6,0.16657,8.28455,1,0.33173,-0.09422,0.40443
6,0.16657,8.28455,2,0.38661,-0.13399,0.3065
7,0.63925,8.28455,1,0.33173,-0.09422,0.40443
7,0.63925,8.28455,2,0.37566,-0.13297,0.30904
8,0.19068,8.28455,1,0.33173,-0.09422,0.40443
8,0.19068,8.28455,2,0.38605,-0.13394,0.30663
9,0.9469,8.28455,1,0.33173,-0.09422,0.40443
9,0.9469,8.28455,2,0.36853,-0.13297,0.30906
10,0.09579,8.28455,1,0.33173,-0.09422,0.40443
10,0.09579,8.28455,2,0.38825,-0.13414,0.30612
11,0.06288,8.28455,1,0.33173,-0.09422,0.40443
11,0.06288,8.28455,2,0.38901,-0.13421,0.30594
12,0.27604,8.28455,1,0.33173,-0.09422,0.40443
12,0.27604,8.28455,2,0.38407,-0.13375,0.30709
13,0.6309,8.28455,1,0.33173,-0.09422,0.40443
13,0.6309,8.28455,2,0.37585,-0.13299,0.309
14,0.11639,8.28455,1,0.33173,-0.09422,0.40443
14,0.11639,8.28455,2,0.38777,-0.1341,0.30623
15,0.59844,8.28455,1,0.33173,-0.09422,0.40443
15,0.59844,8.28455,2,0.3766,-0.13306,0.30882
16,0.13071,8.28455,1,0.33173,-0.09422,0.40443
16,0.13071,8.28455,2,0.38744,-0.13407,0.30631
17,0.14417,8.28455,1,0.33173,-0.09422,0.40443
17,0.14417,8.28455,2,0.38713,-0.13404,0.30638
18,0.00226,8.28455,1,0.33173,-0.09422,0.40443
18,0.00226,8.28455,2,0.39001,-0.13431,0.30571
19,0.82508,8.28455,1,0.33173,-0.09422,0.40443
19,0.82508,8.28455,2,0.37135,-0.13297,0.30906
20,0.52273,8.28455,1,0.33173,-0.09422,0.40443
20,0.52273,8.28455,2,0.37836,-0.13322,0.30842
