particle,elasticity,weight,frame,x,y,z
1,0.5051,4.15093,1,0.19255,-0.28724,0.39016
2,0.58015,4.15093,1,0.19255,-0.28724,0.39016
3,0.95232,4.15093,1,0.19255,-0.28724,0.39016
4,0.16594,4.15093,1,0.19255,-0.28724,0.39016
5,0.11404,4.15093,1,0.19255,-0.28724,0.39016
6,0.49327,4.15093,1,0.19255,-0.28724,0.39016
7,0.91543,4.15093,1,0.19255,-0.28724,0.39016
8,0.89736,4.15093,1,0.19255,-0.28724,0.39016
9,0.91559,4.15093,1,0.19255,-0.28724,0.39016
10,0.03635,4.15093,1,0.19255,-0.28724,0.39016
11,0.80314,4.15093,1,0.19255,-0.28724,0.39016
12,0.44623,4.15093,1,0.19255,-0.28724,0.39016
13,0.77012,4.15093,1,0.19255,-0.28724,0.39016
14,0.16263,4.15093,1,0.19255,-0.28724,0.39016
15,0.20378,4.15093,1,0.19255,-0.28724,0.39016
16,0.23011,4.15093,1,0.19255,-0.28724,0.39016
17,0.63138,4.15093,1,0.19255,-0.28724,0.39016
18,0.51858,4.15093,1,0.19255,-0.28724,0.39016
19,0.02157,4.15093,1,0.19255,-0.28724,0.39016
20,0.55179,4.15093,1,0.19255,-0.28724,0.39016
