particle,elasticity,weight,frame,x,y,z
1,0.72376,8.22246,1,0.05584,0.32395,0.46905
1,0.72376,8.22246,2,0.31819,0.32688,0.24516
2,0.56939,8.22246,1,0.05584,0.32395,0.46905
2,0.56939,8.22246,2,0.31819,0.32688,0.24516
3,0.60962,8.22246,1,0.05584,0.32395,0.46905
3,0.60962,8.22246,2,0.31819,0.32688,0.24516
4,0.32181,8.22246,1,0.05584,0.32395,0.46905
4,0.32181,8.22246,2,0.31819,0.32688,0.24516
5,0.1779,8.22246,1,0.05584,0.32395,0.46905
5,0.1779,8.22246,2,0.31819,0.32688,0.24516
6,0.53489,8.22246,1,0.05584,0.32395,0.46905
6,0.53489,8.22246,2,0.31819,0.32688,0.24516
7,0.18644,8.22246,1,0.05584,0.32395,0.46905
7,0.18644,8.22246,2,0.31819,0.32688,0.24516
8,0.02801,8.22246,1,0.05584,0.32395,0.46905
8,0.02801,8.22246,2,0.31819,0.32688,0.24516
9,0.08695,8.22246,1,0.05584,0.32395,0.46905
9,0.08695,8.22246,2,0.31819,0.32688,0.24516
10,0.3519,8.22246,1,0.05584,0.32395,0.46905
10,0.3519,8.22246,2,0.31819,0.32688,0.24516
11,0.98029,8.22246,1,0.05584,0.32395,0.46905
11,0.98029,8.22246,2,0.31819,0.32688,0.24516
12,0.86047,8.22246,1,0.05584,0.32395,0.46905
12,0.86047,8.22246,2,0.31819,0.32688,0.24516
13,0.45958,8.22246,1,0.05584,0.32395,0.46905
13,0.45958,8.22246,2,0.31819,0.32688,0.24516
14,0.18874,8.22246,1,0.05584,0.32395,0.46905
14,0.18874,8.22246,2,0.31819,0.32688,0.24516
15,0.32266,8.22246,1,0.05584,0.32395,0.46905
15,0.32266,8.22246,2,0.31819,0.32688,0.24516
16,0.28422,8.22246,1,0.05584,0.32395,0.46905
16,0.28422,8.22246,2,0.31819,0.32688,0.24516
17,0.33483,8.22246,1,0.05584,0.32395,0.46905
17,0.33483,8.22246,2,0.31819,0.32688,0.24516
18,0.25186,8.22246,1,0.05584,0.32395,0.46905
18,0.25186,8.22246,2,0.31819,0.32688,0.24516
19,0.51791,8.22246,1,0.05584,0.32395,0.46905
19,0.51791,8.22246,2,0.31819,0.32688,0.24516
20,0.4449,8.22246,1,0.05584,0.32395,0.46905
20,0.4449,8.22246,2,0.31819,0.32688,0.24516
