particle,elasticity,weight,frame,x,y,z
1,0.85254,4.15093,1,0.22094,0.20474,0.23288
2,0.49137,4.15093,1,0.22094,0.20474,0.23288
3,0.51552,4.15093,1,0.22094,0.20474,0.23288
4,0.41887,4.15093,1,0.22094,0.20474,0.23288
5,0.24147,4.15093,1,0.22094,0.20474,0.23288
6,0.91805,4.15093,1,0.22094,0.20474,0.23288
7,0.71628,4.15093,1,0.22094,0.20474,0.23288
8,0.35627,4.15093,1,0.22094,0.20474,0.23288
9,0.29917,4.15093,1,0.22094,0.20474,0.23288
10,0.35848,4.15093,1,0.22094,0.20474,0.23288
11,0.80799,4.15093,1,0.22094,0.20474,0.23288
12,0.55815,4.15093,1,0.22094,0.20474,0.23288
13,0.75993,4.15093,1,0.22094,0.20474,0.23288
14,0.4357,4.15093,1,0.22094,0.20474,0.23288
15,0.63854,4.15093,1,0.22094,0.20474,0.23288
16,0.03836,4.15093,1,0.22094,0.20474,0.23288
17,0.71522,4.15093,1,0.22094,0.20474,0.23288
18,0.78653,4.15093,1,0.22094,0.20474,0.23288
19,0.37475,4.15093,1,0.22094,0.20474,0.23288
20,0.42464,4.15093,1,0.22094,0.20474,0.23288
