particle,elasticity,weight,frame,x,y,z
1,0.58836,8.20501,1,0.05474,-0.31652,0.56719
1,0.58836,8.20501,2,0.07563,-0.31065,0.66809
2,0.64704,8.20501,1,0.05474,-0.31652,0.56719
2,0.64704,8.20501,2,0.07563,-0.30244,0.66808
3,0.73825,8.20501,1,0.05474,-0.31652,0.56719
3,0.73825,8.20501,2,0.07562,-0.28968,0.66807
4,0.25002,8.20501,1,0.05474,-0.31652,0.56719
4,0.25002,8.20501,2,0.07563,-0.35804,0.66813
5,0.20766,8.20501,1,0.05474,-0.31652,0.56719
5,0.20766,8.20501,2,0.07564,-0.36398,0.66813
6,0.70859,8.20501,1,0.05474,-0.31652,0.56719
6,0.70859,8.20501,2,0.07562,-0.29382,0.66807
7,0.6032,8.20501,1,0.05474,-0.31652,0.56719
7,0.6032,8.20501,2,0.07563,-0.30857,0.66809
8,0.22797,8.20501,1,0.05474,-0.31652,0.56719
8,0.22797,8.20501,2,0.07563,-0.36114,0.66813
9,0.2484,8.20501,1,0.05474,-0.31652,0.56719
9,0.2484,8.20501,2,0.07563,-0.35827,0.66813
10,0.88585,8.20501,1,0.05474,-0.31652,0.56719
10,0.88585,8.20501,2,0.07562,-0.26903,0.66805
11,0.54426,8.20501,1,0.05474,-0.31652,0.56719
11,0.54426,8.20501,2,0.07563,-0.31682,0.66809
12,0.63213,8.20501,1,0.05474,-0.31652,0.56719
12,0.63213,8.20501,2,0.07563,-0.30452,0.66808
13,0.85396,8.20501,1,0.05474,-0.31652,0.56719
13,0.85396,8.20501,2,0.07562,-0.27349,0.66805
14,0.80821,8.20501,1,0.05474,-0.31652,0.56719
14,0.80821,8.20501,2,0.07562,-0.27989,0.66806
15,0.97362,8.20501,1,0.05474,-0.31652,0.56719
15,0.97362,8.20501,2,0.07562,-0.25677,0.66803
16,0.69311,8.20501,1,0.05474,-0.31652,0.56719
16,0.69311,8.20501,2,0.07562,-0.29599,0.66807
17,0.29875,8.20501,1,0.05474,-0.31652,0.56719
17,0.29875,8.20501,2,0.07563,-0.35121,0.66812
18,0.31529,8.20501,1,0.05474,-0.31652,0.56719
18,0.31529,8.20501,2,0.07563,-0.3489,0.66812
19,0.16254,8.20501,1,0.05474,-0.31652,0.56719
19,0.16254,8.20501,2,0.07564,-0.37031,0.66813
20,0.07806,8.20501,1,0.05474,-0.31652,0.56719
20,0.07806,8.20501,2,0.07564,-0.38215,0.66814
