particle,elasticity,weight,frame,x,y,z
1,0.02275,8.2126,1,0.13452,0.39771,0.45797
1,0.02275,8.2126,2,0.22548,0.38833,0.19405
2,0.30161,8.19056,1,0.13394,0.39095,0.45956
2,0.30161,8.19056,2,0.22321,0.36147,0.20034
3,0.06972,8.20923,1,0.13442,0.39657,0.45824
3,0.06972,8.20923,2,0.22509,0.3838,0.19511
4,0.10555,8.20656,1,0.13435,0.39571,0.45845
4,0.10555,8.20656,2,0.2248,0.38035,0.19592
5,0.83909,8.1344,1,0.13284,0.37793,0.46263
5,0.83909,8.1344,2,0.21884,0.30969,0.2125
6,0.15229,8.20297,1,0.13425,0.39457,0.45871
6,0.15229,8.20297,2,0.22443,0.37585,0.19697
7,0.28814,8.19174,1,0.13397,0.39128,0.45949
7,0.28814,8.19174,2,0.22332,0.36276,0.20004
8,0.65484,8.15568,1,0.13322,0.3824,0.46158
8,0.65484,8.15568,2,0.22034,0.32744,0.20833
9,0.36387,8.18498,1,0.13382,0.38945,0.45992
9,0.36387,8.18498,2,0.22271,0.35547,0.20175
10,0.49722,8.17221,1,0.13354,0.38621,0.46068
10,0.49722,8.17221,2,0.22163,0.34262,0.20476
11,0.34563,8.18664,1,0.13385,0.38989,0.45981
11,0.34563,8.18664,2,0.22286,0.35723,0.20133
12,0.41178,8.18052,1,0.13372,0.38829,0.46019
12,0.41178,8.18052,2,0.22232,0.35085,0.20283
13,0.80825,8.13811,1,0.13291,0.37868,0.46245
13,0.80825,8.13811,2,0.21909,0.31266,0.2118
14,0.85238,8.13278,1,0.13282,0.37761,0.4627
14,0.85238,8.13278,2,0.21873,0.30841,0.2128
15,0.3327,8.1878,1,0.13388,0.3902,0.45974
15,0.3327,8.1878,2,0.22296,0.35847,0.20104
16,0.56791,8.16499,1,0.1334,0.3845,0.46108
16,0.56791,8.16499,2,0.22105,0.33581,0.20636
17,0.85458,8.13251,1,0.13281,0.37756,0.46271
17,0.85458,8.13251,2,0.21872,0.3082,0.21285
18,0.54287,8.16758,1,0.13345,0.38511,0.46094
18,0.54287,8.16758,2,0.22125,0.33822,0.20579
19,0.57614,8.16413,1,0.13338,0.3843,0.46113
19,0.57614,8.16413,2,0.22098,0.33502,0.20655
20,0.36893,8.18451,1,0.13381,0.38932,0.45995
20,0.36893,8.18451,2,0.22267,0.35498,0.20186
