particle,elasticity,weight,frame,x,y,z
1,0.99459,4.15093,1,-0.1113,-0.10891,0.44613
2,0.84857,4.15093,1,-0.1113,-0.10891,0.44613
3,0.24704,4.15093,1,-0.1113,-0.10891,0.44613
4,0.897,4.15093,1,-0.1113,-0.10891,0.44613
5,0.69682,4.15093,1,-0.1113,-0.10891,0.44613
6,0.30264,4.15093,1,-0.1113,-0.10891,0.44613
7,0.22877,4.15093,1,-0.1113,-0.10891,0.44613
8,0.63038,4.15093,1,-0.1113,-0.10891,0.44613
9,0.32945,4.15093,1,-0.1113,-0.10891,0.44613
10,0.91187,4.15093,1,-0.1113,-0.10891,0.44613
11,0.59039,4.15093,1,-0.1113,-0.10891,0.44613
12,0.0371,4.15093,1,-0.1113,-0.10891,0.44613
13,0.62466,4.15093,1,-0.1113,-0.10891,0.44613
14,0.98218,4.15093,1,-0.1113,-0.10891,0.44613
15,0.47615,4.15093,1,-0.1113,-0.10891,0.44613
16,0.52089,4.15093,1,-0.1113,-0.10891,0.44613
17,0.90864,4.15093,1,-0.1113,-0.10891,0.44613
18,0.62099,4.15093,1,-0.1113,-0.10891,0.44613
19,0.18225,4.15093,1,-0.1113,-0.10891,0.44613
20,0.9974,4.15093,1,-0.1113,-0.10891,0.44613
