particle,elasticity,weight,frame,x,y,z
1,0.54124,4.15093,1,-0.26001,0.31037,0.67717
2,0.78056,4.15093,1,-0.26001,0.31037,0.67717
3,0.34059,4.15093,1,-0.26001,0.31037,0.67717
4,0.50809,4.15093,1,-0.26001,0.31037,0.67717
5,0.15423,4.15093,1,-0.26001,0.31037,0.67717
6,0.2168,4.15093,1,-0.26001,0.31037,0.67717
7,0.13082,4.15093,1,-0.26001,0.31037,0.67717
8,0.66011,4.15093,1,-0.26001,0.31037,0.67717
9,0.01651,4.15093,1,-0.26001,0.31037,0.67717
10,0.70856,4.15093,1,-0.26001,0.31037,0.67717
11,0.86806,4.15093,1,-0.26001,0.31037,0.67717
12,0.80837,4.15093,1,-0.26001,0.31037,0.67717
13,0.99275,4.15093,1,-0.26001,0.31037,0.67717
14,0.08249,4.15093,1,-0.26001,0.31037,0.67717
15,0.01366,4.15093,1,-0.26001,0.31037,0.67717
16,0.27442,4.15093,1,-0.26001,0.31037,0.67717
17,0.5243,4.15093,1,-0.26001,0.31037,0.67717
18,0.94826,4.15093,1,-0.26001,0.31037,0.67717
19,0.30332,4.15093,1,-0.26001,0.31037,0.67717
20,0.21225,4.15093,1,-0.26001,0.31037,0.67717
