particle,elasticity,weight,frame,x,y,z
1,0.70328,4.15093,1,0.23169,0.06135,0.88315
2,0.54663,4.15093,1,0.23174,0.06097,0.88468
3,0.90726,4.15093,1,0.23167,0.06152,0.88116
4,0.84537,4.15093,1,0.23167,0.06152,0.88176
5,0.8747,4.15093,1,0.23167,0.06152,0.88148
6,0.46886,4.15093,1,0.23177,0.06079,0.88543
7,0.4626,4.15093,1,0.23177,0.06077,0.88549
8,0.35267,4.15093,1,0.2318,0.06051,0.88657
9,0.87119,4.15093,1,0.23167,0.06152,0.88151
10,0.93392,4.15093,1,0.23167,0.06152,0.8809
11,0.07466,4.15093,1,0.23189,0.05983,0.88928
12,0.54083,4.15093,1,0.23174,0.06096,0.88473
13,0.83606,4.15093,1,0.23167,0.06152,0.88185
14,0.22296,4.15093,1,0.23184,0.06019,0.88783
15,0.54495,4.15093,1,0.23174,0.06097,0.88469
16,0.33108,4.15093,1,0.23181,0.06045,0.88678
17,0.20478,4.15093,1,0.23185,0.06015,0.88801
18,0.95831,4.15093,1,0.23167,0.06152,0.88066
19,0.2982,4.15093,1,0.23182,0.06037,0.8871
20,0.11341,4.15093,1,0.23188,0.05993,0.8889
