particle,elasticity,weight,frame,x,y,z
1,0.54145,8.24936,1,-0.12314,-0.13923,0.3402
1,0.54145,8.24936,2,-0.28601,-0.36149,0.30217
2,0.9283,8.24936,1,-0.12314,-0.13923,0.3402
2,0.9283,8.24936,2,-0.28601,-0.36149,0.30217
3,0.0128,8.24936,1,-0.12314,-0.13923,0.3402
3,0.0128,8.24936,2,-0.28601,-0.36149,0.30217
4,0.85963,8.24936,1,-0.12314,-0.13923,0.3402
4,0.85963,8.24936,2,-0.28601,-0.36149,0.30217
5,0.23896,8.24936,1,-0.12314,-0.13923,0.3402
5,0.23896,8.24936,2,-0.28601,-0.36149,0.30217
6,0.06772,8.24936,1,-0.12314,-0.13923,0.3402
6,0.06772,8.24936,2,-0.28601,-0.36149,0.30217
7,0.05689,8.24936,1,-0.12314,-0.13923,0.3402
7,0.05689,8.24936,2,-0.28601,-0.36149,0.30217
8,0.34848,8.24936,1,-0.12314,-0.13923,0.3402
8,0.34848,8.24936,2,-0.28601,-0.36149,0.30217
9,0.87738,8.24936,1,-0.12314,-0.13923,0.3402
9,0.87738,8.24936,2,-0.28601,-0.36149,0.30217
10,0.33494,8.24936,1,-0.12314,-0.13923,0.3402
10,0.33494,8.24936,2,-0.28601,-0.36149,0.30217
11,0.07715,8.24936,1,-0.12314,-0.13923,0.3402
11,0.07715,8.24936,2,-0.28601,-0.36149,0.30217
12,0.0806,8.24936,1,-0.12314,-0.13923,0.3402
12,0.0806,8.24936,2,-0.28601,-0.36149,0.30217
13,0.27178,8.24936,1,-0.12314,-0.13923,0.3402
13,0.27178,8.24936,2,-0.28601,-0.36149,0.30217
14,0.58599,8.24936,1,-0.12314,-0.13923,0.3402
14,0.58599,8.24936,2,-0.28601,-0.36149,0.30217
15,0.32281,8.24936,1,-0.12314,-0.13923,0.3402
15,0.32281,8.24936,2,-0.28601,-0.36149,0.30217
16,0.92282,8.24936,1,-0.12314,-0.13923,0.3402
16,0.92282,8.24936,2,-0.28601,-0.36149,0.30217
17,0.2518,8.24936,1,-0.12314,-0.13923,0.3402
17,0.2518,8.24936,2,-0.28601,-0.36149,0.30217
18,0.37711,8.24936,1,-0.12314,-0.13923,0.3402
18,0.37711,8.24936,2,-0.28601,-0.36149,0.30217
19,0.31432,8.24936,1,-0.12314,-0.13923,0.3402
19,0.31432,8.24936,2,-0.28601,-0.36149,0.30217
20,0.33116,8.24936,1,-0.12314,-0.13923,0.3402
20,0.33116,8.24936,2,-0.28601,-0.36149,0.30217
