particle,elasticity,weight,frame,x,y,z
1,0.95988,8.2276,1,0.24787,-0.14523,0.1927
1,0.95988,8.2276,2,0.27103,-0.1166,0.1939
2,0.40659,8.2276,1,0.24787,-0.14523,0.1927
2,0.40659,8.2276,2,0.27105,-0.11658,0.13346
3,0.94447,8.2276,1,0.24787,-0.14523,0.1927
3,0.94447,8.2276,2,0.27103,-0.1166,0.19222
4,0.34644,8.2276,1,0.24787,-0.14523,0.1927
4,0.34644,8.2276,2,0.27105,-0.11658,0.12688
5,0.34003,8.2276,1,0.24787,-0.14523,0.1927
5,0.34003,8.2276,2,0.27105,-0.11658,0.12618
6,0.59689,8.2276,1,0.24787,-0.14523,0.1927
6,0.59689,8.2276,2,0.27104,-0.11659,0.15426
7,0.33282,8.2276,1,0.24787,-0.14523,0.1927
7,0.33282,8.2276,2,0.27105,-0.11658,0.12539
8,0.98543,8.2276,1,0.24787,-0.14523,0.1927
8,0.98543,8.2276,2,0.27103,-0.1166,0.19668
9,0.9436,8.2276,1,0.24787,-0.14523,0.1927
9,0.9436,8.2276,2,0.27103,-0.1166,0.19212
10,0.75495,8.2276,1,0.24787,-0.14523,0.1927
10,0.75495,8.2276,2,0.27104,-0.11659,0.17152
11,0.36023,8.2276,1,0.24787,-0.14523,0.1927
11,0.36023,8.2276,2,0.27105,-0.11658,0.12839
12,0.32054,8.2276,1,0.24787,-0.14523,0.1927
12,0.32054,8.2276,2,0.27105,-0.11658,0.12404
13,0.99839,8.2276,1,0.24787,-0.14523,0.1927
13,0.99839,8.2276,2,0.27103,-0.1166,0.1981
14,0.73024,8.2276,1,0.24787,-0.14523,0.1927
14,0.73024,8.2276,2,0.27104,-0.11659,0.16883
15,0.18105,8.2276,1,0.24787,-0.14523,0.1927
15,0.18105,8.2276,2,0.27105,-0.11658,0.10878
16,0.96924,8.2276,1,0.24787,-0.14523,0.1927
16,0.96924,8.2276,2,0.27103,-0.1166,0.19492
17,0.42866,8.2276,1,0.24787,-0.14523,0.1927
17,0.42866,8.2276,2,0.27105,-0.11659,0.13587
18,0.30225,8.2276,1,0.24787,-0.14523,0.1927
18,0.30225,8.2276,2,0.27105,-0.11658,0.12204
19,0.47058,8.2276,1,0.24787,-0.14523,0.1927
19,0.47058,8.2276,2,0.27105,-0.11659,0.14045
20,0.71945,8.2276,1,0.24787,-0.14523,0.1927
20,0.71945,8.2276,2,0.27104,-0.11659,0.16765
