particle,elasticity,weight,frame,x,y,z
1,0.09362,8.25226,1,-0.23471,0.39234,0.29108
1,0.09362,8.25226,2,-0.40198,0.38334,0.22619
2,0.88036,8.25226,1,-0.23471,0.39234,0.29108
2,0.88036,8.25226,2,-0.38747,0.32182,0.23128
3,0.16226,8.25226,1,-0.23471,0.39234,0.29108
3,0.16226,8.25226,2,-0.40071,0.37798,0.22663
4,0.21036,8.25226,1,-0.23471,0.39234,0.29108
4,0.21036,8.25226,2,-0.39983,0.37421,0.22694
5,0.67806,8.25226,1,-0.23471,0.39234,0.29108
5,0.67806,8.25226,2,-0.3912,0.33764,0.22997
6,0.72503,8.25226,1,-0.23471,0.39234,0.29108
6,0.72503,8.25226,2,-0.39034,0.33396,0.23027
7,0.98773,8.25226,1,-0.23471,0.39234,0.29108
7,0.98773,8.25226,2,-0.38548,0.31342,0.23197
8,0.87972,8.25226,1,-0.23471,0.39234,0.29108
8,0.87972,8.25226,2,-0.38748,0.32187,0.23127
9,0.27425,8.25226,1,-0.23471,0.39234,0.29108
9,0.27425,8.25226,2,-0.39865,0.36922,0.22736
10,0.07496,8.25226,1,-0.23471,0.39234,0.29108
10,0.07496,8.25226,2,-0.40232,0.3848,0.22607
11,0.15329,8.25226,1,-0.23471,0.39234,0.29108
11,0.15329,8.25226,2,-0.40088,0.37868,0.22657
12,0.94455,8.25226,1,-0.23471,0.39234,0.29108
12,0.94455,8.25226,2,-0.38628,0.3168,0.23169
13,0.55402,8.25226,1,-0.23471,0.39234,0.29108
13,0.55402,8.25226,2,-0.39349,0.34734,0.22916
14,0.14629,8.25226,1,-0.23471,0.39234,0.29108
14,0.14629,8.25226,2,-0.40101,0.37922,0.22653
15,0.53732,8.25226,1,-0.23471,0.39234,0.29108
15,0.53732,8.25226,2,-0.3938,0.34864,0.22906
16,0.40247,8.25226,1,-0.23471,0.39234,0.29108
16,0.40247,8.25226,2,-0.39629,0.35919,0.22818
17,0.4223,8.25226,1,-0.23471,0.39234,0.29108
17,0.4223,8.25226,2,-0.39592,0.35764,0.22831
18,0.06219,8.25226,1,-0.23471,0.39234,0.29108
18,0.06219,8.25226,2,-0.40256,0.3858,0.22599
19,0.92829,8.25226,1,-0.23471,0.39234,0.29108
19,0.92829,8.25226,2,-0.38658,0.31807,0.23159
20,0.25501,8.25226,1,-0.23471,0.39234,0.29108
20,0.25501,8.25226,2,-0.39901,0.37072,0.22723
