particle,elasticity,weight,frame,x,y,z
1,0.54869,4.15093,1,0.26924,-0.0757,0.69598
2,0.24452,4.15093,1,0.26924,-0.0757,0.69598
3,0.85278,4.15093,1,0.26924,-0.0757,0.69598
4,0.15269,4.15093,1,0.26924,-0.0757,0.69598
5,0.15501,4.15093,1,0.26924,-0.0757,0.69598
6,0.30844,4.15093,1,0.26924,-0.0757,0.69598
7,0.67029,4.15093,1,0.26924,-0.0757,0.69598
8,0.43104,4.15093,1,0.26924,-0.0757,0.69598
9,0.22178,4.15093,1,0.26924,-0.0757,0.69598
10,0.66122,4.15093,1,0.26924,-0.0757,0.69598
11,0.87068,4.15093,1,0.26924,-0.0757,0.69598
12,0.38435,4.15093,1,0.26924,-0.0757,0.69598
13,0.1003,4.15093,1,0.26924,-0.0757,0.69598
14,0.64224,4.15093,1,0.26924,-0.0757,0.69598
15,0.12034,4.15093,1,0.26924,-0.0757,0.69598
16,0.20852,4.15093,1,0.26924,-0.0757,0.69598
17,0.2386,4.15093,1,0.26924,-0.0757,0.69598
18,0.11252,4.15093,1,0.26924,-0.0757,0.69598
19,0.4441,4.15093,1,0.26924,-0.0757,0.69598
20,0.81774,4.15093,1,0.26924,-0.0757,0.69598
