particle,elasticity,weight,frame,x,y,z
1,0.98292,4.15093,1,-0.19725,0.28301,0.91126
2,0.27557,4.15093,1,-0.19725,0.28301,0.91126
3,0.30059,4.15093,1,-0.19725,0.28301,0.91126
4,0.71503,4.15093,1,-0.19725,0.28301,0.91126
5,0.43117,4.15093,1,-0.19725,0.28301,0.91126
6,0.14703,4.15093,1,-0.19725,0.28301,0.91126
7,0.95794,4.15093,1,-0.19725,0.28301,0.91126
8,0.7206,4.15093,1,-0.19725,0.28301,0.91126
9,0.84605,4.15093,1,-0.19725,0.28301,0.91126
10,0.45956,4.15093,1,-0.19725,0.28301,0.91126
11,0.60346,4.15093,1,-0.19725,0.28301,0.91126
12,0.22672,4.15093,1,-0.19725,0.28301,0.91126
13,0.44503,4.15093,1,-0.19725,0.28301,0.91126
14,0.72485,4.15093,1,-0.19725,0.28301,0.91126
15,0.1539,4.15093,1,-0.19725,0.28301,0.91126
16,0.15228,4.15093,1,-0.19725,0.28301,0.91126
17,0.78091,4.15093,1,-0.19725,0.28301,0.91126
18,0.00412,4.15093,1,-0.19725,0.28301,0.91126
19,0.07764,4.15093,1,-0.19725,0.28301,0.91126
20,0.56897,4.15093,1,-0.19725,0.28301,0.91126
