particle,elasticity,weight,frame,x,y,z
1,0.27065,8.21141,1,-0.41707,-0.28569,0.8724
1,0.27065,8.21141,2,-0.3534,-0.39654,0.88633
2,0.59877,8.21141,1,-0.41707,-0.28569,0.8724
2,0.59877,8.21141,2,-0.3049,-0.39419,0.88334
3,0.20428,8.21141,1,-0.41707,-0.28569,0.8724
3,0.20428,8.21141,2,-0.36322,-0.39707,0.88695
4,0.60603,8.21141,1,-0.41707,-0.28569,0.8724
4,0.60603,8.21141,2,-0.30382,-0.39415,0.88327
5,0.99446,8.21141,1,-0.41707,-0.28569,0.8724
5,0.99446,8.21141,2,-0.24609,-0.3917,0.87981
6,0.55794,8.21141,1,-0.41707,-0.28569,0.8724
6,0.55794,8.21141,2,-0.31094,-0.39446,0.8837
7,0.27049,8.21141,1,-0.41707,-0.28569,0.8724
7,0.27049,8.21141,2,-0.35343,-0.39654,0.88634
8,0.72236,8.21141,1,-0.41707,-0.28569,0.8724
8,0.72236,8.21141,2,-0.28657,-0.3934,0.88223
9,0.18544,8.21141,1,-0.41707,-0.28569,0.8724
9,0.18544,8.21141,2,-0.36601,-0.39723,0.88713
10,0.5798,8.21141,1,-0.41707,-0.28569,0.8724
10,0.5798,8.21141,2,-0.30771,-0.39432,0.88351
11,0.58706,8.21141,1,-0.41707,-0.28569,0.8724
11,0.58706,8.21141,2,-0.30663,-0.39427,0.88344
12,0.96442,8.21141,1,-0.41707,-0.28569,0.8724
12,0.96442,8.21141,2,-0.25057,-0.39188,0.88007
13,0.11241,8.21141,1,-0.41707,-0.28569,0.8724
13,0.11241,8.21141,2,-0.37685,-0.39785,0.88782
14,0.94376,8.21141,1,-0.41707,-0.28569,0.8724
14,0.94376,8.21141,2,-0.25365,-0.39201,0.88026
15,0.68689,8.21141,1,-0.41707,-0.28569,0.8724
15,0.68689,8.21141,2,-0.29184,-0.39362,0.88255
16,0.63143,8.21141,1,-0.41707,-0.28569,0.8724
16,0.63143,8.21141,2,-0.30006,-0.39398,0.88304
17,0.7484,8.21141,1,-0.41707,-0.28569,0.8724
17,0.7484,8.21141,2,-0.28271,-0.39323,0.882
18,0.25872,8.21141,1,-0.41707,-0.28569,0.8724
18,0.25872,8.21141,2,-0.35517,-0.39663,0.88645
19,0.23846,8.21141,1,-0.41707,-0.28569,0.8724
19,0.23846,8.21141,2,-0.35817,-0.39679,0.88663
20,0.82656,8.21141,1,-0.41707,-0.28569,0.8724
20,0.82656,8.21141,2,-0.27109,-0.39274,0.8813
