particle,elasticity,weight,frame,x,y,z
1,0.96864,4.15093,1,0.18048,0.15211,0.58622
2,0.09076,4.15093,1,0.18048,0.15211,0.58622
3,0.4833,4.15093,1,0.18048,0.15211,0.58622
4,0.13242,4.15093,1,0.18048,0.15211,0.58622
5,0.47913,4.15093,1,0.18048,0.15211,0.58622
6,0.88756,4.15093,1,0.18048,0.15211,0.58622
7,0.2547,4.15093,1,0.18048,0.15211,0.58622
8,0.00623,4.15093,1,0.18048,0.15211,0.58622
9,0.38725,4.15093,1,0.18048,0.15211,0.58622
10,0.5893,4.15093,1,0.18048,0.15211,0.58622
11,0.19145,4.15093,1,0.18048,0.15211,0.58622
12,0.89416,4.15093,1,0.18048,0.15211,0.58622
13,0.17629,4.15093,1,0.18048,0.15211,0.58622
14,0.39893,4.15093,1,0.18048,0.15211,0.58622
15,0.35214,4.15093,1,0.18048,0.15211,0.58622
16,0.9808,4.15093,1,0.18048,0.15211,0.58622
17,0.22083,4.15093,1,0.18048,0.15211,0.58622
18,0.74442,4.15093,1,0.18048,0.15211,0.58622
19,0.67614,4.15093,1,0.18048,0.15211,0.58622
20,0.35878,4.15093,1,0.18048,0.15211,0.58622
