particle,elasticity,weight,frame,x,y,z
1,0.63966,4.15093,1,0.05278,0.04752,0.11934
2,0.32656,4.15093,1,0.05403,0.05181,0.10147
3,0.19145,4.15093,1,0.05457,0.05366,0.09377
4,0.05906,4.15093,1,0.0551,0.05547,0.08621
5,0.1251,4.15093,1,0.05484,0.05457,0.08998
6,0.85759,4.15093,1,0.05191,0.04454,0.13178
7,0.7659,4.15093,1,0.05227,0.04579,0.12654
8,0.59271,4.15093,1,0.05297,0.04817,0.11666
9,0.126,4.15093,1,0.05484,0.05456,0.09003
10,0.42119,4.15093,1,0.05366,0.05052,0.10688
11,0.81664,4.15093,1,0.05207,0.0451,0.12944
12,0.42067,4.15093,1,0.05366,0.05052,0.10685
13,0.12331,4.15093,1,0.05485,0.05459,0.08988
14,0.31642,4.15093,1,0.05407,0.05195,0.1009
15,0.05374,4.15093,1,0.05512,0.05555,0.08591
16,0.5584,4.15093,1,0.05311,0.04864,0.1147
17,0.42969,4.15093,1,0.05362,0.0504,0.10736
18,0.46176,4.15093,1,0.05349,0.04996,0.10919
19,0.08882,4.15093,1,0.05498,0.05507,0.08791
20,0.31464,4.15093,1,0.05408,0.05198,0.1008
