particle,elasticity,weight,frame,x,y,z
1,0.80734,8.15607,1,-0.36991,0.13891,0.10821
1,0.80734,8.15607,2,-0.25113,0.20246,0.14875
2,0.85116,8.14934,1,-0.36864,0.13891,0.10821
2,0.85116,8.14934,2,-0.24562,0.20245,0.15184
3,0.33394,8.21849,1,-0.38365,0.13891,0.10821
3,0.33394,8.21849,2,-0.31073,0.20252,0.11536
4,0.05693,8.24536,1,-0.3917,0.13922,0.10764
4,0.05693,8.24536,2,-0.34894,0.205,0.0959
5,0.98398,8.12795,1,-0.36478,0.1389,0.10821
5,0.98398,8.12795,2,-0.22893,0.20243,0.16119
6,0.17376,8.23534,1,-0.3883,0.13891,0.10821
6,0.17376,8.23534,2,-0.33092,0.20253,0.10404
7,0.2675,8.22574,1,-0.38558,0.13891,0.10821
7,0.2675,8.22574,2,-0.3191,0.20253,0.11067
8,0.7255,8.16822,1,-0.37228,0.13891,0.10821
8,0.7255,8.16822,2,-0.26143,0.20247,0.14298
9,0.01356,8.24867,1,-0.39296,0.13937,0.10737
9,0.01356,8.24867,2,-0.3557,0.20594,0.09463
10,0.0887,8.24282,1,-0.39077,0.13911,0.10784
10,0.0887,8.24282,2,-0.34376,0.20415,0.0979
11,0.75151,8.16442,1,-0.37153,0.13891,0.10821
11,0.75151,8.16442,2,-0.25816,0.20247,0.14482
12,0.27153,8.22531,1,-0.38547,0.13891,0.10821
12,0.27153,8.22531,2,-0.31859,0.20253,0.11095
13,0.39899,8.21103,1,-0.38176,0.13891,0.10821
13,0.39899,8.21103,2,-0.30253,0.20251,0.11995
14,0.5823,8.1881,1,-0.37644,0.13891,0.10821
14,0.5823,8.1881,2,-0.27945,0.20249,0.13289
15,0.60609,8.18492,1,-0.37575,0.13891,0.10821
15,0.60609,8.18492,2,-0.27646,0.20249,0.13457
16,0.84272,8.15065,1,-0.36888,0.13891,0.10821
16,0.84272,8.15065,2,-0.24668,0.20245,0.15124
17,0.65187,8.17865,1,-0.37442,0.13891,0.10821
17,0.65187,8.17865,2,-0.27069,0.20248,0.13779
18,0.92145,8.13821,1,-0.3666,0.1389,0.10821
18,0.92145,8.13821,2,-0.23679,0.20244,0.15678
19,0.10903,8.24116,1,-0.39018,0.13904,0.10797
19,0.10903,8.24116,2,-0.34042,0.20356,0.09939
20,0.05866,8.24522,1,-0.39165,0.13922,0.10765
20,0.05866,8.24522,2,-0.34866,0.20496,0.09598
