particle,elasticity,weight,frame,x,y,z
1,0.78791,7.07233,1,0.05223,-0.08573,0.17453
1,0.78791,7.07233,2,0.07329,0.07099,0.3106
2,0.79752,7.05552,1,0.05223,-0.08573,0.17562
2,0.79752,7.05552,2,0.07329,0.07098,0.31333
3,0.77155,7.10067,1,0.05223,-0.08573,0.17266
3,0.77155,7.10067,2,0.07329,0.071,0.30597
4,0.92277,6.82541,1,0.05223,-0.08575,0.18992
4,0.92277,6.82541,2,0.07327,0.07086,0.34881
5,0.33427,7.7295,1,0.05224,-0.08568,0.1227
5,0.33427,7.7295,2,0.07334,0.07133,0.18176
6,0.47449,7.55496,1,0.05224,-0.08569,0.13872
6,0.47449,7.55496,2,0.07332,0.07125,0.22164
7,0.92265,6.82565,1,0.05223,-0.08575,0.18991
7,0.92265,6.82565,2,0.07327,0.07086,0.34877
8,0.62735,7.33553,1,0.05224,-0.08571,0.15619
8,0.62735,7.33553,2,0.07331,0.07113,0.26505
9,0.86205,6.93951,1,0.05223,-0.08574,0.18299
9,0.86205,6.93951,2,0.07328,0.07092,0.33161
10,0.54057,7.46383,1,0.05224,-0.0857,0.14628
10,0.54057,7.46383,2,0.07332,0.0712,0.24041
11,0.02595,8.02307,1,0.05224,-0.08566,0.08744
11,0.02595,8.02307,2,0.07332,0.07123,0.09485
12,0.4019,7.64851,1,0.05224,-0.08568,0.13043
12,0.4019,7.64851,2,0.07333,0.07129,0.201
13,0.66379,7.27873,1,0.05224,-0.08571,0.16035
13,0.66379,7.27873,2,0.07331,0.0711,0.2754
14,0.59682,7.38178,1,0.05224,-0.0857,0.1527
14,0.59682,7.38178,2,0.07331,0.07115,0.25639
15,0.56814,7.42413,1,0.05224,-0.0857,0.14942
15,0.56814,7.42413,2,0.07332,0.07118,0.24824
16,0.52404,7.48716,1,0.05224,-0.08569,0.14439
16,0.52404,7.48716,2,0.07332,0.07121,0.23572
17,0.27197,7.79882,1,0.05224,-0.08567,0.11557
17,0.27197,7.79882,2,0.07334,0.07136,0.16404
18,0.39704,7.65453,1,0.05224,-0.08568,0.12987
18,0.39704,7.65453,2,0.07333,0.0713,0.19962
19,0.31311,7.75361,1,0.05224,-0.08567,0.12028
19,0.31311,7.75361,2,0.07334,0.07134,0.17575
20,0.73287,7.16633,1,0.05224,-0.08572,0.16824
20,0.73287,7.16633,2,0.0733,0.07104,0.295
