particle,elasticity,weight,frame,x,y,z
1,0.52877,8.25725,1,0.26924,-0.0757,0.69598
1,0.52877,8.25725,2,0.33517,0.14042,0.81574
2,0.25432,8.25725,1,0.26924,-0.0757,0.69598
2,0.25432,8.25725,2,0.33517,0.14042,0.81574
3,0.93224,8.25725,1,0.26924,-0.0757,0.69598
3,0.93224,8.25725,2,0.33517,0.14042,0.81574
4,0.25723,8.25725,1,0.26924,-0.0757,0.69598
4,0.25723,8.25725,2,0.33517,0.14042,0.81574
5,0.16811,8.25725,1,0.26924,-0.0757,0.69598
5,0.16811,8.25725,2,0.33517,0.14042,0.81574
6,0.35958,8.25725,1,0.26924,-0.0757,0.69598
6,0.35958,8.25725,2,0.33517,0.14042,0.81574
7,0.70033,8.25725,1,0.26924,-0.0757,0.69598
7,0.70033,8.25725,2,0.33517,0.14042,0.81574
8,0.53459,8.25725,1,0.26924,-0.0757,0.69598
8,0.53459,8.25725,2,0.33517,0.14042,0.81574
9,0.23112,8.25725,1,0.26924,-0.0757,0.69598
9,0.23112,8.25725,2,0.33517,0.14042,0.81574
10,0.45206,8.25725,1,0.26924,-0.0757,0.69598
10,0.45206,8.25725,2,0.33517,0.14042,0.81574
11,0.74626,8.25725,1,0.26924,-0.0757,0.69598
11,0.74626,8.25725,2,0.33517,0.14042,0.81574
12,0.39592,8.25725,1,0.26924,-0.0757,0.69598
12,0.39592,8.25725,2,0.33517,0.14042,0.81574
13,0.29232,8.25725,1,0.26924,-0.0757,0.69598
13,0.29232,8.25725,2,0.33517,0.14042,0.81574
14,0.61451,8.25725,1,0.26924,-0.0757,0.69598
14,0.61451,8.25725,2,0.33517,0.14042,0.81574
15,0.30381,8.25725,1,0.26924,-0.0757,0.69598
15,0.30381,8.25725,2,0.33517,0.14042,0.81574
16,0.2839,8.25725,1,0.26924,-0.0757,0.69598
16,0.2839,8.25725,2,0.33517,0.14042,0.81574
17,0.23236,8.25725,1,0.26924,-0.0757,0.69598
17,0.23236,8.25725,2,0.33517,0.14042,0.81574
18,0.05165,8.25725,1,0.26924,-0.0757,0.69598
18,0.05165,8.25725,2,0.33517,0.14042,0.81574
19,0.4435,8.25725,1,0.26924,-0.0757,0.69598
19,0.4435,8.25725,2,0.33517,0.14042,0.81574
20,0.72714,8.25725,1,0.26924,-0.0757,0.69598
20,0.72714,8.25725,2,0.33517,0.14042,0.81574
