particle,elasticity,weight,frame,x,y,z
1,0.44964,7.3369,1,-0.30537,-0.34693,0.34189
1,0.44964,7.3369,2,-0.35732,-0.27886,0.08877
2,0.36173,7.44268,1,-0.30577,-0.35537,0.33982
2,0.36173,7.44268,2,-0.35829,-0.2996,0.08296
3,0.89694,6.68179,1,-0.30335,-0.30403,0.35243
3,0.89694,6.68179,2,-0.35399,-0.17637,0.07256
4,0.97092,6.55463,1,-0.30302,-0.29694,0.35418
4,0.97092,6.55463,2,-0.35315,-0.15877,0.07691
5,0.22527,7.59191,1,-0.30638,-0.36845,0.33661
5,0.22527,7.59191,2,-0.35804,-0.32717,0.10597
6,0.35722,7.4479,1,-0.30579,-0.3558,0.33971
6,0.35722,7.4479,2,-0.35834,-0.30066,0.08266
7,0.66977,7.03891,1,-0.30438,-0.32582,0.34707
7,0.66977,7.03891,2,-0.3549,-0.22695,0.10323
8,0.45906,7.32511,1,-0.30533,-0.34603,0.34211
8,0.45906,7.32511,2,-0.35722,-0.27664,0.0894
9,0.46579,7.31665,1,-0.3053,-0.34538,0.34227
9,0.46579,7.31665,2,-0.35714,-0.27505,0.08984
10,0.26573,7.54956,1,-0.3062,-0.36457,0.33756
10,0.26573,7.54956,2,-0.35934,-0.32225,0.07658
11,0.13258,7.6829,1,-0.3068,-0.37735,0.33443
11,0.13258,7.6829,2,-0.35904,-0.34883,0.10172
12,0.22038,7.59693,1,-0.3064,-0.36892,0.33649
12,0.22038,7.59693,2,-0.35809,-0.32831,0.10605
13,0.94158,6.60571,1,-0.30315,-0.29975,0.35349
13,0.94158,6.60571,2,-0.35349,-0.16575,0.07518
14,0.95301,6.58591,1,-0.3031,-0.29865,0.35376
14,0.95301,6.58591,2,-0.35336,-0.16303,0.07586
15,0.97165,6.55336,1,-0.30301,-0.29687,0.3542
15,0.97165,6.55336,2,-0.35315,-0.1586,0.07695
16,0.92031,6.6422,1,-0.30325,-0.30179,0.35298
16,0.92031,6.6422,2,-0.35373,-0.17081,0.07393
17,0.28704,7.52662,1,-0.3061,-0.36253,0.33806
17,0.28704,7.52662,2,-0.3591,-0.31722,0.078
18,0.43215,7.35855,1,-0.30545,-0.34861,0.34147
18,0.43215,7.35855,2,-0.35751,-0.28299,0.08762
19,0.21947,7.59786,1,-0.30641,-0.36901,0.33647
19,0.21947,7.59786,2,-0.3581,-0.32852,0.10607
20,0.05649,7.75133,1,-0.30714,-0.38465,0.33264
20,0.05649,7.75133,2,-0.35985,-0.36662,0.0959
