particle,elasticity,weight,frame,x,y,z
1,0.76482,4.15093,1,0.00061,-0.37061,0.45599
2,0.92653,4.15093,1,0.00061,-0.36465,0.45599
3,0.69324,4.15093,1,0.00063,-0.37324,0.45594
4,0.90544,4.15093,1,0.00061,-0.36542,0.45599
5,0.47318,4.15093,1,0.00131,-0.38135,0.45403
6,0.75429,4.15093,1,0.00061,-0.37099,0.45599
7,0.15564,4.15093,1,0.00229,-0.39306,0.45128
8,0.53124,4.15093,1,0.00113,-0.37921,0.45454
9,0.06547,4.15093,1,0.00256,-0.39638,0.45049
10,0.61063,4.15093,1,0.00088,-0.37629,0.45523
11,0.27969,4.15093,1,0.0019,-0.38849,0.45235
12,0.38757,4.15093,1,0.00157,-0.38451,0.45329
13,0.55979,4.15093,1,0.00104,-0.37816,0.45478
14,0.99343,4.15093,1,0.00061,-0.36218,0.456
15,0.82144,4.15093,1,0.00061,-0.36852,0.45599
16,0.10699,4.15093,1,0.00244,-0.39485,0.45085
17,0.17226,4.15093,1,0.00223,-0.39245,0.45142
18,0.55534,4.15093,1,0.00105,-0.37833,0.45475
19,0.64683,4.15093,1,0.00077,-0.37495,0.45554
20,0.7841,4.15093,1,0.00061,-0.3699,0.45599
