particle,elasticity,weight,frame,x,y,z
1,0.2814,4.15093,1,0.29571,-0.2791,0.51329
2,0.93604,4.15093,1,0.29571,-0.2791,0.51329
3,0.11262,4.15093,1,0.29571,-0.2791,0.51329
4,0.84855,4.15093,1,0.29571,-0.2791,0.51329
5,0.68558,4.15093,1,0.29571,-0.2791,0.51329
6,0.06566,4.15093,1,0.29571,-0.2791,0.51329
7,0.10514,4.15093,1,0.29571,-0.2791,0.51329
8,0.54514,4.15093,1,0.29571,-0.2791,0.51329
9,0.72042,4.15093,1,0.29571,-0.2791,0.51329
10,0.20704,4.15093,1,0.29571,-0.2791,0.51329
11,0.68067,4.15093,1,0.29571,-0.2791,0.51329
12,0.34175,4.15093,1,0.29571,-0.2791,0.51329
13,0.89854,4.15093,1,0.29571,-0.2791,0.51329
14,0.58229,4.15093,1,0.29571,-0.2791,0.51329
15,0.89178,4.15093,1,0.29571,-0.2791,0.51329
16,0.08034,4.15093,1,0.29571,-0.2791,0.51329
17,0.21196,4.15093,1,0.29571,-0.2791,0.51329
18,0.95144,4.15093,1,0.29571,-0.2791,0.51329
19,0.67576,4.15093,1,0.29571,-0.2791,0.51329
20,0.55311,4.15093,1,0.29571,-0.2791,0.51329
