particle,elasticity,weight,frame,x,y,z
1,0.87947,8.1513,1,0.37508,0.05963,0.15152
1,0.87947,8.1513,2,0.30169,0.30491,0.19668
2,0.50705,8.1626,1,0.38146,0.06076,0.1504
2,0.50705,8.1626,2,0.33283,0.31002,0.15062
3,0.5086,8.16256,1,0.38143,0.06076,0.1504
3,0.5086,8.16256,2,0.3327,0.31,0.15081
4,0.4211,8.16459,1,0.38293,0.06102,0.15014
4,0.4211,8.16459,2,0.34002,0.31119,0.13978
5,0.52917,8.16205,1,0.38108,0.06069,0.15046
5,0.52917,8.16205,2,0.33098,0.30972,0.1534
6,0.05541,8.17051,1,0.38919,0.06213,0.14904
6,0.05541,8.17051,2,0.37153,0.3207,0.09278
7,0.47039,8.16348,1,0.38209,0.06087,0.15029
7,0.47039,8.16348,2,0.3359,0.31052,0.146
8,0.40511,8.16494,1,0.38321,0.06107,0.15009
8,0.40511,8.16494,2,0.34136,0.31141,0.13775
9,0.67727,8.15797,1,0.37854,0.06024,0.15091
9,0.67727,8.15797,2,0.31859,0.30769,0.17186
10,0.72227,8.1566,1,0.37777,0.06011,0.15104
10,0.72227,8.1566,2,0.31483,0.30707,0.17742
11,0.62559,8.15947,1,0.37943,0.0604,0.15075
11,0.62559,8.15947,2,0.32291,0.3084,0.16544
12,0.87017,8.15164,1,0.37524,0.05966,0.15149
12,0.87017,8.15164,2,0.30247,0.30504,0.19555
13,0.46024,8.16372,1,0.38226,0.0609,0.15026
13,0.46024,8.16372,2,0.33674,0.31066,0.14472
14,0.35678,8.16594,1,0.38403,0.06122,0.14994
14,0.35678,8.16594,2,0.3454,0.31207,0.13161
15,0.03285,8.17073,1,0.38958,0.0622,0.14897
15,0.03285,8.17073,2,0.37357,0.32174,0.08983
16,0.51209,8.16248,1,0.38137,0.06075,0.15041
16,0.51209,8.16248,2,0.33241,0.30995,0.15125
17,0.6856,8.15772,1,0.3784,0.06022,0.15093
17,0.6856,8.15772,2,0.3179,0.30757,0.17289
18,0.18139,8.16894,1,0.38704,0.06175,0.14942
18,0.18139,8.16894,2,0.36017,0.31492,0.10913
19,0.72342,8.15656,1,0.37775,0.0601,0.15105
19,0.72342,8.15656,2,0.31473,0.30705,0.17756
20,0.43983,8.16418,1,0.38261,0.06097,0.15019
20,0.43983,8.16418,2,0.33845,0.31094,0.14215
