particle,elasticity,weight,frame,x,y,z
1,0.17692,4.15093,1,-0.15842,-0.20859,0.68006
2,0.59774,4.15093,1,-0.15842,-0.20859,0.68006
3,0.79623,4.15093,1,-0.15842,-0.20859,0.68006
4,0.63084,4.15093,1,-0.15842,-0.20859,0.68006
5,0.073,4.15093,1,-0.15842,-0.20859,0.68006
6,0.55487,4.15093,1,-0.15842,-0.20859,0.68006
7,0.2792,4.15093,1,-0.15842,-0.20859,0.68006
8,0.22912,4.15093,1,-0.15842,-0.20859,0.68006
9,0.84327,4.15093,1,-0.15842,-0.20859,0.68006
10,0.47821,4.15093,1,-0.15842,-0.20859,0.68006
11,0.21318,4.15093,1,-0.15842,-0.20859,0.68006
12,0.87011,4.15093,1,-0.15842,-0.20859,0.68006
13,0.40716,4.15093,1,-0.15842,-0.20859,0.68006
14,0.38933,4.15093,1,-0.15842,-0.20859,0.68006
15,0.6725,4.15093,1,-0.15842,-0.20859,0.68006
16,0.17588,4.15093,1,-0.15842,-0.20859,0.68006
17,0.87738,4.15093,1,-0.15842,-0.20859,0.68006
18,0.81931,4.15093,1,-0.15842,-0.20859,0.68006
19,0.33843,4.15093,1,-0.15842,-0.20859,0.68006
20,0.66083,4.15093,1,-0.15842,-0.20859,0.68006
