particle,elasticity,weight,frame,x,y,z
1,0.01482,8.29164,1,0.40452,-0.07414,0.47483
1,0.01482,8.29164,2,0.39158,-0.16065,0.39001
2,0.33233,8.29085,1,0.40097,-0.07414,0.47483
2,0.33233,8.29085,2,0.35622,-0.16063,0.39002
3,0.98108,8.28534,1,0.39372,-0.07414,0.47483
3,0.98108,8.28534,2,0.28403,-0.16057,0.39008
4,0.46761,8.29014,1,0.39946,-0.07414,0.47483
4,0.46761,8.29014,2,0.34115,-0.16062,0.39003
5,0.08,8.29158,1,0.40379,-0.07414,0.47483
5,0.08,8.29158,2,0.38432,-0.16064,0.39001
6,0.32904,8.29087,1,0.40101,-0.07414,0.47483
6,0.32904,8.29087,2,0.35658,-0.16063,0.39002
7,0.36725,8.29069,1,0.40058,-0.07414,0.47483
7,0.36725,8.29069,2,0.35233,-0.16063,0.39002
8,0.16227,8.29143,1,0.40287,-0.07414,0.47483
8,0.16227,8.29143,2,0.37516,-0.16064,0.39001
9,0.86718,8.28669,1,0.39499,-0.07414,0.47483
9,0.86718,8.28669,2,0.2967,-0.16058,0.39007
10,0.69174,8.28845,1,0.39695,-0.07414,0.47483
10,0.69174,8.28845,2,0.31621,-0.1606,0.39005
11,0.25923,8.29114,1,0.40179,-0.07414,0.47483
11,0.25923,8.29114,2,0.36436,-0.16064,0.39001
12,0.42752,8.29037,1,0.3999,-0.07414,0.47483
12,0.42752,8.29037,2,0.34562,-0.16062,0.39003
13,0.82198,8.28718,1,0.3955,-0.07414,0.47483
13,0.82198,8.28718,2,0.30172,-0.16058,0.39006
14,0.94425,8.28579,1,0.39413,-0.07414,0.47483
14,0.94425,8.28579,2,0.28813,-0.16057,0.39008
15,0.74248,8.28798,1,0.39638,-0.07414,0.47483
15,0.74248,8.28798,2,0.31057,-0.16059,0.39005
16,0.37757,8.29064,1,0.40046,-0.07414,0.47483
16,0.37757,8.29064,2,0.35118,-0.16063,0.39002
17,0.5243,8.28977,1,0.39882,-0.07414,0.47483
17,0.5243,8.28977,2,0.33484,-0.16062,0.39003
18,0.27333,8.29109,1,0.40163,-0.07414,0.47483
18,0.27333,8.29109,2,0.36279,-0.16064,0.39001
19,0.92403,8.28603,1,0.39436,-0.07414,0.47483
19,0.92403,8.28603,2,0.29038,-0.16057,0.39007
20,0.8361,8.28703,1,0.39534,-0.07414,0.47483
20,0.8361,8.28703,2,0.30015,-0.16058,0.39006
