particle,elasticity,weight,frame,x,y,z
1,0.54262,8.16072,1,0.17203,0.37463,0.11701
1,0.54262,8.16072,2,0.3832,0.34982,0.15689
2,0.48295,8.16072,1,0.17203,0.37463,0.11701
2,0.48295,8.16072,2,0.38396,0.35394,0.15028
3,0.29473,8.16072,1,0.17203,0.37463,0.11701
3,0.29473,8.16072,2,0.38629,0.36701,0.12934
4,0.61074,8.16072,1,0.17203,0.37463,0.11701
4,0.61074,8.16072,2,0.38234,0.34511,0.16443
5,0.97072,8.16072,1,0.17203,0.37463,0.11701
5,0.97072,8.16072,2,0.37769,0.32026,0.20423
6,0.90587,8.16072,1,0.17203,0.37463,0.11701
6,0.90587,8.16072,2,0.37854,0.32474,0.19707
7,0.98511,8.16072,1,0.17203,0.37463,0.11701
7,0.98511,8.16072,2,0.37757,0.31927,0.20582
8,0.03289,8.16072,1,0.17203,0.37463,0.11701
8,0.03289,8.16072,2,0.39795,0.3856,0.09996
9,0.65866,8.16072,1,0.17203,0.37463,0.11701
9,0.65866,8.16072,2,0.38173,0.3418,0.16974
10,0.22683,8.16072,1,0.17203,0.37463,0.11701
10,0.22683,8.16072,2,0.38713,0.37177,0.12172
11,0.82002,8.16072,1,0.17203,0.37463,0.11701
11,0.82002,8.16072,2,0.37965,0.33066,0.18758
12,0.46867,8.16072,1,0.17203,0.37463,0.11701
12,0.46867,8.16072,2,0.38414,0.35493,0.14869
13,0.05982,8.16072,1,0.17203,0.37463,0.11701
13,0.05982,8.16072,2,0.39621,0.38367,0.10282
14,0.11395,8.16072,1,0.17203,0.37463,0.11701
14,0.11395,8.16072,2,0.39281,0.37979,0.10897
15,0.7346,8.16072,1,0.17203,0.37463,0.11701
15,0.7346,8.16072,2,0.38075,0.33656,0.17814
16,0.1636,8.16072,1,0.17203,0.37463,0.11701
16,0.1636,8.16072,2,0.39001,0.37625,0.11459
17,0.2015,8.16072,1,0.17203,0.37463,0.11701
17,0.2015,8.16072,2,0.38818,0.37356,0.11887
18,0.02749,8.16072,1,0.17203,0.37463,0.11701
18,0.02749,8.16072,2,0.39827,0.38599,0.09963
19,0.20347,8.16072,1,0.17203,0.37463,0.11701
19,0.20347,8.16072,2,0.38809,0.37342,0.11909
20,0.38044,8.16072,1,0.17203,0.37463,0.11701
20,0.38044,8.16072,2,0.38524,0.36104,0.13889
