particle,elasticity,weight,frame,x,y,z
1,0.98847,8.14952,1,-0.26036,-0.40655,0.39888
1,0.98847,8.14952,2,-0.38766,-0.25367,0.14188
2,0.10513,8.14952,1,-0.26036,-0.40655,0.39888
2,0.10513,8.14952,2,-0.40194,-0.37971,0.11376
3,0.96197,8.14952,1,-0.26036,-0.40655,0.39888
3,0.96197,8.14952,2,-0.38809,-0.25745,0.14104
4,0.39189,8.14952,1,-0.26036,-0.40655,0.39888
4,0.39189,8.14952,2,-0.39732,-0.33878,0.12286
5,0.69847,8.14952,1,-0.26036,-0.40655,0.39888
5,0.69847,8.14952,2,-0.39236,-0.29503,0.13262
6,0.88076,8.14952,1,-0.26036,-0.40655,0.39888
6,0.88076,8.14952,2,-0.38941,-0.26903,0.13844
7,0.65605,8.14952,1,-0.26036,-0.40655,0.39888
7,0.65605,8.14952,2,-0.39305,-0.30109,0.13127
8,0.76401,8.14952,1,-0.26036,-0.40655,0.39888
8,0.76401,8.14952,2,-0.3913,-0.28568,0.13471
9,0.64332,8.14952,1,-0.26036,-0.40655,0.39888
9,0.64332,8.14952,2,-0.39325,-0.3029,0.13086
10,0.10149,8.14952,1,-0.26036,-0.40655,0.39888
10,0.10149,8.14952,2,-0.402,-0.38023,0.11364
11,0.09951,8.14952,1,-0.26036,-0.40655,0.39888
11,0.09951,8.14952,2,-0.40203,-0.38051,0.11358
12,0.6589,8.14952,1,-0.26036,-0.40655,0.39888
12,0.6589,8.14952,2,-0.393,-0.30068,0.13136
13,0.5247,8.14952,1,-0.26036,-0.40655,0.39888
13,0.5247,8.14952,2,-0.39517,-0.31983,0.12709
14,0.28614,8.14952,1,-0.26036,-0.40655,0.39888
14,0.28614,8.14952,2,-0.39902,-0.35387,0.1195
15,0.67848,8.14952,1,-0.26036,-0.40655,0.39888
15,0.67848,8.14952,2,-0.39269,-0.29788,0.13199
16,0.85278,8.14952,1,-0.26036,-0.40655,0.39888
16,0.85278,8.14952,2,-0.38986,-0.27302,0.13755
17,0.10345,8.14952,1,-0.26036,-0.40655,0.39888
17,0.10345,8.14952,2,-0.40197,-0.37995,0.1137
18,0.3485,8.14952,1,-0.26036,-0.40655,0.39888
18,0.3485,8.14952,2,-0.39802,-0.34497,0.12148
19,0.61962,8.14952,1,-0.26036,-0.40655,0.39888
19,0.61962,8.14952,2,-0.39364,-0.30628,0.13011
20,0.32861,8.14952,1,-0.26036,-0.40655,0.39888
20,0.32861,8.14952,2,-0.39834,-0.34781,0.12085
