particle,elasticity,weight,frame,x,y,z
1,0.8341,8.29028,1,0.38679,0.12054,0.87302
1,0.8341,8.29028,2,0.26272,0.17089,0.88983
2,0.8997,8.28883,1,0.38574,0.12054,0.87302
2,0.8997,8.28883,2,0.25233,0.1711,0.88986
3,0.81687,8.29064,1,0.38707,0.12054,0.87302
3,0.81687,8.29064,2,0.26544,0.17084,0.88983
4,0.55548,8.29518,1,0.39128,0.12054,0.87302
4,0.55548,8.29518,2,0.30634,0.16962,0.88948
5,0.53118,8.29551,1,0.39168,0.12054,0.87302
5,0.53118,8.29551,2,0.31007,0.16949,0.88948
6,0.32611,8.29769,1,0.39498,0.12054,0.87302
6,0.32611,8.29769,2,0.34082,0.16856,0.88952
7,0.66202,8.29354,1,0.38957,0.12054,0.87302
7,0.66202,8.29354,2,0.28992,0.17008,0.88904
8,0.58337,8.29478,1,0.39083,0.12054,0.87302
8,0.58337,8.29478,2,0.30205,0.16977,0.88948
9,0.10897,8.29882,1,0.39848,0.12054,0.87302
9,0.10897,8.29882,2,0.37268,0.16863,0.88856
10,0.38521,8.29718,1,0.39403,0.12054,0.87302
10,0.38521,8.29718,2,0.33209,0.16877,0.88956
11,0.08514,8.29887,1,0.39886,0.12054,0.87302
11,0.08514,8.29887,2,0.37622,0.16873,0.88849
12,0.64945,8.29375,1,0.38977,0.12054,0.87302
12,0.64945,8.29375,2,0.29186,0.17003,0.8891
13,0.43259,8.2967,1,0.39326,0.12054,0.87302
13,0.43259,8.2967,2,0.32502,0.16897,0.88948
14,0.90401,8.28873,1,0.38567,0.12054,0.87302
14,0.90401,8.28873,2,0.25165,0.17111,0.88981
15,0.28263,8.29802,1,0.39568,0.12054,0.87302
15,0.28263,8.29802,2,0.3472,0.16842,0.88929
16,0.10977,8.29882,1,0.39847,0.12054,0.87302
16,0.10977,8.29882,2,0.37256,0.16863,0.88856
17,0.07256,8.29889,1,0.39907,0.12054,0.87302
17,0.07256,8.29889,2,0.3781,0.16879,0.88845
18,0.04561,8.29892,1,0.3995,0.12054,0.87302
18,0.04561,8.29892,2,0.38215,0.16893,0.88838
19,0.69042,8.29306,1,0.38911,0.12054,0.87302
19,0.69042,8.29306,2,0.28551,0.17019,0.88889
20,0.43398,8.29668,1,0.39324,0.12054,0.87302
20,0.43398,8.29668,2,0.32481,0.16898,0.88948
