particle,elasticity,weight,frame,x,y,z
1,0.04779,7.92947,1,0.38843,-0.18214,0.08663
1,0.04779,7.92947,2,0.31862,-0.15644,0.09592
2,0.15382,7.86901,1,0.38005,-0.18244,0.08865
2,0.15382,7.86901,2,0.29388,-0.15723,0.10923
3,0.27852,7.7799,1,0.37019,-0.18244,0.08865
3,0.27852,7.7799,2,0.26831,-0.15724,0.12435
4,0.18429,7.84813,1,0.37764,-0.18244,0.08865
4,0.18429,7.84813,2,0.28763,-0.15723,0.11292
5,0.70834,7.39842,1,0.33623,-0.18244,0.08867
5,0.70834,7.39842,2,0.1803,-0.15729,0.17637
6,0.96833,7.11187,1,0.3157,-0.18244,0.08868
6,0.96833,7.11187,2,0.12719,-0.15732,0.20774
7,0.39379,7.68888,1,0.36108,-0.18244,0.08865
7,0.39379,7.68888,2,0.24468,-0.15725,0.13832
8,0.91361,7.17566,1,0.32002,-0.18244,0.08868
8,0.91361,7.17566,2,0.13836,-0.15731,0.20114
9,0.37054,7.70791,1,0.36292,-0.18244,0.08865
9,0.37054,7.70791,2,0.24945,-0.15725,0.13551
10,0.91927,7.16916,1,0.31957,-0.18244,0.08868
10,0.91927,7.16916,2,0.1372,-0.15731,0.20182
11,0.92886,7.15808,1,0.31881,-0.18244,0.08868
11,0.92886,7.15808,2,0.13524,-0.15731,0.20298
12,0.2986,7.76464,1,0.36861,-0.18244,0.08865
12,0.2986,7.76464,2,0.26419,-0.15724,0.12679
13,0.39933,7.6843,1,0.36065,-0.18244,0.08865
13,0.39933,7.6843,2,0.24355,-0.15725,0.139
14,0.34081,7.73174,1,0.36527,-0.18244,0.08865
14,0.34081,7.73174,2,0.25554,-0.15725,0.1319
15,0.43338,7.65572,1,0.35796,-0.18244,0.08865
15,0.43338,7.65572,2,0.23657,-0.15726,0.14312
16,0.77386,7.33017,1,0.33106,-0.18244,0.08867
16,0.77386,7.33017,2,0.1669,-0.15729,0.18429
17,0.47059,7.62366,1,0.35502,-0.18244,0.08865
17,0.47059,7.62366,2,0.22895,-0.15726,0.14762
18,0.15038,7.87129,1,0.38032,-0.18244,0.08863
18,0.15038,7.87129,2,0.2946,-0.15723,0.10881
19,0.63982,7.46695,1,0.34164,-0.18244,0.08866
19,0.63982,7.46695,2,0.19431,-0.15728,0.16809
20,0.53615,7.56506,1,0.34983,-0.18244,0.08866
20,0.53615,7.56506,2,0.21553,-0.15727,0.15556
