particle,elasticity,weight,frame,x,y,z
1,0.29231,4.15093,1,0.37841,0.34792,0.3136
2,0.57077,4.15093,1,0.36335,0.32163,0.31631
3,0.16321,4.15093,1,0.3858,0.36012,0.31234
4,0.13725,4.15093,1,0.38732,0.36257,0.31208
5,0.69698,4.15093,1,0.3569,0.3107,0.31663
6,0.86646,4.15093,1,0.34829,0.29649,0.31665
7,0.761,4.15093,1,0.35365,0.30533,0.31664
8,0.34021,4.15093,1,0.37574,0.3434,0.31406
9,0.43541,4.15093,1,0.37052,0.33441,0.31499
10,0.12573,4.15093,1,0.388,0.36366,0.31197
11,0.19881,4.15093,1,0.38374,0.35676,0.31268
12,0.70849,4.15093,1,0.35632,0.30974,0.31664
13,0.40671,4.15093,1,0.37208,0.33712,0.31471
14,0.20624,4.15093,1,0.38331,0.35605,0.31276
15,0.61606,4.15093,1,0.36101,0.31749,0.31663
16,0.0344,4.15093,1,0.39343,0.37229,0.31108
17,0.40505,4.15093,1,0.37217,0.33727,0.3147
18,0.13099,4.15093,1,0.38769,0.36316,0.31202
19,0.15992,4.15093,1,0.386,0.36043,0.31231
20,0.83633,4.15093,1,0.34982,0.29902,0.31664
