particle,elasticity,weight,frame,x,y,z
1,0.55701,4.15093,1,-0.38848,0.20761,0.10253
2,0.95469,4.15093,1,-0.38466,0.20805,0.10338
3,0.45698,4.15093,1,-0.38944,0.2075,0.10231
4,0.22847,4.15093,1,-0.39164,0.20725,0.10183
5,0.00748,4.15093,1,-0.39376,0.20701,0.10135
6,0.26164,4.15093,1,-0.39132,0.20729,0.1019
7,0.79636,4.15093,1,-0.38618,0.20787,0.10304
8,0.24827,4.15093,1,-0.39145,0.20727,0.10187
9,0.75759,4.15093,1,-0.38656,0.20783,0.10296
10,0.53047,4.15093,1,-0.38874,0.20758,0.10247
11,0.82761,4.15093,1,-0.38588,0.20791,0.10311
12,0.10683,4.15093,1,-0.3928,0.20712,0.10157
13,0.53776,4.15093,1,-0.38867,0.20759,0.10249
14,0.39972,4.15093,1,-0.38999,0.20744,0.10219
15,0.06096,4.15093,1,-0.39325,0.20707,0.10147
16,0.89273,4.15093,1,-0.38526,0.20798,0.10324
17,0.54771,4.15093,1,-0.38857,0.2076,0.10251
18,0.94052,4.15093,1,-0.3848,0.20803,0.10335
19,0.32448,4.15093,1,-0.39071,0.20736,0.10203
20,0.81764,4.15093,1,-0.38598,0.2079,0.10308
