particle,elasticity,weight,frame,x,y,z
1,0.53755,8.24972,1,0.12475,0.31138,0.47796
1,0.53755,8.24972,2,0.12871,0.36533,0.30795
2,0.94982,8.24972,1,0.12475,0.31138,0.47796
2,0.94982,8.24972,2,0.12871,0.34364,0.30797
3,0.69619,8.24972,1,0.12475,0.31138,0.47796
3,0.69619,8.24972,2,0.12871,0.35698,0.30796
4,0.35072,8.24972,1,0.12475,0.31138,0.47796
4,0.35072,8.24972,2,0.12872,0.37516,0.30748
5,0.02622,8.24972,1,0.12475,0.31138,0.47796
5,0.02622,8.24972,2,0.12882,0.39223,0.30321
6,0.29564,8.24972,1,0.12475,0.31138,0.47796
6,0.29564,8.24972,2,0.12874,0.37806,0.30675
7,0.14752,8.24972,1,0.12475,0.31138,0.47796
7,0.14752,8.24972,2,0.12879,0.38585,0.30481
8,0.67183,8.24972,1,0.12475,0.31138,0.47796
8,0.67183,8.24972,2,0.12871,0.35826,0.30796
9,0.14528,8.24972,1,0.12475,0.31138,0.47796
9,0.14528,8.24972,2,0.12879,0.38597,0.30478
10,0.0348,8.24972,1,0.12475,0.31138,0.47796
10,0.0348,8.24972,2,0.12882,0.39178,0.30332
11,0.50554,8.24972,1,0.12475,0.31138,0.47796
11,0.50554,8.24972,2,0.12871,0.36701,0.30795
12,0.47064,8.24972,1,0.12475,0.31138,0.47796
12,0.47064,8.24972,2,0.12871,0.36885,0.30795
13,0.17992,8.24972,1,0.12475,0.31138,0.47796
13,0.17992,8.24972,2,0.12878,0.38414,0.30523
14,0.51009,8.24972,1,0.12475,0.31138,0.47796
14,0.51009,8.24972,2,0.12871,0.36677,0.30795
15,0.06729,8.24972,1,0.12475,0.31138,0.47796
15,0.06729,8.24972,2,0.12881,0.39007,0.30375
16,0.99087,8.24972,1,0.12475,0.31138,0.47796
16,0.99087,8.24972,2,0.12871,0.34148,0.30797
17,0.47519,8.24972,1,0.12475,0.31138,0.47796
17,0.47519,8.24972,2,0.12871,0.36861,0.30795
18,0.86542,8.24972,1,0.12475,0.31138,0.47796
18,0.86542,8.24972,2,0.12871,0.34808,0.30796
19,0.98212,8.24972,1,0.12475,0.31138,0.47796
19,0.98212,8.24972,2,0.12871,0.34194,0.30797
20,0.54005,8.24972,1,0.12475,0.31138,0.47796
20,0.54005,8.24972,2,0.12871,0.36519,0.30795
