particle,elasticity,weight,frame,x,y,z
1,0.75887,8.09264,1,0.36909,-0.02808,0.2625
1,0.75887,8.09264,2,0.24729,0.1715,0.106
2,0.94682,8.056,1,0.36274,-0.02918,0.26365
2,0.94682,8.056,2,0.21377,0.16578,0.11467
3,0.77985,8.08876,1,0.36838,-0.0282,0.26263
3,0.77985,8.08876,2,0.24355,0.17086,0.10697
4,0.73235,8.09746,1,0.36999,-0.02792,0.26234
4,0.73235,8.09746,2,0.25202,0.17231,0.10476
5,0.94208,8.05697,1,0.3629,-0.02915,0.26362
5,0.94208,8.05697,2,0.21462,0.16592,0.11445
6,0.29286,8.16501,1,0.38484,-0.02535,0.25967
6,0.29286,8.16501,2,0.32726,0.17853,0.11029
7,0.86171,8.07312,1,0.36562,-0.02868,0.26313
7,0.86171,8.07312,2,0.22895,0.16837,0.11077
8,0.96278,8.05269,1,0.3622,-0.02927,0.26375
8,0.96278,8.05269,2,0.21093,0.16529,0.11539
9,0.71018,8.10143,1,0.37074,-0.02779,0.26221
9,0.71018,8.10143,2,0.25598,0.17298,0.10372
10,0.58249,8.12313,1,0.37505,-0.02705,0.26143
10,0.58249,8.12313,2,0.27877,0.17686,0.09767
11,0.08861,8.18844,1,0.39174,-0.02416,0.25842
11,0.08861,8.18844,2,0.36423,0.1866,0.09826
12,0.27806,8.16688,1,0.38534,-0.02526,0.25958
12,0.27806,8.16688,2,0.32986,0.17897,0.10943
13,0.456,8.14267,1,0.37932,-0.02631,0.26066
13,0.456,8.14267,2,0.29858,0.17373,0.11298
14,0.79858,8.08525,1,0.36775,-0.02831,0.26275
14,0.79858,8.08525,2,0.24021,0.17029,0.10784
15,0.24496,8.17096,1,0.38645,-0.02507,0.25937
15,0.24496,8.17096,2,0.33583,0.18027,0.1075
16,0.70742,8.10192,1,0.37083,-0.02778,0.26219
16,0.70742,8.10192,2,0.25647,0.17307,0.10359
17,0.64303,8.11309,1,0.37301,-0.0274,0.2618
17,0.64303,8.11309,2,0.26796,0.17502,0.10055
18,0.31325,8.1624,1,0.38415,-0.02547,0.25979
18,0.31325,8.1624,2,0.32367,0.17793,0.11147
19,0.44898,8.1437,1,0.37956,-0.02627,0.26062
19,0.44898,8.1437,2,0.29982,0.17393,0.11305
20,0.43091,8.14632,1,0.38017,-0.02616,0.26051
20,0.43091,8.14632,2,0.30299,0.17447,0.11323
