particle,elasticity,weight,frame,x,y,z
1,0.26332,4.15093,1,0.16812,0.39509,0.83207
2,0.94997,4.15093,1,0.16812,0.36885,0.83207
3,0.05685,4.15093,1,0.16812,0.40298,0.83207
4,0.58082,4.15093,1,0.16812,0.38296,0.83207
5,0.3922,4.15093,1,0.16812,0.39016,0.83207
6,0.21911,4.15093,1,0.16812,0.39678,0.83207
7,0.82407,4.15093,1,0.16812,0.37366,0.83207
8,0.31362,4.15093,1,0.16812,0.39317,0.83207
9,0.67972,4.15093,1,0.16812,0.37918,0.83207
10,0.29036,4.15093,1,0.16812,0.39406,0.83207
11,0.79769,4.15093,1,0.16812,0.37467,0.83207
12,0.75025,4.15093,1,0.16812,0.37648,0.83207
13,0.03614,4.15093,1,0.16812,0.40377,0.83207
14,0.44839,4.15093,1,0.16812,0.38802,0.83207
15,0.88998,4.15093,1,0.16812,0.37114,0.83207
16,0.7207,4.15093,1,0.16812,0.37761,0.83207
17,0.73735,4.15093,1,0.16812,0.37698,0.83207
18,0.56833,4.15093,1,0.16812,0.38343,0.83207
19,0.64516,4.15093,1,0.16812,0.3805,0.83207
20,0.58795,4.15093,1,0.16812,0.38268,0.83207
