particle,elasticity,weight,frame,x,y,z
1,0.61629,4.15093,1,-0.02658,-0.17156,0.12567
2,0.79503,4.15093,1,-0.02658,-0.17156,0.1352
3,0.46197,4.15093,1,-0.02658,-0.17157,0.11745
4,0.04247,4.15093,1,-0.02658,-0.17157,0.09508
5,0.99052,4.15093,1,-0.02658,-0.17155,0.14561
6,0.87692,4.15093,1,-0.02658,-0.17156,0.13956
7,0.58898,4.15093,1,-0.02658,-0.17156,0.12422
8,0.65057,4.15093,1,-0.02658,-0.17156,0.1275
9,0.1516,4.15093,1,-0.02658,-0.17157,0.1009
10,0.37848,4.15093,1,-0.02658,-0.17157,0.11299
11,0.20684,4.15093,1,-0.02658,-0.17157,0.10384
12,0.96723,4.15093,1,-0.02658,-0.17155,0.14437
13,0.45996,4.15093,1,-0.02658,-0.17157,0.11734
14,0.42217,4.15093,1,-0.02658,-0.17157,0.11532
15,0.20174,4.15093,1,-0.02658,-0.17157,0.10357
16,0.31779,4.15093,1,-0.02658,-0.17157,0.10976
17,0.13904,4.15093,1,-0.02658,-0.17157,0.10023
18,0.4816,4.15093,1,-0.02658,-0.17156,0.11849
19,0.41713,4.15093,1,-0.02658,-0.17157,0.11505
20,0.47743,4.15093,1,-0.02658,-0.17156,0.11827
