particle,elasticity,weight,frame,x,y,z
1,0.87215,4.15093,1,0.24787,-0.14523,0.1927
2,0.48224,4.15093,1,0.24787,-0.14523,0.1927
3,0.925,4.15093,1,0.24787,-0.14523,0.1927
4,0.37295,4.15093,1,0.24787,-0.14523,0.1927
5,0.35905,4.15093,1,0.24787,-0.14523,0.1927
6,0.61343,4.15093,1,0.24787,-0.14523,0.1927
7,0.30981,4.15093,1,0.24787,-0.14523,0.1927
8,0.95923,4.15093,1,0.24787,-0.14523,0.1927
9,0.95763,4.15093,1,0.24787,-0.14523,0.1927
10,0.63048,4.15093,1,0.24787,-0.14523,0.1927
11,0.42513,4.15093,1,0.24787,-0.14523,0.1927
12,0.4086,4.15093,1,0.24787,-0.14523,0.1927
13,0.98914,4.15093,1,0.24787,-0.14523,0.1927
14,0.65717,4.15093,1,0.24787,-0.14523,0.1927
15,0.12863,4.15093,1,0.24787,-0.14523,0.1927
16,0.88037,4.15093,1,0.24787,-0.14523,0.1927
17,0.50695,4.15093,1,0.24787,-0.14523,0.1927
18,0.24151,4.15093,1,0.24787,-0.14523,0.1927
19,0.39948,4.15093,1,0.24787,-0.14523,0.1927
20,0.80761,4.15093,1,0.24787,-0.14523,0.1927
