particle,elasticity,weight,frame,x,y,z
1,0.39586,4.15093,1,0.18708,-0.37068,0.1014
2,0.33827,4.15093,1,0.18714,-0.37396,0.10119
3,0.23997,4.15093,1,0.18724,-0.37957,0.10084
4,0.74212,4.15093,1,0.18684,-0.35111,0.10263
5,0.94837,4.15093,1,0.18679,-0.33948,0.10336
6,0.56003,4.15093,1,0.18694,-0.36138,0.10198
7,0.15883,4.15093,1,0.18734,-0.38421,0.10055
8,0.02054,4.15093,1,0.18744,-0.39,0.10006
9,0.20464,4.15093,1,0.18729,-0.38159,0.10071
10,0.63752,4.15093,1,0.18689,-0.35701,0.10226
11,0.67404,4.15093,1,0.18687,-0.35495,0.10239
12,0.5937,4.15093,1,0.18692,-0.35948,0.1021
13,0.72212,4.15093,1,0.18685,-0.35224,0.10256
14,0.2586,4.15093,1,0.18722,-0.3785,0.10091
15,0.83466,4.15093,1,0.18681,-0.34589,0.10296
16,0.2882,4.15093,1,0.18719,-0.37681,0.10101
17,0.00089,4.15093,1,0.18745,-0.38967,0.09999
18,0.95055,4.15093,1,0.18679,-0.33936,0.10337
19,0.49308,4.15093,1,0.18699,-0.36517,0.10174
20,0.49917,4.15093,1,0.18699,-0.36483,0.10176
