particle,elasticity,weight,frame,x,y,z
1,0.33517,8.19504,1,0.11619,-0.37515,0.14284
1,0.33517,8.19504,2,0.10286,-0.32845,0.11754
2,0.94227,8.19504,1,0.11619,-0.37515,0.14284
2,0.94227,8.19504,2,0.10287,-0.26199,0.15651
3,0.83084,8.19504,1,0.11619,-0.37515,0.14284
3,0.83084,8.19504,2,0.10287,-0.27418,0.14937
4,0.91974,8.19504,1,0.11619,-0.37515,0.14284
4,0.91974,8.19504,2,0.10287,-0.26445,0.15507
5,0.89635,8.19504,1,0.11619,-0.37515,0.14284
5,0.89635,8.19504,2,0.10287,-0.26701,0.15357
6,0.54098,8.19504,1,0.11619,-0.37515,0.14284
6,0.54098,8.19504,2,0.10286,-0.3059,0.13076
7,0.506,8.19504,1,0.11619,-0.37515,0.14284
7,0.506,8.19504,2,0.10286,-0.30973,0.12851
8,0.44021,8.19504,1,0.11619,-0.37515,0.14284
8,0.44021,8.19504,2,0.10286,-0.31694,0.12429
9,0.36905,8.19504,1,0.11619,-0.37515,0.14284
9,0.36905,8.19504,2,0.10286,-0.32473,0.11971
10,0.82343,8.19504,1,0.11619,-0.37515,0.14284
10,0.82343,8.19504,2,0.10287,-0.27499,0.14889
11,0.008,8.19504,1,0.11619,-0.37515,0.14284
11,0.008,8.19504,2,0.10287,-0.36445,0.09956
12,0.01077,8.19504,1,0.11619,-0.37515,0.14284
12,0.01077,8.19504,2,0.10287,-0.36413,0.09958
13,0.27538,8.19504,1,0.11619,-0.37515,0.14284
13,0.27538,8.19504,2,0.10286,-0.335,0.11369
14,0.13464,8.19504,1,0.11619,-0.37515,0.14284
14,0.13464,8.19504,2,0.10286,-0.35043,0.10464
15,0.48052,8.19504,1,0.11619,-0.37515,0.14284
15,0.48052,8.19504,2,0.10286,-0.31252,0.12688
16,0.51255,8.19504,1,0.11619,-0.37515,0.14284
16,0.51255,8.19504,2,0.10286,-0.30901,0.12894
17,0.18605,8.19504,1,0.11619,-0.37515,0.14284
17,0.18605,8.19504,2,0.10286,-0.3448,0.10795
18,0.21129,8.19504,1,0.11619,-0.37515,0.14284
18,0.21129,8.19504,2,0.10286,-0.34203,0.10957
19,0.12612,8.19504,1,0.11619,-0.37515,0.14284
19,0.12612,8.19504,2,0.10286,-0.35137,0.10409
20,0.52985,8.19504,1,0.11619,-0.37515,0.14284
20,0.52985,8.19504,2,0.10286,-0.30712,0.13005
