particle,elasticity,weight,frame,x,y,z
1,0.89955,4.15093,1,0.36689,0.09308,0.11879
2,0.84848,4.15093,1,0.36816,0.09325,0.11702
3,0.34656,4.15093,1,0.38071,0.09487,0.09906
4,0.0352,4.15093,1,0.38849,0.09587,0.08744
5,0.8683,4.15093,1,0.36767,0.09318,0.11771
6,0.40522,4.15093,1,0.37924,0.09468,0.10121
7,0.41805,4.15093,1,0.37892,0.09464,0.10167
8,0.63331,4.15093,1,0.37354,0.09394,0.10944
9,0.20869,4.15093,1,0.38416,0.09531,0.09396
10,0.22615,4.15093,1,0.38372,0.09526,0.09461
11,0.52589,4.15093,1,0.37623,0.09429,0.10558
12,0.7893,4.15093,1,0.36964,0.09344,0.11495
13,0.11654,4.15093,1,0.38646,0.09561,0.09051
14,0.48814,4.15093,1,0.37717,0.09441,0.10422
15,0.12087,4.15093,1,0.38635,0.0956,0.09067
16,0.28861,4.15093,1,0.38216,0.09506,0.09692
17,0.04222,4.15093,1,0.38832,0.09585,0.08771
18,0.73449,4.15093,1,0.37101,0.09362,0.11302
19,0.10124,4.15093,1,0.38684,0.09566,0.08994
20,0.0318,4.15093,1,0.38858,0.09588,0.08731
