particle,elasticity,weight,frame,x,y,z
1,0.10813,4.15093,1,0.34651,0.40759,0.80631
2,0.4162,4.15093,1,0.34365,0.39076,0.80322
3,0.62442,4.15093,1,0.34172,0.37938,0.80113
4,0.44613,4.15093,1,0.34337,0.38912,0.80292
5,0.11556,4.15093,1,0.34644,0.40719,0.80623
6,0.3897,4.15093,1,0.3439,0.39221,0.80348
7,0.09701,4.15093,1,0.34661,0.4082,0.80642
8,0.25626,4.15093,1,0.34513,0.3995,0.80482
9,0.77675,4.15093,1,0.34031,0.37106,0.7996
10,0.01527,4.15093,1,0.34737,0.41267,0.80724
11,0.2918,4.15093,1,0.3448,0.39756,0.80447
12,0.9638,4.15093,1,0.33968,0.36084,0.79892
13,0.71855,4.15093,1,0.34085,0.37424,0.80018
14,0.34272,4.15093,1,0.34433,0.39477,0.80395
15,0.57905,4.15093,1,0.34214,0.38186,0.80158
16,0.48302,4.15093,1,0.34303,0.38711,0.80255
17,0.33098,4.15093,1,0.34444,0.39542,0.80407
18,0.81168,4.15093,1,0.33998,0.36915,0.79925
19,0.25418,4.15093,1,0.34515,0.39961,0.80484
20,0.71704,4.15093,1,0.34086,0.37432,0.8002
