particle,elasticity,weight,frame,x,y,z
1,0.62307,4.15093,1,-0.20528,-0.11525,0.32098
2,0.12543,4.15093,1,-0.20528,-0.11525,0.32098
3,0.37418,4.15093,1,-0.20528,-0.11525,0.32098
4,0.25868,4.15093,1,-0.20528,-0.11525,0.32098
5,0.08229,4.15093,1,-0.20528,-0.11525,0.32098
6,0.70572,4.15093,1,-0.20528,-0.11525,0.32098
7,0.26731,4.15093,1,-0.20528,-0.11525,0.32098
8,0.29618,4.15093,1,-0.20528,-0.11525,0.32098
9,0.39445,4.15093,1,-0.20528,-0.11525,0.32098
10,0.71527,4.15093,1,-0.20528,-0.11525,0.32098
11,0.59647,4.15093,1,-0.20528,-0.11525,0.32098
12,0.94868,4.15093,1,-0.20528,-0.11525,0.32098
13,0.36358,4.15093,1,-0.20528,-0.11525,0.32098
14,0.57705,4.15093,1,-0.20528,-0.11525,0.32098
15,0.58262,4.15093,1,-0.20528,-0.11525,0.32098
16,0.18847,4.15093,1,-0.20528,-0.11525,0.32098
17,0.40545,4.15093,1,-0.20528,-0.11525,0.32098
18,0.32476,4.15093,1,-0.20528,-0.11525,0.32098
19,0.80222,4.15093,1,-0.20528,-0.11525,0.32098
20,0.13188,4.15093,1,-0.20528,-0.11525,0.32098
