particle,elasticity,weight,frame,x,y,z
1,0.65547,8.2668,1,0.38107,-0.00162,0.70088
1,0.65547,8.2668,2,0.27509,-0.03478,0.88268
2,0.47891,8.26969,1,0.38412,-0.00162,0.70088
2,0.47891,8.26969,2,0.30448,-0.03479,0.88465
3,0.05537,8.2707,1,0.39142,-0.00176,0.70174
3,0.05537,8.2707,2,0.37556,-0.03611,0.89361
4,0.47132,8.26979,1,0.38425,-0.00162,0.70088
4,0.47132,8.26979,2,0.30575,-0.03479,0.88474
5,0.03319,8.27048,1,0.3918,-0.00178,0.70183
5,0.03319,8.27048,2,0.37931,-0.03626,0.89465
6,0.42419,8.2704,1,0.38506,-0.00162,0.70088
6,0.42419,8.2704,2,0.31359,-0.03479,0.88526
7,0.04767,8.27062,1,0.39155,-0.00177,0.70177
7,0.04767,8.27062,2,0.37686,-0.03616,0.89397
8,0.59895,8.26783,1,0.38205,-0.00162,0.70088
8,0.59895,8.26783,2,0.2845,-0.03478,0.88331
9,0.09224,8.27103,1,0.39078,-0.00174,0.70158
9,0.09224,8.27103,2,0.36932,-0.03587,0.8919
10,0.09943,8.27109,1,0.39066,-0.00173,0.70155
10,0.09943,8.27109,2,0.3681,-0.03583,0.89157
11,0.79576,8.26385,1,0.37866,-0.00162,0.70088
11,0.79576,8.26385,2,0.25175,-0.03477,0.88112
12,0.67101,8.2665,1,0.38081,-0.00162,0.70088
12,0.67101,8.2665,2,0.27251,-0.03478,0.88251
13,0.92636,8.26057,1,0.37641,-0.00162,0.70088
13,0.92636,8.26057,2,0.23004,-0.03476,0.87967
14,0.50286,8.26935,1,0.38371,-0.00162,0.70088
14,0.50286,8.26935,2,0.30049,-0.03479,0.88439
15,0.40287,8.27065,1,0.38543,-0.00162,0.70088
15,0.40287,8.27065,2,0.31714,-0.03479,0.8855
16,0.74794,8.26492,1,0.37948,-0.00162,0.70088
16,0.74794,8.26492,2,0.25971,-0.03477,0.88165
17,0.31062,8.27158,1,0.38702,-0.00162,0.70088
17,0.31062,8.27158,2,0.33251,-0.03479,0.88653
18,0.11856,8.27124,1,0.39033,-0.00172,0.70147
18,0.11856,8.27124,2,0.36487,-0.0357,0.89069
19,0.43288,8.27029,1,0.38491,-0.00162,0.70088
19,0.43288,8.27029,2,0.31215,-0.03479,0.88517
20,0.25433,8.27199,1,0.38799,-0.00163,0.70089
20,0.25433,8.27199,2,0.34189,-0.03482,0.88716
