particle,elasticity,weight,frame,x,y,z
1,0.63306,7.13607,1,0.06981,-0.32315,0.59222
1,0.63306,7.13607,2,0.00464,-0.23716,0.46243
2,0.5755,7.22688,1,0.06981,-0.32925,0.59222
2,0.5755,7.22688,2,0.00462,-0.25102,0.4624
3,0.33386,7.56772,1,0.0698,-0.35485,0.5922
3,0.33386,7.56772,2,0.00457,-0.30928,0.46231
4,0.06859,7.86654,1,0.0698,-0.38296,0.59219
4,0.06859,7.86654,2,0.00454,-0.3733,0.46226
5,0.9834,6.50361,1,0.06984,-0.28607,0.59226
5,0.9834,6.50361,2,0.00475,-0.15288,0.46264
6,0.66764,7.07973,1,0.06982,-0.31949,0.59223
6,0.66764,7.07973,2,0.00465,-0.22883,0.46245
7,0.23987,7.68262,1,0.0698,-0.36481,0.5922
7,0.23987,7.68262,2,0.00456,-0.33196,0.46228
8,0.81902,6.8174,1,0.06982,-0.30347,0.59224
8,0.81902,6.8174,2,0.0047,-0.1924,0.46254
9,0.78432,6.87979,1,0.06982,-0.30714,0.59224
9,0.78432,6.87979,2,0.00469,-0.20075,0.46252
10,0.76886,6.90715,1,0.06982,-0.30878,0.59224
10,0.76886,6.90715,2,0.00468,-0.20447,0.46251
11,0.13795,7.79603,1,0.0698,-0.37561,0.5922
11,0.13795,7.79603,2,0.00455,-0.35656,0.46226
12,0.78773,6.87372,1,0.06982,-0.30678,0.59224
12,0.78773,6.87372,2,0.00469,-0.19993,0.46252
13,0.23994,7.68254,1,0.0698,-0.3648,0.5922
13,0.23994,7.68254,2,0.00456,-0.33194,0.46228
14,0.34613,7.55198,1,0.0698,-0.35355,0.5922
14,0.34613,7.55198,2,0.00457,-0.30632,0.46231
15,0.21671,7.70942,1,0.0698,-0.36726,0.5922
15,0.21671,7.70942,2,0.00456,-0.33755,0.46228
16,0.11706,7.81783,1,0.0698,-0.37782,0.59219
16,0.11706,7.81783,2,0.00455,-0.3616,0.46226
17,0.89183,6.68211,1,0.06983,-0.29576,0.59225
17,0.89183,6.68211,2,0.00472,-0.17489,0.46258
18,0.79388,6.86273,1,0.06982,-0.30613,0.59224
18,0.79388,6.86273,2,0.00469,-0.19845,0.46252
19,0.49362,7.34969,1,0.06981,-0.33792,0.59221
19,0.49362,7.34969,2,0.0046,-0.27076,0.46237
20,0.42747,7.44343,1,0.06981,-0.34493,0.59221
20,0.42747,7.44343,2,0.00459,-0.28671,0.46234
