particle,elasticity,weight,frame,x,y,z
1,0.05226,4.15093,1,-0.1165,0.39293,0.09113
2,0.00436,4.15093,1,-0.11577,0.39485,0.08785
3,0.43411,4.15093,1,-0.11921,0.37769,0.11879
4,0.08,4.15093,1,-0.11683,0.39183,0.09314
5,0.72495,4.15093,1,-0.12017,0.36609,0.13985
6,0.68307,4.15093,1,-0.12006,0.36776,0.13682
7,0.49234,4.15093,1,-0.11945,0.37537,0.12301
8,0.60738,4.15093,1,-0.11984,0.37078,0.13134
9,0.47671,4.15093,1,-0.11939,0.37599,0.12188
10,0.19877,4.15093,1,-0.1179,0.38709,0.10175
11,0.9135,4.15093,1,-0.1206,0.35858,0.1535
12,0.6765,4.15093,1,-0.12004,0.36802,0.13635
13,0.29025,4.15093,1,-0.1185,0.38343,0.10837
14,0.18966,4.15093,1,-0.11783,0.38745,0.10109
15,0.96258,4.15093,1,-0.12069,0.35662,0.15705
16,0.74149,4.15093,1,-0.12022,0.36543,0.14105
17,0.22114,4.15093,1,-0.11806,0.38619,0.10337
18,0.15575,4.15093,1,-0.11756,0.3888,0.09863
19,0.27774,4.15093,1,-0.11842,0.38393,0.10747
20,0.71101,4.15093,1,-0.12014,0.36665,0.13884
