particle,elasticity,weight,frame,x,y,z
1,0.13016,4.15093,1,-0.20543,-0.24983,0.77463
2,0.38894,4.15093,1,-0.20543,-0.24983,0.77463
3,0.05918,4.15093,1,-0.20543,-0.24983,0.77463
4,0.72266,4.15093,1,-0.20543,-0.24983,0.77463
5,0.64893,4.15093,1,-0.20543,-0.24983,0.77463
6,0.46613,4.15093,1,-0.20543,-0.24983,0.77463
7,0.09979,4.15093,1,-0.20543,-0.24983,0.77463
8,0.94178,4.15093,1,-0.20543,-0.24983,0.77463
9,0.13816,4.15093,1,-0.20543,-0.24983,0.77463
10,0.36348,4.15093,1,-0.20543,-0.24983,0.77463
11,0.47124,4.15093,1,-0.20543,-0.24983,0.77463
12,0.45168,4.15093,1,-0.20543,-0.24983,0.77463
13,0.68573,4.15093,1,-0.20543,-0.24983,0.77463
14,0.87534,4.15093,1,-0.20543,-0.24983,0.77463
15,0.88226,4.15093,1,-0.20543,-0.24983,0.77463
16,0.30546,4.15093,1,-0.20543,-0.24983,0.77463
17,0.84988,4.15093,1,-0.20543,-0.24983,0.77463
18,0.72607,4.15093,1,-0.20543,-0.24983,0.77463
19,0.6883,4.15093,1,-0.20543,-0.24983,0.77463
20,0.37684,4.15093,1,-0.20543,-0.24983,0.77463
