particle,elasticity,weight,frame,x,y,z
1,0.67985,4.15093,1,-0.37624,0.00644,0.88045
2,0.77197,4.15093,1,-0.37197,0.00644,0.87915
3,0.5876,4.15093,1,-0.38052,0.00644,0.88176
4,0.34112,4.15093,1,-0.39194,0.00645,0.88524
5,0.72973,4.15093,1,-0.37393,0.00644,0.87975
6,0.32302,4.15093,1,-0.39278,0.00645,0.88549
7,0.52176,4.15093,1,-0.38357,0.00645,0.88269
8,0.2656,4.15093,1,-0.39544,0.00645,0.88631
9,0.76237,4.15093,1,-0.37242,0.00644,0.87929
10,0.147,4.15093,1,-0.40094,0.00645,0.88798
11,0.67577,4.15093,1,-0.37643,0.00644,0.88051
12,0.84428,4.15093,1,-0.36862,0.00644,0.87813
13,0.4011,4.15093,1,-0.38916,0.00645,0.88439
14,0.01876,4.15093,1,-0.40688,0.00645,0.88979
15,0.20202,4.15093,1,-0.39839,0.00645,0.8872
16,0.28692,4.15093,1,-0.39445,0.00645,0.886
17,0.64368,4.15093,1,-0.37792,0.00644,0.88096
18,0.67953,4.15093,1,-0.37626,0.00644,0.88046
19,0.05568,4.15093,1,-0.40517,0.00645,0.88927
20,0.6484,4.15093,1,-0.3777,0.00644,0.8809
