particle,elasticity,weight,frame,x,y,z
1,0.83481,4.15093,1,-0.17907,0.04743,0.39088
2,0.23973,4.15093,1,-0.17907,0.04743,0.39088
3,0.14158,4.15093,1,-0.17907,0.04743,0.39088
4,0.45624,4.15093,1,-0.17907,0.04743,0.39088
5,0.12515,4.15093,1,-0.17907,0.04743,0.39088
6,0.85664,4.15093,1,-0.17907,0.04743,0.39088
7,0.70697,4.15093,1,-0.17907,0.04743,0.39088
8,0.39181,4.15093,1,-0.17907,0.04743,0.39088
9,0.28898,4.15093,1,-0.17907,0.04743,0.39088
10,0.29098,4.15093,1,-0.17907,0.04743,0.39088
11,0.03847,4.15093,1,-0.17907,0.04743,0.39088
12,0.47905,4.15093,1,-0.17907,0.04743,0.39088
13,0.7853,4.15093,1,-0.17907,0.04743,0.39088
14,0.39822,4.15093,1,-0.17907,0.04743,0.39088
15,0.58013,4.15093,1,-0.17907,0.04743,0.39088
16,0.00851,4.15093,1,-0.17907,0.04743,0.39088
17,0.03368,4.15093,1,-0.17907,0.04743,0.39088
18,0.33894,4.15093,1,-0.17907,0.04743,0.39088
19,0.28207,4.15093,1,-0.17907,0.04743,0.39088
20,0.92935,4.15093,1,-0.17907,0.04743,0.39088
