particle,elasticity,weight,frame,x,y,z
1,0.26335,4.15093,1,-0.17673,0.217,0.8266
2,0.35808,4.15093,1,-0.17673,0.217,0.8266
3,0.41558,4.15093,1,-0.17673,0.217,0.8266
4,0.6711,4.15093,1,-0.17673,0.217,0.8266
5,0.06383,4.15093,1,-0.17673,0.217,0.8266
6,0.38264,4.15093,1,-0.17673,0.217,0.8266
7,0.43563,4.15093,1,-0.17673,0.217,0.8266
8,0.45588,4.15093,1,-0.17673,0.217,0.8266
9,0.80963,4.15093,1,-0.17673,0.217,0.8266
10,0.23685,4.15093,1,-0.17673,0.217,0.8266
11,0.53606,4.15093,1,-0.17673,0.217,0.8266
12,0.48908,4.15093,1,-0.17673,0.217,0.8266
13,0.67998,4.15093,1,-0.17673,0.217,0.8266
14,0.03713,4.15093,1,-0.17673,0.217,0.8266
15,0.45129,4.15093,1,-0.17673,0.217,0.8266
16,0.85303,4.15093,1,-0.17673,0.217,0.8266
17,0.39535,4.15093,1,-0.17673,0.217,0.8266
18,0.96627,4.15093,1,-0.17673,0.217,0.8266
19,0.91658,4.15093,1,-0.17673,0.217,0.8266
20,0.55417,4.15093,1,-0.17673,0.217,0.8266
