particle,elasticity,weight,frame,x,y,z
1,0.44624,4.15093,1,-0.02246,-0.01078,0.17873
2,0.19193,4.15093,1,-0.02246,-0.01078,0.17873
3,0.40968,4.15093,1,-0.02246,-0.01078,0.17873
4,0.15868,4.15093,1,-0.02246,-0.01078,0.17873
5,0.14104,4.15093,1,-0.02246,-0.01078,0.17873
6,0.43104,4.15093,1,-0.02246,-0.01078,0.17873
7,0.45094,4.15093,1,-0.02246,-0.01078,0.17873
8,0.14248,4.15093,1,-0.02246,-0.01078,0.17873
9,0.32093,4.15093,1,-0.02246,-0.01078,0.17873
10,0.30116,4.15093,1,-0.02246,-0.01078,0.17873
11,0.63806,4.15093,1,-0.02246,-0.01078,0.17873
12,0.05849,4.15093,1,-0.02246,-0.01078,0.17873
13,0.61228,4.15093,1,-0.02246,-0.01078,0.17873
14,0.93216,4.15093,1,-0.02246,-0.01078,0.17873
15,0.88164,4.15093,1,-0.02246,-0.01078,0.17873
16,0.32201,4.15093,1,-0.02246,-0.01078,0.17873
17,0.25652,4.15093,1,-0.02246,-0.01078,0.17873
18,0.60886,4.15093,1,-0.02246,-0.01078,0.17873
19,0.30751,4.15093,1,-0.02246,-0.01078,0.17873
20,0.45454,4.15093,1,-0.02246,-0.01078,0.17873
