particle,elasticity,weight,frame,x,y,z
1,0.96675,4.15093,1,-0.0033,-0.05112,0.11475
2,0.02889,4.15093,1,-0.00455,-0.04864,0.09785
3,0.32229,4.15093,1,-0.00396,-0.04982,0.10314
4,0.53596,4.15093,1,-0.00352,-0.05068,0.10699
5,0.69054,4.15093,1,-0.0033,-0.05112,0.10977
6,0.94883,4.15093,1,-0.0033,-0.05112,0.11442
7,0.84566,4.15093,1,-0.0033,-0.05112,0.11256
8,0.40886,4.15093,1,-0.00378,-0.05017,0.1047
9,0.41686,4.15093,1,-0.00376,-0.0502,0.10484
10,0.91767,4.15093,1,-0.0033,-0.05112,0.11386
11,0.1317,4.15093,1,-0.00434,-0.04905,0.0997
12,0.3284,4.15093,1,-0.00394,-0.04984,0.10325
13,0.99864,4.15093,1,-0.0033,-0.05112,0.11532
14,0.64303,4.15093,1,-0.0033,-0.05111,0.10891
15,0.79206,4.15093,1,-0.0033,-0.05112,0.1116
16,0.78924,4.15093,1,-0.0033,-0.05112,0.11155
17,0.05334,4.15093,1,-0.0045,-0.04874,0.09829
18,0.48981,4.15093,1,-0.00361,-0.05049,0.10615
19,0.20814,4.15093,1,-0.00419,-0.04936,0.10108
20,0.97928,4.15093,1,-0.0033,-0.05112,0.11497
