particle,elasticity,weight,frame,x,y,z
1,0.76612,4.15093,1,-0.36251,-0.15361,0.47047
2,0.09323,4.15093,1,-0.38998,-0.15366,0.47066
3,0.97164,4.15093,1,-0.35355,-0.15361,0.47047
4,0.96549,4.15093,1,-0.35381,-0.15361,0.47047
5,0.70458,4.15093,1,-0.36519,-0.1536,0.47047
6,0.87856,4.15093,1,-0.3576,-0.15361,0.47047
7,0.15332,4.15093,1,-0.38923,-0.1536,0.47047
8,0.53688,4.15093,1,-0.3725,-0.1536,0.47047
9,0.15999,4.15093,1,-0.38894,-0.1536,0.47047
10,0.98189,4.15093,1,-0.3531,-0.15361,0.47047
11,0.66754,4.15093,1,-0.3668,-0.1536,0.47047
12,0.39474,4.15093,1,-0.3787,-0.1536,0.47047
13,0.75472,4.15093,1,-0.363,-0.15361,0.47047
14,0.03722,4.15093,1,-0.39001,-0.15368,0.47071
15,0.70974,4.15093,1,-0.36496,-0.1536,0.47047
16,0.45298,4.15093,1,-0.37616,-0.1536,0.47047
17,0.36296,4.15093,1,-0.38008,-0.1536,0.47047
18,0.89291,4.15093,1,-0.35698,-0.15361,0.47047
19,0.83944,4.15093,1,-0.35931,-0.15361,0.47047
20,0.86951,4.15093,1,-0.358,-0.15361,0.47047
