particle,elasticity,weight,frame,x,y,z
1,0.08036,4.15093,1,-0.02764,0.30243,0.10065
2,0.20337,4.15093,1,-0.02535,0.3022,0.11288
3,0.36945,4.15093,1,-0.02534,0.3022,0.12939
4,0.56119,4.15093,1,-0.02533,0.3022,0.14844
5,0.65375,4.15093,1,-0.02532,0.3022,0.15764
6,0.87348,4.15093,1,-0.0253,0.3022,0.17947
7,0.84715,4.15093,1,-0.0253,0.3022,0.17685
8,0.82426,4.15093,1,-0.0253,0.3022,0.17458
9,0.20133,4.15093,1,-0.02535,0.3022,0.11267
10,0.94218,4.15093,1,-0.02529,0.3022,0.18629
11,0.705,4.15093,1,-0.02532,0.3022,0.16273
12,0.9119,4.15093,1,-0.02529,0.3022,0.18328
13,0.33638,4.15093,1,-0.02535,0.3022,0.1261
14,0.93292,4.15093,1,-0.02529,0.3022,0.18537
15,0.80714,4.15093,1,-0.0253,0.3022,0.17288
16,0.35219,4.15093,1,-0.02535,0.3022,0.12767
17,0.28875,4.15093,1,-0.02535,0.3022,0.12136
18,0.2052,4.15093,1,-0.02535,0.3022,0.11306
19,0.38959,4.15093,1,-0.02534,0.3022,0.13139
20,0.05487,4.15093,1,-0.02827,0.3025,0.09811
