particle,elasticity,weight,frame,x,y,z
1,0.97207,4.15093,1,0.05785,-0.09012,0.08996
2,0.92099,4.15093,1,0.05785,-0.09012,0.08907
3,0.45494,4.15093,1,0.05785,-0.09012,0.0809
4,0.02038,4.15093,1,0.05785,-0.09012,0.07329
5,0.54444,4.15093,1,0.05785,-0.09012,0.08247
6,0.17995,4.15093,1,0.05785,-0.09012,0.07608
7,0.01312,4.15093,1,0.05785,-0.09012,0.07316
8,0.62325,4.15093,1,0.05785,-0.09012,0.08385
9,0.67916,4.15093,1,0.05785,-0.09012,0.08483
10,0.48891,4.15093,1,0.05785,-0.09012,0.0815
11,0.08625,4.15093,1,0.05785,-0.09012,0.07444
12,0.72268,4.15093,1,0.05785,-0.09012,0.08559
13,0.9331,4.15093,1,0.05785,-0.09012,0.08928
14,0.11716,4.15093,1,0.05785,-0.09012,0.07498
15,0.30226,4.15093,1,0.05785,-0.09012,0.07823
16,0.49184,4.15093,1,0.05785,-0.09012,0.08155
17,0.45129,4.15093,1,0.05785,-0.09012,0.08084
18,0.95829,4.15093,1,0.05785,-0.09012,0.08972
19,0.43568,4.15093,1,0.05785,-0.09012,0.08056
20,0.72923,4.15093,1,0.05785,-0.09012,0.08571
