particle,elasticity,weight,frame,x,y,z
1,0.97714,7.31258,1,-0.33282,-0.35371,0.711
1,0.97714,7.31258,2,-0.21458,-0.38615,0.87296
2,0.06695,7.93487,1,-0.39003,-0.35644,0.72504
2,0.06695,7.93487,2,-0.36635,-0.39001,0.8971
3,0.1903,7.8709,1,-0.38228,-0.35607,0.72314
3,0.1903,7.8709,2,-0.34619,-0.3899,0.88915
4,0.09257,7.92211,1,-0.38842,-0.35637,0.72464
4,0.09257,7.92211,2,-0.36205,-0.39001,0.89539
5,0.35162,7.77761,1,-0.37213,-0.35559,0.72065
5,0.35162,7.77761,2,-0.3191,-0.3877,0.87832
6,0.78608,7.47203,1,-0.34482,-0.35429,0.71395
6,0.78608,7.47203,2,-0.2472,-0.38517,0.88319
7,0.05946,7.93855,1,-0.3905,-0.35647,0.72515
7,0.05946,7.93855,2,-0.36761,-0.39001,0.8976
8,0.18504,7.87376,1,-0.38261,-0.35609,0.72322
8,0.18504,7.87376,2,-0.34707,-0.38997,0.88951
9,0.41996,7.73478,1,-0.36784,-0.35539,0.7196
9,0.41996,7.73478,2,-0.3076,-0.38678,0.87379
10,0.65482,7.57269,1,-0.35307,-0.35468,0.71598
10,0.65482,7.57269,2,-0.26957,-0.38454,0.89028
11,0.51666,7.67085,1,-0.36176,-0.3551,0.71811
11,0.51666,7.67085,2,-0.2914,-0.38562,0.86923
12,0.17602,7.87864,1,-0.38317,-0.35612,0.72336
12,0.17602,7.87864,2,-0.34859,-0.39009,0.89012
13,0.74234,7.50637,1,-0.34757,-0.35442,0.71463
13,0.74234,7.50637,2,-0.25465,-0.38496,0.88555
14,0.53598,7.6576,1,-0.36054,-0.35504,0.71781
14,0.53598,7.6576,2,-0.28821,-0.38571,0.86977
15,0.25719,7.83354,1,-0.37807,-0.35587,0.72211
15,0.25719,7.83354,2,-0.33496,-0.38898,0.88463
16,0.84811,7.42194,1,-0.34093,-0.3541,0.71299
16,0.84811,7.42194,2,-0.23661,-0.38548,0.87985
17,0.19012,7.871,1,-0.38229,-0.35608,0.72314
17,0.19012,7.871,2,-0.34622,-0.3899,0.88916
18,0.79765,7.46281,1,-0.3441,-0.35425,0.71377
18,0.79765,7.46281,2,-0.24522,-0.38523,0.88256
19,0.53708,7.65685,1,-0.36048,-0.35503,0.71779
19,0.53708,7.65685,2,-0.28803,-0.38572,0.8698
20,0.19593,7.86783,1,-0.38192,-0.35606,0.72305
20,0.19593,7.86783,2,-0.34524,-0.38982,0.88877
