particle,elasticity,weight,frame,x,y,z
1,0.79327,8.19835,1,-0.34936,-0.04033,0.3063
1,0.79327,8.19835,2,-0.3529,0.07369,0.13075
2,0.36555,8.19835,1,-0.34936,-0.04033,0.3063
2,0.36555,8.19835,2,-0.36955,0.07507,0.10732
3,0.98468,8.19835,1,-0.34936,-0.04033,0.3063
3,0.98468,8.19835,2,-0.34545,0.07307,0.14094
4,0.95508,8.19835,1,-0.34936,-0.04033,0.3063
4,0.95508,8.19835,2,-0.3466,0.07316,0.13938
5,0.60545,8.19835,1,-0.34936,-0.04033,0.3063
5,0.60545,8.19835,2,-0.36021,0.0743,0.12057
6,0.07543,8.19835,1,-0.34936,-0.04033,0.3063
6,0.07543,8.19835,2,-0.38085,0.07601,0.09092
7,0.63739,8.19835,1,-0.34936,-0.04033,0.3063
7,0.63739,8.19835,2,-0.35897,0.07419,0.12231
8,0.02577,8.19835,1,-0.34936,-0.04033,0.3063
8,0.02577,8.19835,2,-0.38278,0.07617,0.08808
9,0.56793,8.19835,1,-0.34936,-0.04033,0.3063
9,0.56793,8.19835,2,-0.36167,0.07442,0.11852
10,0.48319,8.19835,1,-0.34936,-0.04033,0.3063
10,0.48319,8.19835,2,-0.36497,0.07469,0.11385
11,0.10696,8.19835,1,-0.34936,-0.04033,0.3063
11,0.10696,8.19835,2,-0.37962,0.07591,0.09273
12,0.04281,8.19835,1,-0.34936,-0.04033,0.3063
12,0.04281,8.19835,2,-0.38212,0.07611,0.08905
13,0.66496,8.19835,1,-0.34936,-0.04033,0.3063
13,0.66496,8.19835,2,-0.35789,0.0741,0.12382
14,0.9314,8.19835,1,-0.34936,-0.04033,0.3063
14,0.9314,8.19835,2,-0.34752,0.07324,0.13812
15,0.94849,8.19835,1,-0.34936,-0.04033,0.3063
15,0.94849,8.19835,2,-0.34686,0.07319,0.13903
16,0.80938,8.19835,1,-0.34936,-0.04033,0.3063
16,0.80938,8.19835,2,-0.35227,0.07364,0.13161
17,0.05448,8.19835,1,-0.34936,-0.04033,0.3063
17,0.05448,8.19835,2,-0.38167,0.07608,0.08972
18,0.63348,8.19835,1,-0.34936,-0.04033,0.3063
18,0.63348,8.19835,2,-0.35912,0.07421,0.1221
19,0.99321,8.19835,1,-0.34936,-0.04033,0.3063
19,0.99321,8.19835,2,-0.34512,0.07304,0.14139
20,0.89959,8.19835,1,-0.34936,-0.04033,0.3063
20,0.89959,8.19835,2,-0.34876,0.07334,0.13643
