particle,elasticity,weight,frame,x,y,z
1,0.92645,8.28548,1,-0.3701,-0.19052,0.77651
1,0.92645,8.28548,2,-0.34852,-0.24975,0.81024
2,0.06922,8.28548,1,-0.3701,-0.19052,0.77651
2,0.06922,8.28548,2,-0.39013,-0.24976,0.81025
3,0.77906,8.28548,1,-0.3701,-0.19052,0.77651
3,0.77906,8.28548,2,-0.35567,-0.24975,0.81025
4,0.84939,8.28548,1,-0.3701,-0.19052,0.77651
4,0.84939,8.28548,2,-0.35226,-0.24975,0.81024
5,0.88838,8.28548,1,-0.3701,-0.19052,0.77651
5,0.88838,8.28548,2,-0.35036,-0.24975,0.81024
6,0.12763,8.28548,1,-0.3701,-0.19052,0.77651
6,0.12763,8.28548,2,-0.3873,-0.24976,0.81025
7,0.20134,8.28548,1,-0.3701,-0.19052,0.77651
7,0.20134,8.28548,2,-0.38372,-0.24976,0.81025
8,0.93513,8.28548,1,-0.3701,-0.19052,0.77651
8,0.93513,8.28548,2,-0.3481,-0.24975,0.81024
9,0.54405,8.28548,1,-0.3701,-0.19052,0.77651
9,0.54405,8.28548,2,-0.36708,-0.24975,0.81025
10,0.2653,8.28548,1,-0.3701,-0.19052,0.77651
10,0.2653,8.28548,2,-0.38061,-0.24976,0.81025
11,0.70512,8.28548,1,-0.3701,-0.19052,0.77651
11,0.70512,8.28548,2,-0.35926,-0.24975,0.81025
12,0.85599,8.28548,1,-0.3701,-0.19052,0.77651
12,0.85599,8.28548,2,-0.35194,-0.24975,0.81024
13,0.89134,8.28548,1,-0.3701,-0.19052,0.77651
13,0.89134,8.28548,2,-0.35022,-0.24975,0.81024
14,0.72833,8.28548,1,-0.3701,-0.19052,0.77651
14,0.72833,8.28548,2,-0.35813,-0.24975,0.81025
15,0.84809,8.28548,1,-0.3701,-0.19052,0.77651
15,0.84809,8.28548,2,-0.35232,-0.24975,0.81024
16,0.31566,8.28548,1,-0.3701,-0.19052,0.77651
16,0.31566,8.28548,2,-0.37817,-0.24976,0.81025
17,0.43744,8.28548,1,-0.3701,-0.19052,0.77651
17,0.43744,8.28548,2,-0.37225,-0.24976,0.81025
18,0.23668,8.28548,1,-0.3701,-0.19052,0.77651
18,0.23668,8.28548,2,-0.382,-0.24976,0.81025
19,0.56417,8.28548,1,-0.3701,-0.19052,0.77651
19,0.56417,8.28548,2,-0.3661,-0.24975,0.81025
20,0.42539,8.28548,1,-0.3701,-0.19052,0.77651
20,0.42539,8.28548,2,-0.37284,-0.24976,0.81025
