particle,elasticity,weight,frame,x,y,z
1,0.96601,8.25364,1,-0.26976,0.01976,0.10268
1,0.96601,8.25364,2,-0.38817,0.19413,0.25586
2,0.60133,8.26223,1,-0.26976,0.01976,0.09632
2,0.60133,8.26223,2,-0.39109,0.19481,0.19442
3,0.64895,8.26134,1,-0.26976,0.01976,0.09715
3,0.64895,8.26134,2,-0.39071,0.19467,0.20248
4,0.00729,8.26432,1,-0.27052,0.02071,0.08597
4,0.00729,8.26432,2,-0.40166,0.20515,0.09556
5,0.02841,8.26456,1,-0.27046,0.02064,0.08634
5,0.02841,8.26456,2,-0.40131,0.2049,0.09673
6,0.35887,8.26571,1,-0.26976,0.01976,0.0921
6,0.35887,8.26571,2,-0.39303,0.19561,0.15316
7,0.19588,8.266,1,-0.27001,0.02007,0.08926
7,0.19588,8.266,2,-0.3963,0.19905,0.12519
8,0.46989,8.26434,1,-0.26976,0.01976,0.09403
8,0.46989,8.26434,2,-0.39214,0.19524,0.1721
9,0.95099,8.25407,1,-0.26976,0.01976,0.10242
9,0.95099,8.25407,2,-0.38829,0.19413,0.25333
10,0.99831,8.25268,1,-0.26976,0.01976,0.10324
10,0.99831,8.25268,2,-0.38791,0.19412,0.26128
11,0.22042,8.26613,1,-0.26994,0.01998,0.08968
11,0.22042,8.26613,2,-0.39557,0.19818,0.12941
12,0.25659,8.2663,1,-0.26984,0.01986,0.09031
12,0.25659,8.2663,2,-0.39449,0.1969,0.13564
13,0.54362,8.26322,1,-0.26976,0.01976,0.09532
13,0.54362,8.26322,2,-0.39155,0.195,0.18463
14,0.55269,8.26307,1,-0.26976,0.01976,0.09548
14,0.55269,8.26307,2,-0.39148,0.19497,0.18617
15,0.23684,8.26621,1,-0.2699,0.01993,0.08997
15,0.23684,8.26621,2,-0.39508,0.1976,0.13224
16,0.39263,8.26533,1,-0.26976,0.01976,0.09269
16,0.39263,8.26533,2,-0.39276,0.19549,0.15893
17,0.66085,8.2611,1,-0.26976,0.01976,0.09736
17,0.66085,8.2611,2,-0.39061,0.19463,0.20449
18,0.93107,8.25464,1,-0.26976,0.01976,0.10207
18,0.93107,8.25464,2,-0.38845,0.19414,0.24999
19,0.07524,8.26506,1,-0.27033,0.02048,0.08715
19,0.07524,8.26506,2,-0.39993,0.20333,0.10439
20,0.24679,8.26626,1,-0.26987,0.01989,0.09014
20,0.24679,8.26626,2,-0.39478,0.19725,0.13395
