particle,elasticity,weight,frame,x,y,z
1,0.74298,4.15093,1,0.05897,0.33634,0.13651
2,0.66672,4.15093,1,0.05915,0.34195,0.13203
3,0.54142,4.15093,1,0.05946,0.35116,0.12468
4,0.06106,4.15093,1,0.0612,0.38653,0.09647
5,0.47662,4.15093,1,0.05965,0.35593,0.12088
6,0.23091,4.15093,1,0.06049,0.37402,0.10645
7,0.63785,4.15093,1,0.05921,0.34407,0.13034
8,0.69504,4.15093,1,0.05908,0.33986,0.13369
9,0.0722,4.15093,1,0.06115,0.38571,0.09712
10,0.76891,4.15093,1,0.05892,0.33443,0.13803
11,0.75741,4.15093,1,0.05894,0.33528,0.13735
12,0.00448,4.15093,1,0.06156,0.39087,0.09363
13,0.32383,4.15093,1,0.06014,0.36718,0.1119
14,0.81372,4.15093,1,0.05883,0.33113,0.14066
15,0.25311,4.15093,1,0.0604,0.37239,0.10775
16,0.10684,4.15093,1,0.06098,0.38316,0.09916
17,0.82896,4.15093,1,0.05879,0.33001,0.14155
18,0.89126,4.15093,1,0.05867,0.32543,0.1452
19,0.15888,4.15093,1,0.06077,0.37933,0.10221
20,0.53165,4.15093,1,0.05949,0.35188,0.12411
