particle,elasticity,weight,frame,x,y,z
1,0.12678,8.25795,1,-0.36403,-0.36749,0.37234
1,0.12678,8.25795,2,-0.38986,-0.37362,0.33313
2,0.58473,8.25795,1,-0.36403,-0.36749,0.37234
2,0.58473,8.25795,2,-0.38324,-0.33318,0.33435
3,0.74775,8.25795,1,-0.36403,-0.36749,0.37234
3,0.74775,8.25795,2,-0.38089,-0.31914,0.33436
4,0.67843,8.25795,1,-0.36403,-0.36749,0.37234
4,0.67843,8.25795,2,-0.38189,-0.32511,0.33435
5,0.89678,8.25795,1,-0.36403,-0.36749,0.37234
5,0.89678,8.25795,2,-0.37874,-0.30522,0.33354
6,0.80526,8.25795,1,-0.36403,-0.36749,0.37234
6,0.80526,8.25795,2,-0.38006,-0.31391,0.3341
7,0.44658,8.25795,1,-0.36403,-0.36749,0.37234
7,0.44658,8.25795,2,-0.38523,-0.34509,0.33435
8,0.00728,8.25795,1,-0.36403,-0.36749,0.37234
8,0.00728,8.25795,2,-0.39001,-0.38531,0.33227
9,0.41724,8.25795,1,-0.36403,-0.36749,0.37234
9,0.41724,8.25795,2,-0.38566,-0.34762,0.33434
10,0.87755,8.25795,1,-0.36403,-0.36749,0.37234
10,0.87755,8.25795,2,-0.37902,-0.30706,0.33365
11,0.91106,8.25795,1,-0.36403,-0.36749,0.37234
11,0.91106,8.25795,2,-0.37853,-0.30385,0.33346
12,0.8553,8.25795,1,-0.36403,-0.36749,0.37234
12,0.8553,8.25795,2,-0.37934,-0.30918,0.33378
13,0.58907,8.25795,1,-0.36403,-0.36749,0.37234
13,0.58907,8.25795,2,-0.38318,-0.33281,0.33435
14,0.108,8.25795,1,-0.36403,-0.36749,0.37234
14,0.108,8.25795,2,-0.39001,-0.37545,0.33296
15,0.11969,8.25795,1,-0.36403,-0.36749,0.37234
15,0.11969,8.25795,2,-0.38996,-0.37432,0.33305
16,0.13719,8.25795,1,-0.36403,-0.36749,0.37234
16,0.13719,8.25795,2,-0.38971,-0.37261,0.33323
17,0.46672,8.25795,1,-0.36403,-0.36749,0.37234
17,0.46672,8.25795,2,-0.38494,-0.34335,0.33435
18,0.8237,8.25795,1,-0.36403,-0.36749,0.37234
18,0.8237,8.25795,2,-0.37979,-0.31217,0.33398
19,0.67457,8.25795,1,-0.36403,-0.36749,0.37234
19,0.67457,8.25795,2,-0.38194,-0.32544,0.33435
20,0.71615,8.25795,1,-0.36403,-0.36749,0.37234
20,0.71615,8.25795,2,-0.38134,-0.32186,0.33436
