particle,elasticity,weight,frame,x,y,z
1,0.38847,7.71853,1,-0.37523,0.37477,0.50701
1,0.38847,7.71853,2,-0.27841,0.34766,0.52148
2,0.66732,7.49645,1,-0.35527,0.36981,0.50638
2,0.66732,7.49645,2,-0.22688,0.31369,0.52002
3,0.63501,7.52435,1,-0.35758,0.37039,0.50646
3,0.63501,7.52435,2,-0.23285,0.31751,0.52019
4,0.57632,7.57357,1,-0.36179,0.37143,0.50659
4,0.57632,7.57357,2,-0.24369,0.32453,0.5205
5,0.98849,7.1883,1,-0.33229,0.3641,0.50567
5,0.98849,7.1883,2,-0.16768,0.27734,0.51834
6,0.383,7.72246,1,-0.37562,0.37486,0.50702
6,0.383,7.72246,2,-0.27942,0.34835,0.52151
7,0.10668,7.89999,1,-0.3954,0.37976,0.50763
7,0.10668,7.89999,2,-0.33058,0.38425,0.52296
8,0.56627,7.58182,1,-0.3625,0.37161,0.50661
8,0.56627,7.58182,2,-0.24554,0.32574,0.52055
9,0.82328,7.35382,1,-0.34411,0.36704,0.50604
9,0.82328,7.35382,2,-0.19812,0.29567,0.5192
10,0.74337,7.42855,1,-0.34983,0.36846,0.50621
10,0.74337,7.42855,2,-0.21285,0.30481,0.51962
11,0.93021,7.24838,1,-0.33646,0.36514,0.5058
11,0.93021,7.24838,2,-0.17841,0.28372,0.51864
12,0.25477,7.81002,1,-0.3848,0.37714,0.5073
12,0.25477,7.81002,2,-0.30315,0.36474,0.52218
13,0.72544,7.44485,1,-0.35111,0.36878,0.50625
13,0.72544,7.44485,2,-0.21616,0.30689,0.51972
14,0.22801,7.82715,1,-0.38671,0.37761,0.50736
14,0.22801,7.82715,2,-0.3081,0.36821,0.52232
15,0.63581,7.52367,1,-0.35753,0.37037,0.50645
15,0.63581,7.52367,2,-0.2327,0.31742,0.52019
16,0.09886,7.90441,1,-0.39596,0.3799,0.50765
16,0.09886,7.90441,2,-0.33203,0.3853,0.523
17,0.46702,7.66025,1,-0.36961,0.37337,0.50683
17,0.46702,7.66025,2,-0.26388,0.33786,0.52107
18,0.72919,7.44145,1,-0.35085,0.36871,0.50625
18,0.72919,7.44145,2,-0.21547,0.30646,0.5197
19,0.77036,7.4037,1,-0.3479,0.36798,0.50615
19,0.77036,7.4037,2,-0.20787,0.3017,0.51948
20,0.51398,7.62381,1,-0.36625,0.37254,0.50673
20,0.51398,7.62381,2,-0.2552,0.33209,0.52083
