particle,elasticity,weight,frame,x,y,z
1,0.03924,8.29644,1,0.10945,-0.01929,0.35567
1,0.03924,8.29644,2,0.1776,-0.068,0.33024
2,0.63608,8.29644,1,0.10945,-0.01929,0.35567
2,0.63608,8.29644,2,0.1776,-0.068,0.33024
3,0.37326,8.29644,1,0.10945,-0.01929,0.35567
3,0.37326,8.29644,2,0.1776,-0.068,0.33024
4,0.39239,8.29644,1,0.10945,-0.01929,0.35567
4,0.39239,8.29644,2,0.1776,-0.068,0.33024
5,0.72685,8.29644,1,0.10945,-0.01929,0.35567
5,0.72685,8.29644,2,0.1776,-0.068,0.33024
6,0.92987,8.29644,1,0.10945,-0.01929,0.35567
6,0.92987,8.29644,2,0.1776,-0.068,0.33024
7,0.78407,8.29644,1,0.10945,-0.01929,0.35567
7,0.78407,8.29644,2,0.1776,-0.068,0.33024
8,0.81775,8.29644,1,0.10945,-0.01929,0.35567
8,0.81775,8.29644,2,0.1776,-0.068,0.33024
9,0.3152,8.29644,1,0.10945,-0.01929,0.35567
9,0.3152,8.29644,2,0.1776,-0.068,0.33024
10,0.05023,8.29644,1,0.10945,-0.01929,0.35567
10,0.05023,8.29644,2,0.1776,-0.068,0.33024
11,0.77645,8.29644,1,0.10945,-0.01929,0.35567
11,0.77645,8.29644,2,0.1776,-0.068,0.33024
12,0.50278,8.29644,1,0.10945,-0.01929,0.35567
12,0.50278,8.29644,2,0.1776,-0.068,0.33024
13,0.23032,8.29644,1,0.10945,-0.01929,0.35567
13,0.23032,8.29644,2,0.1776,-0.068,0.33024
14,0.8544,8.29644,1,0.10945,-0.01929,0.35567
14,0.8544,8.29644,2,0.1776,-0.068,0.33024
15,0.41775,8.29644,1,0.10945,-0.01929,0.35567
15,0.41775,8.29644,2,0.1776,-0.068,0.33024
16,0.91789,8.29644,1,0.10945,-0.01929,0.35567
16,0.91789,8.29644,2,0.1776,-0.068,0.33024
17,0.72244,8.29644,1,0.10945,-0.01929,0.35567
17,0.72244,8.29644,2,0.1776,-0.068,0.33024
18,0.20497,8.29644,1,0.10945,-0.01929,0.35567
18,0.20497,8.29644,2,0.1776,-0.068,0.33024
19,0.2903,8.29644,1,0.10945,-0.01929,0.35567
19,0.2903,8.29644,2,0.1776,-0.068,0.33024
20,0.39648,8.29644,1,0.10945,-0.01929,0.35567
20,0.39648,8.29644,2,0.1776,-0.068,0.33024
