particle,elasticity,weight,frame,x,y,z
1,0.2696,8.06228,1,0.18721,-0.37787,0.10095
1,0.2696,8.06228,2,0.33458,-0.34487,0.09999
2,0.33204,8.03784,1,0.18714,-0.37431,0.10117
2,0.33204,8.03784,2,0.3344,-0.3316,0.09999
3,0.31713,8.04379,1,0.18716,-0.37516,0.10112
3,0.31713,8.04379,2,0.33444,-0.33477,0.09999
4,0.80609,7.81265,1,0.18682,-0.3475,0.10286
4,0.80609,7.81265,2,0.33537,-0.23076,0.09999
5,0.94837,7.73114,1,0.18679,-0.33948,0.10336
5,0.94837,7.73114,2,0.33626,-0.19998,0.10001
6,0.44337,7.99127,1,0.18703,-0.36799,0.10157
6,0.44337,7.99127,2,0.33425,-0.308,0.09999
7,0.30298,8.04937,1,0.18717,-0.37597,0.10106
7,0.30298,8.04937,2,0.33448,-0.33777,0.09999
8,0.02054,8.13595,1,0.18744,-0.39,0.10006
8,0.02054,8.13595,2,0.33535,-0.38697,0.09999
9,0.1971,8.08913,1,0.18729,-0.38202,0.10069
9,0.1971,8.08913,2,0.33489,-0.36033,0.09999
10,0.63443,7.90235,1,0.18689,-0.35718,0.10225
10,0.63443,7.90235,2,0.33457,-0.26748,0.09999
11,0.55861,7.939,1,0.18694,-0.36146,0.10198
11,0.55861,7.939,2,0.33436,-0.28358,0.09999
12,0.57472,7.93136,1,0.18693,-0.36055,0.10203
12,0.57472,7.93136,2,0.33439,-0.28017,0.09998
13,0.79242,7.82014,1,0.18682,-0.34827,0.10281
13,0.79242,7.82014,2,0.33529,-0.2337,0.09999
14,0.20692,8.08559,1,0.18728,-0.38146,0.10072
14,0.20692,8.08559,2,0.33484,-0.35823,0.09999
15,0.75537,7.84013,1,0.18684,-0.35036,0.10268
15,0.75537,7.84013,2,0.33509,-0.24165,0.09999
16,0.31939,8.04289,1,0.18716,-0.37503,0.10112
16,0.31939,8.04289,2,0.33443,-0.33429,0.09999
17,0.00089,8.13408,1,0.18745,-0.38967,0.09999
17,0.00089,8.13408,2,0.33524,-0.38364,0.09999
18,0.83619,7.79595,1,0.18681,-0.34581,0.10296
18,0.83619,7.79595,2,0.33555,-0.22427,0.09999
19,0.48589,7.97246,1,0.187,-0.36558,0.10172
19,0.48589,7.97246,2,0.33426,-0.299,0.09999
20,0.45971,7.98411,1,0.18702,-0.36706,0.10162
20,0.45971,7.98411,2,0.33425,-0.30454,0.09999
