particle,elasticity,weight,frame,x,y,z
1,0.25015,8.21839,1,-0.17799,0.24513,0.76203
1,0.25015,8.21839,2,-0.3484,0.39233,0.87621
2,0.20303,8.21839,1,-0.17799,0.24513,0.76203
2,0.20303,8.21839,2,-0.34892,0.39296,0.87859
3,0.73439,8.21839,1,-0.17799,0.24513,0.76203
3,0.73439,8.21839,2,-0.34425,0.38647,0.85234
4,0.6116,8.21839,1,-0.17799,0.24513,0.76203
4,0.6116,8.21839,2,-0.34459,0.38759,0.85821
5,0.39616,8.21839,1,-0.17799,0.24513,0.76203
5,0.39616,8.21839,2,-0.34681,0.39038,0.86889
6,0.44464,8.21839,1,-0.17799,0.24513,0.76203
6,0.44464,8.21839,2,-0.34628,0.38974,0.86647
7,0.31079,8.21839,1,-0.17799,0.24513,0.76203
7,0.31079,8.21839,2,-0.34774,0.39151,0.87317
8,0.90947,8.21839,1,-0.17799,0.24513,0.76203
8,0.90947,8.21839,2,-0.34424,0.3852,0.84406
9,0.05978,8.21839,1,-0.17799,0.24513,0.76203
9,0.05978,8.21839,2,-0.35049,0.39494,0.88582
10,0.49899,8.21839,1,-0.17799,0.24513,0.76203
10,0.49899,8.21839,2,-0.34569,0.38903,0.86376
11,0.88053,8.21839,1,-0.17799,0.24513,0.76203
11,0.88053,8.21839,2,-0.34425,0.38541,0.84543
12,0.41623,8.21839,1,-0.17799,0.24513,0.76203
12,0.41623,8.21839,2,-0.34659,0.39011,0.86789
13,0.60524,8.21839,1,-0.17799,0.24513,0.76203
13,0.60524,8.21839,2,-0.34465,0.38767,0.85852
14,0.22223,8.21839,1,-0.17799,0.24513,0.76203
14,0.22223,8.21839,2,-0.34871,0.3927,0.87762
15,0.85186,8.21839,1,-0.17799,0.24513,0.76203
15,0.85186,8.21839,2,-0.34425,0.38562,0.84678
16,0.76505,8.21839,1,-0.17799,0.24513,0.76203
16,0.76505,8.21839,2,-0.34425,0.38625,0.85089
17,0.35647,8.21839,1,-0.17799,0.24513,0.76203
17,0.35647,8.21839,2,-0.34724,0.3909,0.87088
18,0.12083,8.21839,1,-0.17799,0.24513,0.76203
18,0.12083,8.21839,2,-0.34982,0.39409,0.88273
19,0.47611,8.21839,1,-0.17799,0.24513,0.76203
19,0.47611,8.21839,2,-0.34594,0.38933,0.8649
20,0.69818,8.21839,1,-0.17799,0.24513,0.76203
20,0.69818,8.21839,2,-0.34425,0.38674,0.85406
