particle,elasticity,weight,frame,x,y,z
1,0.94565,8.24979,1,-0.03399,0.14612,0.5501
1,0.94565,8.24979,2,-0.21802,0.11333,0.3458
2,0.9135,8.24979,1,-0.03399,0.14612,0.5501
2,0.9135,8.24979,2,-0.21802,0.11333,0.3458
3,0.37433,8.24979,1,-0.03399,0.14612,0.5501
3,0.37433,8.24979,2,-0.21802,0.11333,0.3458
4,0.59048,8.24979,1,-0.03399,0.14612,0.5501
4,0.59048,8.24979,2,-0.21802,0.11333,0.3458
5,0.77019,8.24979,1,-0.03399,0.14612,0.5501
5,0.77019,8.24979,2,-0.21802,0.11333,0.3458
6,0.47285,8.24979,1,-0.03399,0.14612,0.5501
6,0.47285,8.24979,2,-0.21802,0.11333,0.3458
7,0.78109,8.24979,1,-0.03399,0.14612,0.5501
7,0.78109,8.24979,2,-0.21802,0.11333,0.3458
8,0.38864,8.24979,1,-0.03399,0.14612,0.5501
8,0.38864,8.24979,2,-0.21802,0.11333,0.3458
9,0.17836,8.24979,1,-0.03399,0.14612,0.5501
9,0.17836,8.24979,2,-0.21802,0.11333,0.3458
10,0.6835,8.24979,1,-0.03399,0.14612,0.5501
10,0.6835,8.24979,2,-0.21802,0.11333,0.3458
11,0.34306,8.24979,1,-0.03399,0.14612,0.5501
11,0.34306,8.24979,2,-0.21802,0.11333,0.3458
12,0.19668,8.24979,1,-0.03399,0.14612,0.5501
12,0.19668,8.24979,2,-0.21802,0.11333,0.3458
13,0.44066,8.24979,1,-0.03399,0.14612,0.5501
13,0.44066,8.24979,2,-0.21802,0.11333,0.3458
14,0.45427,8.24979,1,-0.03399,0.14612,0.5501
14,0.45427,8.24979,2,-0.21802,0.11333,0.3458
15,0.21066,8.24979,1,-0.03399,0.14612,0.5501
15,0.21066,8.24979,2,-0.21802,0.11333,0.3458
16,0.23521,8.24979,1,-0.03399,0.14612,0.5501
16,0.23521,8.24979,2,-0.21802,0.11333,0.3458
17,0.00401,8.24979,1,-0.03399,0.14612,0.5501
17,0.00401,8.24979,2,-0.21802,0.11333,0.3458
18,0.62116,8.24979,1,-0.03399,0.14612,0.5501
18,0.62116,8.24979,2,-0.21802,0.11333,0.3458
19,0.00685,8.24979,1,-0.03399,0.14612,0.5501
19,0.00685,8.24979,2,-0.21802,0.11333,0.3458
20,0.30619,8.24979,1,-0.03399,0.14612,0.5501
20,0.30619,8.24979,2,-0.21802,0.11333,0.3458
