particle,elasticity,weight,frame,x,y,z
1,0.13466,4.15093,1,0.14695,-0.05184,0.25545
2,0.34949,4.15093,1,0.14695,-0.05184,0.25545
3,0.26368,4.15093,1,0.14695,-0.05184,0.25545
4,0.69035,4.15093,1,0.14695,-0.05184,0.25545
5,0.74765,4.15093,1,0.14695,-0.05184,0.25545
6,0.0165,4.15093,1,0.14695,-0.05184,0.25545
7,0.94565,4.15093,1,0.14695,-0.05184,0.25545
8,0.03762,4.15093,1,0.14695,-0.05184,0.25545
9,0.3738,4.15093,1,0.14695,-0.05184,0.25545
10,0.74342,4.15093,1,0.14695,-0.05184,0.25545
11,0.80214,4.15093,1,0.14695,-0.05184,0.25545
12,0.61129,4.15093,1,0.14695,-0.05184,0.25545
13,0.43946,4.15093,1,0.14695,-0.05184,0.25545
14,0.63505,4.15093,1,0.14695,-0.05184,0.25545
15,0.80021,4.15093,1,0.14695,-0.05184,0.25545
16,0.67016,4.15093,1,0.14695,-0.05184,0.25545
17,0.74006,4.15093,1,0.14695,-0.05184,0.25545
18,0.87968,4.15093,1,0.14695,-0.05184,0.25545
19,0.45581,4.15093,1,0.14695,-0.05184,0.25545
20,0.13054,4.15093,1,0.14695,-0.05184,0.25545
