particle,elasticity,weight,frame,x,y,z
1,0.14965,4.15093,1,-0.30392,-0.27983,0.73074
2,0.76698,4.15093,1,-0.30392,-0.27983,0.73074
3,0.54196,4.15093,1,-0.30392,-0.27983,0.73074
4,0.38062,4.15093,1,-0.30392,-0.27983,0.73074
5,0.17602,4.15093,1,-0.30392,-0.27983,0.73074
6,0.32827,4.15093,1,-0.30392,-0.27983,0.73074
7,0.69068,4.15093,1,-0.30392,-0.27983,0.73074
8,0.39517,4.15093,1,-0.30392,-0.27983,0.73074
9,0.32516,4.15093,1,-0.30392,-0.27983,0.73074
10,0.66412,4.15093,1,-0.30392,-0.27983,0.73074
11,0.24563,4.15093,1,-0.30392,-0.27983,0.73074
12,0.67395,4.15093,1,-0.30392,-0.27983,0.73074
13,0.9275,4.15093,1,-0.30392,-0.27983,0.73074
14,0.77782,4.15093,1,-0.30392,-0.27983,0.73074
15,0.29783,4.15093,1,-0.30392,-0.27983,0.73074
16,0.95407,4.15093,1,-0.30392,-0.27983,0.73074
17,0.94586,4.15093,1,-0.30392,-0.27983,0.73074
18,0.5529,4.15093,1,-0.30392,-0.27983,0.73074
19,0.05511,4.15093,1,-0.30392,-0.27983,0.73074
20,0.60908,4.15093,1,-0.30392,-0.27983,0.73074
