particle,elasticity,weight,frame,x,y,z
1,0.83776,4.15093,1,0.3758,0.05976,0.15139
2,0.3426,4.15093,1,0.38428,0.06126,0.1499
3,0.51405,4.15093,1,0.38134,0.06074,0.15042
4,0.53939,4.15093,1,0.38091,0.06066,0.15049
5,0.7086,4.15093,1,0.37801,0.06015,0.151
6,0.00155,4.15093,1,0.39012,0.0623,0.14887
7,0.49983,4.15093,1,0.38158,0.06078,0.15037
8,0.39813,4.15093,1,0.38333,0.06109,0.15007
9,0.67813,4.15093,1,0.37853,0.06024,0.15091
10,0.60655,4.15093,1,0.37976,0.06046,0.1507
11,0.64639,4.15093,1,0.37907,0.06034,0.15082
12,0.84578,4.15093,1,0.37566,0.05973,0.15142
13,0.35632,4.15093,1,0.38404,0.06122,0.14994
14,0.30816,4.15093,1,0.38487,0.06137,0.1498
15,0.03285,4.15093,1,0.38958,0.0622,0.14897
16,0.60206,4.15093,1,0.37983,0.06047,0.15068
17,0.6444,4.15093,1,0.37911,0.06034,0.15081
18,0.05541,4.15093,1,0.38919,0.06213,0.14904
19,0.56013,4.15093,1,0.38055,0.0606,0.15056
20,0.30209,4.15093,1,0.38497,0.06138,0.14978
