particle,elasticity,weight,frame,x,y,z
1,0.87147,8.14604,1,0.16093,0.37547,0.12354
1,0.87147,8.14604,2,0.30753,0.26344,0.19699
2,0.39575,8.14604,1,0.16093,0.37547,0.12354
2,0.39575,8.14604,2,0.30231,0.3373,0.14019
3,0.10028,8.14604,1,0.16093,0.37547,0.12354
3,0.10028,8.14604,2,0.29782,0.38328,0.10484
4,0.37015,8.14604,1,0.16093,0.37547,0.12354
4,0.37015,8.14604,2,0.30193,0.34128,0.13713
5,0.35082,8.14604,1,0.16093,0.37547,0.12354
5,0.35082,8.14604,2,0.30164,0.34429,0.13482
6,0.66074,8.14604,1,0.16093,0.37547,0.12354
6,0.66074,8.14604,2,0.30557,0.29613,0.17185
7,0.23298,8.14604,1,0.16093,0.37547,0.12354
7,0.23298,8.14604,2,0.29995,0.36263,0.12072
8,0.2466,8.14604,1,0.16093,0.37547,0.12354
8,0.2466,8.14604,2,0.30013,0.36051,0.12235
9,0.75553,8.14604,1,0.16093,0.37547,0.12354
9,0.75553,8.14604,2,0.3065,0.28142,0.18316
10,0.66703,8.14604,1,0.16093,0.37547,0.12354
10,0.66703,8.14604,2,0.30563,0.29515,0.1726
11,0.88104,8.14604,1,0.16093,0.37547,0.12354
11,0.88104,8.14604,2,0.30761,0.26195,0.19813
12,0.53166,8.14604,1,0.16093,0.37547,0.12354
12,0.53166,8.14604,2,0.30411,0.31618,0.15644
13,0.56577,8.14604,1,0.16093,0.37547,0.12354
13,0.56577,8.14604,2,0.30452,0.31088,0.16051
14,0.74436,8.14604,1,0.16093,0.37547,0.12354
14,0.74436,8.14604,2,0.3064,0.28315,0.18183
15,0.55236,8.14604,1,0.16093,0.37547,0.12354
15,0.55236,8.14604,2,0.30436,0.31296,0.15891
16,0.00942,8.14604,1,0.16093,0.37547,0.12354
16,0.00942,8.14604,2,0.2953,0.39802,0.09681
17,0.74778,8.14604,1,0.16093,0.37547,0.12354
17,0.74778,8.14604,2,0.30643,0.28262,0.18224
18,0.95422,8.14604,1,0.16093,0.37547,0.12354
18,0.95422,8.14604,2,0.30819,0.25061,0.20685
19,0.07249,8.14604,1,0.16093,0.37547,0.12354
19,0.07249,8.14604,2,0.29725,0.38761,0.10151
20,0.53501,8.14604,1,0.16093,0.37547,0.12354
20,0.53501,8.14604,2,0.30416,0.31566,0.15684
