particle,elasticity,weight,frame,x,y,z
1,0.92359,4.15093,1,0.1877,0.07589,0.69885
2,0.4521,4.15093,1,0.1877,0.07589,0.69885
3,0.93869,4.15093,1,0.1877,0.07589,0.69885
4,0.36092,4.15093,1,0.1877,0.07589,0.69885
5,0.85525,4.15093,1,0.1877,0.07589,0.69885
6,0.89774,4.15093,1,0.1877,0.07589,0.69885
7,0.21065,4.15093,1,0.1877,0.07589,0.69885
8,0.54846,4.15093,1,0.1877,0.07589,0.69885
9,0.76103,4.15093,1,0.1877,0.07589,0.69885
10,0.43751,4.15093,1,0.1877,0.07589,0.69885
11,0.73461,4.15093,1,0.1877,0.07589,0.69885
12,0.56087,4.15093,1,0.1877,0.07589,0.69885
13,0.68427,4.15093,1,0.1877,0.07589,0.69885
14,0.59942,4.15093,1,0.1877,0.07589,0.69885
15,0.35056,4.15093,1,0.1877,0.07589,0.69885
16,0.58422,4.15093,1,0.1877,0.07589,0.69885
17,0.66575,4.15093,1,0.1877,0.07589,0.69885
18,0.78154,4.15093,1,0.1877,0.07589,0.69885
19,0.58178,4.15093,1,0.1877,0.07589,0.69885
20,0.98557,4.15093,1,0.1877,0.07589,0.69885
