particle,elasticity,weight,frame,x,y,z
1,0.17376,4.15093,1,-0.25798,-0.16506,0.89508
2,0.50117,4.15093,1,-0.2581,-0.1645,0.8928
3,0.39752,4.15093,1,-0.25806,-0.16468,0.89352
4,0.0773,4.15093,1,-0.25795,-0.16522,0.89575
5,0.75313,4.15093,1,-0.25818,-0.16407,0.89106
6,0.01047,4.15093,1,-0.25792,-0.16533,0.89621
7,0.04526,4.15093,1,-0.25794,-0.16528,0.89597
8,0.50241,4.15093,1,-0.2581,-0.1645,0.8928
9,0.9275,4.15093,1,-0.25825,-0.16378,0.88985
10,0.92256,4.15093,1,-0.25824,-0.16378,0.88988
11,0.81459,4.15093,1,-0.25821,-0.16397,0.89063
12,0.92211,4.15093,1,-0.25824,-0.16379,0.88988
13,0.91662,4.15093,1,-0.25824,-0.16379,0.88992
14,0.29363,4.15093,1,-0.25802,-0.16485,0.89425
15,0.36631,4.15093,1,-0.25805,-0.16473,0.89374
16,0.81297,4.15093,1,-0.25821,-0.16397,0.89064
17,0.17085,4.15093,1,-0.25798,-0.16506,0.8951
18,0.77288,4.15093,1,-0.25819,-0.16404,0.89092
19,0.69342,4.15093,1,-0.25816,-0.16417,0.89147
20,0.20613,4.15093,1,-0.25799,-0.165,0.89485
