particle,elasticity,weight,frame,x,y,z
1,0.78333,4.15093,1,0.18311,-0.0614,0.21046
2,0.90993,4.15093,1,0.18311,-0.0614,0.21046
3,0.7384,4.15093,1,0.18311,-0.0614,0.21046
4,0.75315,4.15093,1,0.18311,-0.0614,0.21046
5,0.17136,4.15093,1,0.18311,-0.0614,0.21046
6,0.49448,4.15093,1,0.18311,-0.0614,0.21046
7,0.37295,4.15093,1,0.18311,-0.0614,0.21046
8,0.62102,4.15093,1,0.18311,-0.0614,0.21046
9,0.6137,4.15093,1,0.18311,-0.0614,0.21046
10,0.42588,4.15093,1,0.18311,-0.0614,0.21046
11,0.02561,4.15093,1,0.18311,-0.0614,0.21046
12,0.67493,4.15093,1,0.18311,-0.0614,0.21046
13,0.19861,4.15093,1,0.18311,-0.0614,0.21046
14,0.31478,4.15093,1,0.18311,-0.0614,0.21046
15,0.73103,4.15093,1,0.18311,-0.0614,0.21046
16,0.64904,4.15093,1,0.18311,-0.0614,0.21046
17,0.1027,4.15093,1,0.18311,-0.0614,0.21046
18,0.36945,4.15093,1,0.18311,-0.0614,0.21046
19,0.8567,4.15093,1,0.18311,-0.0614,0.21046
20,0.45958,4.15093,1,0.18311,-0.0614,0.21046
