particle,elasticity,weight,frame,x,y,z
1,0.20346,8.21869,1,0.0808,-0.17595,0.35307
1,0.20346,8.21869,2,0.04639,-0.08922,0.09936
2,0.77074,8.21869,1,0.0808,-0.17595,0.35307
2,0.77074,8.21869,2,0.04639,-0.08923,0.12089
3,0.7447,8.21869,1,0.0808,-0.17595,0.35307
3,0.7447,8.21869,2,0.04639,-0.08923,0.1199
4,0.73871,8.21869,1,0.0808,-0.17595,0.35307
4,0.73871,8.21869,2,0.04639,-0.08923,0.11967
5,0.72628,8.21869,1,0.0808,-0.17595,0.35307
5,0.72628,8.21869,2,0.04639,-0.08923,0.1192
6,0.53965,8.21869,1,0.0808,-0.17595,0.35307
6,0.53965,8.21869,2,0.04639,-0.08922,0.11212
7,0.60237,8.21869,1,0.0808,-0.17595,0.35307
7,0.60237,8.21869,2,0.04639,-0.08922,0.1145
8,0.88385,8.21869,1,0.0808,-0.17595,0.35307
8,0.88385,8.21869,2,0.04639,-0.08923,0.12518
9,0.51921,8.21869,1,0.0808,-0.17595,0.35307
9,0.51921,8.21869,2,0.04639,-0.08922,0.11134
10,0.4294,8.21869,1,0.0808,-0.17595,0.35307
10,0.4294,8.21869,2,0.04639,-0.08922,0.10793
11,0.14977,8.21869,1,0.0808,-0.17595,0.35307
11,0.14977,8.21869,2,0.04639,-0.08922,0.09732
12,0.25461,8.21869,1,0.0808,-0.17595,0.35307
12,0.25461,8.21869,2,0.04639,-0.08922,0.1013
13,0.2559,8.21869,1,0.0808,-0.17595,0.35307
13,0.2559,8.21869,2,0.04639,-0.08922,0.10135
14,0.0499,8.21869,1,0.0808,-0.17595,0.35307
14,0.0499,8.21869,2,0.04639,-0.08922,0.09353
15,0.91161,8.21869,1,0.0808,-0.17595,0.35307
15,0.91161,8.21869,2,0.04639,-0.08923,0.12624
16,0.31429,8.21869,1,0.0808,-0.17595,0.35307
16,0.31429,8.21869,2,0.04639,-0.08922,0.10356
17,0.86953,8.21869,1,0.0808,-0.17595,0.35307
17,0.86953,8.21869,2,0.04639,-0.08923,0.12464
18,0.79412,8.21869,1,0.0808,-0.17595,0.35307
18,0.79412,8.21869,2,0.04639,-0.08923,0.12178
19,0.9157,8.21869,1,0.0808,-0.17595,0.35307
19,0.9157,8.21869,2,0.04639,-0.08923,0.12639
20,0.5746,8.21869,1,0.0808,-0.17595,0.35307
20,0.5746,8.21869,2,0.04639,-0.08922,0.11345
