particle,elasticity,weight,frame,x,y,z
1,0.70099,6.88223,1,0.317,-0.19568,0.25884
1,0.70099,6.88223,2,0.18911,-0.39822,0.31077
2,0.60261,7.06018,1,0.32807,-0.19569,0.25884
2,0.60261,7.06018,2,0.21607,-0.39959,0.31079
3,0.15454,7.70055,1,0.37852,-0.20077,0.2603
3,0.15454,7.70055,2,0.33425,-0.38878,0.31271
4,0.67581,6.92893,1,0.31983,-0.19568,0.25884
4,0.67581,6.92893,2,0.19601,-0.39858,0.31077
5,0.12224,7.73506,1,0.38216,-0.20164,0.26055
5,0.12224,7.73506,2,0.34311,-0.39122,0.31331
6,0.631,7.01008,1,0.32488,-0.19569,0.25884
6,0.631,7.01008,2,0.20829,-0.3992,0.31078
7,0.9668,6.34041,1,0.2871,-0.19564,0.25882
7,0.9668,6.34041,2,0.11636,-0.39449,0.3107
8,0.87512,6.53734,1,0.29741,-0.19565,0.25883
8,0.87512,6.53734,2,0.14144,-0.39578,0.31072
9,0.66125,6.95559,1,0.32147,-0.19568,0.25884
9,0.66125,6.95559,2,0.2,-0.39878,0.31078
10,0.94617,6.38566,1,0.28942,-0.19564,0.25883
10,0.94617,6.38566,2,0.122,-0.39478,0.3107
11,0.13595,7.72058,1,0.38061,-0.20127,0.26044
11,0.13595,7.72058,2,0.33935,-0.39018,0.31306
12,0.41388,7.36736,1,0.34932,-0.19571,0.25884
12,0.41388,7.36736,2,0.26783,-0.4022,0.31082
13,0.86101,6.56672,1,0.299,-0.19565,0.25883
13,0.86101,6.56672,2,0.1453,-0.39598,0.31073
14,0.22411,7.62146,1,0.37068,-0.19889,0.25976
14,0.22411,7.62146,2,0.31517,-0.38441,0.31142
15,0.70561,6.87358,1,0.31648,-0.19568,0.25884
15,0.70561,6.87358,2,0.18785,-0.39816,0.31077
16,0.74858,6.79176,1,0.31165,-0.19567,0.25883
16,0.74858,6.79176,2,0.17607,-0.39756,0.31075
17,0.42777,7.34628,1,0.34775,-0.19571,0.25884
17,0.42777,7.34628,2,0.26402,-0.40201,0.31082
18,0.27729,7.5566,1,0.3647,-0.19745,0.25934
18,0.27729,7.5566,2,0.30548,-0.40771,0.31205
19,0.98079,6.30943,1,0.28553,-0.19563,0.25882
19,0.98079,6.30943,2,0.11253,-0.3943,0.31069
20,0.58677,7.08769,1,0.32985,-0.19569,0.25884
20,0.58677,7.08769,2,0.22041,-0.39981,0.31079
