particle,elasticity,weight,frame,x,y,z
1,0.36513,4.15093,1,-0.37211,0.17956,0.36657
2,0.0842,4.15093,1,-0.37211,0.17956,0.36657
3,0.57948,4.15093,1,-0.37211,0.17956,0.36657
4,0.60729,4.15093,1,-0.37211,0.17956,0.36657
5,0.57475,4.15093,1,-0.37211,0.17956,0.36657
6,0.84646,4.15093,1,-0.37211,0.17956,0.36657
7,0.59653,4.15093,1,-0.37211,0.17956,0.36657
8,0.42885,4.15093,1,-0.37211,0.17956,0.36657
9,0.64878,4.15093,1,-0.37211,0.17956,0.36657
10,0.61025,4.15093,1,-0.37211,0.17956,0.36657
11,0.80105,4.15093,1,-0.37211,0.17956,0.36657
12,0.35398,4.15093,1,-0.37211,0.17956,0.36657
13,0.3273,4.15093,1,-0.37211,0.17956,0.36657
14,0.81921,4.15093,1,-0.37211,0.17956,0.36657
15,0.33304,4.15093,1,-0.37211,0.17956,0.36657
16,0.39637,4.15093,1,-0.37211,0.17956,0.36657
17,0.79786,4.15093,1,-0.37211,0.17956,0.36657
18,0.02086,4.15093,1,-0.37211,0.17956,0.36657
19,0.57914,4.15093,1,-0.37211,0.17956,0.36657
20,0.16962,4.15093,1,-0.37211,0.17956,0.36657
