particle,elasticity,weight,frame,x,y,z
1,0.93337,8.21074,1,-0.18419,0.15852,0.2318
1,0.93337,8.21074,2,-0.15623,0.10142,0.17504
2,0.07541,8.21074,1,-0.18419,0.15852,0.2318
2,0.07541,8.21074,2,-0.15622,0.10139,0.08879
3,0.87961,8.21074,1,-0.18419,0.15852,0.2318
3,0.87961,8.21074,2,-0.15623,0.10142,0.16965
4,0.58355,8.21074,1,-0.18419,0.15852,0.2318
4,0.58355,8.21074,2,-0.15622,0.1014,0.1399
5,0.3867,8.21074,1,-0.18419,0.15852,0.2318
5,0.3867,8.21074,2,-0.15622,0.1014,0.12011
6,0.26483,8.21074,1,-0.18419,0.15852,0.2318
6,0.26483,8.21074,2,-0.15622,0.10139,0.10785
7,0.9095,8.21074,1,-0.18419,0.15852,0.2318
7,0.9095,8.21074,2,-0.15623,0.10142,0.17265
8,0.27471,8.21074,1,-0.18419,0.15852,0.2318
8,0.27471,8.21074,2,-0.15622,0.10139,0.10885
9,0.1324,8.21074,1,-0.18419,0.15852,0.2318
9,0.1324,8.21074,2,-0.15622,0.10139,0.09453
10,0.9424,8.21074,1,-0.18419,0.15852,0.2318
10,0.9424,8.21074,2,-0.15623,0.10142,0.17595
11,0.61057,8.21074,1,-0.18419,0.15852,0.2318
11,0.61057,8.21074,2,-0.15622,0.1014,0.14262
12,0.06482,8.21074,1,-0.18419,0.15852,0.2318
12,0.06482,8.21074,2,-0.15622,0.10139,0.08772
13,0.76829,8.21074,1,-0.18419,0.15852,0.2318
13,0.76829,8.21074,2,-0.15623,0.10141,0.15847
14,0.08578,8.21074,1,-0.18419,0.15852,0.2318
14,0.08578,8.21074,2,-0.15622,0.10139,0.08983
15,0.39152,8.21074,1,-0.18419,0.15852,0.2318
15,0.39152,8.21074,2,-0.15622,0.1014,0.1206
16,0.56726,8.21074,1,-0.18419,0.15852,0.2318
16,0.56726,8.21074,2,-0.15622,0.1014,0.13827
17,0.05255,8.21074,1,-0.18419,0.15852,0.2318
17,0.05255,8.21074,2,-0.15622,0.10139,0.08649
18,0.78109,8.21074,1,-0.18419,0.15852,0.2318
18,0.78109,8.21074,2,-0.15623,0.10141,0.15975
19,0.33609,8.21074,1,-0.18419,0.15852,0.2318
19,0.33609,8.21074,2,-0.15622,0.10139,0.11502
20,0.82773,8.21074,1,-0.18419,0.15852,0.2318
20,0.82773,8.21074,2,-0.15623,0.10141,0.16444
