particle,elasticity,weight,frame,x,y,z
1,0.96894,5.95525,1,0.28714,0.24856,0.86105
1,0.96894,5.95525,2,0.11094,0.39425,0.73229
2,0.65471,6.62147,1,0.31787,0.25332,0.87438
2,0.65471,6.62147,2,0.18256,0.38451,0.77489
3,0.99945,5.88497,1,0.28416,0.2481,0.8598
3,0.99945,5.88497,2,0.10394,0.3932,0.72828
4,0.73614,6.459,1,0.3099,0.25208,0.87083
4,0.73614,6.459,2,0.1644,0.40225,0.76419
5,0.37019,7.13164,1,0.34571,0.25761,0.88731
5,0.37019,7.13164,2,0.24736,0.39359,0.81666
6,0.74281,6.44537,1,0.30925,0.25198,0.87054
6,0.74281,6.44537,2,0.16286,0.40202,0.76324
7,0.03843,7.61997,1,0.37953,0.26481,0.9034
7,0.03843,7.61997,2,0.32589,0.3953,0.86661
8,0.4754,6.95351,1,0.33541,0.25602,0.88243
8,0.4754,6.95351,2,0.22337,0.38963,0.80084
9,0.39127,7.09696,1,0.34365,0.25729,0.88632
9,0.39127,7.09696,2,0.24255,0.3928,0.81346
10,0.17367,7.43366,1,0.3653,0.26119,0.89671
10,0.17367,7.43366,2,0.29161,0.38898,0.84451
11,0.41819,7.05193,1,0.34101,0.25689,0.88507
11,0.41819,7.05193,2,0.23641,0.39178,0.80939
12,0.55041,6.81895,1,0.32807,0.25489,0.87903
12,0.55041,6.81895,2,0.20629,0.38681,0.78983
13,0.45614,6.98706,1,0.3373,0.25632,0.88332
13,0.45614,6.98706,2,0.22776,0.39035,0.80371
14,0.65302,6.62476,1,0.31803,0.25334,0.87446
14,0.65302,6.62476,2,0.18294,0.38452,0.77513
15,0.27065,7.2886,1,0.35546,0.25911,0.89202
15,0.27065,7.2886,2,0.27007,0.39736,0.83203
16,0.76773,6.39405,1,0.30681,0.25161,0.86947
16,0.76773,6.39405,2,0.15714,0.40117,0.75973
17,0.71284,6.50623,1,0.31218,0.25244,0.87184
17,0.71284,6.50623,2,0.16976,0.40305,0.7675
18,0.10358,7.53316,1,0.37266,0.26307,0.90016
18,0.10358,7.53316,2,0.30931,0.39036,0.85587
19,0.99724,5.8901,1,0.28437,0.24813,0.85989
19,0.99724,5.8901,2,0.10445,0.39327,0.72857
20,0.83913,6.24327,1,0.29983,0.25053,0.86643
20,0.83913,6.24327,2,0.14073,0.39871,0.7498
