particle,elasticity,weight,frame,x,y,z
1,0.02365,4.15093,1,-0.20855,-0.03288,0.54132
2,0.9161,4.15093,1,-0.20855,-0.03288,0.54132
3,0.35674,4.15093,1,-0.20855,-0.03288,0.54132
4,0.06134,4.15093,1,-0.20855,-0.03288,0.54132
5,0.66006,4.15093,1,-0.20855,-0.03288,0.54132
6,0.8149,4.15093,1,-0.20855,-0.03288,0.54132
7,0.28906,4.15093,1,-0.20855,-0.03288,0.54132
8,0.95,4.15093,1,-0.20855,-0.03288,0.54132
9,0.13873,4.15093,1,-0.20855,-0.03288,0.54132
10,0.61374,4.15093,1,-0.20855,-0.03288,0.54132
11,0.92139,4.15093,1,-0.20855,-0.03288,0.54132
12,0.50854,4.15093,1,-0.20855,-0.03288,0.54132
13,0.91076,4.15093,1,-0.20855,-0.03288,0.54132
14,0.05678,4.15093,1,-0.20855,-0.03288,0.54132
15,0.96212,4.15093,1,-0.20855,-0.03288,0.54132
16,0.94101,4.15093,1,-0.20855,-0.03288,0.54132
17,0.45017,4.15093,1,-0.20855,-0.03288,0.54132
18,0.86477,4.15093,1,-0.20855,-0.03288,0.54132
19,0.41762,4.15093,1,-0.20855,-0.03288,0.54132
20,0.03755,4.15093,1,-0.20855,-0.03288,0.54132
