particle,elasticity,weight,frame,x,y,z
1,0.36217,4.15093,1,-0.09313,-0.12677,0.18029
2,0.4207,4.15093,1,-0.09313,-0.12677,0.18029
3,0.48829,4.15093,1,-0.09313,-0.12677,0.18029
4,0.26216,4.15093,1,-0.09313,-0.12677,0.18029
5,0.46021,4.15093,1,-0.09313,-0.12677,0.18029
6,0.89605,4.15093,1,-0.09313,-0.12677,0.18029
7,0.91414,4.15093,1,-0.09313,-0.12677,0.18029
8,0.61777,4.15093,1,-0.09313,-0.12677,0.18029
9,0.5339,4.15093,1,-0.09313,-0.12677,0.18029
10,0.52282,4.15093,1,-0.09313,-0.12677,0.18029
11,0.40068,4.15093,1,-0.09313,-0.12677,0.18029
12,0.251,4.15093,1,-0.09313,-0.12677,0.18029
13,0.94155,4.15093,1,-0.09313,-0.12677,0.18029
14,0.40691,4.15093,1,-0.09313,-0.12677,0.18029
15,0.12032,4.15093,1,-0.09313,-0.12677,0.18029
16,0.5419,4.15093,1,-0.09313,-0.12677,0.18029
17,0.71525,4.15093,1,-0.09313,-0.12677,0.18029
18,0.79601,4.15093,1,-0.09313,-0.12677,0.18029
19,0.07499,4.15093,1,-0.09313,-0.12677,0.18029
20,0.50568,4.15093,1,-0.09313,-0.12677,0.18029
