particle,elasticity,weight,frame,x,y,z
1,0.23602,8.19315,1,-0.04391,0.05079,0.7991
1,0.23602,8.19315,2,0.14355,-0.10321,0.8678
2,0.84193,8.19315,1,-0.04391,0.05079,0.7991
2,0.84193,8.19315,2,0.14127,-0.10133,0.81069
3,0.74554,8.19315,1,-0.04391,0.05079,0.7991
3,0.74554,8.19315,2,0.14127,-0.10134,0.81977
4,0.23723,8.19315,1,-0.04391,0.05079,0.7991
4,0.23723,8.19315,2,0.14353,-0.10319,0.86769
5,0.02952,8.19315,1,-0.04391,0.05079,0.7991
5,0.02952,8.19315,2,0.14731,-0.10629,0.88728
6,0.47088,8.19315,1,-0.04391,0.05079,0.7991
6,0.47088,8.19315,2,0.14129,-0.10135,0.84566
7,0.43852,8.19315,1,-0.04391,0.05079,0.7991
7,0.43852,8.19315,2,0.14129,-0.10135,0.84871
8,0.57227,8.19315,1,-0.04391,0.05079,0.7991
8,0.57227,8.19315,2,0.14129,-0.10135,0.8361
9,0.8809,8.19315,1,-0.04391,0.05079,0.7991
9,0.8809,8.19315,2,0.14126,-0.10133,0.80702
10,0.45405,8.19315,1,-0.04391,0.05079,0.7991
10,0.45405,8.19315,2,0.14129,-0.10135,0.84724
11,0.95856,8.19315,1,-0.04391,0.05079,0.7991
11,0.95856,8.19315,2,0.14125,-0.10132,0.7997
12,0.27705,8.19315,1,-0.04391,0.05079,0.7991
12,0.27705,8.19315,2,0.1428,-0.10259,0.86394
13,0.84154,8.19315,1,-0.04391,0.05079,0.7991
13,0.84154,8.19315,2,0.14127,-0.10133,0.81072
14,0.67657,8.19315,1,-0.04391,0.05079,0.7991
14,0.67657,8.19315,2,0.14128,-0.10134,0.82627
15,0.87086,8.19315,1,-0.04391,0.05079,0.7991
15,0.87086,8.19315,2,0.14126,-0.10133,0.80796
16,0.1471,8.19315,1,-0.04391,0.05079,0.7991
16,0.1471,8.19315,2,0.14517,-0.10453,0.87619
17,0.95438,8.19315,1,-0.04391,0.05079,0.7991
17,0.95438,8.19315,2,0.14126,-0.10132,0.80009
18,0.86398,8.19315,1,-0.04391,0.05079,0.7991
18,0.86398,8.19315,2,0.14126,-0.10133,0.80861
19,0.94545,8.19315,1,-0.04391,0.05079,0.7991
19,0.94545,8.19315,2,0.14126,-0.10132,0.80094
20,0.04406,8.19315,1,-0.04391,0.05079,0.7991
20,0.04406,8.19315,2,0.14704,-0.10607,0.88591
