particle,elasticity,weight,frame,x,y,z
1,0.82599,7.70992,1,-0.34504,-0.25892,0.77815
1,0.82599,7.70992,2,-0.18508,-0.35089,0.75225
2,0.31782,7.97895,1,-0.37509,-0.25894,0.77815
2,0.31782,7.97895,2,-0.29312,-0.37968,0.75223
3,0.12133,8.05008,1,-0.38671,-0.2617,0.77795
3,0.12133,8.05008,2,-0.33717,-0.39558,0.75149
4,0.21427,8.01841,1,-0.38121,-0.26033,0.77805
4,0.21427,8.01841,2,-0.31628,-0.38786,0.75185
5,0.84486,7.6982,1,-0.34392,-0.25892,0.77815
5,0.84486,7.6982,2,-0.18107,-0.34983,0.75225
6,0.36614,7.95724,1,-0.37223,-0.25894,0.77815
6,0.36614,7.95724,2,-0.28284,-0.37694,0.75223
7,0.3229,7.9767,1,-0.37479,-0.25894,0.77815
7,0.3229,7.9767,2,-0.29204,-0.37939,0.75223
8,0.48665,7.89957,1,-0.3651,-0.25893,0.77815
8,0.48665,7.89957,2,-0.2572,-0.37011,0.75223
9,0.69916,7.78551,1,-0.35254,-0.25893,0.77815
9,0.69916,7.78551,2,-0.21202,-0.35807,0.75224
10,0.64895,7.81388,1,-0.35551,-0.25893,0.77815
10,0.64895,7.81388,2,-0.22269,-0.36091,0.75224
11,0.60511,7.83793,1,-0.3581,-0.25893,0.77815
11,0.60511,7.83793,2,-0.23201,-0.3634,0.75224
12,0.53404,7.8755,1,-0.3623,-0.25893,0.77815
12,0.53404,7.8755,2,-0.24712,-0.36742,0.75223
13,0.78452,7.73525,1,-0.34749,-0.25893,0.77815
13,0.78452,7.73525,2,-0.19388,-0.35324,0.75225
14,0.38169,7.95009,1,-0.37131,-0.25894,0.77815
14,0.38169,7.95009,2,-0.27953,-0.37606,0.75223
15,0.14003,8.04397,1,-0.38561,-0.26142,0.77797
15,0.14003,8.04397,2,-0.33297,-0.39401,0.75156
16,0.98421,7.60776,1,-0.33568,-0.25892,0.77816
16,0.98421,7.60776,2,-0.15149,-0.34195,0.75226
17,0.51818,7.88364,1,-0.36324,-0.25893,0.77815
17,0.51818,7.88364,2,-0.25049,-0.36832,0.75223
18,0.68753,7.79215,1,-0.35322,-0.25893,0.77815
18,0.68753,7.79215,2,-0.21449,-0.35873,0.75224
19,0.78731,7.73357,1,-0.34733,-0.25893,0.77815
19,0.78731,7.73357,2,-0.19329,-0.35308,0.75225
20,0.02383,8.07985,1,-0.39248,-0.26313,0.77784
20,0.02383,8.07985,2,-0.3591,-0.40385,0.7511
