particle,elasticity,weight,frame,x,y,z
1,0.51131,8.20747,1,-0.32741,-0.09072,0.24126
1,0.51131,8.20747,2,-0.35387,-0.38152,0.11455
2,0.43834,8.20747,1,-0.32741,-0.09072,0.24126
2,0.43834,8.20747,2,-0.35393,-0.38217,0.11196
3,0.94709,8.20747,1,-0.32741,-0.09072,0.24126
3,0.94709,8.20747,2,-0.35352,-0.37766,0.13005
4,0.32629,8.20747,1,-0.32741,-0.09072,0.24126
4,0.32629,8.20747,2,-0.35402,-0.38316,0.10797
5,0.96934,8.20747,1,-0.32741,-0.09072,0.24126
5,0.96934,8.20747,2,-0.3535,-0.37746,0.13085
6,0.18495,8.20747,1,-0.32741,-0.09072,0.24126
6,0.18495,8.20747,2,-0.35414,-0.38441,0.10294
7,0.14135,8.20747,1,-0.32741,-0.09072,0.24126
7,0.14135,8.20747,2,-0.35417,-0.38479,0.10139
8,0.94666,8.20747,1,-0.32741,-0.09072,0.24126
8,0.94666,8.20747,2,-0.35352,-0.37766,0.13004
9,0.00344,8.20747,1,-0.32741,-0.09072,0.24126
9,0.00344,8.20747,2,-0.3542,-0.38514,0.09999
10,0.25051,8.20747,1,-0.32741,-0.09072,0.24126
10,0.25051,8.20747,2,-0.35408,-0.38383,0.10528
11,0.3858,8.20747,1,-0.32741,-0.09072,0.24126
11,0.3858,8.20747,2,-0.35397,-0.38263,0.11009
12,0.42838,8.20747,1,-0.32741,-0.09072,0.24126
12,0.42838,8.20747,2,-0.35394,-0.38225,0.1116
13,0.77147,8.20747,1,-0.32741,-0.09072,0.24126
13,0.77147,8.20747,2,-0.35366,-0.37922,0.12381
14,0.85787,8.20747,1,-0.32741,-0.09072,0.24126
14,0.85787,8.20747,2,-0.35359,-0.37845,0.12688
15,0.0009,8.20747,1,-0.32741,-0.09072,0.24126
15,0.0009,8.20747,2,-0.3542,-0.38514,0.09999
16,0.89972,8.20747,1,-0.32741,-0.09072,0.24126
16,0.89972,8.20747,2,-0.35356,-0.37808,0.12837
17,0.94172,8.20747,1,-0.32741,-0.09072,0.24126
17,0.94172,8.20747,2,-0.35353,-0.37771,0.12986
18,0.01751,8.20747,1,-0.32741,-0.09072,0.24126
18,0.01751,8.20747,2,-0.3542,-0.38514,0.09999
19,0.0435,8.20747,1,-0.32741,-0.09072,0.24126
19,0.0435,8.20747,2,-0.3542,-0.38514,0.09999
20,0.61205,8.20747,1,-0.32741,-0.09072,0.24126
20,0.61205,8.20747,2,-0.35379,-0.38063,0.11814
