particle,elasticity,weight,frame,x,y,z
1,0.46737,8.15397,1,0.03463,-0.14982,0.18131
1,0.46737,8.15397,2,0.17543,-0.34553,0.15949
2,0.24108,8.15397,1,0.03463,-0.14982,0.18131
2,0.24108,8.15397,2,0.17544,-0.34555,0.1275
3,0.1844,8.15397,1,0.03463,-0.14982,0.18131
3,0.1844,8.15397,2,0.17544,-0.34555,0.11949
4,0.62976,8.15397,1,0.03463,-0.14982,0.18131
4,0.62976,8.15397,2,0.17541,-0.34551,0.18243
5,0.03664,8.15397,1,0.03463,-0.14982,0.18131
5,0.03664,8.15397,2,0.17524,-0.34527,0.09999
6,0.39781,8.15397,1,0.03463,-0.14982,0.18131
6,0.39781,8.15397,2,0.17543,-0.34554,0.14966
7,0.66346,8.15397,1,0.03463,-0.14982,0.18131
7,0.66346,8.15397,2,0.17541,-0.3455,0.18719
8,0.18139,8.15397,1,0.03463,-0.14982,0.18131
8,0.18139,8.15397,2,0.17544,-0.34555,0.11906
9,0.75452,8.15397,1,0.03463,-0.14982,0.18131
9,0.75452,8.15397,2,0.1754,-0.34549,0.20005
10,0.26301,8.15397,1,0.03463,-0.14982,0.18131
10,0.26301,8.15397,2,0.17544,-0.34555,0.1306
11,0.97949,8.15397,1,0.03463,-0.14982,0.18131
11,0.97949,8.15397,2,0.17537,-0.34545,0.23181
12,0.9335,8.15397,1,0.03463,-0.14982,0.18131
12,0.9335,8.15397,2,0.17537,-0.34546,0.22532
13,0.99311,8.15397,1,0.03463,-0.14982,0.18131
13,0.99311,8.15397,2,0.17537,-0.34544,0.23373
14,0.38779,8.15397,1,0.03463,-0.14982,0.18131
14,0.38779,8.15397,2,0.17543,-0.34554,0.14824
15,0.19,8.15397,1,0.03463,-0.14982,0.18131
15,0.19,8.15397,2,0.17544,-0.34555,0.12028
16,0.84086,8.15397,1,0.03463,-0.14982,0.18131
16,0.84086,8.15397,2,0.17539,-0.34547,0.21224
17,0.6547,8.15397,1,0.03463,-0.14982,0.18131
17,0.6547,8.15397,2,0.17541,-0.34551,0.18596
18,0.16072,8.15397,1,0.03463,-0.14982,0.18131
18,0.16072,8.15397,2,0.17544,-0.34555,0.11614
19,0.33577,8.15397,1,0.03463,-0.14982,0.18131
19,0.33577,8.15397,2,0.17544,-0.34554,0.14089
20,0.68576,8.15397,1,0.03463,-0.14982,0.18131
20,0.68576,8.15397,2,0.17541,-0.3455,0.19034
