particle,elasticity,weight,frame,x,y,z
1,0.60669,4.15093,1,0.05224,-0.0857,0.15383
2,0.99129,4.15093,1,0.05223,-0.08576,0.19774
3,0.86438,4.15093,1,0.05223,-0.08574,0.18326
4,0.83565,4.15093,1,0.05223,-0.08573,0.17998
5,0.28354,4.15093,1,0.05224,-0.08567,0.1169
6,0.31137,4.15093,1,0.05224,-0.08567,0.12008
7,0.82773,4.15093,1,0.05223,-0.08573,0.17907
8,0.48868,4.15093,1,0.05224,-0.08569,0.14035
9,0.88122,4.15093,1,0.05223,-0.08574,0.18518
10,0.76897,4.15093,1,0.05223,-0.08573,0.17236
11,0.07871,4.15093,1,0.05224,-0.08566,0.09347
12,0.50793,4.15093,1,0.05224,-0.08569,0.14254
13,0.63003,4.15093,1,0.05224,-0.08571,0.1565
14,0.66903,4.15093,1,0.05224,-0.08571,0.16095
15,0.49693,4.15093,1,0.05224,-0.08569,0.14129
16,0.62867,4.15093,1,0.05224,-0.08571,0.15634
17,0.23508,4.15093,1,0.05224,-0.08567,0.11135
18,0.31316,4.15093,1,0.05224,-0.08567,0.12028
19,0.17102,4.15093,1,0.05224,-0.08566,0.10403
20,0.92668,4.15093,1,0.05223,-0.08575,0.19037
