particle,elasticity,weight,frame,x,y,z
1,0.08811,8.24726,1,0.38871,0.37642,0.50907
1,0.08811,8.24726,2,0.36053,0.38537,0.6014
2,0.77846,8.22465,1,0.3765,0.37374,0.5076
2,0.77846,8.22465,2,0.30021,0.31275,0.59497
3,0.95657,8.21624,1,0.37335,0.37305,0.50722
3,0.95657,8.21624,2,0.28467,0.29523,0.59331
4,0.08399,8.24735,1,0.38878,0.37644,0.50908
4,0.08399,8.24735,2,0.36089,0.38583,0.60143
5,0.18291,8.24509,1,0.38704,0.37605,0.50887
5,0.18291,8.24509,2,0.35224,0.37496,0.60052
6,0.54805,8.23396,1,0.38058,0.37464,0.50809
6,0.54805,8.23396,2,0.32032,0.33615,0.59712
7,0.19151,8.24488,1,0.38688,0.37602,0.50885
7,0.19151,8.24488,2,0.35149,0.37402,0.60044
8,0.66718,8.22936,1,0.37847,0.37417,0.50784
8,0.66718,8.22936,2,0.30992,0.32395,0.59601
9,0.37042,8.23993,1,0.38372,0.37532,0.50847
9,0.37042,8.23993,2,0.33584,0.35477,0.59878
10,0.77974,8.22459,1,0.37648,0.37374,0.5076
10,0.77974,8.22459,2,0.3001,0.31262,0.59496
11,0.01583,8.24872,1,0.38999,0.3767,0.50922
11,0.01583,8.24872,2,0.36686,0.39341,0.60206
12,0.08675,8.24729,1,0.38874,0.37642,0.50907
12,0.08675,8.24729,2,0.36065,0.38552,0.60141
13,0.36261,8.24017,1,0.38386,0.37536,0.50849
13,0.36261,8.24017,2,0.33653,0.3556,0.59885
14,0.69969,8.22803,1,0.3779,0.37405,0.50777
14,0.69969,8.22803,2,0.30708,0.32065,0.59571
15,0.81466,8.22302,1,0.37586,0.3736,0.50753
15,0.81466,8.22302,2,0.29705,0.30914,0.59464
16,0.51797,8.23504,1,0.38111,0.37475,0.50816
16,0.51797,8.23504,2,0.32295,0.33927,0.5974
17,0.20426,8.24457,1,0.38666,0.37597,0.50882
17,0.20426,8.24457,2,0.35037,0.37263,0.60032
18,0.18631,8.24501,1,0.38698,0.37604,0.50886
18,0.18631,8.24501,2,0.35194,0.37459,0.60049
19,0.44682,8.23749,1,0.38237,0.37503,0.50831
19,0.44682,8.23749,2,0.32917,0.3467,0.59807
20,0.79098,8.22409,1,0.37628,0.37369,0.50758
20,0.79098,8.22409,2,0.29912,0.3115,0.59486
