particle,elasticity,weight,frame,x,y,z
1,0.99067,4.15093,1,0.34983,0.20454,0.72819
2,0.7381,4.15093,1,0.34983,0.20454,0.72819
3,0.16821,4.15093,1,0.34983,0.20454,0.72819
4,0.49953,4.15093,1,0.34983,0.20454,0.72819
5,0.22259,4.15093,1,0.34983,0.20454,0.72819
6,0.10805,4.15093,1,0.34983,0.20454,0.72819
7,0.47144,4.15093,1,0.34983,0.20454,0.72819
8,0.86668,4.15093,1,0.34983,0.20454,0.72819
9,0.83368,4.15093,1,0.34983,0.20454,0.72819
10,0.40867,4.15093,1,0.34983,0.20454,0.72819
11,0.77029,4.15093,1,0.34983,0.20454,0.72819
12,0.05303,4.15093,1,0.34983,0.20454,0.72819
13,0.38155,4.15093,1,0.34983,0.20454,0.72819
14,0.17406,4.15093,1,0.34983,0.20454,0.72819
15,0.17377,4.15093,1,0.34983,0.20454,0.72819
16,0.23341,4.15093,1,0.34983,0.20454,0.72819
17,0.72895,4.15093,1,0.34983,0.20454,0.72819
18,0.45451,4.15093,1,0.34983,0.20454,0.72819
19,0.14614,4.15093,1,0.34983,0.20454,0.72819
20,0.96748,4.15093,1,0.34983,0.20454,0.72819
