particle,elasticity,weight,frame,x,y,z
1,0.19617,4.15093,1,-0.01933,-0.31992,0.68823
2,0.02416,4.15093,1,-0.01933,-0.31992,0.68823
3,0.36679,4.15093,1,-0.01933,-0.31992,0.68823
4,0.2653,4.15093,1,-0.01933,-0.31992,0.68823
5,0.2375,4.15093,1,-0.01933,-0.31992,0.68823
6,0.27065,4.15093,1,-0.01933,-0.31992,0.68823
7,0.85839,4.15093,1,-0.01933,-0.31992,0.68823
8,0.33471,4.15093,1,-0.01933,-0.31992,0.68823
9,0.50177,4.15093,1,-0.01933,-0.31992,0.68823
10,0.91452,4.15093,1,-0.01933,-0.31992,0.68823
11,0.51317,4.15093,1,-0.01933,-0.31992,0.68823
12,0.51824,4.15093,1,-0.01933,-0.31992,0.68823
13,0.1045,4.15093,1,-0.01933,-0.31992,0.68823
14,0.27493,4.15093,1,-0.01933,-0.31992,0.68823
15,0.24492,4.15093,1,-0.01933,-0.31992,0.68823
16,0.28793,4.15093,1,-0.01933,-0.31992,0.68823
17,0.81196,4.15093,1,-0.01933,-0.31992,0.68823
18,0.47056,4.15093,1,-0.01933,-0.31992,0.68823
19,0.31286,4.15093,1,-0.01933,-0.31992,0.68823
20,0.34485,4.15093,1,-0.01933,-0.31992,0.68823
