particle,elasticity,weight,frame,x,y,z
1,0.55913,7.8751,1,-0.02658,-0.17156,0.12262
1,0.55913,7.8751,2,-0.01498,-0.2854,0.18336
2,0.7951,7.75134,1,-0.02658,-0.17156,0.1352
2,0.7951,7.75134,2,-0.01499,-0.28533,0.22405
3,0.51992,7.89414,1,-0.02658,-0.17156,0.12053
3,0.51992,7.89414,2,-0.01498,-0.28541,0.17659
4,0.17128,8.04421,1,-0.02658,-0.17157,0.10195
4,0.17128,8.04421,2,-0.01497,-0.28547,0.11639
5,0.95033,7.66132,1,-0.02658,-0.17155,0.14347
5,0.95033,7.66132,2,-0.01499,-0.28527,0.25079
6,0.85329,7.7184,1,-0.02658,-0.17156,0.1383
6,0.85329,7.7184,2,-0.01499,-0.28531,0.23408
7,0.51226,7.89781,1,-0.02658,-0.17156,0.12013
7,0.51226,7.89781,2,-0.01498,-0.28541,0.17527
8,0.56071,7.87433,1,-0.02658,-0.17156,0.12271
8,0.56071,7.87433,2,-0.01498,-0.2854,0.18363
9,0.06792,8.08207,1,-0.02658,-0.17157,0.09643
9,0.06792,8.08207,2,-0.015,-0.28523,0.09953
10,0.42482,7.9385,1,-0.02658,-0.17157,0.11546
10,0.42482,7.9385,2,-0.01498,-0.28543,0.16018
11,0.29993,7.99285,1,-0.02658,-0.17157,0.10881
11,0.29993,7.99285,2,-0.01497,-0.28545,0.13861
12,0.96476,7.65261,1,-0.02658,-0.17155,0.14424
12,0.96476,7.65261,2,-0.01499,-0.28527,0.25328
13,0.50509,7.90123,1,-0.02658,-0.17156,0.11974
13,0.50509,7.90123,2,-0.01498,-0.28541,0.17403
14,0.56008,7.87464,1,-0.02658,-0.17156,0.12268
14,0.56008,7.87464,2,-0.01498,-0.2854,0.18352
15,0.00224,8.10073,1,-0.02659,-0.17147,0.09355
15,0.00224,8.10073,2,-0.0151,-0.2842,0.09695
16,0.47702,7.91447,1,-0.02658,-0.17156,0.11825
16,0.47702,7.91447,2,-0.01498,-0.28542,0.16919
17,0.34704,7.97287,1,-0.02658,-0.17157,0.11132
17,0.34704,7.97287,2,-0.01497,-0.28545,0.14675
18,0.43014,7.93608,1,-0.02658,-0.17157,0.11575
18,0.43014,7.93608,2,-0.01498,-0.28543,0.1611
19,0.57044,7.86953,1,-0.02658,-0.17156,0.12323
19,0.57044,7.86953,2,-0.01498,-0.28539,0.18531
20,0.47522,7.91531,1,-0.02658,-0.17156,0.11815
20,0.47522,7.91531,2,-0.01498,-0.28542,0.16888
