particle,elasticity,weight,frame,x,y,z
1,0.34015,8.26986,1,-0.04057,0.09906,0.41922
1,0.34015,8.26986,2,0.07021,-0.02124,0.55922
2,0.36402,8.26986,1,-0.04057,0.09906,0.41922
2,0.36402,8.26986,2,0.07021,-0.02124,0.55922
3,0.53086,8.26986,1,-0.04057,0.09906,0.41922
3,0.53086,8.26986,2,0.07021,-0.02124,0.55922
4,0.09048,8.26986,1,-0.04057,0.09906,0.41922
4,0.09048,8.26986,2,0.07021,-0.02124,0.55922
5,0.10763,8.26986,1,-0.04057,0.09906,0.41922
5,0.10763,8.26986,2,0.07021,-0.02124,0.55922
6,0.98581,8.26986,1,-0.04057,0.09906,0.41922
6,0.98581,8.26986,2,0.07021,-0.02124,0.55922
7,0.40448,8.26986,1,-0.04057,0.09906,0.41922
7,0.40448,8.26986,2,0.07021,-0.02124,0.55922
8,0.612,8.26986,1,-0.04057,0.09906,0.41922
8,0.612,8.26986,2,0.07021,-0.02124,0.55922
9,0.4723,8.26986,1,-0.04057,0.09906,0.41922
9,0.4723,8.26986,2,0.07021,-0.02124,0.55922
10,0.87747,8.26986,1,-0.04057,0.09906,0.41922
10,0.87747,8.26986,2,0.07021,-0.02124,0.55922
11,0.19359,8.26986,1,-0.04057,0.09906,0.41922
11,0.19359,8.26986,2,0.07021,-0.02124,0.55922
12,0.96427,8.26986,1,-0.04057,0.09906,0.41922
12,0.96427,8.26986,2,0.07021,-0.02124,0.55922
13,0.70858,8.26986,1,-0.04057,0.09906,0.41922
13,0.70858,8.26986,2,0.07021,-0.02124,0.55922
14,0.12882,8.26986,1,-0.04057,0.09906,0.41922
14,0.12882,8.26986,2,0.07021,-0.02124,0.55922
15,0.13655,8.26986,1,-0.04057,0.09906,0.41922
15,0.13655,8.26986,2,0.07021,-0.02124,0.55922
16,0.35136,8.26986,1,-0.04057,0.09906,0.41922
16,0.35136,8.26986,2,0.07021,-0.02124,0.55922
17,0.11674,8.26986,1,-0.04057,0.09906,0.41922
17,0.11674,8.26986,2,0.07021,-0.02124,0.55922
18,0.53505,8.26986,1,-0.04057,0.09906,0.41922
18,0.53505,8.26986,2,0.07021,-0.02124,0.55922
19,0.45194,8.26986,1,-0.04057,0.09906,0.41922
19,0.45194,8.26986,2,0.07021,-0.02124,0.55922
20,0.42732,8.26986,1,-0.04057,0.09906,0.41922
20,0.42732,8.26986,2,0.07021,-0.02124,0.55922
