particle,elasticity,weight,frame,x,y,z
1,0.8728,6.40955,1,-0.34866,0.29438,0.4833
1,0.8728,6.40955,2,-0.3496,0.1329,0.65235
2,0.58211,7.0091,1,-0.34869,0.32888,0.48334
2,0.58211,7.0091,2,-0.36533,0.20943,0.65658
3,0.54123,7.08391,1,-0.34869,0.33373,0.48334
3,0.54123,7.08391,2,-0.36755,0.2204,0.65736
4,0.87206,6.41122,1,-0.34866,0.29446,0.4833
4,0.87206,6.41122,2,-0.34964,0.1331,0.65235
5,0.56985,7.03179,1,-0.34869,0.33033,0.48334
5,0.56985,7.03179,2,-0.366,0.21271,0.65681
6,0.7397,6.69878,1,-0.34868,0.31017,0.48332
6,0.7397,6.69878,2,-0.3568,0.16767,0.65388
7,0.73543,6.70766,1,-0.34868,0.31068,0.48332
7,0.73543,6.70766,2,-0.35703,0.16879,0.65394
8,0.53298,7.09872,1,-0.3487,0.33471,0.48335
8,0.53298,7.09872,2,-0.36799,0.22262,0.65752
9,0.43176,7.26984,1,-0.34915,0.34673,0.48397
9,0.43176,7.26984,2,-0.37373,0.25025,0.66083
10,0.6214,6.935,1,-0.34869,0.32421,0.48334
10,0.6214,6.935,2,-0.3632,0.19894,0.65586
11,0.80328,6.56372,1,-0.34867,0.30263,0.48331
11,0.80328,6.56372,2,-0.35336,0.15102,0.65296
12,0.43291,7.26808,1,-0.34913,0.3466,0.48394
12,0.43291,7.26808,2,-0.37366,0.24993,0.66075
13,0.38633,7.33812,1,-0.34994,0.35213,0.48506
13,0.38633,7.33812,2,-0.3849,0.26344,0.66605
14,0.61762,6.94223,1,-0.34869,0.32466,0.48334
14,0.61762,6.94223,2,-0.36341,0.19995,0.65592
15,0.14435,7.64968,1,-0.35415,0.38088,0.49088
15,0.14435,7.64968,2,-0.38144,0.3303,0.6785
16,0.94919,6.23234,1,-0.34865,0.28531,0.48329
16,0.94919,6.23234,2,-0.34548,0.11299,0.65229
17,0.45751,7.22977,1,-0.3487,0.34368,0.48335
17,0.45751,7.22977,2,-0.37209,0.24305,0.65905
18,0.89569,6.35729,1,-0.34866,0.29166,0.4833
18,0.89569,6.35729,2,-0.34837,0.12693,0.65233
19,0.65732,6.86536,1,-0.34869,0.31995,0.48333
19,0.65732,6.86536,2,-0.36126,0.1894,0.65522
20,0.09281,7.70471,1,-0.35505,0.387,0.49212
20,0.09281,7.70471,2,-0.38534,0.34502,0.68224
