particle,elasticity,weight,frame,x,y,z
1,0.1845,4.15093,1,0.3832,0.12314,0.08395
2,0.20779,4.15093,1,0.38143,0.12286,0.08429
3,0.41909,4.15093,1,0.36544,0.12031,0.08737
4,0.6934,4.15093,1,0.34467,0.11699,0.09137
5,0.18855,4.15093,1,0.38289,0.12309,0.08401
6,0.03295,4.15093,1,0.39467,0.12497,0.08175
7,0.47438,4.15093,1,0.36125,0.11964,0.08817
8,0.81854,4.15093,1,0.3352,0.11548,0.09319
9,0.39585,4.15093,1,0.3672,0.12059,0.08703
10,0.85251,4.15093,1,0.33262,0.11507,0.09369
11,0.2817,4.15093,1,0.37584,0.12197,0.08537
12,0.29746,4.15093,1,0.37464,0.12178,0.0856
13,0.40341,4.15093,1,0.36662,0.1205,0.08714
14,0.48653,4.15093,1,0.36033,0.11949,0.08835
15,0.23846,4.15093,1,0.37911,0.12249,0.08474
16,0.91138,4.15093,1,0.32817,0.11436,0.09454
17,0.34894,4.15093,1,0.37075,0.12116,0.08635
18,0.76085,4.15093,1,0.33956,0.11618,0.09235
19,0.56251,4.15093,1,0.35458,0.11858,0.08946
20,0.3663,4.15093,1,0.36943,0.12095,0.0866
