particle,elasticity,weight,frame,x,y,z
1,0.29994,4.15093,1,0.28369,-0.08262,0.55808
2,0.48179,4.15093,1,0.28369,-0.08262,0.55808
3,0.01856,4.15093,1,0.28369,-0.08262,0.55808
4,0.13731,4.15093,1,0.28369,-0.08262,0.55808
5,0.3864,4.15093,1,0.28369,-0.08262,0.55808
6,0.46072,4.15093,1,0.28369,-0.08262,0.55808
7,0.16209,4.15093,1,0.28369,-0.08262,0.55808
8,0.94665,4.15093,1,0.28369,-0.08262,0.55808
9,0.1808,4.15093,1,0.28369,-0.08262,0.55808
10,0.81124,4.15093,1,0.28369,-0.08262,0.55808
11,0.44971,4.15093,1,0.28369,-0.08262,0.55808
12,0.40208,4.15093,1,0.28369,-0.08262,0.55808
13,0.41898,4.15093,1,0.28369,-0.08262,0.55808
14,0.36553,4.15093,1,0.28369,-0.08262,0.55808
15,0.70706,4.15093,1,0.28369,-0.08262,0.55808
16,0.20159,4.15093,1,0.28369,-0.08262,0.55808
17,0.81261,4.15093,1,0.28369,-0.08262,0.55808
18,0.19854,4.15093,1,0.28369,-0.08262,0.55808
19,0.44514,4.15093,1,0.28369,-0.08262,0.55808
20,0.37024,4.15093,1,0.28369,-0.08262,0.55808
