particle,elasticity,weight,frame,x,y,z
1,0.80762,4.15093,1,0.11539,0.33943,0.61294
2,0.7409,4.15093,1,0.11642,0.34364,0.61271
3,0.1224,4.15093,1,0.12595,0.38273,0.61059
4,0.98012,4.15093,1,0.11273,0.32853,0.61354
5,0.17619,4.15093,1,0.12512,0.37933,0.61078
6,0.5068,4.15093,1,0.12003,0.35844,0.61191
7,0.55085,4.15093,1,0.11935,0.35565,0.61206
8,0.48724,4.15093,1,0.12033,0.35967,0.61184
9,0.27343,4.15093,1,0.12363,0.37318,0.61111
10,0.49487,4.15093,1,0.12021,0.35919,0.61187
11,0.77073,4.15093,1,0.11596,0.34176,0.61282
12,0.02737,4.15093,1,0.12741,0.38873,0.61027
13,0.13505,4.15093,1,0.12576,0.38193,0.61064
14,0.57424,4.15093,1,0.11899,0.35418,0.61214
15,0.03589,4.15093,1,0.12728,0.38819,0.6103
16,0.20507,4.15093,1,0.12468,0.3775,0.61088
17,0.06787,4.15093,1,0.12679,0.38617,0.61041
18,0.20319,4.15093,1,0.12471,0.37762,0.61087
19,0.78225,4.15093,1,0.11578,0.34103,0.61286
20,0.77984,4.15093,1,0.11582,0.34118,0.61285
