particle,elasticity,weight,frame,x,y,z
1,0.60758,8.26517,1,0.40888,0.38265,0.69777
1,0.60758,8.26517,2,0.32945,0.2511,0.72006
2,0.62293,8.26489,1,0.40888,0.38238,0.69777
2,0.62293,8.26489,2,0.32779,0.24911,0.72006
3,0.25964,8.2697,1,0.40888,0.38876,0.69777
3,0.25964,8.2697,2,0.36714,0.29623,0.72008
4,0.361,8.26877,1,0.40888,0.38698,0.69777
4,0.361,8.26877,2,0.35615,0.28307,0.72008
5,0.33602,8.26903,1,0.40888,0.38742,0.69777
5,0.33602,8.26903,2,0.35886,0.28631,0.72008
6,0.86575,8.2594,1,0.40888,0.37811,0.69777
6,0.86575,8.2594,2,0.30154,0.21767,0.72004
7,0.05075,8.26864,1,0.40964,0.39243,0.69792
7,0.05075,8.26864,2,0.38984,0.32819,0.72119
8,0.62628,8.26483,1,0.40888,0.38232,0.69777
8,0.62628,8.26483,2,0.32743,0.24868,0.72006
9,0.18566,8.2697,1,0.40906,0.39006,0.69781
9,0.18566,8.2697,2,0.37506,0.30701,0.72035
10,0.48178,8.26724,1,0.40888,0.38486,0.69777
10,0.48178,8.26724,2,0.34307,0.26741,0.72007
11,0.64288,8.26451,1,0.40888,0.38203,0.69777
11,0.64288,8.26451,2,0.32563,0.24653,0.72006
12,0.43504,8.26789,1,0.40888,0.38568,0.69777
12,0.43504,8.26789,2,0.34813,0.27347,0.72007
13,0.17464,8.26964,1,0.40911,0.39025,0.69782
13,0.17464,8.26964,2,0.37624,0.30874,0.72042
14,0.74372,8.26239,1,0.40888,0.38026,0.69777
14,0.74372,8.26239,2,0.31473,0.23347,0.72005
15,0.46592,8.26747,1,0.40888,0.38514,0.69777
15,0.46592,8.26747,2,0.34479,0.26946,0.72007
16,0.71272,8.26307,1,0.40888,0.3808,0.69777
16,0.71272,8.26307,2,0.31808,0.23748,0.72005
17,0.52276,8.26662,1,0.40888,0.38414,0.69777
17,0.52276,8.26662,2,0.33863,0.26209,0.72007
18,0.969,8.25652,1,0.40888,0.3763,0.69777
18,0.969,8.25652,2,0.29039,0.20431,0.72003
19,0.55751,8.26606,1,0.40888,0.38353,0.69777
19,0.55751,8.26606,2,0.33487,0.25759,0.72006
20,0.1629,8.26957,1,0.40916,0.39046,0.69783
20,0.1629,8.26957,2,0.3775,0.31058,0.7205
