particle,elasticity,weight,frame,x,y,z
1,0.71402,7.51059,1,0.04343,0.35321,0.53594
1,0.71402,7.51059,2,-0.12809,0.22901,0.52005
2,0.55953,7.63855,1,0.04342,0.36393,0.53594
2,0.55953,7.63855,2,-0.12818,0.26366,0.52004
3,0.75633,7.47354,1,0.04343,0.35027,0.53594
3,0.75633,7.47354,2,-0.12806,0.21953,0.52005
4,0.64539,7.56885,1,0.04342,0.35797,0.53594
4,0.64539,7.56885,2,-0.12813,0.2444,0.52005
5,0.79037,7.44311,1,0.04343,0.34791,0.53594
5,0.79037,7.44311,2,-0.12804,0.2119,0.52005
6,0.71057,7.51358,1,0.04343,0.35345,0.53594
6,0.71057,7.51358,2,-0.12809,0.22978,0.52005
7,0.7908,7.44272,1,0.04343,0.34788,0.53594
7,0.7908,7.44272,2,-0.12804,0.2118,0.52005
8,0.33387,7.80484,1,0.04341,0.3796,0.53594
8,0.33387,7.80484,2,-0.12828,0.31432,0.52004
9,0.63751,7.5754,1,0.04342,0.35852,0.53594
9,0.63751,7.5754,2,-0.12813,0.24617,0.52004
10,0.63122,7.5806,1,0.04342,0.35895,0.53594
10,0.63122,7.5806,2,-0.12814,0.24758,0.52004
11,0.634,7.5783,1,0.04342,0.35876,0.53594
11,0.634,7.5783,2,-0.12814,0.24695,0.52004
12,0.55787,7.63987,1,0.04342,0.36405,0.53594
12,0.55787,7.63987,2,-0.12818,0.26403,0.52004
13,0.91768,7.32437,1,0.04344,0.33907,0.53594
13,0.91768,7.32437,2,-0.12796,0.18339,0.52005
14,0.97484,7.26853,1,0.04344,0.3351,0.53594
14,0.97484,7.26853,2,-0.12792,0.17059,0.52006
15,0.10169,7.95033,1,0.04341,0.39573,0.53594
15,0.10169,7.95033,2,-0.12834,0.3665,0.52003
16,0.34874,7.79464,1,0.04341,0.37857,0.53594
16,0.34874,7.79464,2,-0.12827,0.31098,0.52004
17,0.04304,7.98297,1,0.04341,0.39981,0.53594
17,0.04304,7.98297,2,-0.12835,0.37969,0.52003
18,0.44736,7.72427,1,0.04342,0.37172,0.53594
18,0.44736,7.72427,2,-0.12823,0.28883,0.52004
19,0.68696,7.53383,1,0.04343,0.35508,0.53594
19,0.68696,7.53383,2,-0.12811,0.23508,0.52005
20,0.59231,7.61236,1,0.04342,0.36166,0.53594
20,0.59231,7.61236,2,-0.12816,0.2563,0.52004
