particle,elasticity,weight,frame,x,y,z
1,0.29183,4.15093,1,-0.09821,-0.32674,0.55342
2,0.45687,4.15093,1,-0.09821,-0.32674,0.55342
3,0.12868,4.15093,1,-0.09821,-0.32674,0.55342
4,0.60478,4.15093,1,-0.09821,-0.32674,0.55342
5,0.76678,4.15093,1,-0.09821,-0.32674,0.55342
6,0.67074,4.15093,1,-0.09821,-0.32674,0.55342
7,0.72354,4.15093,1,-0.09821,-0.32674,0.55342
8,0.9094,4.15093,1,-0.09821,-0.32674,0.55342
9,0.90903,4.15093,1,-0.09821,-0.32674,0.55342
10,0.35392,4.15093,1,-0.09821,-0.32674,0.55342
11,0.87093,4.15093,1,-0.09821,-0.32674,0.55342
12,0.44162,4.15093,1,-0.09821,-0.32674,0.55342
13,0.46544,4.15093,1,-0.09821,-0.32674,0.55342
14,0.14175,4.15093,1,-0.09821,-0.32674,0.55342
15,0.49978,4.15093,1,-0.09821,-0.32674,0.55342
16,0.80423,4.15093,1,-0.09821,-0.32674,0.55342
17,0.28822,4.15093,1,-0.09821,-0.32674,0.55342
18,0.35949,4.15093,1,-0.09821,-0.32674,0.55342
19,0.69395,4.15093,1,-0.09821,-0.32674,0.55342
20,0.09384,4.15093,1,-0.09821,-0.32674,0.55342
