particle,elasticity,weight,frame,x,y,z
1,0.18637,8.23707,1,0.32526,-0.16735,0.11445
1,0.18637,8.23707,2,0.33801,-0.40202,0.10205
2,0.01859,8.23707,1,0.32526,-0.16735,0.11445
2,0.01859,8.23707,2,0.33801,-0.40446,0.10205
3,0.36746,8.23707,1,0.32526,-0.16735,0.11445
3,0.36746,8.23707,2,0.33801,-0.39939,0.10205
4,0.60645,8.23707,1,0.32526,-0.16735,0.11445
4,0.60645,8.23707,2,0.33799,-0.39546,0.10318
5,0.97228,8.23707,1,0.32526,-0.16735,0.11445
5,0.97228,8.23707,2,0.3378,-0.38701,0.11965
6,0.42095,8.23707,1,0.32526,-0.16735,0.11445
6,0.42095,8.23707,2,0.33801,-0.39861,0.10205
7,0.31644,8.23707,1,0.32526,-0.16735,0.11445
7,0.31644,8.23707,2,0.33801,-0.40013,0.10205
8,0.93597,8.23707,1,0.32526,-0.16735,0.11445
8,0.93597,8.23707,2,0.33782,-0.38784,0.11802
9,0.90878,8.23707,1,0.32526,-0.16735,0.11445
9,0.90878,8.23707,2,0.33783,-0.38847,0.11679
10,0.92017,8.23707,1,0.32526,-0.16735,0.11445
10,0.92017,8.23707,2,0.33782,-0.38821,0.1173
11,0.90621,8.23707,1,0.32526,-0.16735,0.11445
11,0.90621,8.23707,2,0.33783,-0.38853,0.11668
12,0.74127,8.23707,1,0.32526,-0.16735,0.11445
12,0.74127,8.23707,2,0.33792,-0.39233,0.10925
13,0.44781,8.23707,1,0.32526,-0.16735,0.11445
13,0.44781,8.23707,2,0.33801,-0.39822,0.10205
14,0.52472,8.23707,1,0.32526,-0.16735,0.11445
14,0.52472,8.23707,2,0.33801,-0.39709,0.10181
15,0.74943,8.23707,1,0.32526,-0.16735,0.11445
15,0.74943,8.23707,2,0.33792,-0.39214,0.10962
16,0.87796,8.23707,1,0.32526,-0.16735,0.11445
16,0.87796,8.23707,2,0.33785,-0.38917,0.1154
17,0.94173,8.23707,1,0.32526,-0.16735,0.11445
17,0.94173,8.23707,2,0.33781,-0.38771,0.11827
18,0.40969,8.23707,1,0.32526,-0.16735,0.11445
18,0.40969,8.23707,2,0.33801,-0.39878,0.10205
19,0.3635,8.23707,1,0.32526,-0.16735,0.11445
19,0.3635,8.23707,2,0.33801,-0.39945,0.10205
20,0.24943,8.23707,1,0.32526,-0.16735,0.11445
20,0.24943,8.23707,2,0.33801,-0.4011,0.10205
