particle,elasticity,weight,frame,x,y,z
1,0.35826,8.13605,1,0.26278,-0.23655,0.43722
1,0.35826,8.13605,2,0.37463,-0.32007,0.14496
2,0.11148,8.13605,1,0.26278,-0.23655,0.43722
2,0.11148,8.13605,2,0.39926,-0.32035,0.14398
3,0.52276,8.13605,1,0.26278,-0.23655,0.43722
3,0.52276,8.13605,2,0.35822,-0.32007,0.14497
4,0.46523,8.13605,1,0.26278,-0.23655,0.43722
4,0.46523,8.13605,2,0.36396,-0.32007,0.14497
5,0.11359,8.13605,1,0.26278,-0.23655,0.43722
5,0.11359,8.13605,2,0.39905,-0.32034,0.14403
6,0.76723,8.13605,1,0.26278,-0.23655,0.43722
6,0.76723,8.13605,2,0.33383,-0.32006,0.145
7,0.93513,8.13605,1,0.26278,-0.23655,0.43722
7,0.93513,8.13605,2,0.31709,-0.32005,0.14502
8,0.72285,8.13605,1,0.26278,-0.23655,0.43722
8,0.72285,8.13605,2,0.33826,-0.32006,0.14499
9,0.98729,8.13605,1,0.26278,-0.23655,0.43722
9,0.98729,8.13605,2,0.31189,-0.32005,0.14503
10,0.09332,8.13605,1,0.26278,-0.23655,0.43722
10,0.09332,8.13605,2,0.40108,-0.32047,0.14354
11,0.13487,8.13605,1,0.26278,-0.23655,0.43722
11,0.13487,8.13605,2,0.39693,-0.32019,0.14454
12,0.8356,8.13605,1,0.26278,-0.23655,0.43722
12,0.8356,8.13605,2,0.32701,-0.32006,0.14501
13,0.45027,8.13605,1,0.26278,-0.23655,0.43722
13,0.45027,8.13605,2,0.36545,-0.32007,0.14497
14,0.9582,8.13605,1,0.26278,-0.23655,0.43722
14,0.9582,8.13605,2,0.31479,-0.32005,0.14502
15,0.31605,8.13605,1,0.26278,-0.23655,0.43722
15,0.31605,8.13605,2,0.37884,-0.32007,0.14496
16,0.61761,8.13605,1,0.26278,-0.23655,0.43722
16,0.61761,8.13605,2,0.34875,-0.32006,0.14498
17,0.32614,8.13605,1,0.26278,-0.23655,0.43722
17,0.32614,8.13605,2,0.37784,-0.32007,0.14496
18,0.01492,8.13605,1,0.26278,-0.23655,0.43722
18,0.01492,8.13605,2,0.4089,-0.32101,0.14166
19,0.2972,8.13605,1,0.26278,-0.23655,0.43722
19,0.2972,8.13605,2,0.38073,-0.32007,0.14496
20,0.95547,8.13605,1,0.26278,-0.23655,0.43722
20,0.95547,8.13605,2,0.31506,-0.32005,0.14502
