particle,elasticity,weight,frame,x,y,z
1,0.33087,4.15093,1,-0.33711,-0.07328,0.48945
2,0.58035,4.15093,1,-0.33711,-0.07328,0.48945
3,0.78166,4.15093,1,-0.33711,-0.07328,0.48945
4,0.92494,4.15093,1,-0.33711,-0.07328,0.48945
5,0.19533,4.15093,1,-0.33711,-0.07328,0.48945
6,0.46045,4.15093,1,-0.33711,-0.07328,0.48945
7,0.92697,4.15093,1,-0.33711,-0.07328,0.48945
8,0.65266,4.15093,1,-0.33711,-0.07328,0.48945
9,0.09906,4.15093,1,-0.33711,-0.07328,0.48945
10,0.98714,4.15093,1,-0.33711,-0.07328,0.48945
11,0.49183,4.15093,1,-0.33711,-0.07328,0.48945
12,0.09471,4.15093,1,-0.33711,-0.07328,0.48945
13,0.46794,4.15093,1,-0.33711,-0.07328,0.48945
14,0.3592,4.15093,1,-0.33711,-0.07328,0.48945
15,0.06091,4.15093,1,-0.33711,-0.07328,0.48945
16,0.8214,4.15093,1,-0.33711,-0.07328,0.48945
17,0.28023,4.15093,1,-0.33711,-0.07328,0.48945
18,0.51107,4.15093,1,-0.33711,-0.07328,0.48945
19,0.63428,4.15093,1,-0.33711,-0.07328,0.48945
20,0.13971,4.15093,1,-0.33711,-0.07328,0.48945
