particle,elasticity,weight,frame,x,y,z
1,0.31278,4.15093,1,0.1545,-0.38369,0.46237
2,0.47394,4.15093,1,0.1545,-0.3798,0.46237
3,0.82735,4.15093,1,0.1545,-0.37129,0.46237
4,0.2984,4.15093,1,0.1545,-0.38403,0.46237
5,0.80539,4.15093,1,0.1545,-0.37182,0.46237
6,0.14692,4.15093,1,0.1545,-0.38768,0.46237
7,0.17128,4.15093,1,0.1545,-0.38709,0.46237
8,0.98832,4.15093,1,0.1545,-0.36742,0.46237
9,0.6365,4.15093,1,0.1545,-0.37589,0.46237
10,0.63602,4.15093,1,0.1545,-0.3759,0.46237
11,0.6865,4.15093,1,0.1545,-0.37468,0.46237
12,0.77044,4.15093,1,0.1545,-0.37266,0.46237
13,0.55767,4.15093,1,0.1545,-0.37779,0.46237
14,0.18452,4.15093,1,0.1545,-0.38677,0.46237
15,0.49509,4.15093,1,0.1545,-0.37929,0.46237
16,0.92509,4.15093,1,0.1545,-0.36894,0.46237
17,0.32508,4.15093,1,0.1545,-0.38339,0.46237
18,0.15919,4.15093,1,0.1545,-0.38738,0.46237
19,0.50413,4.15093,1,0.1545,-0.37908,0.46237
20,0.50264,4.15093,1,0.1545,-0.37911,0.46237
