particle,elasticity,weight,frame,x,y,z
1,0.40517,4.15093,1,0.03944,-0.104,0.83894
2,0.44494,4.15093,1,0.03944,-0.104,0.83894
3,0.68201,4.15093,1,0.03944,-0.104,0.83894
4,0.41539,4.15093,1,0.03944,-0.104,0.83894
5,0.98916,4.15093,1,0.03944,-0.104,0.83894
6,0.37221,4.15093,1,0.03944,-0.104,0.83894
7,0.8122,4.15093,1,0.03944,-0.104,0.83894
8,0.85163,4.15093,1,0.03944,-0.104,0.83894
9,0.08907,4.15093,1,0.03944,-0.104,0.83894
10,0.82136,4.15093,1,0.03944,-0.104,0.83894
11,0.25823,4.15093,1,0.03944,-0.104,0.83894
12,0.60623,4.15093,1,0.03944,-0.104,0.83894
13,0.15366,4.15093,1,0.03944,-0.104,0.83894
14,0.2653,4.15093,1,0.03944,-0.104,0.83894
15,0.45659,4.15093,1,0.03944,-0.104,0.83894
16,0.29364,4.15093,1,0.03944,-0.104,0.83894
17,0.61591,4.15093,1,0.03944,-0.104,0.83894
18,0.96343,4.15093,1,0.03944,-0.104,0.83894
19,0.91299,4.15093,1,0.03944,-0.104,0.83894
20,0.01904,4.15093,1,0.03944,-0.104,0.83894
