particle,elasticity,weight,frame,x,y,z
1,0.31137,7.9655,1,-0.14884,0.22833,0.88563
1,0.31137,7.9655,2,-0.04476,0.16884,0.82656
2,0.07075,8.05496,1,-0.14884,0.22833,0.8974
2,0.07075,8.05496,2,-0.04473,0.16883,0.86467
3,0.00094,8.07833,1,-0.14884,0.22833,0.90081
3,0.00094,8.07833,2,-0.04472,0.16882,0.87573
4,0.71954,7.78214,1,-0.14885,0.22833,0.86567
4,0.71954,7.78214,2,-0.04485,0.1689,0.76199
5,0.40459,7.92713,1,-0.14885,0.22833,0.88107
5,0.40459,7.92713,2,-0.04478,0.16885,0.8118
6,0.04278,8.06446,1,-0.14884,0.22833,0.89877
6,0.04278,8.06446,2,-0.04473,0.16882,0.8691
7,0.02275,8.07115,1,-0.14884,0.22833,0.89975
7,0.02275,8.07115,2,-0.04472,0.16882,0.87227
8,0.3804,7.93729,1,-0.14884,0.22833,0.88225
8,0.3804,7.93729,2,-0.04477,0.16885,0.81563
9,0.01821,8.07265,1,-0.14884,0.22833,0.89997
9,0.01821,8.07265,2,-0.04472,0.16882,0.87299
10,0.84912,7.71562,1,-0.14885,0.22833,0.85934
10,0.84912,7.71562,2,-0.04489,0.16892,0.74151
11,0.81173,7.73522,1,-0.14885,0.22833,0.86117
11,0.81173,7.73522,2,-0.04488,0.16891,0.74742
12,0.13974,8.03073,1,-0.14884,0.22833,0.89402
12,0.13974,8.03073,2,-0.04474,0.16883,0.85374
13,0.20887,8.0053,1,-0.14884,0.22833,0.89064
13,0.20887,8.0053,2,-0.04474,0.16883,0.84279
14,0.84589,7.71733,1,-0.14885,0.22833,0.8595
14,0.84589,7.71733,2,-0.04489,0.16892,0.74202
15,0.25802,7.98653,1,-0.14884,0.22833,0.88824
15,0.25802,7.98653,2,-0.04475,0.16884,0.835
16,0.87716,7.7007,1,-0.14885,0.22833,0.85797
16,0.87716,7.7007,2,-0.0449,0.16892,0.73708
17,0.29329,7.97271,1,-0.14884,0.22833,0.88651
17,0.29329,7.97271,2,-0.04476,0.16884,0.82942
18,0.15427,8.02548,1,-0.14884,0.22833,0.89331
18,0.15427,8.02548,2,-0.04474,0.16883,0.85144
19,0.58805,7.84555,1,-0.14885,0.22833,0.8721
19,0.58805,7.84555,2,-0.04482,0.16888,0.78277
20,0.31445,7.96427,1,-0.14884,0.22833,0.88548
20,0.31445,7.96427,2,-0.04476,0.16884,0.82607
