particle,elasticity,weight,frame,x,y,z
1,0.67333,4.15093,1,-0.09449,-0.34689,0.50932
2,0.30857,4.15093,1,-0.09451,-0.37685,0.50931
3,0.96677,4.15093,1,-0.09447,-0.3228,0.50933
4,0.79038,4.15093,1,-0.09449,-0.33728,0.50932
5,0.34754,4.15093,1,-0.09451,-0.37365,0.50931
6,0.51286,4.15093,1,-0.0945,-0.36007,0.50932
7,0.86316,4.15093,1,-0.09448,-0.33131,0.50932
8,0.20701,4.15093,1,-0.09452,-0.38519,0.50931
9,0.05812,4.15093,1,-0.09593,-0.39742,0.50883
10,0.55324,4.15093,1,-0.0945,-0.35675,0.50932
11,0.10837,4.15093,1,-0.09496,-0.39329,0.50916
12,0.0471,4.15093,1,-0.09615,-0.39833,0.50875
13,0.58533,4.15093,1,-0.0945,-0.35412,0.50932
14,0.70887,4.15093,1,-0.09449,-0.34397,0.50932
15,0.56672,4.15093,1,-0.0945,-0.35564,0.50932
16,0.04547,4.15093,1,-0.09618,-0.39846,0.50874
17,0.72703,4.15093,1,-0.09449,-0.34248,0.50932
18,0.15075,4.15093,1,-0.09452,-0.38981,0.50931
19,0.58063,4.15093,1,-0.0945,-0.3545,0.50932
20,0.05367,4.15093,1,-0.09602,-0.39779,0.5088
