particle,elasticity,weight,frame,x,y,z
1,0.94565,4.15093,1,-0.03399,0.14612,0.5501
2,0.80126,4.15093,1,-0.03399,0.14612,0.5501
3,0.2327,4.15093,1,-0.03399,0.14612,0.5501
4,0.57338,4.15093,1,-0.03399,0.14612,0.5501
5,0.59899,4.15093,1,-0.03399,0.14612,0.5501
6,0.21419,4.15093,1,-0.03399,0.14612,0.5501
7,0.77599,4.15093,1,-0.03399,0.14612,0.5501
8,0.53656,4.15093,1,-0.03399,0.14612,0.5501
9,0.26118,4.15093,1,-0.03399,0.14612,0.5501
10,0.68193,4.15093,1,-0.03399,0.14612,0.5501
11,0.34093,4.15093,1,-0.03399,0.14612,0.5501
12,0.08609,4.15093,1,-0.03399,0.14612,0.5501
13,0.48096,4.15093,1,-0.03399,0.14612,0.5501
14,0.41667,4.15093,1,-0.03399,0.14612,0.5501
15,0.28542,4.15093,1,-0.03399,0.14612,0.5501
16,0.20833,4.15093,1,-0.03399,0.14612,0.5501
17,0.06494,4.15093,1,-0.03399,0.14612,0.5501
18,0.67824,4.15093,1,-0.03399,0.14612,0.5501
19,0.00685,4.15093,1,-0.03399,0.14612,0.5501
20,0.50416,4.15093,1,-0.03399,0.14612,0.5501
