particle,elasticity,weight,frame,x,y,z
1,0.59409,8.29497,1,-0.08978,-0.14159,0.49445
1,0.59409,8.29497,2,-0.03437,-0.10411,0.56603
2,0.9859,8.29497,1,-0.08978,-0.14159,0.49445
2,0.9859,8.29497,2,-0.03437,-0.10411,0.56603
3,0.15349,8.29497,1,-0.08978,-0.14159,0.49445
3,0.15349,8.29497,2,-0.03437,-0.10411,0.56603
4,0.3915,8.29497,1,-0.08978,-0.14159,0.49445
4,0.3915,8.29497,2,-0.03437,-0.10411,0.56603
5,0.82838,8.29497,1,-0.08978,-0.14159,0.49445
5,0.82838,8.29497,2,-0.03437,-0.10411,0.56603
6,0.13658,8.29497,1,-0.08978,-0.14159,0.49445
6,0.13658,8.29497,2,-0.03437,-0.10411,0.56603
7,0.95194,8.29497,1,-0.08978,-0.14159,0.49445
7,0.95194,8.29497,2,-0.03437,-0.10411,0.56603
8,0.81781,8.29497,1,-0.08978,-0.14159,0.49445
8,0.81781,8.29497,2,-0.03437,-0.10411,0.56603
9,0.18532,8.29497,1,-0.08978,-0.14159,0.49445
9,0.18532,8.29497,2,-0.03437,-0.10411,0.56603
10,0.53199,8.29497,1,-0.08978,-0.14159,0.49445
10,0.53199,8.29497,2,-0.03437,-0.10411,0.56603
11,0.8525,8.29497,1,-0.08978,-0.14159,0.49445
11,0.8525,8.29497,2,-0.03437,-0.10411,0.56603
12,0.65768,8.29497,1,-0.08978,-0.14159,0.49445
12,0.65768,8.29497,2,-0.03437,-0.10411,0.56603
13,0.53775,8.29497,1,-0.08978,-0.14159,0.49445
13,0.53775,8.29497,2,-0.03437,-0.10411,0.56603
14,0.83233,8.29497,1,-0.08978,-0.14159,0.49445
14,0.83233,8.29497,2,-0.03437,-0.10411,0.56603
15,0.75325,8.29497,1,-0.08978,-0.14159,0.49445
15,0.75325,8.29497,2,-0.03437,-0.10411,0.56603
16,0.59243,8.29497,1,-0.08978,-0.14159,0.49445
16,0.59243,8.29497,2,-0.03437,-0.10411,0.56603
17,0.4659,8.29497,1,-0.08978,-0.14159,0.49445
17,0.4659,8.29497,2,-0.03437,-0.10411,0.56603
18,0.44206,8.29497,1,-0.08978,-0.14159,0.49445
18,0.44206,8.29497,2,-0.03437,-0.10411,0.56603
19,0.48706,8.29497,1,-0.08978,-0.14159,0.49445
19,0.48706,8.29497,2,-0.03437,-0.10411,0.56603
20,0.71199,8.29497,1,-0.08978,-0.14159,0.49445
20,0.71199,8.29497,2,-0.03437,-0.10411,0.56603
