particle,elasticity,weight,frame,x,y,z
1,0.49172,4.15093,1,0.37827,0.11294,0.41698
2,0.33372,4.15093,1,0.37827,0.11294,0.41698
3,0.84307,4.15093,1,0.37827,0.11294,0.41698
4,0.4551,4.15093,1,0.37827,0.11294,0.41698
5,0.33707,4.15093,1,0.37827,0.11294,0.41698
6,0.77091,4.15093,1,0.37827,0.11294,0.41698
7,0.97959,4.15093,1,0.37827,0.11294,0.41698
8,0.24875,4.15093,1,0.37827,0.11294,0.41698
9,0.68523,4.15093,1,0.37827,0.11294,0.41698
10,0.92983,4.15093,1,0.37827,0.11294,0.41698
11,0.36987,4.15093,1,0.37827,0.11294,0.41698
12,0.14616,4.15093,1,0.37827,0.11294,0.41698
13,0.49508,4.15093,1,0.37827,0.11294,0.41698
14,0.10106,4.15093,1,0.37827,0.11294,0.41698
15,0.71911,4.15093,1,0.37827,0.11294,0.41698
16,0.74693,4.15093,1,0.37827,0.11294,0.41698
17,0.96787,4.15093,1,0.37827,0.11294,0.41698
18,0.62725,4.15093,1,0.37827,0.11294,0.41698
19,0.24673,4.15093,1,0.37827,0.11294,0.41698
20,0.21161,4.15093,1,0.37827,0.11294,0.41698
