particle,elasticity,weight,frame,x,y,z
1,0.5654,8.25109,1,0.26436,0.23141,0.29682
1,0.5654,8.25109,2,0.31754,0.22231,0.10841
2,0.72843,8.25109,1,0.26436,0.23141,0.29682
2,0.72843,8.25109,2,0.31754,0.22231,0.11331
3,0.03928,8.25109,1,0.26436,0.23141,0.29682
3,0.03928,8.25109,2,0.31754,0.22231,0.09259
4,0.10133,8.25109,1,0.26436,0.23141,0.29682
4,0.10133,8.25109,2,0.31754,0.22231,0.09446
5,0.25711,8.25109,1,0.26436,0.23141,0.29682
5,0.25711,8.25109,2,0.31754,0.22231,0.09914
6,0.2233,8.25109,1,0.26436,0.23141,0.29682
6,0.2233,8.25109,2,0.31754,0.22231,0.09813
7,0.85923,8.25109,1,0.26436,0.23141,0.29682
7,0.85923,8.25109,2,0.31754,0.22231,0.11725
8,0.13378,8.25109,1,0.26436,0.23141,0.29682
8,0.13378,8.25109,2,0.31754,0.22231,0.09543
9,0.91568,8.25109,1,0.26436,0.23141,0.29682
9,0.91568,8.25109,2,0.31754,0.22231,0.11894
10,0.03845,8.25109,1,0.26436,0.23141,0.29682
10,0.03845,8.25109,2,0.31754,0.22231,0.09257
11,0.15811,8.25109,1,0.26436,0.23141,0.29682
11,0.15811,8.25109,2,0.31754,0.22231,0.09617
12,0.28295,8.25109,1,0.26436,0.23141,0.29682
12,0.28295,8.25109,2,0.31754,0.22231,0.09992
13,0.1969,8.25109,1,0.26436,0.23141,0.29682
13,0.1969,8.25109,2,0.31754,0.22231,0.09733
14,0.77998,8.25109,1,0.26436,0.23141,0.29682
14,0.77998,8.25109,2,0.31754,0.22231,0.11486
15,0.97505,8.25109,1,0.26436,0.23141,0.29682
15,0.97505,8.25109,2,0.31754,0.22231,0.12073
16,0.73946,8.25109,1,0.26436,0.23141,0.29682
16,0.73946,8.25109,2,0.31754,0.22231,0.11365
17,0.05478,8.25109,1,0.26436,0.23141,0.29682
17,0.05478,8.25109,2,0.31754,0.22231,0.09306
18,0.51956,8.25109,1,0.26436,0.23141,0.29682
18,0.51956,8.25109,2,0.31754,0.22231,0.10703
19,0.63221,8.25109,1,0.26436,0.23141,0.29682
19,0.63221,8.25109,2,0.31754,0.22231,0.11042
20,0.19101,8.25109,1,0.26436,0.23141,0.29682
20,0.19101,8.25109,2,0.31754,0.22231,0.09716
