particle,elasticity,weight,frame,x,y,z
1,0.69025,4.15093,1,-0.03626,-0.0172,0.12834
2,0.36172,4.15093,1,-0.03626,-0.0172,0.12834
3,0.5686,4.15093,1,-0.03626,-0.0172,0.12834
4,0.18548,4.15093,1,-0.03626,-0.0172,0.12834
5,0.07366,4.15093,1,-0.03626,-0.0172,0.12834
6,0.09334,4.15093,1,-0.03626,-0.0172,0.12834
7,0.18618,4.15093,1,-0.03626,-0.0172,0.12834
8,0.86973,4.15093,1,-0.03626,-0.0172,0.12834
9,0.57289,4.15093,1,-0.03626,-0.0172,0.12834
10,0.63808,4.15093,1,-0.03626,-0.0172,0.12834
11,0.45749,4.15093,1,-0.03626,-0.0172,0.12834
12,0.1579,4.15093,1,-0.03626,-0.0172,0.12834
13,0.42319,4.15093,1,-0.03626,-0.0172,0.12834
14,0.91466,4.15093,1,-0.03626,-0.0172,0.12834
15,0.73845,4.15093,1,-0.03626,-0.0172,0.12834
16,0.05103,4.15093,1,-0.03626,-0.0172,0.12834
17,0.85596,4.15093,1,-0.03626,-0.0172,0.12834
18,0.88825,4.15093,1,-0.03626,-0.0172,0.12834
19,0.98299,4.15093,1,-0.03626,-0.0172,0.12834
20,0.94382,4.15093,1,-0.03626,-0.0172,0.12834
