particle,elasticity,weight,frame,x,y,z
1,0.89351,4.15093,1,-0.1359,-0.34647,0.41405
2,0.94021,4.15093,1,-0.1359,-0.34647,0.41405
3,0.57387,4.15093,1,-0.1359,-0.34647,0.41405
4,0.5593,4.15093,1,-0.1359,-0.34647,0.41405
5,0.16338,4.15093,1,-0.1359,-0.34647,0.41405
6,0.25337,4.15093,1,-0.1359,-0.34647,0.41405
7,0.61832,4.15093,1,-0.1359,-0.34647,0.41405
8,0.15057,4.15093,1,-0.1359,-0.34647,0.41405
9,0.81267,4.15093,1,-0.1359,-0.34647,0.41405
10,0.13502,4.15093,1,-0.1359,-0.34647,0.41405
11,0.72796,4.15093,1,-0.1359,-0.34647,0.41405
12,0.3086,4.15093,1,-0.1359,-0.34647,0.41405
13,0.90334,4.15093,1,-0.1359,-0.34647,0.41405
14,0.2885,4.15093,1,-0.1359,-0.34647,0.41405
15,0.01424,4.15093,1,-0.1359,-0.34647,0.41405
16,0.72363,4.15093,1,-0.1359,-0.34647,0.41405
17,0.21261,4.15093,1,-0.1359,-0.34647,0.41405
18,0.67613,4.15093,1,-0.1359,-0.34647,0.41405
19,0.71473,4.15093,1,-0.1359,-0.34647,0.41405
20,0.56465,4.15093,1,-0.1359,-0.34647,0.41405
