particle,elasticity,weight,frame,x,y,z
1,0.36857,8.17239,1,-0.32738,0.32524,0.74485
1,0.36857,8.17239,2,-0.3626,0.362,0.88715
2,0.97673,8.17239,1,-0.32738,0.32524,0.74485
2,0.97673,8.17239,2,-0.32343,0.31846,0.87047
3,0.78225,8.17239,1,-0.32738,0.32524,0.74485
3,0.78225,8.17239,2,-0.33602,0.33244,0.87606
4,0.99779,8.17239,1,-0.32738,0.32524,0.74485
4,0.99779,8.17239,2,-0.32207,0.31694,0.86986
5,0.98736,8.17239,1,-0.32738,0.32524,0.74485
5,0.98736,8.17239,2,-0.32274,0.31769,0.87016
6,0.24005,8.17239,1,-0.32738,0.32524,0.74485
6,0.24005,8.17239,2,-0.37077,0.3711,0.89024
7,0.27661,8.17239,1,-0.32738,0.32524,0.74485
7,0.27661,8.17239,2,-0.36845,0.36851,0.88938
8,0.79745,8.17239,1,-0.32738,0.32524,0.74485
8,0.79745,8.17239,2,-0.33503,0.33135,0.87563
9,0.03631,8.17239,1,-0.32738,0.32524,0.74485
9,0.03631,8.17239,2,-0.38537,0.38738,0.89445
10,0.72875,8.17239,1,-0.32738,0.32524,0.74485
10,0.72875,8.17239,2,-0.33947,0.33627,0.87756
11,0.97779,8.17239,1,-0.32738,0.32524,0.74485
11,0.97779,8.17239,2,-0.32336,0.31838,0.87044
12,0.7916,8.17239,1,-0.32738,0.32524,0.74485
12,0.7916,8.17239,2,-0.33541,0.33177,0.87579
13,0.27985,8.17239,1,-0.32738,0.32524,0.74485
13,0.27985,8.17239,2,-0.36824,0.36828,0.88931
14,0.35429,8.17239,1,-0.32738,0.32524,0.74485
14,0.35429,8.17239,2,-0.36351,0.36301,0.8875
15,0.82774,8.17239,1,-0.32738,0.32524,0.74485
15,0.82774,8.17239,2,-0.33307,0.32917,0.87477
16,0.7694,8.17239,1,-0.32738,0.32524,0.74485
16,0.7694,8.17239,2,-0.33685,0.33336,0.87642
17,0.23342,8.17239,1,-0.32738,0.32524,0.74485
17,0.23342,8.17239,2,-0.37118,0.37156,0.89039
18,0.19412,8.17239,1,-0.32738,0.32524,0.74485
18,0.19412,8.17239,2,-0.37367,0.37433,0.89128
19,0.9494,8.17239,1,-0.32738,0.32524,0.74485
19,0.9494,8.17239,2,-0.3252,0.32042,0.87127
20,0.81274,8.17239,1,-0.32738,0.32524,0.74485
20,0.81274,8.17239,2,-0.33404,0.33025,0.87519
