particle,elasticity,weight,frame,x,y,z
1,0.62846,4.15093,1,0.07074,0.23999,0.87516
2,0.65703,4.15093,1,0.07074,0.23999,0.87516
3,0.96666,4.15093,1,0.07074,0.23999,0.87516
4,0.04253,4.15093,1,0.07074,0.23999,0.87516
5,0.18931,4.15093,1,0.07074,0.23999,0.87516
6,0.67771,4.15093,1,0.07074,0.23999,0.87516
7,0.38075,4.15093,1,0.07074,0.23999,0.87516
8,0.90088,4.15093,1,0.07074,0.23999,0.87516
9,0.58432,4.15093,1,0.07074,0.23999,0.87516
10,0.18693,4.15093,1,0.07074,0.23999,0.87516
11,0.13485,4.15093,1,0.07074,0.23999,0.87516
12,0.88747,4.15093,1,0.07074,0.23999,0.87516
13,0.38494,4.15093,1,0.07074,0.23999,0.87516
14,0.51715,4.15093,1,0.07074,0.23999,0.87516
15,0.36398,4.15093,1,0.07074,0.23999,0.87516
16,0.55283,4.15093,1,0.07074,0.23999,0.87516
17,0.61417,4.15093,1,0.07074,0.23999,0.87516
18,0.03364,4.15093,1,0.07074,0.23999,0.87516
19,0.11729,4.15093,1,0.07074,0.23999,0.87516
20,0.47252,4.15093,1,0.07074,0.23999,0.87516
