particle,elasticity,weight,frame,x,y,z
1,0.77214,8.22323,1,0.29432,0.35205,0.60815
1,0.77214,8.22323,2,0.35833,0.31517,0.65623
2,0.98732,8.22323,1,0.29432,0.35205,0.60815
2,0.98732,8.22323,2,0.34784,0.29997,0.65622
3,0.90732,8.22323,1,0.29432,0.35205,0.60815
3,0.90732,8.22323,2,0.35174,0.30562,0.65622
4,0.48921,8.22323,1,0.29432,0.35205,0.60815
4,0.48921,8.22323,2,0.37195,0.33523,0.65627
5,0.40579,8.22323,1,0.29432,0.35205,0.60815
5,0.40579,8.22323,2,0.37374,0.34201,0.65671
6,0.06709,8.22323,1,0.29432,0.35205,0.60815
6,0.06709,8.22323,2,0.38717,0.36954,0.65848
7,0.81038,8.22323,1,0.29432,0.35205,0.60815
7,0.81038,8.22323,2,0.35646,0.31247,0.65623
8,0.19448,8.22323,1,0.29432,0.35205,0.60815
8,0.19448,8.22323,2,0.38026,0.35918,0.65781
9,0.9259,8.22323,1,0.29432,0.35205,0.60815
9,0.9259,8.22323,2,0.35083,0.3043,0.65622
10,0.2806,8.22323,1,0.29432,0.35205,0.60815
10,0.2806,8.22323,2,0.37663,0.35218,0.65736
11,0.7807,8.22323,1,0.29432,0.35205,0.60815
11,0.7807,8.22323,2,0.35791,0.31456,0.65623
12,0.3431,8.22323,1,0.29432,0.35205,0.60815
12,0.3431,8.22323,2,0.37516,0.3471,0.65703
13,0.20706,8.22323,1,0.29432,0.35205,0.60815
13,0.20706,8.22323,2,0.37959,0.35816,0.65775
14,0.66208,8.22323,1,0.29432,0.35205,0.60815
14,0.66208,8.22323,2,0.36369,0.32295,0.65623
15,0.66338,8.22323,1,0.29432,0.35205,0.60815
15,0.66338,8.22323,2,0.36363,0.32285,0.65623
16,0.6702,8.22323,1,0.29432,0.35205,0.60815
16,0.6702,8.22323,2,0.3633,0.32237,0.65623
17,0.85483,8.22323,1,0.29432,0.35205,0.60815
17,0.85483,8.22323,2,0.3543,0.30933,0.65622
18,0.88849,8.22323,1,0.29432,0.35205,0.60815
18,0.88849,8.22323,2,0.35266,0.30695,0.65622
19,0.20089,8.22323,1,0.29432,0.35205,0.60815
19,0.20089,8.22323,2,0.37992,0.35866,0.65778
20,0.02386,8.22323,1,0.29432,0.35205,0.60815
20,0.02386,8.22323,2,0.38957,0.37305,0.65871
