particle,elasticity,weight,frame,x,y,z
1,0.87994,4.15093,1,0.34553,0.10873,0.53562
2,0.79307,4.15093,1,0.35096,0.10873,0.53562
3,0.06082,4.15093,1,0.39667,0.10863,0.53276
4,0.16687,4.15093,1,0.39004,0.10869,0.53441
5,0.87773,4.15093,1,0.34567,0.10873,0.53562
6,0.06784,4.15093,1,0.39623,0.10863,0.53287
7,0.74378,4.15093,1,0.35403,0.10873,0.53562
8,0.09504,4.15093,1,0.39453,0.10865,0.53329
9,0.69097,4.15093,1,0.35733,0.10873,0.53561
10,0.73833,4.15093,1,0.35437,0.10873,0.53562
11,0.8387,4.15093,1,0.34811,0.10873,0.53562
12,0.23963,4.15093,1,0.3855,0.10873,0.53554
13,0.56252,4.15093,1,0.36534,0.10873,0.53561
14,0.72799,4.15093,1,0.35502,0.10873,0.53561
15,0.57071,4.15093,1,0.36483,0.10873,0.53561
16,0.71459,4.15093,1,0.35585,0.10873,0.53561
17,0.02352,4.15093,1,0.39899,0.10861,0.53217
18,0.8518,4.15093,1,0.34729,0.10873,0.53562
19,0.94329,4.15093,1,0.34158,0.10873,0.53562
20,0.7266,4.15093,1,0.3551,0.10873,0.53561
