particle,elasticity,weight,frame,x,y,z
1,0.58729,7.48546,1,0.07067,-0.36153,0.8647
1,0.58729,7.48546,2,0.12307,-0.2766,0.80757
2,0.85514,7.24231,1,0.07016,-0.34612,0.85576
2,0.85514,7.24231,2,0.12166,-0.22783,0.7831
3,0.5346,7.53018,1,0.07077,-0.36462,0.86646
3,0.5346,7.53018,2,0.12335,-0.2864,0.81238
4,0.88122,7.21729,1,0.07011,-0.34464,0.85489
4,0.88122,7.21729,2,0.12153,-0.22318,0.78072
5,0.68709,7.39789,1,0.07048,-0.35573,0.86137
5,0.68709,7.39789,2,0.12255,-0.25823,0.79844
6,0.56494,7.50456,1,0.07071,-0.36284,0.86545
6,0.56494,7.50456,2,0.12319,-0.28075,0.80961
7,0.72386,7.3647,1,0.07041,-0.35361,0.86014
7,0.72386,7.3647,2,0.12235,-0.25152,0.79508
8,0.99181,7.10863,1,0.0699,-0.33845,0.85121
8,0.99181,7.10863,2,0.12095,-0.20361,0.77063
9,0.62821,7.45,1,0.07059,-0.35914,0.86333
9,0.62821,7.45,2,0.12286,-0.26904,0.80383
10,0.39755,7.64151,1,0.07103,-0.37276,0.87103
10,0.39755,7.64151,2,0.12407,-0.3122,0.82493
11,0.37819,7.65663,1,0.07107,-0.37392,0.87168
11,0.37819,7.65663,2,0.12417,-0.31588,0.8267
12,0.26503,7.742,1,0.07128,-0.38076,0.87546
12,0.26503,7.742,2,0.12476,-0.33758,0.83707
13,0.41394,7.62859,1,0.071,-0.37178,0.87049
13,0.41394,7.62859,2,0.12398,-0.30909,0.82343
14,0.41547,7.62738,1,0.071,-0.37169,0.87043
14,0.41547,7.62738,2,0.12397,-0.3088,0.82329
15,0.9508,7.1494,1,0.06998,-0.34074,0.85257
15,0.9508,7.1494,2,0.12116,-0.21083,0.77437
16,0.77322,7.3194,1,0.07031,-0.35078,0.8585
16,0.77322,7.3194,2,0.12209,-0.24256,0.79058
17,0.47918,7.57609,1,0.07087,-0.3679,0.86831
17,0.47918,7.57609,2,0.12364,-0.29678,0.81746
18,0.37519,7.65897,1,0.07107,-0.3741,0.87178
18,0.37519,7.65897,2,0.12418,-0.31645,0.82698
19,0.77617,7.31666,1,0.07031,-0.35061,0.8584
19,0.77617,7.31666,2,0.12208,-0.24203,0.79031
20,0.55102,7.51636,1,0.07074,-0.36366,0.86591
20,0.55102,7.51636,2,0.12326,-0.28334,0.81088
