particle,elasticity,weight,frame,x,y,z
1,0.46023,7.68844,1,-0.37066,-0.03999,0.38624
1,0.46023,7.68844,2,-0.26795,0.0955,0.3792
2,0.96732,7.15872,1,-0.32946,-0.04002,0.38624
2,0.96732,7.15872,2,-0.13498,0.09515,0.3792
3,0.68762,7.47182,1,-0.35218,-0.04,0.38624
3,0.68762,7.47182,2,-0.20825,0.09535,0.3792
4,0.23518,7.86927,1,-0.38896,-0.03998,0.38624
4,0.23518,7.86927,2,-0.32714,0.09561,0.3792
5,0.27316,7.8411,1,-0.38587,-0.03998,0.38624
5,0.27316,7.8411,2,-0.31715,0.09559,0.3792
6,0.42902,7.71551,1,-0.3732,-0.03999,0.38624
6,0.42902,7.71551,2,-0.27616,0.09552,0.3792
7,0.09318,7.96617,1,-0.40051,-0.03998,0.38624
7,0.09318,7.96617,2,-0.36452,0.09566,0.3792
8,0.6117,7.54793,1,-0.35835,-0.04,0.38624
8,0.6117,7.54793,2,-0.22817,0.09541,0.3792
9,0.86231,7.2823,1,-0.33799,-0.04001,0.38624
9,0.86231,7.2823,2,-0.16247,0.09523,0.3792
10,0.99764,7.1217,1,-0.327,-0.04002,0.38624
10,0.99764,7.1217,2,-0.12705,0.09512,0.3792
11,0.50628,7.64732,1,-0.36692,-0.03999,0.38624
11,0.50628,7.64732,2,-0.25585,0.09547,0.3792
12,0.29426,7.82503,1,-0.38415,-0.03998,0.38624
12,0.29426,7.82503,2,-0.31159,0.09559,0.3792
13,0.15114,7.92823,1,-0.39579,-0.03998,0.38624
13,0.15114,7.92823,2,-0.34926,0.09564,0.3792
14,0.1614,7.92127,1,-0.39496,-0.03998,0.38624
14,0.1614,7.92127,2,-0.34656,0.09564,0.3792
15,0.00967,8.01693,1,-0.4073,-0.03998,0.38624
15,0.00967,8.01693,2,-0.38652,0.09567,0.3792
16,0.96595,7.16038,1,-0.32957,-0.04002,0.38624
16,0.96595,7.16038,2,-0.13534,0.09515,0.3792
17,0.50211,7.6511,1,-0.36726,-0.03999,0.38624
17,0.50211,7.6511,2,-0.25695,0.09548,0.3792
18,0.25423,7.85526,1,-0.38741,-0.03998,0.38624
18,0.25423,7.85526,2,-0.32213,0.0956,0.3792
19,0.58224,7.57644,1,-0.36074,-0.04,0.38624
19,0.58224,7.57644,2,-0.23591,0.09543,0.3792
20,0.84999,7.29632,1,-0.33899,-0.04001,0.38624
20,0.84999,7.29632,2,-0.16569,0.09524,0.3792
