particle,elasticity,weight,frame,x,y,z
1,0.53601,4.15093,1,0.07809,0.16089,0.26849
2,0.76371,4.15093,1,0.07809,0.16089,0.26849
3,0.91608,4.15093,1,0.07809,0.16089,0.26849
4,0.66781,4.15093,1,0.07809,0.16089,0.26849
5,0.33601,4.15093,1,0.07809,0.16089,0.26849
6,0.99866,4.15093,1,0.07809,0.16089,0.26849
7,0.55834,4.15093,1,0.07809,0.16089,0.26849
8,0.94234,4.15093,1,0.07809,0.16089,0.26849
9,0.03578,4.15093,1,0.07809,0.16089,0.26849
10,0.68667,4.15093,1,0.07809,0.16089,0.26849
11,0.96063,4.15093,1,0.07809,0.16089,0.26849
12,0.94919,4.15093,1,0.07809,0.16089,0.26849
13,0.60202,4.15093,1,0.07809,0.16089,0.26849
14,0.5143,4.15093,1,0.07809,0.16089,0.26849
15,0.51752,4.15093,1,0.07809,0.16089,0.26849
16,0.11554,4.15093,1,0.07809,0.16089,0.26849
17,0.37999,4.15093,1,0.07809,0.16089,0.26849
18,0.8924,4.15093,1,0.07809,0.16089,0.26849
19,0.3416,4.15093,1,0.07809,0.16089,0.26849
20,0.59322,4.15093,1,0.07809,0.16089,0.26849
