particle,elasticity,weight,frame,x,y,z
1,0.33325,4.15093,1,-0.30553,-0.00586,0.33398
2,0.93814,4.15093,1,-0.30553,-0.00586,0.33398
3,0.42495,4.15093,1,-0.30553,-0.00586,0.33398
4,0.29326,4.15093,1,-0.30553,-0.00586,0.33398
5,0.96931,4.15093,1,-0.30553,-0.00586,0.33398
6,0.49546,4.15093,1,-0.30553,-0.00586,0.33398
7,0.23354,4.15093,1,-0.30553,-0.00586,0.33398
8,0.85972,4.15093,1,-0.30553,-0.00586,0.33398
9,0.62641,4.15093,1,-0.30553,-0.00586,0.33398
10,0.96885,4.15093,1,-0.30553,-0.00586,0.33398
11,0.52634,4.15093,1,-0.30553,-0.00586,0.33398
12,0.52922,4.15093,1,-0.30553,-0.00586,0.33398
13,0.69686,4.15093,1,-0.30553,-0.00586,0.33398
14,0.36516,4.15093,1,-0.30553,-0.00586,0.33398
15,0.37048,4.15093,1,-0.30553,-0.00586,0.33398
16,0.87859,4.15093,1,-0.30553,-0.00586,0.33398
17,0.75256,4.15093,1,-0.30553,-0.00586,0.33398
18,0.52238,4.15093,1,-0.30553,-0.00586,0.33398
19,0.11818,4.15093,1,-0.30553,-0.00586,0.33398
20,0.13512,4.15093,1,-0.30553,-0.00586,0.33398
