particle,elasticity,weight,frame,x,y,z
1,0.868,4.15093,1,-0.23173,0.40657,0.38867
2,0.84221,4.15093,1,-0.23173,0.40657,0.38867
3,0.14776,4.15093,1,-0.23173,0.40657,0.38867
4,0.57319,4.15093,1,-0.23173,0.40657,0.38867
5,0.78064,4.15093,1,-0.23173,0.40657,0.38867
6,0.69611,4.15093,1,-0.23173,0.40657,0.38867
7,0.88573,4.15093,1,-0.23173,0.40657,0.38867
8,0.09573,4.15093,1,-0.23173,0.40657,0.38867
9,0.09207,4.15093,1,-0.23173,0.40657,0.38867
10,0.3418,4.15093,1,-0.23173,0.40657,0.38867
11,0.66138,4.15093,1,-0.23173,0.40657,0.38867
12,0.11181,4.15093,1,-0.23173,0.40657,0.38867
13,0.24751,4.15093,1,-0.23173,0.40657,0.38867
14,0.45309,4.15093,1,-0.23173,0.40657,0.38867
15,0.2753,4.15093,1,-0.23173,0.40657,0.38867
16,0.83669,4.15093,1,-0.23173,0.40657,0.38867
17,0.6461,4.15093,1,-0.23173,0.40657,0.38867
18,0.97052,4.15093,1,-0.23173,0.40657,0.38867
19,0.98678,4.15093,1,-0.23173,0.40657,0.38867
20,0.42255,4.15093,1,-0.23173,0.40657,0.38867
