particle,elasticity,weight,frame,x,y,z
1,0.75721,8.27196,1,0.24242,-0.1413,0.41113
1,0.75721,8.27196,2,0.3782,-0.01817,0.50918
2,0.84614,8.27196,1,0.24242,-0.1413,0.41113
2,0.84614,8.27196,2,0.3782,-0.01817,0.50918
3,0.80735,8.27196,1,0.24242,-0.1413,0.41113
3,0.80735,8.27196,2,0.3782,-0.01817,0.50918
4,0.3643,8.27196,1,0.24242,-0.1413,0.41113
4,0.3643,8.27196,2,0.3782,-0.01817,0.50918
5,0.37327,8.27196,1,0.24242,-0.1413,0.41113
5,0.37327,8.27196,2,0.3782,-0.01817,0.50918
6,0.6044,8.27196,1,0.24242,-0.1413,0.41113
6,0.6044,8.27196,2,0.3782,-0.01817,0.50918
7,0.16264,8.27196,1,0.24242,-0.1413,0.41113
7,0.16264,8.27196,2,0.3782,-0.01817,0.50918
8,0.93217,8.27196,1,0.24242,-0.1413,0.41113
8,0.93217,8.27196,2,0.3782,-0.01817,0.50918
9,0.29459,8.27196,1,0.24242,-0.1413,0.41113
9,0.29459,8.27196,2,0.3782,-0.01817,0.50918
10,0.92531,8.27196,1,0.24242,-0.1413,0.41113
10,0.92531,8.27196,2,0.3782,-0.01817,0.50918
11,0.87857,8.27196,1,0.24242,-0.1413,0.41113
11,0.87857,8.27196,2,0.3782,-0.01817,0.50918
12,0.28205,8.27196,1,0.24242,-0.1413,0.41113
12,0.28205,8.27196,2,0.3782,-0.01817,0.50918
13,0.94086,8.27196,1,0.24242,-0.1413,0.41113
13,0.94086,8.27196,2,0.3782,-0.01817,0.50918
14,0.50399,8.27196,1,0.24242,-0.1413,0.41113
14,0.50399,8.27196,2,0.3782,-0.01817,0.50918
15,0.0625,8.27196,1,0.24242,-0.1413,0.41113
15,0.0625,8.27196,2,0.3782,-0.01817,0.50918
16,0.71205,8.27196,1,0.24242,-0.1413,0.41113
16,0.71205,8.27196,2,0.3782,-0.01817,0.50918
17,0.55427,8.27196,1,0.24242,-0.1413,0.41113
17,0.55427,8.27196,2,0.3782,-0.01817,0.50918
18,0.40423,8.27196,1,0.24242,-0.1413,0.41113
18,0.40423,8.27196,2,0.3782,-0.01817,0.50918
19,0.88363,8.27196,1,0.24242,-0.1413,0.41113
19,0.88363,8.27196,2,0.3782,-0.01817,0.50918
20,0.86081,8.27196,1,0.24242,-0.1413,0.41113
20,0.86081,8.27196,2,0.3782,-0.01817,0.50918
