particle,elasticity,weight,frame,x,y,z
1,0.7895,4.15093,1,0.04987,0.17696,0.12529
2,0.74276,4.15093,1,0.04962,0.17725,0.12375
3,0.98476,4.15093,1,0.05093,0.17575,0.13174
4,0.03058,4.15093,1,0.04575,0.18168,0.10023
5,0.71683,4.15093,1,0.04948,0.17741,0.12289
6,0.89869,4.15093,1,0.05046,0.17628,0.1289
7,0.67164,4.15093,1,0.04923,0.17769,0.1214
8,0.46282,4.15093,1,0.0481,0.17899,0.1145
9,0.50221,4.15093,1,0.04831,0.17875,0.1158
10,0.34734,4.15093,1,0.04747,0.17971,0.11069
11,0.24809,4.15093,1,0.04693,0.18033,0.10741
12,0.25142,4.15093,1,0.04695,0.18031,0.10752
13,0.58285,4.15093,1,0.04875,0.17825,0.11847
14,0.88599,4.15093,1,0.0504,0.17636,0.12848
15,0.42674,4.15093,1,0.0479,0.17922,0.11331
16,0.30898,4.15093,1,0.04726,0.17995,0.10942
17,0.81475,4.15093,1,0.05001,0.1768,0.12613
18,0.906,4.15093,1,0.0505,0.17624,0.12914
19,0.22146,4.15093,1,0.04679,0.18049,0.10653
20,0.48451,4.15093,1,0.04821,0.17886,0.11522
