particle,elasticity,weight,frame,x,y,z
1,0.58411,4.15093,1,-0.3861,-0.36557,0.34735
2,0.8059,4.15093,1,-0.38219,-0.35264,0.34735
3,0.38525,4.15093,1,-0.3896,-0.37716,0.34735
4,0.32501,4.15093,1,-0.39066,-0.38067,0.34735
5,0.276,4.15093,1,-0.39153,-0.38353,0.34735
6,0.62569,4.15093,1,-0.38536,-0.36314,0.34735
7,0.01184,4.15093,1,-0.39619,-0.39914,0.34726
8,0.64699,4.15093,1,-0.38499,-0.3619,0.34735
9,0.42394,4.15093,1,-0.38892,-0.3749,0.34735
10,0.01189,4.15093,1,-0.39618,-0.39913,0.34726
11,0.96303,4.15093,1,-0.37942,-0.34348,0.34736
12,0.26985,4.15093,1,-0.39164,-0.38389,0.34735
13,0.86366,4.15093,1,-0.38117,-0.34927,0.34735
14,0.10027,4.15093,1,-0.39463,-0.39378,0.34735
15,0.70389,4.15093,1,-0.38399,-0.35858,0.34735
16,0.9447,4.15093,1,-0.37975,-0.34455,0.34736
17,0.54571,4.15093,1,-0.38677,-0.3678,0.34735
18,0.917,4.15093,1,-0.38023,-0.34616,0.34736
19,0.92871,4.15093,1,-0.38003,-0.34548,0.34736
20,0.77364,4.15093,1,-0.38276,-0.35452,0.34735
