particle,elasticity,weight,frame,x,y,z
1,0.15299,4.15093,1,0.36803,-0.3877,0.63045
2,0.99342,4.15093,1,0.27503,-0.37311,0.63048
3,0.99143,4.15093,1,0.27525,-0.37314,0.63048
4,0.66176,4.15093,1,0.31171,-0.37886,0.63047
5,0.2408,4.15093,1,0.35831,-0.38617,0.63045
6,0.21621,4.15093,1,0.36103,-0.3866,0.63045
7,0.89729,4.15093,1,0.28566,-0.37478,0.63048
8,0.16779,4.15093,1,0.36639,-0.38744,0.63045
9,0.7993,4.15093,1,0.29649,-0.37647,0.63047
10,0.92815,4.15093,1,0.28225,-0.37424,0.63048
11,0.86971,4.15093,1,0.28871,-0.37525,0.63048
12,0.65871,4.15093,1,0.31205,-0.37891,0.63047
13,0.34568,4.15093,1,0.34669,-0.38435,0.63045
14,0.96165,4.15093,1,0.27855,-0.37366,0.63048
15,0.20208,4.15093,1,0.36259,-0.38684,0.63045
16,0.1707,4.15093,1,0.36607,-0.38739,0.63045
17,0.07716,4.15093,1,0.3769,-0.38901,0.63019
18,0.52512,4.15093,1,0.32683,-0.38123,0.63046
19,0.78168,4.15093,1,0.29844,-0.37678,0.63047
20,0.45527,4.15093,1,0.33456,-0.38245,0.63046
