particle,elasticity,weight,frame,x,y,z
1,0.44886,4.15093,1,-0.28858,-0.39092,0.63581
2,0.96031,4.15093,1,-0.28858,-0.39092,0.63581
3,0.75536,4.15093,1,-0.28858,-0.39092,0.63581
4,0.33172,4.15093,1,-0.28858,-0.39092,0.63581
5,0.97716,4.15093,1,-0.28858,-0.39092,0.63581
6,0.54289,4.15093,1,-0.28858,-0.39092,0.63581
7,0.86257,4.15093,1,-0.28858,-0.39092,0.63581
8,0.66551,4.15093,1,-0.28858,-0.39092,0.63581
9,0.57823,4.15093,1,-0.28858,-0.39092,0.63581
10,0.57715,4.15093,1,-0.28858,-0.39092,0.63581
11,0.22068,4.15093,1,-0.28858,-0.39092,0.63581
12,0.89806,4.15093,1,-0.28858,-0.39092,0.63581
13,0.35121,4.15093,1,-0.28858,-0.39092,0.63581
14,0.55237,4.15093,1,-0.28858,-0.39092,0.63581
15,0.01503,4.15093,1,-0.28858,-0.39092,0.63581
16,0.58624,4.15093,1,-0.28858,-0.39092,0.63581
17,0.60326,4.15093,1,-0.28858,-0.39092,0.63581
18,0.916,4.15093,1,-0.28858,-0.39092,0.63581
19,0.05854,4.15093,1,-0.28858,-0.39092,0.63581
20,0.21089,4.15093,1,-0.28858,-0.39092,0.63581
