particle,elasticity,weight,frame,x,y,z
1,0.77946,8.24319,1,0.18652,0.12985,0.86627
1,0.77946,8.24319,2,0.34221,0.18874,0.82632
2,0.02222,8.24319,1,0.18652,0.12985,0.86627
2,0.02222,8.24319,2,0.35481,0.19351,0.88746
3,0.1087,8.24319,1,0.18652,0.12985,0.86627
3,0.1087,8.24319,2,0.35435,0.19333,0.88545
4,0.08185,8.24319,1,0.18652,0.12985,0.86627
4,0.08185,8.24319,2,0.3549,0.19354,0.88782
5,0.95714,8.24319,1,0.18652,0.12985,0.86627
5,0.95714,8.24319,2,0.3422,0.18873,0.81066
6,0.84145,8.24319,1,0.18652,0.12985,0.86627
6,0.84145,8.24319,2,0.34221,0.18874,0.82086
7,0.81981,8.24319,1,0.18652,0.12985,0.86627
7,0.81981,8.24319,2,0.34221,0.18874,0.82276
8,0.39194,8.24319,1,0.18652,0.12985,0.86627
8,0.39194,8.24319,2,0.34852,0.19112,0.86048
9,0.3369,8.24319,1,0.18652,0.12985,0.86627
9,0.3369,8.24319,2,0.34965,0.19155,0.86533
10,0.64798,8.24319,1,0.18652,0.12985,0.86627
10,0.64798,8.24319,2,0.34324,0.18913,0.83791
11,0.18568,8.24319,1,0.18652,0.12985,0.86627
11,0.18568,8.24319,2,0.35276,0.19273,0.87867
12,0.37478,8.24319,1,0.18652,0.12985,0.86627
12,0.37478,8.24319,2,0.34887,0.19126,0.86199
13,0.26107,8.24319,1,0.18652,0.12985,0.86627
13,0.26107,8.24319,2,0.35121,0.19214,0.87202
14,0.07902,8.24319,1,0.18652,0.12985,0.86627
14,0.07902,8.24319,2,0.35496,0.19356,0.88807
15,0.25889,8.24319,1,0.18652,0.12985,0.86627
15,0.25889,8.24319,2,0.35126,0.19216,0.87221
16,0.84731,8.24319,1,0.18652,0.12985,0.86627
16,0.84731,8.24319,2,0.34221,0.18874,0.82034
17,0.33546,8.24319,1,0.18652,0.12985,0.86627
17,0.33546,8.24319,2,0.34968,0.19156,0.86546
18,0.31516,8.24319,1,0.18652,0.12985,0.86627
18,0.31516,8.24319,2,0.3501,0.19172,0.86725
19,0.23732,8.24319,1,0.18652,0.12985,0.86627
19,0.23732,8.24319,2,0.3517,0.19233,0.87411
20,0.19262,8.24319,1,0.18652,0.12985,0.86627
20,0.19262,8.24319,2,0.35262,0.19268,0.87806
