particle,elasticity,weight,frame,x,y,z
1,0.85784,4.15093,1,0.23694,0.37144,0.31304
2,0.22954,4.15093,1,0.23694,0.37144,0.31304
3,0.94261,4.15093,1,0.23694,0.37144,0.31304
4,0.4391,4.15093,1,0.23694,0.37144,0.31304
5,0.73881,4.15093,1,0.23694,0.37144,0.31304
6,0.36533,4.15093,1,0.23694,0.37144,0.31304
7,0.24611,4.15093,1,0.23694,0.37144,0.31304
8,0.26253,4.15093,1,0.23694,0.37144,0.31304
9,0.60167,4.15093,1,0.23694,0.37144,0.31304
10,0.74635,4.15093,1,0.23694,0.37144,0.31304
11,0.96617,4.15093,1,0.23694,0.37144,0.31304
12,0.34425,4.15093,1,0.23694,0.37144,0.31304
13,0.53654,4.15093,1,0.23694,0.37144,0.31304
14,0.78966,4.15093,1,0.23694,0.37144,0.31304
15,0.20074,4.15093,1,0.23694,0.37144,0.31304
16,0.21405,4.15093,1,0.23694,0.37144,0.31304
17,0.12566,4.15093,1,0.23694,0.37144,0.31304
18,0.95719,4.15093,1,0.23694,0.37144,0.31304
19,0.44094,4.15093,1,0.23694,0.37144,0.31304
20,0.24279,4.15093,1,0.23694,0.37144,0.31304
