particle,elasticity,weight,frame,x,y,z
1,0.96019,4.15093,1,-0.15807,-0.31056,0.54627
2,0.69144,4.15093,1,-0.15809,-0.33468,0.54629
3,0.44783,4.15093,1,-0.1581,-0.35656,0.54631
4,0.14989,4.15093,1,-0.1581,-0.38332,0.54632
5,0.86459,4.15093,1,-0.15808,-0.31914,0.54628
6,0.04077,4.15093,1,-0.1581,-0.39313,0.54632
7,0.26352,4.15093,1,-0.1581,-0.37311,0.54632
8,0.34764,4.15093,1,-0.1581,-0.36556,0.54631
9,0.66186,4.15093,1,-0.15809,-0.33734,0.5463
10,0.23348,4.15093,1,-0.1581,-0.37581,0.54632
11,0.69528,4.15093,1,-0.15809,-0.33434,0.54629
12,0.64359,4.15093,1,-0.15809,-0.33898,0.5463
13,0.70236,4.15093,1,-0.15809,-0.3337,0.54629
14,0.30977,4.15093,1,-0.1581,-0.36896,0.54631
15,0.82513,4.15093,1,-0.15808,-0.32268,0.54628
16,0.59749,4.15093,1,-0.15809,-0.34312,0.5463
17,0.7955,4.15093,1,-0.15808,-0.32534,0.54629
18,0.98064,4.15093,1,-0.15807,-0.30872,0.54627
19,0.03118,4.15093,1,-0.1581,-0.39399,0.54632
20,0.04539,4.15093,1,-0.1581,-0.39271,0.54632
