particle,elasticity,weight,frame,x,y,z
1,0.27994,4.15093,1,-0.24968,0.11389,0.75623
2,0.08581,4.15093,1,-0.24968,0.11389,0.75623
3,0.46175,4.15093,1,-0.24968,0.11389,0.75623
4,0.05716,4.15093,1,-0.24968,0.11389,0.75623
5,0.19107,4.15093,1,-0.24968,0.11389,0.75623
6,0.81923,4.15093,1,-0.24968,0.11389,0.75623
7,0.41268,4.15093,1,-0.24968,0.11389,0.75623
8,0.985,4.15093,1,-0.24968,0.11389,0.75623
9,0.88568,4.15093,1,-0.24968,0.11389,0.75623
10,0.2775,4.15093,1,-0.24968,0.11389,0.75623
11,0.39304,4.15093,1,-0.24968,0.11389,0.75623
12,0.47858,4.15093,1,-0.24968,0.11389,0.75623
13,0.05682,4.15093,1,-0.24968,0.11389,0.75623
14,0.92846,4.15093,1,-0.24968,0.11389,0.75623
15,0.39867,4.15093,1,-0.24968,0.11389,0.75623
16,0.56594,4.15093,1,-0.24968,0.11389,0.75623
17,0.25318,4.15093,1,-0.24968,0.11389,0.75623
18,0.66923,4.15093,1,-0.24968,0.11389,0.75623
19,0.27872,4.15093,1,-0.24968,0.11389,0.75623
20,0.2996,4.15093,1,-0.24968,0.11389,0.75623
