particle,elasticity,weight,frame,x,y,z
1,0.15303,8.22357,1,-0.14929,0.38728,0.23478
1,0.15303,8.22357,2,-0.14912,0.34839,0.10426
2,0.67597,8.14828,1,-0.14929,0.37053,0.23489
2,0.67597,8.14828,2,-0.14912,0.26372,0.12268
3,0.39698,8.19203,1,-0.14929,0.37947,0.23489
3,0.39698,8.19203,2,-0.14912,0.30882,0.11303
4,0.45766,8.18319,1,-0.14929,0.37752,0.23489
4,0.45766,8.18319,2,-0.14912,0.29901,0.11513
5,0.89822,8.10772,1,-0.14929,0.3634,0.2349
5,0.89822,8.10772,2,-0.14912,0.22782,0.13036
6,0.15674,8.22317,1,-0.14929,0.38716,0.23481
6,0.15674,8.22317,2,-0.14912,0.34776,0.10447
7,0.51669,8.17424,1,-0.14929,0.37563,0.23489
7,0.51669,8.17424,2,-0.14912,0.28946,0.11717
8,0.689,8.14604,1,-0.14929,0.37011,0.23489
8,0.689,8.14604,2,-0.14912,0.26161,0.12313
9,0.35477,8.19795,1,-0.14929,0.38082,0.23489
9,0.35477,8.19795,2,-0.14912,0.31564,0.11157
10,0.83319,8.12011,1,-0.14929,0.36549,0.2349
10,0.83319,8.12011,2,-0.14912,0.23832,0.12811
11,0.74864,8.13558,1,-0.14929,0.3682,0.2349
11,0.74864,8.13558,2,-0.14912,0.25198,0.12519
12,0.92759,8.10198,1,-0.14929,0.36246,0.2349
12,0.92759,8.10198,2,-0.14912,0.22308,0.13137
13,0.4817,8.17959,1,-0.14929,0.37675,0.23489
13,0.4817,8.17959,2,-0.14912,0.29512,0.11596
14,0.70998,8.14241,1,-0.14929,0.36944,0.23489
14,0.70998,8.14241,2,-0.14912,0.25822,0.12385
15,0.05353,8.23352,1,-0.14929,0.39047,0.23398
15,0.05353,8.23352,2,-0.14911,0.36523,0.09844
16,0.7926,8.12763,1,-0.14929,0.36679,0.2349
16,0.7926,8.12763,2,-0.14912,0.24488,0.12671
17,0.8342,8.11992,1,-0.14929,0.36546,0.2349
17,0.8342,8.11992,2,-0.14912,0.23816,0.12815
18,0.02958,8.23576,1,-0.14929,0.39124,0.23379
18,0.02958,8.23576,2,-0.14911,0.36929,0.09702
19,0.31228,8.20373,1,-0.14929,0.38218,0.23489
19,0.31228,8.20373,2,-0.14912,0.32252,0.1101
20,0.75025,8.13529,1,-0.14929,0.36815,0.2349
20,0.75025,8.13529,2,-0.14912,0.25172,0.12524
