particle,elasticity,weight,frame,x,y,z
1,0.77641,8.25095,1,0.3856,0.24102,0.48557
1,0.77641,8.25095,2,0.31291,0.2992,0.55005
2,0.75926,8.25095,1,0.3856,0.24102,0.48557
2,0.75926,8.25095,2,0.3148,0.2992,0.55005
3,0.56969,8.25095,1,0.3856,0.24102,0.48557
3,0.56969,8.25095,2,0.33565,0.29922,0.55007
4,0.80373,8.25095,1,0.3856,0.24102,0.48557
4,0.80373,8.25095,2,0.30991,0.2992,0.55005
5,0.84304,8.25095,1,0.3856,0.24102,0.48557
5,0.84304,8.25095,2,0.30559,0.2992,0.55005
6,0.94432,8.25095,1,0.3856,0.24102,0.48557
6,0.94432,8.25095,2,0.29446,0.29919,0.55004
7,0.20829,8.25095,1,0.3856,0.24102,0.48557
7,0.20829,8.25095,2,0.37545,0.29924,0.55009
8,0.30114,8.25095,1,0.3856,0.24102,0.48557
8,0.30114,8.25095,2,0.36522,0.29923,0.55009
9,0.86265,8.25095,1,0.3856,0.24102,0.48557
9,0.86265,8.25095,2,0.30343,0.29919,0.55004
10,0.77189,8.25095,1,0.3856,0.24102,0.48557
10,0.77189,8.25095,2,0.31341,0.2992,0.55005
11,0.51094,8.25095,1,0.3856,0.24102,0.48557
11,0.51094,8.25095,2,0.34212,0.29922,0.55007
12,0.25936,8.25095,1,0.3856,0.24102,0.48557
12,0.25936,8.25095,2,0.36982,0.29923,0.55009
13,0.3159,8.25095,1,0.3856,0.24102,0.48557
13,0.3159,8.25095,2,0.36359,0.29923,0.55009
14,0.7695,8.25095,1,0.3856,0.24102,0.48557
14,0.7695,8.25095,2,0.31367,0.2992,0.55005
15,0.08141,8.25095,1,0.3856,0.24102,0.48557
15,0.08141,8.25095,2,0.38943,0.29924,0.5501
16,0.34131,8.25095,1,0.3856,0.24102,0.48557
16,0.34131,8.25095,2,0.3608,0.29923,0.55008
17,0.99745,8.25095,1,0.3856,0.24102,0.48557
17,0.99745,8.25095,2,0.28862,0.29918,0.55003
18,0.19514,8.25095,1,0.3856,0.24102,0.48557
18,0.19514,8.25095,2,0.3769,0.29924,0.55009
19,0.14444,8.25095,1,0.3856,0.24102,0.48557
19,0.14444,8.25095,2,0.38248,0.29924,0.55009
20,0.60212,8.25095,1,0.3856,0.24102,0.48557
20,0.60212,8.25095,2,0.33209,0.29921,0.55007
