particle,elasticity,weight,frame,x,y,z
1,0.60385,8.16232,1,0.31811,-0.24865,0.45524
1,0.60385,8.16232,2,0.30719,-0.37711,0.59352
2,0.46509,8.16232,1,0.31811,-0.24865,0.45524
2,0.46509,8.16232,2,0.32235,-0.3817,0.59353
3,0.56677,8.16232,1,0.31811,-0.24865,0.45524
3,0.56677,8.16232,2,0.31124,-0.37834,0.59352
4,0.46286,8.16232,1,0.31811,-0.24865,0.45524
4,0.46286,8.16232,2,0.32259,-0.38177,0.59353
5,0.41746,8.16232,1,0.31811,-0.24865,0.45524
5,0.41746,8.16232,2,0.32779,-0.38356,0.59407
6,0.31649,8.16232,1,0.31811,-0.24865,0.45524
6,0.31649,8.16232,2,0.33955,-0.38786,0.59567
7,0.18999,8.16232,1,0.31811,-0.24865,0.45524
7,0.18999,8.16232,2,0.35428,-0.39339,0.59767
8,0.31805,8.16232,1,0.31811,-0.24865,0.45524
8,0.31805,8.16232,2,0.33936,-0.38779,0.59564
9,0.22119,8.16232,1,0.31811,-0.24865,0.45524
9,0.22119,8.16232,2,0.35064,-0.39201,0.59718
10,0.23656,8.16232,1,0.31811,-0.24865,0.45524
10,0.23656,8.16232,2,0.34885,-0.39133,0.59694
11,0.61506,8.16232,1,0.31811,-0.24865,0.45524
11,0.61506,8.16232,2,0.30597,-0.37674,0.59352
12,0.07618,8.16232,1,0.31811,-0.24865,0.45524
12,0.07618,8.16232,2,0.36816,-0.39852,0.60007
13,0.43235,8.16232,1,0.31811,-0.24865,0.45524
13,0.43235,8.16232,2,0.32606,-0.38294,0.59383
14,0.91856,8.16232,1,0.31811,-0.24865,0.45524
14,0.91856,8.16232,2,0.27284,-0.36673,0.59349
15,0.81228,8.16232,1,0.31811,-0.24865,0.45524
15,0.81228,8.16232,2,0.28444,-0.37024,0.5935
16,0.58906,8.16232,1,0.31811,-0.24865,0.45524
16,0.58906,8.16232,2,0.30881,-0.3776,0.59352
17,0.66584,8.16232,1,0.31811,-0.24865,0.45524
17,0.66584,8.16232,2,0.30042,-0.37507,0.59352
18,0.0751,8.16232,1,0.31811,-0.24865,0.45524
18,0.0751,8.16232,2,0.3683,-0.39857,0.60009
19,0.247,8.16232,1,0.31811,-0.24865,0.45524
19,0.247,8.16232,2,0.34764,-0.39088,0.59677
20,0.2667,8.16232,1,0.31811,-0.24865,0.45524
20,0.2667,8.16232,2,0.34534,-0.39001,0.59646
