particle,elasticity,weight,frame,x,y,z
1,0.25911,4.15093,1,-0.32738,0.32524,0.74485
2,0.97673,4.15093,1,-0.32738,0.32524,0.74485
3,0.90764,4.15093,1,-0.32738,0.32524,0.74485
4,0.81236,4.15093,1,-0.32738,0.32524,0.74485
5,0.99271,4.15093,1,-0.32738,0.32524,0.74485
6,0.20976,4.15093,1,-0.32738,0.32524,0.74485
7,0.47739,4.15093,1,-0.32738,0.32524,0.74485
8,0.72551,4.15093,1,-0.32738,0.32524,0.74485
9,0.00367,4.15093,1,-0.32738,0.32524,0.74485
10,0.74145,4.15093,1,-0.32738,0.32524,0.74485
11,0.99495,4.15093,1,-0.32738,0.32524,0.74485
12,0.76894,4.15093,1,-0.32738,0.32524,0.74485
13,0.30629,4.15093,1,-0.32738,0.32524,0.74485
14,0.29409,4.15093,1,-0.32738,0.32524,0.74485
15,0.82774,4.15093,1,-0.32738,0.32524,0.74485
16,0.77964,4.15093,1,-0.32738,0.32524,0.74485
17,0.37686,4.15093,1,-0.32738,0.32524,0.74485
18,0.31649,4.15093,1,-0.32738,0.32524,0.74485
19,0.98284,4.15093,1,-0.32738,0.32524,0.74485
20,0.82963,4.15093,1,-0.32738,0.32524,0.74485
