particle,elasticity,weight,frame,x,y,z
1,0.06223,9.87139,1,-0.05746,0.38829,0.13268
2,0.38249,10.21505,1,-0.06107,0.35895,0.14216
3,0.00669,9.62939,1,-0.08058,0.39558,0.22134
4,0.75925,8.35543,1,-0.16927,0.35453,0.20884
5,0.3522,11.02776,1,-0.10717,0.35982,0.14813
6,0.38249,10.21505,1,-0.06107,0.35895,0.14216
7,0.75925,8.35543,1,-0.16927,0.35453,0.20884
8,0.06223,9.87139,1,-0.05746,0.38829,0.13268
9,0.38249,10.21505,1,-0.06107,0.35895,0.14216
10,0.54406,9.70658,1,-0.15764,0.32547,0.11628
11,0.06223,9.87139,1,-0.05746,0.38829,0.13268
12,0.5155,10.17799,1,-0.06873,0.35283,0.14961
13,0.00669,9.62939,1,-0.08058,0.39558,0.22134
14,0.06223,9.87139,1,-0.05746,0.38829,0.13268
15,0.5155,10.17799,1,-0.06873,0.35283,0.14961
16,0.3522,11.02776,1,-0.10717,0.35982,0.14813
17,0.08851,9.84663,1,-0.13706,0.3832,0.11321
18,0.08851,9.84663,1,-0.13706,0.3832,0.11321
19,0.38249,10.21505,1,-0.06107,0.35895,0.14216
20,0.5155,10.17799,1,-0.06873,0.35283,0.14961
