particle,elasticity,weight,frame,x,y,z
1,0.20968,10.84656,1,0.36651,-0.38539,0.63287
2,0.52176,9.64845,1,0.27961,-0.37091,0.60961
3,0.20968,10.84656,1,0.36651,-0.38539,0.63287
4,0.95723,10.39455,1,0.33619,-0.33403,0.66374
5,0.95723,10.39455,1,0.33619,-0.33403,0.66374
6,0.78068,10.7417,1,0.31115,-0.37683,0.64006
7,0.10201,9.69529,1,0.28458,-0.38792,0.66669
8,0.95723,10.39455,1,0.33619,-0.33403,0.66374
9,0.78068,10.7417,1,0.31115,-0.37683,0.64006
10,0.78068,10.7417,1,0.31115,-0.37683,0.64006
11,0.78068,10.7417,1,0.31115,-0.37683,0.64006
12,0.95723,10.39455,1,0.33619,-0.33403,0.66374
13,0.43364,9.23657,1,0.30932,-0.38317,0.66876
14,0.20968,10.84656,1,0.36651,-0.38539,0.63287
15,0.95723,10.39455,1,0.33619,-0.33403,0.66374
16,0.78068,10.7417,1,0.31115,-0.37683,0.64006
17,0.42467,5.42026,1,0.39019,-0.37596,0.4893
18,0.20968,10.84656,1,0.36651,-0.38539,0.63287
19,0.52176,9.64845,1,0.27961,-0.37091,0.60961
20,0.10201,9.69529,1,0.28458,-0.38792,0.66669
