particle,elasticity,weight,frame,x,y,z
1,0.04386,10.99234,1,0.15585,0.19395,0.78876
2,0.84045,10.37663,1,0.15489,0.17407,0.74367
3,0.49574,9.66464,1,0.19233,0.14939,0.8105
4,0.1777,10.91043,1,0.145,0.22598,0.76781
5,0.9956,10.64421,1,0.18323,0.24479,0.8082
6,0.08965,11.10527,1,0.18723,0.2002,0.78988
7,0.49574,9.66464,1,0.19233,0.14939,0.8105
8,0.9956,10.64421,1,0.18323,0.24479,0.8082
9,0.1777,10.91043,1,0.145,0.22598,0.76781
10,0.1777,10.91043,1,0.145,0.22598,0.76781
11,0.84045,10.37663,1,0.15489,0.17407,0.74367
12,0.04386,10.99234,1,0.15585,0.19395,0.78876
13,0.08965,11.10527,1,0.18723,0.2002,0.78988
14,0.08965,11.10527,1,0.18723,0.2002,0.78988
15,0.18407,9.08547,1,0.24938,0.17771,0.74995
16,0.49574,9.66464,1,0.19233,0.14939,0.8105
17,0.1777,10.91043,1,0.145,0.22598,0.76781
18,0.88498,6.74545,1,0.07186,0.25108,0.71789
19,0.9956,10.64421,1,0.18323,0.24479,0.8082
20,0.9956,10.64421,1,0.18323,0.24479,0.8082
