particle,elasticity,weight,frame,x,y,z
1,0.34931,20.95988,1,-0.2361,0.01456,0.88804
1,0.34931,20.95988,2,-0.38942,-0.06204,0.8865
2,0.0988,18.27212,1,-0.18956,-0.00572,0.87368
2,0.0988,18.27212,2,-0.33717,0.00821,0.90208
3,0.04183,18.62971,1,-0.2361,0.01456,0.88804
3,0.04183,18.62971,2,-0.3987,-0.01997,0.8288
4,0.29118,20.84344,1,-0.2361,0.01456,0.88804
4,0.29118,20.84344,2,-0.39433,-0.02651,0.88982
5,0.34931,20.95988,1,-0.2361,0.01456,0.88804
5,0.34931,20.95988,2,-0.38942,-0.06204,0.8865
6,0.34931,20.95988,1,-0.2361,0.01456,0.88804
6,0.34931,20.95988,2,-0.38942,-0.06204,0.8865
7,0.10568,18.77425,1,-0.16625,0.02954,0.79634
7,0.10568,18.77425,2,-0.35087,0.02443,0.88801
8,0.34931,20.95988,1,-0.2361,0.01456,0.88804
8,0.34931,20.95988,2,-0.38942,-0.06204,0.8865
9,0.65109,18.39081,1,-0.20154,-0.03935,0.87263
9,0.65109,18.39081,2,-0.39748,-0.03053,0.87697
10,0.34931,20.95988,1,-0.2361,0.01456,0.88804
10,0.34931,20.95988,2,-0.38942,-0.06204,0.8865
11,0.10568,18.77425,1,-0.16625,0.02954,0.79634
11,0.10568,18.77425,2,-0.35087,0.02443,0.88801
12,0.65109,18.39081,1,-0.20154,-0.03935,0.87263
12,0.65109,18.39081,2,-0.39748,-0.03053,0.87697
13,0.65109,18.39081,1,-0.20154,-0.03935,0.87263
13,0.65109,18.39081,2,-0.39748,-0.03053,0.87697
14,0.29517,19.34842,1,-0.18956,-0.00572,0.87368
14,0.29517,19.34842,2,-0.35837,-0.07418,0.88301
15,0.10568,18.77425,1,-0.16625,0.02954,0.79634
15,0.10568,18.77425,2,-0.35087,0.02443,0.88801
16,0.29517,19.34842,1,-0.18956,-0.00572,0.87368
16,0.29517,19.34842,2,-0.35837,-0.07418,0.88301
17,0.29118,20.84344,1,-0.2361,0.01456,0.88804
17,0.29118,20.84344,2,-0.39433,-0.02651,0.88982
18,0.0988,18.27212,1,-0.18956,-0.00572,0.87368
18,0.0988,18.27212,2,-0.33717,0.00821,0.90208
19,0.65109,18.39081,1,-0.20154,-0.03935,0.87263
19,0.65109,18.39081,2,-0.39748,-0.03053,0.87697
20,0.10568,18.77425,1,-0.16625,0.02954,0.79634
20,0.10568,18.77425,2,-0.35087,0.02443,0.88801
