particle,elasticity,weight,frame,x,y,z
1,0.79416,9.45763,1,0.05459,-0.1325,0.42754
2,0.1104,10.66624,1,0.03995,-0.06736,0.39354
3,0.92283,7.42831,1,0.14391,-0.14287,0.4603
4,0.81922,6.87863,1,0.08095,-0.16661,0.34208
5,0.64605,10.23192,1,0.12798,-0.09893,0.39874
6,0.26378,4.75146,1,0.0533,-0.1683,0.30499
7,0.39355,10.23494,1,0.11884,-0.09221,0.37121
8,0.95391,10.87689,1,0.0509,-0.06025,0.38997
9,0.13428,3.92379,1,0.13225,0.08268,0.45047
10,0.60164,4.69349,1,0.17156,0.05471,0.43989
11,0.09014,9.708,1,0.07622,-0.1031,0.34669
12,0.92734,9.85895,1,0.06044,-0.06156,0.34093
13,0.76346,8.16768,1,0.06638,-0.16151,0.42869
14,0.49088,9.54037,1,0.05113,-0.07142,0.47611
15,0.70453,6.91538,1,0.18313,-0.07137,0.33769
16,0.70398,10.45292,1,0.03189,-0.06964,0.41803
17,0.0347,8.50339,1,0.00647,-0.0112,0.37278
18,0.39736,1.7197,1,0.08196,0.11558,0.44453
19,0.48168,11.19636,1,0.09253,-0.0673,0.41253
20,0.30545,4.45554,1,-0.03086,-0.03206,0.30774
