particle,elasticity,weight,frame,x,y,z
1,0.17684,10.46652,1,-0.03118,-0.08758,0.39894
2,0.85171,10.50776,1,0.04156,-0.11682,0.40974
3,0.97893,10.3705,1,-0.03151,-0.08419,0.39301
4,0.97893,10.3705,1,-0.03151,-0.08419,0.39301
5,0.41538,10.02738,1,0.04616,-0.0473,0.47129
6,0.85171,10.50776,1,0.04156,-0.11682,0.40974
7,0.85171,10.50776,1,0.04156,-0.11682,0.40974
8,0.17684,10.46652,1,-0.03118,-0.08758,0.39894
9,0.03021,10.80429,1,0.0268,-0.10064,0.45461
10,0.48129,9.43403,1,0.05772,-0.12894,0.46685
11,0.03021,10.80429,1,0.0268,-0.10064,0.45461
12,0.17684,10.46652,1,-0.03118,-0.08758,0.39894
13,0.03021,10.80429,1,0.0268,-0.10064,0.45461
14,0.41538,10.02738,1,0.04616,-0.0473,0.47129
15,0.2474,4.56359,1,0.11812,0.02985,0.43793
16,0.32875,8.57419,1,0.00777,-0.05433,0.33279
17,0.97893,10.3705,1,-0.03151,-0.08419,0.39301
18,0.97893,10.3705,1,-0.03151,-0.08419,0.39301
19,0.17684,10.46652,1,-0.03118,-0.08758,0.39894
20,0.03021,10.80429,1,0.0268,-0.10064,0.45461
