particle,elasticity,weight,frame,x,y,z
1,0.465,17.40573,1,-0.12984,0.25626,0.71397
1,0.465,17.40573,2,-0.12885,0.40457,0.62843
2,0.92421,19.152,1,-0.18106,0.28747,0.56727
2,0.92421,19.152,2,-0.18365,0.3705,0.51475
3,0.92421,19.152,1,-0.18106,0.28747,0.56727
3,0.92421,19.152,2,-0.18365,0.3705,0.51475
4,0.465,17.40573,1,-0.12984,0.25626,0.71397
4,0.465,17.40573,2,-0.12885,0.40457,0.62843
5,0.66401,19.74301,1,-0.16171,0.26376,0.67812
5,0.66401,19.74301,2,-0.15044,0.36456,0.53748
6,0.66401,19.74301,1,-0.16171,0.26376,0.67812
6,0.66401,19.74301,2,-0.15044,0.36456,0.53748
7,0.5919,15.95508,1,-0.13256,0.30246,0.76761
7,0.5919,15.95508,2,-0.14664,0.34883,0.65672
8,0.66401,19.74301,1,-0.16171,0.26376,0.67812
8,0.66401,19.74301,2,-0.15044,0.36456,0.53748
9,0.5919,15.95508,1,-0.13256,0.30246,0.76761
9,0.5919,15.95508,2,-0.14664,0.34883,0.65672
10,0.66401,19.74301,1,-0.16171,0.26376,0.67812
10,0.66401,19.74301,2,-0.15044,0.36456,0.53748
11,0.52186,17.41395,1,-0.16171,0.26376,0.67812
11,0.52186,17.41395,2,-0.10011,0.38458,0.50727
12,0.66401,19.74301,1,-0.16171,0.26376,0.67812
12,0.66401,19.74301,2,-0.15044,0.36456,0.53748
13,0.92421,19.152,1,-0.18106,0.28747,0.56727
13,0.92421,19.152,2,-0.18365,0.3705,0.51475
14,0.57876,15.57342,1,-0.13256,0.30246,0.76761
14,0.57876,15.57342,2,-0.11046,0.38015,0.6582
15,0.63983,14.63746,1,-0.18106,0.28747,0.56727
15,0.63983,14.63746,2,-0.0614,0.37224,0.59212
16,0.66401,19.74301,1,-0.16171,0.26376,0.67812
16,0.66401,19.74301,2,-0.15044,0.36456,0.53748
17,0.66401,19.74301,1,-0.16171,0.26376,0.67812
17,0.66401,19.74301,2,-0.15044,0.36456,0.53748
18,0.66401,19.74301,1,-0.16171,0.26376,0.67812
18,0.66401,19.74301,2,-0.15044,0.36456,0.53748
19,0.36981,19.92979,1,-0.16171,0.26376,0.67812
19,0.36981,19.92979,2,-0.23857,0.39294,0.62024
20,0.36981,19.92979,1,-0.16171,0.26376,0.67812
20,0.36981,19.92979,2,-0.23857,0.39294,0.62024
