particle,elasticity,weight,frame,x,y,z
1,0.43106,17.72949,1,-0.39575,0.01003,0.83535
1,0.43106,17.72949,2,-0.29452,0.22279,0.86621
2,0.18788,15.44208,1,-0.41114,-0.07303,0.85296
2,0.18788,15.44208,2,-0.36574,0.08431,0.89049
3,0.24491,19.06874,1,-0.39755,-0.06697,0.84622
3,0.24491,19.06874,2,-0.28247,0.08175,0.87451
4,0.24491,19.06874,1,-0.39755,-0.06697,0.84622
4,0.24491,19.06874,2,-0.28247,0.08175,0.87451
5,0.49734,17.45213,1,-0.38607,-0.08931,0.85392
5,0.49734,17.45213,2,-0.23944,0.16188,0.86719
6,0.81321,8.99451,1,-0.35139,-0.06051,0.88244
6,0.81321,8.99451,2,-0.65121,-0.10559,0.73352
7,0.5282,18.01176,1,-0.34877,-0.00937,0.89137
7,0.5282,18.01176,2,-0.32041,0.14335,0.87099
8,0.5282,18.01176,1,-0.34877,-0.00937,0.89137
8,0.5282,18.01176,2,-0.32041,0.14335,0.87099
9,0.24491,19.06874,1,-0.39755,-0.06697,0.84622
9,0.24491,19.06874,2,-0.28247,0.08175,0.87451
10,0.49734,17.45213,1,-0.38607,-0.08931,0.85392
10,0.49734,17.45213,2,-0.23944,0.16188,0.86719
11,0.24491,19.06874,1,-0.39755,-0.06697,0.84622
11,0.24491,19.06874,2,-0.28247,0.08175,0.87451
12,0.49734,17.45213,1,-0.38607,-0.08931,0.85392
12,0.49734,17.45213,2,-0.23944,0.16188,0.86719
13,0.5282,18.01176,1,-0.34877,-0.00937,0.89137
13,0.5282,18.01176,2,-0.32041,0.14335,0.87099
14,0.49734,17.45213,1,-0.38607,-0.08931,0.85392
14,0.49734,17.45213,2,-0.23944,0.16188,0.86719
15,0.5282,18.01176,1,-0.34877,-0.00937,0.89137
15,0.5282,18.01176,2,-0.32041,0.14335,0.87099
16,0.92815,14.65184,1,-0.3603,-0.07663,0.87039
16,0.92815,14.65184,2,-0.10301,0.05076,0.85626
17,0.49734,17.45213,1,-0.38607,-0.08931,0.85392
17,0.49734,17.45213,2,-0.23944,0.16188,0.86719
18,0.5282,18.01176,1,-0.34877,-0.00937,0.89137
18,0.5282,18.01176,2,-0.32041,0.14335,0.87099
19,0.24491,19.06874,1,-0.39755,-0.06697,0.84622
19,0.24491,19.06874,2,-0.28247,0.08175,0.87451
20,0.49734,17.45213,1,-0.38607,-0.08931,0.85392
20,0.49734,17.45213,2,-0.23944,0.16188,0.86719
