particle,elasticity,weight,frame,x,y,z
1,0.37635,10.46973,1,0.27553,0.15343,0.43237
2,0.80204,10.93382,1,0.29986,0.17349,0.3827
3,0.37635,10.46973,1,0.27553,0.15343,0.43237
4,0.80204,10.93382,1,0.29986,0.17349,0.3827
5,0.37635,10.46973,1,0.27553,0.15343,0.43237
6,0.55937,7.0264,1,0.38373,0.22435,0.40787
7,0.14102,8.98208,1,0.24662,0.18385,0.3301
8,0.37635,10.46973,1,0.27553,0.15343,0.43237
9,0.37635,10.46973,1,0.27553,0.15343,0.43237
10,0.95636,8.94505,1,0.28416,0.07356,0.33115
11,0.37635,10.46973,1,0.27553,0.15343,0.43237
12,0.95636,8.94505,1,0.28416,0.07356,0.33115
13,0.48554,9.68677,1,0.36509,0.16514,0.3681
14,0.16975,10.90452,1,0.32885,0.14482,0.40322
15,0.80204,10.93382,1,0.29986,0.17349,0.3827
16,0.83359,8.32973,1,0.30744,0.09164,0.30068
17,0.16975,10.90452,1,0.32885,0.14482,0.40322
18,0.37635,10.46973,1,0.27553,0.15343,0.43237
19,0.13111,6.29183,1,0.29164,0.09465,0.50986
20,0.37635,10.46973,1,0.27553,0.15343,0.43237
