particle,elasticity,weight,frame,x,y,z
1,0.74769,6.9268,1,-0.30749,0.18714,0.46888
2,0.53497,7.83936,1,-0.25293,0.24881,0.44239
3,0.15256,10.67375,1,-0.34863,0.34379,0.43799
4,0.28347,9.29617,1,-0.38487,0.28294,0.43924
5,0.40796,7.64139,1,-0.33728,0.37827,0.36979
6,0.95158,8.28902,1,-0.37699,0.21974,0.39675
7,0.76132,11.06178,1,-0.36931,0.29915,0.4627
8,0.14974,9.02521,1,-0.33311,0.31266,0.53521
9,0.76132,11.06178,1,-0.36931,0.29915,0.4627
10,0.15256,10.67375,1,-0.34863,0.34379,0.43799
11,0.95158,8.28902,1,-0.37699,0.21974,0.39675
12,0.76132,11.06178,1,-0.36931,0.29915,0.4627
13,0.76132,11.06178,1,-0.36931,0.29915,0.4627
14,0.83362,7.34082,1,-0.2997,0.19667,0.43162
15,0.76314,5.36408,1,-0.24601,0.61445,0.3881
16,0.14974,9.02521,1,-0.33311,0.31266,0.53521
17,0.28347,9.29617,1,-0.38487,0.28294,0.43924
18,0.95158,8.28902,1,-0.37699,0.21974,0.39675
19,0.14974,9.02521,1,-0.33311,0.31266,0.53521
20,0.95595,9.61022,1,-0.27957,0.30329,0.48096
