particle,elasticity,weight,frame,x,y,z
1,0.83644,18.86242,1,-0.36113,-0.12201,0.27168
1,0.83644,18.86242,2,-0.40036,-0.20437,0.20901
2,0.77002,19.70245,1,-0.35194,-0.21293,0.23364
2,0.77002,19.70245,2,-0.36693,-0.30222,0.13939
3,0.7009,18.39475,1,-0.37443,-0.21936,0.1628
3,0.7009,18.39475,2,-0.37027,-0.31039,0.17095
4,0.79423,17.10787,1,-0.36879,-0.08416,0.19793
4,0.79423,17.10787,2,-0.31897,-0.13405,0.13986
5,0.77002,19.70245,1,-0.35194,-0.21293,0.23364
5,0.77002,19.70245,2,-0.36693,-0.30222,0.13939
6,0.80133,16.99536,1,-0.36859,-0.08413,0.19797
6,0.80133,16.99536,2,-0.27366,-0.19567,0.12372
7,0.21494,14.18553,1,-0.31691,-0.1899,0.1552
7,0.21494,14.18553,2,-0.40576,-0.26672,0.10136
8,0.7009,18.39475,1,-0.37443,-0.21936,0.1628
8,0.7009,18.39475,2,-0.37027,-0.31039,0.17095
9,0.83644,18.86242,1,-0.36113,-0.12201,0.27168
9,0.83644,18.86242,2,-0.40036,-0.20437,0.20901
10,0.21494,14.18553,1,-0.31691,-0.1899,0.1552
10,0.21494,14.18553,2,-0.40576,-0.26672,0.10136
11,0.7009,18.39475,1,-0.37443,-0.21936,0.1628
11,0.7009,18.39475,2,-0.37027,-0.31039,0.17095
12,0.77002,19.70245,1,-0.35194,-0.21293,0.23364
12,0.77002,19.70245,2,-0.36693,-0.30222,0.13939
13,0.77002,19.70245,1,-0.35194,-0.21293,0.23364
13,0.77002,19.70245,2,-0.36693,-0.30222,0.13939
14,0.21494,14.18553,1,-0.31691,-0.1899,0.1552
14,0.21494,14.18553,2,-0.40576,-0.26672,0.10136
15,0.80133,16.99536,1,-0.36859,-0.08413,0.19797
15,0.80133,16.99536,2,-0.27366,-0.19567,0.12372
16,0.77002,19.70245,1,-0.35194,-0.21293,0.23364
16,0.77002,19.70245,2,-0.36693,-0.30222,0.13939
17,0.80133,16.99536,1,-0.36859,-0.08413,0.19797
17,0.80133,16.99536,2,-0.27366,-0.19567,0.12372
18,0.79423,17.10787,1,-0.36879,-0.08416,0.19793
18,0.79423,17.10787,2,-0.31897,-0.13405,0.13986
19,0.83644,18.86242,1,-0.36113,-0.12201,0.27168
19,0.83644,18.86242,2,-0.40036,-0.20437,0.20901
20,0.77002,19.70245,1,-0.35194,-0.21293,0.23364
20,0.77002,19.70245,2,-0.36693,-0.30222,0.13939
