particle,elasticity,weight,frame,x,y,z
1,0.74714,9.00066,1,-0.26014,0.08498,0.0737
2,0.74714,9.00066,1,-0.26014,0.08498,0.0737
3,0.84706,8.60637,1,-0.34681,0.15507,0.09036
4,0.84706,8.60637,1,-0.34681,0.15507,0.09036
5,0.74714,9.00066,1,-0.26014,0.08498,0.0737
6,0.55768,9.18845,1,-0.25941,0.10123,0.10156
7,0.94544,8.26079,1,-0.30056,0.25494,0.12377
8,0.74714,9.00066,1,-0.26014,0.08498,0.0737
9,0.58174,5.42852,1,-0.32151,0.25782,0.12177
10,0.42731,4.06092,1,-0.14864,0.28705,0.07359
11,0.84706,8.60637,1,-0.34681,0.15507,0.09036
12,0.55768,9.18845,1,-0.25941,0.10123,0.10156
13,0.48937,9.29611,1,-0.26938,0.0939,0.11944
14,0.48937,9.29611,1,-0.26938,0.0939,0.11944
15,0.84706,8.60637,1,-0.34681,0.15507,0.09036
16,0.55768,9.18845,1,-0.25941,0.10123,0.10156
17,0.08424,8.07129,1,-0.21131,0.097,0.15698
18,0.94544,8.26079,1,-0.30056,0.25494,0.12377
19,0.9911,6.81116,1,-0.31958,0.06716,0.10916
20,0.48937,9.29611,1,-0.26938,0.0939,0.11944
