particle,elasticity,weight,frame,x,y,z
1,0.48124,18.83807,1,-0.07508,0.04269,0.44813
1,0.48124,18.83807,2,-0.21578,-0.21465,0.21514
2,0.7697,20.50515,1,-0.14975,-0.02195,0.5074
2,0.7697,20.50515,2,-0.2554,-0.28268,0.15183
3,0.65397,19.18763,1,-0.13844,0.04316,0.57365
3,0.65397,19.18763,2,-0.289,-0.20267,0.26082
4,0.57623,18.98915,1,-0.07508,0.04269,0.44813
4,0.57623,18.98915,2,-0.20026,-0.22581,0.18956
5,0.6326,17.23445,1,-0.07508,0.04269,0.44813
5,0.6326,17.23445,2,-0.30514,-0.12911,0.14764
6,0.7697,20.50515,1,-0.14975,-0.02195,0.5074
6,0.7697,20.50515,2,-0.2554,-0.28268,0.15183
7,0.95116,18.40243,1,-0.14975,-0.02195,0.5074
7,0.95116,18.40243,2,-0.33542,-0.20012,0.25705
8,0.65397,19.18763,1,-0.13844,0.04316,0.57365
8,0.65397,19.18763,2,-0.289,-0.20267,0.26082
9,0.65397,19.18763,1,-0.13844,0.04316,0.57365
9,0.65397,19.18763,2,-0.289,-0.20267,0.26082
10,0.55571,14.39162,1,-0.07508,0.04269,0.44813
10,0.55571,14.39162,2,-0.33748,-0.31314,0.07829
11,0.57623,18.98915,1,-0.07508,0.04269,0.44813
11,0.57623,18.98915,2,-0.20026,-0.22581,0.18956
12,0.57623,18.98915,1,-0.07508,0.04269,0.44813
12,0.57623,18.98915,2,-0.20026,-0.22581,0.18956
13,0.57623,18.98915,1,-0.07508,0.04269,0.44813
13,0.57623,18.98915,2,-0.20026,-0.22581,0.18956
14,0.7697,20.50515,1,-0.14975,-0.02195,0.5074
14,0.7697,20.50515,2,-0.2554,-0.28268,0.15183
15,0.48124,18.83807,1,-0.07508,0.04269,0.44813
15,0.48124,18.83807,2,-0.21578,-0.21465,0.21514
16,0.53922,14.48973,1,-0.06371,0.03383,0.60252
16,0.53922,14.48973,2,-0.24269,-0.23991,0.3132
17,0.6326,17.23445,1,-0.07508,0.04269,0.44813
17,0.6326,17.23445,2,-0.30514,-0.12911,0.14764
18,0.6326,17.23445,1,-0.07508,0.04269,0.44813
18,0.6326,17.23445,2,-0.30514,-0.12911,0.14764
19,0.6326,17.23445,1,-0.07508,0.04269,0.44813
19,0.6326,17.23445,2,-0.30514,-0.12911,0.14764
20,0.7697,20.50515,1,-0.14975,-0.02195,0.5074
20,0.7697,20.50515,2,-0.2554,-0.28268,0.15183
