particle,elasticity,weight,frame,x,y,z
1,0.85277,11.0965,1,-0.1498,-0.07664,0.15243
2,0.85277,11.0965,1,-0.1498,-0.07664,0.15243
3,0.85277,11.0965,1,-0.1498,-0.07664,0.15243
4,0.05261,10.61817,1,-0.11685,-0.10567,0.09999
5,0.54874,10.91155,1,-0.16886,-0.06716,0.13395
6,0.54874,10.91155,1,-0.16886,-0.06716,0.13395
7,0.54874,10.91155,1,-0.16886,-0.06716,0.13395
8,0.85277,11.0965,1,-0.1498,-0.07664,0.15243
9,0.04679,7.42173,1,-0.09875,0.00296,0.09818
10,0.85277,11.0965,1,-0.1498,-0.07664,0.15243
11,0.85277,11.0965,1,-0.1498,-0.07664,0.15243
12,0.69928,7.97193,1,-0.19794,0.01103,0.15044
13,0.05261,10.61817,1,-0.11685,-0.10567,0.09999
14,0.85277,11.0965,1,-0.1498,-0.07664,0.15243
15,0.18819,9.58823,1,-0.08305,-0.09211,0.11031
16,0.04679,7.42173,1,-0.09875,0.00296,0.09818
17,0.54874,10.91155,1,-0.16886,-0.06716,0.13395
18,0.18819,9.58823,1,-0.08305,-0.09211,0.11031
19,0.54874,10.91155,1,-0.16886,-0.06716,0.13395
20,0.10739,10.41014,1,-0.14357,-0.05814,0.09555
