particle,elasticity,weight,frame,x,y,z
1,0.93767,8.9934,1,0.29339,-0.22078,0.7976
2,0.88829,4.85312,1,0.29516,-0.17149,0.8761
3,0.46171,9.29144,1,0.32354,-0.11684,0.89167
4,0.23201,8.98303,1,0.35854,-0.1579,0.88784
5,0.78175,11.00883,1,0.28669,-0.13369,0.84248
6,0.29617,7.73844,1,0.36193,-0.19435,0.8904
7,0.82799,8.27929,1,0.32846,-0.11688,0.87068
8,0.78175,11.00883,1,0.28669,-0.13369,0.84248
9,0.93767,8.9934,1,0.29339,-0.22078,0.7976
10,0.78175,11.00883,1,0.28669,-0.13369,0.84248
11,0.51456,9.80417,1,0.31087,-0.08637,0.86738
12,0.93767,8.9934,1,0.29339,-0.22078,0.7976
13,0.93767,8.9934,1,0.29339,-0.22078,0.7976
14,0.78175,11.00883,1,0.28669,-0.13369,0.84248
15,0.78175,11.00883,1,0.28669,-0.13369,0.84248
16,0.38372,5.47446,1,0.34326,-0.14063,0.87329
17,0.78175,11.00883,1,0.28669,-0.13369,0.84248
18,0.93767,8.9934,1,0.29339,-0.22078,0.7976
19,0.78175,11.00883,1,0.28669,-0.13369,0.84248
20,0.51501,9.24651,1,0.3515,-0.22532,0.79512
