particle,elasticity,weight,frame,x,y,z
1,0.95952,19.14178,1,0.31846,-0.25678,0.88502
1,0.95952,19.14178,2,0.32293,-0.13663,0.87394
2,0.92892,19.59061,1,0.32078,-0.25678,0.88503
2,0.92892,19.59061,2,0.19496,-0.19455,0.88688
3,0.76587,17.68863,1,0.36643,-0.32099,0.87395
3,0.76587,17.68863,2,0.23508,-0.15291,0.78815
4,0.86109,17.69782,1,0.36148,-0.32108,0.87248
4,0.86109,17.69782,2,0.22055,-0.22154,0.8945
5,0.01242,15.70098,1,0.39011,-0.18844,0.88159
5,0.01242,15.70098,2,0.58149,-0.14644,0.90971
6,0.95952,19.14178,1,0.31846,-0.25678,0.88502
6,0.95952,19.14178,2,0.32293,-0.13663,0.87394
7,0.01242,15.70098,1,0.39011,-0.18844,0.88159
7,0.01242,15.70098,2,0.58149,-0.14644,0.90971
8,0.86109,17.69782,1,0.36148,-0.32108,0.87248
8,0.86109,17.69782,2,0.22055,-0.22154,0.8945
9,0.76587,17.68863,1,0.36643,-0.32099,0.87395
9,0.76587,17.68863,2,0.23508,-0.15291,0.78815
10,0.84032,14.87043,1,0.36292,-0.20043,0.87602
10,0.84032,14.87043,2,0.15439,-0.11018,0.87255
11,0.01242,15.70098,1,0.39011,-0.18844,0.88159
11,0.01242,15.70098,2,0.58149,-0.14644,0.90971
12,0.76587,17.68863,1,0.36643,-0.32099,0.87395
12,0.76587,17.68863,2,0.23508,-0.15291,0.78815
13,0.95952,19.14178,1,0.31846,-0.25678,0.88502
13,0.95952,19.14178,2,0.32293,-0.13663,0.87394
14,0.95952,19.14178,1,0.31846,-0.25678,0.88502
14,0.95952,19.14178,2,0.32293,-0.13663,0.87394
15,0.95952,19.14178,1,0.31846,-0.25678,0.88502
15,0.95952,19.14178,2,0.32293,-0.13663,0.87394
16,0.01242,15.70098,1,0.39011,-0.18844,0.88159
16,0.01242,15.70098,2,0.58149,-0.14644,0.90971
17,0.95952,19.14178,1,0.31846,-0.25678,0.88502
17,0.95952,19.14178,2,0.32293,-0.13663,0.87394
18,0.86109,17.69782,1,0.36148,-0.32108,0.87248
18,0.86109,17.69782,2,0.22055,-0.22154,0.8945
19,0.95173,18.74207,1,0.31905,-0.25678,0.88502
19,0.95173,18.74207,2,0.20389,-0.15294,0.86755
20,0.01242,15.70098,1,0.39011,-0.18844,0.88159
20,0.01242,15.70098,2,0.58149,-0.14644,0.90971
