particle,elasticity,weight,frame,x,y,z
1,0.92265,19.29748,1,0.0959,0.37258,0.14057
1,0.92265,19.29748,2,0.28022,0.32033,0.11506
2,0.80453,16.51942,1,0.09691,0.37685,0.14024
2,0.80453,16.51942,2,0.29703,0.27426,0.11843
3,0.33994,15.63283,1,0.14865,0.40387,0.17196
3,0.33994,15.63283,2,0.30642,0.41466,0.10385
4,0.33423,17.92082,1,0.17511,0.39449,0.09675
4,0.33423,17.92082,2,0.3953,0.31094,0.10429
5,0.51483,18.28322,1,0.13255,0.38251,0.20963
5,0.51483,18.28322,2,0.39959,0.35272,0.1107
6,0.80453,16.51942,1,0.09691,0.37685,0.14024
6,0.80453,16.51942,2,0.29703,0.27426,0.11843
7,0.57668,20.1527,1,0.09812,0.37231,0.19202
7,0.57668,20.1527,2,0.32664,0.40443,0.10511
8,0.51483,18.28322,1,0.13255,0.38251,0.20963
8,0.51483,18.28322,2,0.39959,0.35272,0.1107
9,0.57668,20.1527,1,0.09812,0.37231,0.19202
9,0.57668,20.1527,2,0.32664,0.40443,0.10511
10,0.57668,20.1527,1,0.09812,0.37231,0.19202
10,0.57668,20.1527,2,0.32664,0.40443,0.10511
11,0.33994,15.63283,1,0.14865,0.40387,0.17196
11,0.33994,15.63283,2,0.30642,0.41466,0.10385
12,0.33423,17.92082,1,0.17511,0.39449,0.09675
12,0.33423,17.92082,2,0.3953,0.31094,0.10429
13,0.71088,19.81853,1,0.12876,0.36608,0.12448
13,0.71088,19.81853,2,0.36675,0.36145,0.11704
14,0.57668,20.1527,1,0.09812,0.37231,0.19202
14,0.57668,20.1527,2,0.32664,0.40443,0.10511
15,0.33994,15.63283,1,0.14865,0.40387,0.17196
15,0.33994,15.63283,2,0.30642,0.41466,0.10385
16,0.71088,19.81853,1,0.12876,0.36608,0.12448
16,0.71088,19.81853,2,0.36675,0.36145,0.11704
17,0.70528,15.25746,1,0.07442,0.3707,0.10225
17,0.70528,15.25746,2,0.30908,0.37106,0.2281
18,0.06886,13.92339,1,0.15098,0.41367,0.1712
18,0.06886,13.92339,2,0.39863,0.37808,0.08064
19,0.33994,15.63283,1,0.14865,0.40387,0.17196
19,0.33994,15.63283,2,0.30642,0.41466,0.10385
20,0.8937,16.4234,1,0.09615,0.37363,0.14049
20,0.8937,16.4234,2,0.27171,0.25375,0.11032
