particle,elasticity,weight,frame,x,y,z
1,0.61299,20.55805,1,-0.28363,-0.1652,0.13393
1,0.61299,20.55805,2,-0.37886,-0.35931,0.08812
2,0.61299,20.55805,1,-0.28363,-0.1652,0.13393
2,0.61299,20.55805,2,-0.37886,-0.35931,0.08812
3,0.6916,19.39172,1,-0.33548,-0.15319,0.13235
3,0.6916,19.39172,2,-0.36813,-0.24838,0.13684
4,0.54935,18.40867,1,-0.33753,-0.15479,0.12196
4,0.54935,18.40867,2,-0.3847,-0.24595,0.07511
5,0.24022,20.46376,1,-0.28678,-0.1856,0.10817
5,0.24022,20.46376,2,-0.39304,-0.26968,0.13095
6,0.54935,18.40867,1,-0.33753,-0.15479,0.12196
6,0.54935,18.40867,2,-0.3847,-0.24595,0.07511
7,0.54935,18.40867,1,-0.33753,-0.15479,0.12196
7,0.54935,18.40867,2,-0.3847,-0.24595,0.07511
8,0.61299,20.55805,1,-0.28363,-0.1652,0.13393
8,0.61299,20.55805,2,-0.37886,-0.35931,0.08812
9,0.61299,20.55805,1,-0.28363,-0.1652,0.13393
9,0.61299,20.55805,2,-0.37886,-0.35931,0.08812
10,0.61317,18.43914,1,-0.31367,-0.13503,0.12752
10,0.61317,18.43914,2,-0.37904,-0.25846,0.09563
11,0.61299,20.55805,1,-0.28363,-0.1652,0.13393
11,0.61299,20.55805,2,-0.37886,-0.35931,0.08812
12,0.6916,19.39172,1,-0.33548,-0.15319,0.13235
12,0.6916,19.39172,2,-0.36813,-0.24838,0.13684
13,0.20472,18.58153,1,-0.28718,-0.18592,0.10612
13,0.20472,18.58153,2,-0.38026,-0.2342,0.10088
14,0.61299,20.55805,1,-0.28363,-0.1652,0.13393
14,0.61299,20.55805,2,-0.37886,-0.35931,0.08812
15,0.61299,20.55805,1,-0.28363,-0.1652,0.13393
15,0.61299,20.55805,2,-0.37886,-0.35931,0.08812
16,0.61299,20.55805,1,-0.28363,-0.1652,0.13393
16,0.61299,20.55805,2,-0.37886,-0.35931,0.08812
17,0.24022,20.46376,1,-0.28678,-0.1856,0.10817
17,0.24022,20.46376,2,-0.39304,-0.26968,0.13095
18,0.24022,20.46376,1,-0.28678,-0.1856,0.10817
18,0.24022,20.46376,2,-0.39304,-0.26968,0.13095
19,0.61317,18.43914,1,-0.31367,-0.13503,0.12752
19,0.61317,18.43914,2,-0.37904,-0.25846,0.09563
20,0.61317,18.43914,1,-0.31367,-0.13503,0.12752
20,0.61317,18.43914,2,-0.37904,-0.25846,0.09563
