particle,elasticity,weight,frame,x,y,z
1,0.0934,17.13601,1,0.07283,0.12301,0.09623
1,0.0934,17.13601,2,0.15405,-0.00403,0.09803
2,0.66426,20.06485,1,0.04027,0.02683,0.13454
2,0.66426,20.06485,2,0.16776,-0.04524,0.14521
3,0.70831,19.43406,1,0.0952,0.03203,0.1034
3,0.70831,19.43406,2,0.16099,-0.10576,0.12445
4,0.53743,20.95288,1,0.04027,0.02683,0.13454
4,0.53743,20.95288,2,0.17202,-0.09774,0.12202
5,0.0934,17.13601,1,0.07283,0.12301,0.09623
5,0.0934,17.13601,2,0.15405,-0.00403,0.09803
6,0.80794,19.80248,1,0.0952,0.03203,0.1034
6,0.80794,19.80248,2,0.16083,-0.09243,0.14491
7,0.70831,19.43406,1,0.0952,0.03203,0.1034
7,0.70831,19.43406,2,0.16099,-0.10576,0.12445
8,0.66426,20.06485,1,0.04027,0.02683,0.13454
8,0.66426,20.06485,2,0.16776,-0.04524,0.14521
9,0.52139,18.46673,1,-0.01978,0.09534,0.16438
9,0.52139,18.46673,2,0.03689,-0.06641,0.10795
10,0.53743,20.95288,1,0.04027,0.02683,0.13454
10,0.53743,20.95288,2,0.17202,-0.09774,0.12202
11,0.70831,19.43406,1,0.0952,0.03203,0.1034
11,0.70831,19.43406,2,0.16099,-0.10576,0.12445
12,0.53743,20.95288,1,0.04027,0.02683,0.13454
12,0.53743,20.95288,2,0.17202,-0.09774,0.12202
13,0.0934,17.13601,1,0.07283,0.12301,0.09623
13,0.0934,17.13601,2,0.15405,-0.00403,0.09803
14,0.66426,20.06485,1,0.04027,0.02683,0.13454
14,0.66426,20.06485,2,0.16776,-0.04524,0.14521
15,0.70831,19.43406,1,0.0952,0.03203,0.1034
15,0.70831,19.43406,2,0.16099,-0.10576,0.12445
16,0.0934,17.13601,1,0.07283,0.12301,0.09623
16,0.0934,17.13601,2,0.15405,-0.00403,0.09803
17,0.02584,17.40846,1,0.02447,0.09057,0.16241
17,0.02584,17.40846,2,0.06416,0.06546,0.09998
18,0.53743,20.95288,1,0.04027,0.02683,0.13454
18,0.53743,20.95288,2,0.17202,-0.09774,0.12202
19,0.70831,19.43406,1,0.0952,0.03203,0.1034
19,0.70831,19.43406,2,0.16099,-0.10576,0.12445
20,0.80794,19.80248,1,0.0952,0.03203,0.1034
20,0.80794,19.80248,2,0.16083,-0.09243,0.14491
