particle,elasticity,weight,frame,x,y,z
1,0.46966,10.2999,1,0.059,0.38539,0.22587
2,0.75639,10.18029,1,0.07276,0.33258,0.21269
3,0.46966,10.2999,1,0.059,0.38539,0.22587
4,0.24095,10.97693,1,0.05261,0.39082,0.19793
5,0.24095,10.97693,1,0.05261,0.39082,0.19793
6,0.79298,10.91352,1,0.0417,0.38613,0.17156
7,0.24095,10.97693,1,0.05261,0.39082,0.19793
8,0.75639,10.18029,1,0.07276,0.33258,0.21269
9,0.79298,10.91352,1,0.0417,0.38613,0.17156
10,0.79298,10.91352,1,0.0417,0.38613,0.17156
11,0.03343,9.96187,1,0.03323,0.37658,0.12673
12,0.24095,10.97693,1,0.05261,0.39082,0.19793
13,0.46966,10.2999,1,0.059,0.38539,0.22587
14,0.03343,9.96187,1,0.03323,0.37658,0.12673
15,0.79298,10.91352,1,0.0417,0.38613,0.17156
16,0.24095,10.97693,1,0.05261,0.39082,0.19793
17,0.79298,10.91352,1,0.0417,0.38613,0.17156
18,0.46966,10.2999,1,0.059,0.38539,0.22587
19,0.24095,10.97693,1,0.05261,0.39082,0.19793
20,0.46966,10.2999,1,0.059,0.38539,0.22587
