particle,elasticity,weight,frame,x,y,z
1,0.97154,8.25504,1,0.01242,-0.07878,0.42565
1,0.97154,8.25504,2,0.1083,-0.20222,0.19791
2,0.68984,8.25504,1,0.01242,-0.07878,0.42565
2,0.68984,8.25504,2,0.1083,-0.20222,0.19791
3,0.65049,8.25504,1,0.01242,-0.07878,0.42565
3,0.65049,8.25504,2,0.1083,-0.20222,0.19791
4,0.8856,8.25504,1,0.01242,-0.07878,0.42565
4,0.8856,8.25504,2,0.1083,-0.20222,0.19791
5,0.04693,8.25504,1,0.01242,-0.07878,0.42565
5,0.04693,8.25504,2,0.1083,-0.20222,0.19791
6,0.48834,8.25504,1,0.01242,-0.07878,0.42565
6,0.48834,8.25504,2,0.1083,-0.20222,0.19791
7,0.40709,8.25504,1,0.01242,-0.07878,0.42565
7,0.40709,8.25504,2,0.1083,-0.20222,0.19791
8,0.35841,8.25504,1,0.01242,-0.07878,0.42565
8,0.35841,8.25504,2,0.1083,-0.20222,0.19791
9,0.90975,8.25504,1,0.01242,-0.07878,0.42565
9,0.90975,8.25504,2,0.1083,-0.20222,0.19791
10,0.01564,8.25504,1,0.01242,-0.07878,0.42565
10,0.01564,8.25504,2,0.1083,-0.20222,0.19791
11,0.78121,8.25504,1,0.01242,-0.07878,0.42565
11,0.78121,8.25504,2,0.1083,-0.20222,0.19791
12,0.03518,8.25504,1,0.01242,-0.07878,0.42565
12,0.03518,8.25504,2,0.1083,-0.20222,0.19791
13,0.63916,8.25504,1,0.01242,-0.07878,0.42565
13,0.63916,8.25504,2,0.1083,-0.20222,0.19791
14,0.50369,8.25504,1,0.01242,-0.07878,0.42565
14,0.50369,8.25504,2,0.1083,-0.20222,0.19791
15,0.19008,8.25504,1,0.01242,-0.07878,0.42565
15,0.19008,8.25504,2,0.1083,-0.20222,0.19791
16,0.67035,8.25504,1,0.01242,-0.07878,0.42565
16,0.67035,8.25504,2,0.1083,-0.20222,0.19791
17,0.78659,8.25504,1,0.01242,-0.07878,0.42565
17,0.78659,8.25504,2,0.1083,-0.20222,0.19791
18,0.14027,8.25504,1,0.01242,-0.07878,0.42565
18,0.14027,8.25504,2,0.1083,-0.20222,0.19791
19,0.30297,8.25504,1,0.01242,-0.07878,0.42565
19,0.30297,8.25504,2,0.1083,-0.20222,0.19791
20,0.51856,8.25504,1,0.01242,-0.07878,0.42565
20,0.51856,8.25504,2,0.1083,-0.20222,0.19791
