particle,elasticity,weight,frame,x,y,z
1,0.97268,21.4928,1,-0.27955,0.37117,0.37889
1,0.97268,21.4928,2,-0.36623,0.39753,0.4066
2,0.16429,19.81101,1,-0.23566,0.40167,0.38631
2,0.16429,19.81101,2,-0.39346,0.38419,0.36013
3,0.72753,20.54909,1,-0.26946,0.38984,0.39039
3,0.72753,20.54909,2,-0.38464,0.34612,0.39362
4,0.9135,18.56396,1,-0.27955,0.37117,0.37889
4,0.9135,18.56396,2,-0.36392,0.41719,0.34772
5,0.97268,21.4928,1,-0.27955,0.37117,0.37889
5,0.97268,21.4928,2,-0.36623,0.39753,0.4066
6,0.72753,20.54909,1,-0.26946,0.38984,0.39039
6,0.72753,20.54909,2,-0.38464,0.34612,0.39362
7,0.97268,21.4928,1,-0.27955,0.37117,0.37889
7,0.97268,21.4928,2,-0.36623,0.39753,0.4066
8,0.97268,21.4928,1,-0.27955,0.37117,0.37889
8,0.97268,21.4928,2,-0.36623,0.39753,0.4066
9,0.87456,16.75344,1,-0.26946,0.38984,0.39039
9,0.87456,16.75344,2,-0.38398,0.29594,0.48086
10,0.16429,19.81101,1,-0.23566,0.40167,0.38631
10,0.16429,19.81101,2,-0.39346,0.38419,0.36013
11,0.90536,19.03733,1,-0.26946,0.38984,0.39039
11,0.90536,19.03733,2,-0.36545,0.40672,0.40276
12,0.72753,20.54909,1,-0.26946,0.38984,0.39039
12,0.72753,20.54909,2,-0.38464,0.34612,0.39362
13,0.97268,21.4928,1,-0.27955,0.37117,0.37889
13,0.97268,21.4928,2,-0.36623,0.39753,0.4066
14,0.16429,19.81101,1,-0.23566,0.40167,0.38631
14,0.16429,19.81101,2,-0.39346,0.38419,0.36013
15,0.97268,21.4928,1,-0.27955,0.37117,0.37889
15,0.97268,21.4928,2,-0.36623,0.39753,0.4066
16,0.9135,18.56396,1,-0.27955,0.37117,0.37889
16,0.9135,18.56396,2,-0.36392,0.41719,0.34772
17,0.72753,20.54909,1,-0.26946,0.38984,0.39039
17,0.72753,20.54909,2,-0.38464,0.34612,0.39362
18,0.97268,21.4928,1,-0.27955,0.37117,0.37889
18,0.97268,21.4928,2,-0.36623,0.39753,0.4066
19,0.97268,21.4928,1,-0.27955,0.37117,0.37889
19,0.97268,21.4928,2,-0.36623,0.39753,0.4066
20,0.72753,20.54909,1,-0.26946,0.38984,0.39039
20,0.72753,20.54909,2,-0.38464,0.34612,0.39362
